ID,Funcionario_ID,Data_Pesquisa,NPS_Lideranca,Resultado_Pesquisa_Clima,Alertas_Comportamentais
1,2352,2022-06-01,5,9.04,Falta de comunicação
2,1398,2022-06-01,10,5.64,
3,2968,2022-06-01,1,6.46,
4,1594,2022-06-01,5,9.01,
5,2480,2022-06-01,10,9.21,
6,1304,2022-06-01,10,6.05,
7,158,2022-06-01,0,6.9,
8,893,2022-06-01,4,9.49,Conflitos interpessoais
9,585,2022-06-01,7,5.82,
10,2148,2022-06-01,8,5.83,
11,130,2022-06-01,7,7.94,
12,582,2022-06-01,2,7.78,
13,1182,2022-06-01,9,7.32,
14,374,2022-06-01,9,5.88,
15,1080,2022-06-01,4,8.73,
16,2334,2022-06-01,1,8.69,
17,1755,2022-06-01,4,8.47,
18,1884,2022-06-01,5,8.77,Falta de comunicação
19,197,2022-06-01,1,7.25,
20,195,2022-06-01,1,6.41,
21,841,2022-06-01,4,7.55,
22,19,2022-06-01,8,8.6,
23,2894,2022-06-01,3,6.34,
24,56,2022-06-01,5,8.88,
25,1486,2022-06-01,1,5.62,Baixa participação em reuniões
26,2403,2022-06-01,2,6.66,
27,1811,2022-06-01,1,8.77,
28,1895,2022-06-01,3,5.23,
29,1822,2022-06-01,5,5.62,
30,507,2022-06-01,0,6.62,
31,2197,2022-06-01,10,9.44,
32,785,2022-06-01,6,8.71,
33,2682,2022-06-01,1,7.3,Isolamento da equipe
34,1930,2022-06-01,3,6.79,
35,1065,2022-06-01,1,6.08,
36,1909,2022-06-01,5,8.11,Falta de comunicação
37,2100,2022-06-01,9,5.94,
38,2250,2022-06-01,9,8.71,
39,1563,2022-06-01,2,9.08,
40,1995,2022-06-01,1,7.52,
41,957,2022-06-01,9,9.11,
42,2579,2022-06-01,4,8.05,
43,2637,2022-06-01,5,8.54,
44,708,2022-06-01,8,6.13,
45,2118,2022-06-01,1,6.09,
46,2323,2022-06-01,5,7.13,
47,1913,2022-06-01,3,8.97,
48,415,2022-06-01,5,5.75,
49,2186,2022-06-01,3,5.55,
50,1012,2022-06-01,2,6.97,
51,1708,2022-06-01,1,7.26,
52,2801,2022-06-01,3,8.74,
53,1083,2022-06-01,7,6.37,
54,418,2022-06-01,7,5.03,
55,1417,2022-06-01,9,8.5,Falta de comunicação
56,2823,2022-06-01,3,5.07,
57,515,2022-06-01,3,7.67,
58,2797,2022-06-01,1,5.88,
59,2822,2022-06-01,0,6.62,
60,1634,2022-06-01,8,5.15,
61,433,2022-06-01,10,5.24,
62,2693,2022-06-01,3,6.2,
63,1766,2022-06-01,10,9.21,
64,1540,2022-06-01,0,6.67,Falta de comunicação
65,2753,2022-06-01,1,7.34,
66,1191,2022-06-01,2,7.63,
67,337,2022-06-01,4,5.84,
68,751,2022-06-01,7,8.57,
69,1222,2022-06-01,5,6.78,
70,2937,2022-06-01,7,6.84,
71,1347,2022-06-01,7,6.01,
72,512,2022-06-01,2,8.99,
73,1481,2022-06-01,0,6.8,
74,1322,2022-06-01,10,5.75,
75,1949,2022-06-01,7,5.74,
76,240,2022-06-01,1,7.4,
77,428,2022-06-01,6,8.92,
78,2667,2022-06-01,10,9.2,
79,2082,2022-06-01,1,5.6,
80,2707,2022-06-01,0,6.56,
81,938,2022-06-01,10,8.93,
82,2589,2022-06-01,9,8.44,
83,494,2022-06-01,7,8.85,
84,2116,2022-06-01,10,7.95,
85,2276,2022-06-01,5,6.46,
86,627,2022-06-01,3,5.51,
87,1935,2022-06-01,1,8.5,
88,2799,2022-06-01,4,9.29,
89,1001,2022-06-01,2,6.31,
90,1106,2022-06-01,3,5.32,
91,2004,2022-06-01,1,7.38,
92,793,2022-06-01,8,7.19,
93,656,2022-06-01,5,5.08,
94,1021,2022-06-01,7,5.84,
95,2612,2022-06-01,3,5.17,
96,736,2022-06-01,0,5.88,
97,308,2022-06-01,3,6.17,Conflitos interpessoais
98,630,2022-06-01,0,5.74,
99,526,2022-06-01,9,6.11,
100,4,2022-06-01,9,8.82,
101,1121,2022-06-01,3,8.37,
102,1796,2022-06-01,7,7.3,
103,2473,2022-06-01,1,5.23,
104,1916,2022-06-01,3,8.25,
105,152,2022-06-01,4,9.39,
106,1094,2022-06-01,8,9.45,
107,1589,2022-06-01,1,7.7,
108,2648,2022-06-01,3,8.0,Conflitos interpessoais
109,950,2022-06-01,6,7.52,
110,780,2022-06-01,6,5.27,
111,2146,2022-06-01,7,8.36,
112,657,2022-06-01,3,6.8,
113,1005,2022-06-01,7,6.18,
114,2474,2022-06-01,2,5.53,
115,2628,2022-06-01,4,6.75,
116,382,2022-06-01,8,7.5,
117,1490,2022-06-01,8,5.24,
118,2984,2022-06-01,3,7.16,
119,2252,2022-06-01,10,7.59,
120,2114,2022-06-01,10,6.41,
121,2071,2022-06-01,10,7.57,
122,1901,2022-06-01,3,9.46,
123,1506,2022-06-01,3,7.64,
124,288,2022-06-01,5,7.26,
125,326,2022-06-01,4,5.56,
126,2857,2022-06-01,4,5.19,
127,2199,2022-06-01,3,6.74,Desmotivação observada
128,1611,2022-06-01,1,7.84,
129,877,2022-06-01,7,8.02,
130,1431,2022-06-01,10,8.05,
131,2827,2022-06-01,7,7.93,
132,1074,2022-06-01,6,5.2,
133,1378,2022-06-01,4,6.87,
134,2460,2022-06-01,6,8.44,
135,787,2022-06-01,10,8.92,
136,1224,2022-06-01,6,5.25,
137,1551,2022-06-01,5,5.84,
138,1975,2022-06-01,2,8.31,
139,702,2022-06-01,9,5.3,
140,613,2022-06-01,0,8.03,
141,2351,2022-06-01,0,8.24,
142,234,2022-06-01,2,5.2,
143,963,2022-06-01,10,7.91,
144,842,2022-06-01,10,8.59,
145,828,2022-06-01,6,8.18,
146,1952,2022-06-01,6,7.19,
147,1992,2022-06-01,7,8.06,
148,1928,2022-06-01,5,8.07,Desmotivação observada
149,2171,2022-06-01,8,6.86,
150,1405,2022-06-01,8,7.09,Falta de comunicação
151,1554,2022-06-01,5,6.44,
152,1107,2022-06-01,7,8.88,Conflitos interpessoais
153,628,2022-06-01,3,6.98,
154,1565,2022-06-01,10,7.94,
155,2299,2022-06-01,9,5.68,
156,1933,2022-06-01,2,8.08,
157,2998,2022-06-01,10,9.41,
158,2075,2022-06-01,0,6.88,
159,2105,2022-06-01,2,9.17,
160,1131,2022-06-01,2,6.78,
161,845,2022-06-01,1,8.87,
162,448,2022-06-01,3,8.68,
163,1946,2022-06-01,9,9.19,
164,2777,2022-06-01,0,5.55,
165,733,2022-06-01,3,6.17,
166,1834,2022-06-01,7,8.62,
167,560,2022-06-01,6,8.78,
168,1085,2022-06-01,3,6.95,
169,1447,2022-06-01,5,8.26,
170,2932,2022-06-01,7,7.97,
171,1903,2022-06-01,9,8.65,
172,603,2022-06-01,9,8.62,
173,1584,2022-06-01,1,9.39,
174,1734,2022-06-01,5,5.9,
175,1055,2022-06-01,4,9.21,
176,725,2022-06-01,4,7.59,Desmotivação observada
177,2193,2022-06-01,8,7.32,
178,2354,2022-06-01,9,7.08,
179,1237,2022-06-01,4,5.72,
180,2258,2022-06-01,10,5.45,
181,2450,2022-06-01,6,6.93,
182,447,2022-06-01,5,6.81,
183,1843,2022-06-01,0,7.97,
184,2236,2022-06-01,2,8.57,
185,1786,2022-06-01,10,5.94,
186,300,2022-06-01,7,6.08,
187,1219,2022-06-01,8,5.24,
188,1027,2022-06-01,1,6.79,
189,2688,2022-06-01,7,6.1,
190,2380,2022-06-01,1,5.37,Falta de comunicação
191,2133,2022-06-01,3,8.38,
192,683,2022-06-01,1,5.63,
193,398,2022-06-01,0,6.44,
194,1687,2022-06-01,8,9.42,
195,2381,2022-06-01,4,6.02,
196,1814,2022-06-01,6,7.36,
197,14,2022-06-01,6,6.24,
198,338,2022-06-01,8,5.34,
199,748,2022-06-01,8,9.16,
200,368,2022-06-01,2,8.03,
201,1890,2022-06-01,4,6.26,Baixa participação em reuniões
202,1770,2022-06-01,4,8.82,
203,935,2022-06-01,3,7.87,
204,2512,2022-06-01,0,8.23,
205,501,2022-06-01,6,5.39,
206,1110,2022-06-01,5,6.27,Conflitos interpessoais
207,840,2022-06-01,8,7.54,
208,2260,2022-06-01,4,7.15,
209,1130,2022-06-01,10,9.3,
210,858,2022-06-01,9,9.12,
211,779,2022-06-01,1,5.8,
212,610,2022-06-01,7,7.4,
213,2945,2022-06-01,8,9.27,
214,2867,2022-06-01,1,5.54,
215,1011,2022-06-01,0,5.35,Falta de comunicação
216,2908,2022-06-01,5,9.47,
217,2845,2022-06-01,7,6.46,Baixa participação em reuniões
218,1936,2022-06-01,3,9.1,
219,2538,2022-06-01,3,8.25,
220,2365,2022-06-01,6,7.18,
221,2205,2022-06-01,6,6.24,
222,138,2022-06-01,3,9.42,Desmotivação observada
223,375,2022-06-01,5,9.13,
224,95,2022-06-01,3,7.94,
225,1869,2022-06-01,4,9.43,
226,2591,2022-06-01,0,5.02,
227,943,2022-06-01,4,5.19,Falta de comunicação
228,826,2022-06-01,4,5.5,
229,2002,2022-06-01,8,7.45,
230,2059,2022-06-01,0,8.98,
231,46,2022-06-01,8,6.53,
232,1547,2022-06-01,9,7.81,
233,659,2022-06-01,4,5.39,
234,1051,2022-06-01,9,9.17,
235,1597,2022-06-01,8,6.1,
236,1157,2022-06-01,0,9.44,
237,2209,2022-06-01,3,7.02,
238,2422,2022-06-01,3,5.08,Falta de comunicação
239,1016,2022-06-01,10,9.22,
240,131,2022-06-01,4,6.16,
241,1808,2022-06-01,4,8.61,
242,2725,2022-06-01,9,8.89,
243,1577,2022-06-01,8,5.53,
244,2038,2022-06-01,1,8.34,
245,2163,2022-06-01,4,5.97,
246,225,2022-06-01,0,6.76,
247,228,2022-06-01,9,7.61,
248,465,2022-06-01,5,6.96,
249,1670,2022-06-01,5,8.66,
250,202,2022-06-01,6,9.1,Baixa participação em reuniões
251,1631,2022-06-01,4,6.48,
252,2605,2022-06-01,9,6.9,
253,1817,2022-06-01,2,9.36,
254,843,2022-06-01,9,7.05,
255,16,2022-06-01,3,7.93,
256,1780,2022-06-01,6,7.53,Baixa participação em reuniões
257,2884,2022-06-01,2,6.66,Conflitos interpessoais
258,1412,2022-06-01,6,6.32,
259,1717,2022-06-01,0,7.51,
260,2819,2022-06-01,10,6.77,
261,80,2022-06-01,3,8.25,
262,604,2022-06-01,2,5.12,
263,169,2022-06-01,6,5.72,
264,1363,2022-06-01,4,7.22,
265,2800,2022-06-01,5,8.26,
266,2885,2022-06-01,10,5.9,
267,1461,2022-06-01,8,7.22,
268,2675,2022-06-01,9,7.26,
269,1610,2022-06-01,8,8.18,
270,1509,2022-06-01,0,8.95,Isolamento da equipe
271,1236,2022-06-01,2,8.23,
272,275,2022-06-01,3,8.94,
273,141,2022-06-01,8,5.39,
274,1756,2022-06-01,7,6.68,Falta de comunicação
275,2896,2022-06-01,1,5.05,Baixa participação em reuniões
276,1248,2022-06-01,2,5.1,
277,2363,2022-06-01,6,6.59,
278,855,2022-06-01,0,8.46,
279,2679,2022-06-01,8,5.14,
280,1836,2022-06-01,6,5.48,
281,725,2022-12-01,2,9.19,Desmotivação observada
282,398,2022-12-01,9,6.1,
283,1419,2022-12-01,3,7.06,
284,1219,2022-12-01,1,8.98,
285,1682,2022-12-01,8,5.07,
286,78,2022-12-01,9,5.66,
287,1490,2022-12-01,9,5.65,
288,1651,2022-12-01,5,9.45,
289,1174,2022-12-01,9,8.67,Desmotivação observada
290,1114,2022-12-01,8,8.54,Conflitos interpessoais
291,2725,2022-12-01,2,8.92,
292,1348,2022-12-01,1,6.7,
293,2933,2022-12-01,2,5.95,Falta de comunicação
294,1118,2022-12-01,0,5.09,
295,2186,2022-12-01,2,5.79,
296,1451,2022-12-01,2,5.88,
297,1924,2022-12-01,4,9.16,
298,677,2022-12-01,8,8.15,
299,876,2022-12-01,0,7.2,
300,25,2022-12-01,7,6.54,
301,1877,2022-12-01,8,6.12,
302,2965,2022-12-01,10,7.49,
303,2823,2022-12-01,1,8.46,
304,19,2022-12-01,4,7.89,
305,605,2022-12-01,5,8.88,
306,1552,2022-12-01,10,6.0,
307,2214,2022-12-01,2,7.11,
308,313,2022-12-01,8,8.15,
309,1751,2022-12-01,9,7.61,Conflitos interpessoais
310,1511,2022-12-01,7,5.46,
311,2918,2022-12-01,10,6.22,
312,1363,2022-12-01,1,8.55,
313,2187,2022-12-01,9,6.27,
314,932,2022-12-01,4,8.98,
315,2755,2022-12-01,2,6.65,
316,2883,2022-12-01,8,5.95,
317,704,2022-12-01,5,9.48,
318,1439,2022-12-01,2,5.66,
319,124,2022-12-01,7,9.29,
320,907,2022-12-01,4,6.67,
321,610,2022-12-01,1,8.24,
322,105,2022-12-01,5,6.96,
323,443,2022-12-01,3,7.8,
324,1074,2022-12-01,0,6.46,
325,810,2022-12-01,1,7.4,
326,1763,2022-12-01,3,7.32,
327,417,2022-12-01,0,7.56,
328,2856,2022-12-01,8,9.1,
329,2679,2022-12-01,10,8.86,Conflitos interpessoais
330,2258,2022-12-01,10,5.17,
331,1062,2022-12-01,9,9.16,
332,952,2022-12-01,4,7.09,
333,299,2022-12-01,7,5.93,
334,2045,2022-12-01,10,5.21,
335,332,2022-12-01,0,8.77,Baixa participação em reuniões
336,833,2022-12-01,9,9.18,Conflitos interpessoais
337,1481,2022-12-01,0,9.17,
338,920,2022-12-01,2,6.5,Desmotivação observada
339,1026,2022-12-01,6,7.5,
340,1080,2022-12-01,4,8.56,
341,1913,2022-12-01,8,8.07,
342,2150,2022-12-01,10,7.03,
343,2114,2022-12-01,5,9.07,
344,1594,2022-12-01,4,9.21,
345,2845,2022-12-01,10,6.47,
346,312,2022-12-01,3,5.31,
347,396,2022-12-01,2,6.88,
348,1986,2022-12-01,5,5.74,
349,2589,2022-12-01,9,6.55,
350,1184,2022-12-01,0,8.08,
351,501,2022-12-01,7,8.18,
352,711,2022-12-01,9,7.88,
353,374,2022-12-01,3,6.2,
354,520,2022-12-01,6,7.57,
355,2998,2022-12-01,6,5.26,
356,1398,2022-12-01,10,6.57,
357,773,2022-12-01,8,8.16,
358,1870,2022-12-01,3,5.64,
359,1406,2022-12-01,9,8.61,
360,1829,2022-12-01,1,7.83,
361,525,2022-12-01,10,9.46,
362,2354,2022-12-01,6,8.33,
363,1756,2022-12-01,5,9.27,
364,1841,2022-12-01,4,6.04,
365,140,2022-12-01,2,7.36,
366,1797,2022-12-01,7,8.69,
367,2975,2022-12-01,5,9.21,
368,2237,2022-12-01,9,6.03,
369,2559,2022-12-01,5,7.83,Baixa participação em reuniões
370,985,2022-12-01,7,5.02,
371,943,2022-12-01,5,8.02,
372,1370,2022-12-01,0,5.4,
373,234,2022-12-01,4,5.22,
374,2894,2022-12-01,9,8.88,
375,2780,2022-12-01,0,9.41,
376,288,2022-12-01,4,7.54,
377,512,2022-12-01,0,7.18,
378,2074,2022-12-01,7,6.05,
379,2312,2022-12-01,9,5.92,
380,577,2022-12-01,5,6.2,
381,1837,2022-12-01,2,8.8,
382,2109,2022-12-01,8,8.04,
383,1868,2022-12-01,8,5.13,Isolamento da equipe
384,2628,2022-12-01,6,7.2,
385,1802,2022-12-01,0,8.23,
386,1998,2022-12-01,10,7.64,
387,1638,2022-12-01,7,5.81,
388,197,2022-12-01,6,8.6,
389,446,2022-12-01,1,6.58,
390,1780,2022-12-01,8,9.14,
391,1085,2022-12-01,10,8.39,
392,1717,2022-12-01,7,7.78,
393,702,2022-12-01,0,7.09,
394,2053,2022-12-01,9,8.26,
395,1515,2022-12-01,10,7.27,
396,7,2022-12-01,4,8.35,
397,1241,2022-12-01,3,8.16,
398,2591,2022-12-01,5,9.09,
399,679,2022-12-01,3,5.73,
400,1429,2022-12-01,6,7.02,
401,2797,2022-12-01,0,7.0,
402,2519,2022-12-01,4,7.3,
403,1821,2022-12-01,7,5.86,
404,1424,2022-12-01,9,6.26,
405,451,2022-12-01,10,8.33,
406,1886,2022-12-01,9,6.75,
407,1110,2022-12-01,5,6.06,
408,692,2022-12-01,0,7.18,
409,1595,2022-12-01,8,5.21,
410,300,2022-12-01,2,9.17,
411,1464,2022-12-01,8,8.84,
412,275,2022-12-01,10,7.67,
413,448,2022-12-01,1,5.96,
414,1928,2022-12-01,5,8.64,
415,1444,2022-12-01,5,5.19,Baixa participação em reuniões
416,2867,2022-12-01,7,6.14,
417,2345,2022-12-01,3,6.39,
418,2532,2022-12-01,3,5.91,
419,2337,2022-12-01,7,9.49,
420,751,2022-12-01,5,9.32,
421,781,2022-12-01,0,5.74,
422,1895,2022-12-01,7,5.75,
423,1758,2022-12-01,8,8.75,
424,1109,2022-12-01,2,7.49,
425,1834,2022-12-01,5,5.25,
426,2095,2022-12-01,7,6.84,
427,782,2022-12-01,9,8.11,
428,1587,2022-12-01,3,8.91,
429,2607,2022-12-01,3,9.16,
430,778,2022-12-01,1,9.16,
431,199,2022-12-01,8,5.22,
432,176,2022-12-01,7,5.53,
433,1025,2022-12-01,9,8.39,
434,1533,2022-12-01,10,7.38,
435,2409,2022-12-01,10,6.6,
436,1044,2022-12-01,7,9.14,
437,2238,2022-12-01,1,7.07,
438,2891,2022-12-01,7,7.71,
439,489,2022-12-01,9,6.98,
440,2415,2022-12-01,1,5.32,
441,1292,2022-12-01,6,5.49,
442,2437,2022-12-01,1,5.14,
443,243,2022-12-01,0,9.22,
444,1559,2022-12-01,2,7.79,
445,1582,2022-12-01,3,8.6,Desmotivação observada
446,1791,2022-12-01,6,5.26,Isolamento da equipe
447,1584,2022-12-01,0,5.32,
448,1375,2022-12-01,4,6.72,Falta de comunicação
449,2682,2022-12-01,5,9.43,
450,2403,2022-12-01,10,8.44,
451,604,2022-12-01,3,5.48,
452,2296,2022-12-01,1,6.92,
453,240,2022-12-01,6,6.89,
454,1014,2022-12-01,4,7.62,
455,633,2022-12-01,9,6.75,
456,433,2022-12-01,3,9.37,
457,695,2022-12-01,2,9.16,
458,723,2022-12-01,3,9.06,
459,1213,2022-12-01,3,5.33,
460,1577,2022-12-01,10,9.05,
461,1445,2022-12-01,9,9.22,
462,1817,2022-12-01,6,6.31,
463,137,2022-12-01,7,6.97,
464,2476,2022-12-01,0,9.24,
465,1250,2022-12-01,10,6.11,
466,185,2022-12-01,1,6.04,
467,2941,2022-12-01,0,5.88,
468,2364,2022-12-01,7,8.57,
469,1581,2022-12-01,9,8.23,
470,935,2022-12-01,7,7.85,
471,2450,2022-12-01,8,9.29,
472,565,2022-12-01,6,8.36,
473,1755,2022-12-01,7,6.84,
474,581,2022-12-01,7,5.47,
475,1670,2022-12-01,4,9.26,
476,2394,2022-12-01,1,8.78,
477,1909,2022-12-01,5,9.07,
478,1422,2022-12-01,1,9.47,
479,842,2022-12-01,2,8.18,
480,758,2022-12-01,10,6.05,Conflitos interpessoais
481,1610,2022-12-01,2,6.91,
482,2950,2022-12-01,7,7.73,
483,382,2022-12-01,7,8.12,
484,2771,2022-12-01,7,8.64,
485,2138,2022-12-01,4,7.08,
486,1400,2022-12-01,0,9.1,Isolamento da equipe
487,1384,2022-12-01,3,8.13,
488,875,2022-12-01,8,7.98,
489,1900,2022-12-01,2,8.31,
490,1351,2022-12-01,5,7.09,
491,2118,2022-12-01,7,8.29,
492,2252,2022-12-01,8,5.8,
493,1716,2022-12-01,9,6.91,Desmotivação observada
494,112,2022-12-01,2,5.77,
495,2134,2022-12-01,8,9.14,Isolamento da equipe
496,1290,2022-12-01,2,6.81,
497,1376,2022-12-01,5,6.63,
498,195,2022-12-01,10,6.84,
499,2090,2022-12-01,0,8.1,
500,1611,2022-12-01,5,6.45,
501,1739,2022-12-01,6,5.99,
502,245,2022-12-01,3,9.19,
503,323,2022-12-01,6,7.96,
504,976,2022-12-01,6,8.62,
505,10,2022-12-01,0,8.72,
506,2460,2022-12-01,4,6.7,
507,1001,2022-12-01,3,6.65,Isolamento da equipe
508,2482,2022-12-01,10,6.72,
509,1862,2022-12-01,9,5.56,
510,1954,2022-12-01,0,5.55,
511,1206,2022-12-01,2,8.17,
512,2132,2022-12-01,5,7.13,
513,2665,2022-12-01,1,5.23,Baixa participação em reuniões
514,1554,2022-12-01,9,5.1,
515,2351,2022-12-01,1,7.91,
516,2929,2022-12-01,5,6.31,
517,936,2022-12-01,6,5.31,Conflitos interpessoais
518,1766,2022-12-01,9,6.68,
519,1970,2022-12-01,10,6.63,Falta de comunicação
520,828,2022-12-01,9,8.88,
521,736,2022-12-01,4,6.72,
522,1016,2022-12-01,3,6.16,
523,1995,2022-12-01,7,6.3,
524,1564,2022-12-01,4,8.76,
525,2294,2022-12-01,3,6.91,
526,2487,2022-12-01,0,5.02,
527,1157,2022-12-01,7,5.35,
528,1293,2022-12-01,5,6.47,
529,2116,2022-12-01,10,6.32,
530,2882,2022-12-01,10,6.89,Desmotivação observada
531,2290,2022-12-01,1,7.59,
532,1950,2022-12-01,8,7.71,
533,2554,2022-12-01,0,8.96,
534,109,2022-12-01,4,6.98,Baixa participação em reuniões
535,2423,2022-12-01,5,9.09,
536,72,2022-12-01,4,8.68,
537,2800,2022-12-01,7,6.58,Isolamento da equipe
538,152,2022-12-01,0,9.27,
539,1306,2022-12-01,7,5.28,
540,648,2022-12-01,2,7.44,Baixa participação em reuniões
541,1748,2022-12-01,7,7.41,
542,1884,2022-12-01,9,8.38,Isolamento da equipe
543,1003,2022-12-01,10,5.63,
544,169,2022-12-01,10,8.09,Falta de comunicação
545,659,2022-12-01,0,7.24,
546,237,2022-12-01,6,5.04,
547,179,2022-12-01,5,8.94,
548,325,2022-12-01,9,5.73,
549,2281,2022-12-01,6,6.88,
550,1022,2022-12-01,6,5.69,
551,987,2022-12-01,8,7.26,
552,1051,2022-12-01,3,8.93,
553,963,2022-12-01,0,7.89,
554,1486,2022-12-01,6,6.18,
555,630,2022-12-01,0,5.29,Conflitos interpessoais
556,843,2022-12-01,10,7.85,
557,2212,2022-12-01,4,7.9,Isolamento da equipe
558,502,2022-12-01,7,6.74,
559,186,2022-12-01,6,6.97,
560,2205,2022-12-01,4,6.45,
561,1836,2022-12-01,1,5.07,
562,1431,2022-12-01,1,8.53,
563,1279,2022-12-01,3,8.12,
564,145,2022-12-01,4,8.07,
565,1489,2022-12-01,10,5.24,
566,1627,2022-12-01,6,7.05,
567,880,2022-12-01,4,9.38,
568,16,2022-12-01,0,8.79,
569,879,2022-12-01,9,5.37,
570,1721,2022-12-01,6,8.02,
571,337,2022-12-01,6,5.73,
572,1808,2022-12-01,9,7.73,
573,2651,2022-12-01,2,6.62,
574,1917,2022-12-01,2,7.91,
575,710,2022-12-01,8,6.84,
576,346,2022-12-01,5,6.15,
577,2202,2022-12-01,7,8.5,
578,495,2022-12-01,0,6.29,Isolamento da equipe
579,65,2022-12-01,5,8.11,
580,2091,2022-12-01,10,8.08,
581,1774,2022-12-01,3,7.95,Falta de comunicação
582,780,2022-12-01,0,9.06,
583,214,2022-12-01,1,8.04,
584,2071,2022-12-01,3,8.68,
585,2365,2022-12-01,3,7.98,Baixa participação em reuniões
586,2959,2022-12-01,2,5.96,
587,251,2022-12-01,3,7.36,
588,435,2022-12-01,5,6.42,
589,418,2022-12-01,0,7.6,
590,1496,2022-12-01,3,8.54,
591,1072,2022-12-01,3,6.55,
592,1672,2022-12-01,1,9.34,
593,988,2022-12-01,1,7.25,
594,130,2022-12-01,2,6.72,
595,2309,2022-12-01,2,8.21,
596,1405,2022-12-01,9,9.49,
597,2397,2022-12-01,10,5.98,
598,2769,2022-12-01,8,6.02,
599,22,2022-12-01,1,8.77,
600,566,2022-12-01,8,7.2,
601,1799,2022-12-01,6,5.79,
602,81,2022-12-01,2,6.25,
603,1040,2022-12-01,8,5.91,
604,171,2022-12-01,7,5.42,
605,2173,2022-12-01,7,5.84,
606,1931,2022-12-01,4,5.34,
607,253,2022-12-01,4,6.39,
608,1282,2022-12-01,3,7.4,
609,307,2022-12-01,5,7.77,
610,1865,2022-12-01,6,7.46,
611,694,2022-12-01,0,5.47,
612,1420,2022-12-01,4,5.59,Conflitos interpessoais
613,2819,2022-12-01,10,5.67,
614,12,2022-12-01,8,7.92,
615,1957,2022-12-01,8,5.56,
616,1687,2022-12-01,9,5.41,
617,391,2022-12-01,5,6.2,
618,1332,2022-12-01,7,7.53,
619,660,2022-12-01,9,6.28,
620,2636,2022-12-01,7,5.84,
621,379,2022-12-01,9,5.81,
622,1771,2022-12-01,0,5.41,
623,1322,2022-12-01,9,9.44,
624,535,2022-12-01,2,6.19,Conflitos interpessoais
625,380,2022-12-01,9,6.99,
626,463,2022-12-01,8,7.41,Baixa participação em reuniões
627,2987,2022-12-01,1,8.57,
628,2444,2022-12-01,3,6.25,
629,2380,2022-12-01,0,7.31,
630,1906,2022-12-01,4,6.64,
631,167,2022-12-01,8,9.33,
632,638,2022-12-01,0,7.02,
633,2659,2022-12-01,1,5.82,
634,2648,2022-12-01,2,9.02,
635,2163,2022-12-01,6,5.14,
636,405,2022-12-01,0,8.81,
637,1951,2022-12-01,8,6.46,
638,919,2022-12-01,1,7.72,
639,242,2022-12-01,1,8.32,
640,2218,2022-12-01,9,7.14,
641,428,2022-12-01,10,7.84,
642,442,2022-12-01,2,5.16,Falta de comunicação
643,2195,2022-12-01,8,5.89,
644,2011,2022-12-01,10,8.51,
645,71,2022-12-01,5,6.27,Desmotivação observada
646,858,2022-12-01,0,6.88,
647,1474,2022-12-01,7,8.99,
648,1731,2022-12-01,0,7.2,
649,126,2022-12-01,3,5.73,
650,2248,2022-12-01,7,7.55,
651,2352,2022-12-01,8,5.08,
652,2323,2022-12-01,2,6.25,
653,2473,2022-12-01,1,6.63,
654,2802,2022-12-01,6,8.83,
655,1901,2022-12-01,8,7.98,
656,1188,2022-12-01,10,5.14,
657,719,2022-12-01,1,9.41,
658,957,2022-12-01,6,7.2,
659,2849,2022-12-01,10,5.51,
660,1597,2022-12-01,1,5.45,
661,141,2022-12-01,10,8.68,
662,1417,2022-12-01,2,7.3,
663,163,2022-12-01,10,7.35,
664,2923,2022-12-01,9,7.83,Falta de comunicação
665,2068,2022-12-01,4,7.79,
666,2240,2022-12-01,2,5.44,Isolamento da equipe
667,297,2022-12-01,5,7.1,
668,801,2022-12-01,2,5.49,
669,87,2022-12-01,3,6.8,
670,1209,2022-12-01,10,6.41,
671,375,2022-12-01,6,7.41,
672,845,2022-12-01,4,6.56,
673,1340,2022-12-01,7,5.12,
674,631,2022-12-01,4,6.38,
675,555,2022-12-01,3,5.65,
676,1586,2022-12-01,1,6.93,
677,2805,2022-12-01,2,6.88,
678,2514,2022-12-01,3,5.2,
679,1695,2022-12-01,10,6.18,
680,748,2022-12-01,10,9.39,
681,2938,2022-12-01,0,8.23,
682,284,2022-12-01,7,6.81,
683,2803,2022-12-01,7,7.74,
684,1385,2022-12-01,4,9.29,
685,465,2022-12-01,10,5.85,
686,700,2022-12-01,5,5.99,
687,826,2022-12-01,6,7.49,
688,507,2022-12-01,7,8.88,
689,1861,2022-12-01,8,5.15,
690,2075,2022-12-01,8,8.88,Isolamento da equipe
691,1210,2022-12-01,6,6.37,
692,938,2022-12-01,10,6.32,
693,1583,2022-12-01,3,5.51,
694,1226,2022-12-01,4,8.51,Baixa participação em reuniões
695,1236,2022-12-01,6,7.97,
696,1975,2022-12-01,6,8.67,
697,632,2022-12-01,4,7.79,
698,8,2022-12-01,8,7.19,
699,1936,2022-12-01,1,9.28,
700,2610,2022-12-01,8,7.62,Conflitos interpessoais
701,2320,2022-12-01,4,9.35,
702,1153,2022-12-01,9,8.83,
703,2794,2022-12-01,9,6.27,
704,356,2022-12-01,3,8.86,
705,225,2022-12-01,6,6.59,
706,1357,2022-12-01,4,8.55,
707,95,2022-12-01,1,7.52,
708,871,2022-12-01,4,5.5,
709,506,2022-12-01,6,9.21,
710,1311,2022-12-01,6,5.78,Conflitos interpessoais
711,877,2022-12-01,0,6.1,
712,1107,2022-12-01,10,8.9,
713,1038,2022-12-01,7,9.22,
714,1457,2022-12-01,5,6.65,
715,2168,2022-12-01,7,7.05,
716,2612,2022-12-01,1,6.71,
717,1412,2022-12-01,4,5.3,
718,431,2022-12-01,5,6.41,
719,575,2022-12-01,9,5.6,
720,1121,2022-12-01,0,7.28,
721,2884,2022-12-01,7,8.68,
722,1621,2022-12-01,0,5.22,
723,2269,2022-12-01,8,7.41,
724,2236,2022-12-01,1,8.98,
725,2738,2022-12-01,4,9.18,
726,1811,2022-12-01,6,6.03,
727,2331,2022-12-01,9,9.04,
728,779,2022-12-01,3,9.22,
729,2541,2022-12-01,7,6.17,
730,2125,2022-12-01,6,6.27,
731,139,2022-12-01,7,5.98,
732,2605,2022-12-01,10,9.04,
733,1399,2022-12-01,5,6.02,
734,1222,2022-12-01,6,5.4,
735,627,2022-12-01,6,7.12,
736,1746,2022-12-01,10,8.88,Baixa participação em reuniões
737,1835,2022-12-01,1,8.2,
738,2274,2022-12-01,3,5.03,
739,131,2022-12-01,1,6.99,
740,2637,2022-12-01,5,6.53,
741,2275,2022-12-01,2,6.08,
742,2968,2022-12-01,9,6.09,
743,427,2022-12-01,4,8.19,
744,582,2022-12-01,8,5.42,
745,655,2022-12-01,1,9.33,Conflitos interpessoais
746,301,2022-12-01,6,5.2,Baixa participação em reuniões
747,1674,2022-12-01,10,5.58,
748,2870,2022-12-01,5,8.14,
749,26,2022-12-01,5,5.54,
750,96,2022-12-01,2,6.38,
751,1402,2022-12-01,9,5.23,
752,2667,2022-12-01,4,6.07,
753,128,2022-12-01,5,6.04,
754,1702,2022-12-01,10,8.74,
755,1832,2022-12-01,5,9.03,
756,1216,2022-12-01,7,5.71,
757,1509,2022-12-01,0,8.91,
758,1935,2022-12-01,6,9.34,
759,2099,2022-12-01,5,8.85,
760,494,2022-12-01,0,8.11,Desmotivação observada
761,354,2022-12-01,1,8.62,
762,1660,2022-12-01,4,7.66,
763,1068,2022-12-01,9,5.89,
764,2008,2022-12-01,6,6.57,
765,1786,2022-12-01,4,7.84,
766,1540,2022-12-01,6,5.27,
767,1814,2022-12-01,4,8.47,
768,1842,2022-12-01,9,8.14,
769,802,2022-12-01,8,7.36,
770,2903,2022-12-01,9,8.07,
771,620,2022-12-01,0,5.3,
772,1568,2022-12-01,9,7.96,
773,1090,2022-12-01,4,5.07,
774,1182,2022-12-01,1,6.11,
775,2708,2022-12-01,4,8.64,Isolamento da equipe
776,59,2022-12-01,4,5.09,
777,1055,2022-12-01,2,6.85,
778,1768,2022-12-01,10,7.06,
779,133,2022-12-01,10,6.35,
780,925,2022-12-01,6,8.55,Desmotivação observada
781,1260,2022-12-01,2,5.86,
782,411,2022-12-01,8,6.28,
783,523,2022-12-01,3,7.62,
784,327,2022-12-01,5,7.66,
785,2979,2022-12-01,5,7.22,
786,793,2022-12-01,4,8.23,
787,2701,2022-12-01,4,6.66,
788,720,2022-12-01,5,7.12,
789,4,2022-12-01,8,6.7,
790,430,2022-12-01,6,5.83,
791,1945,2022-12-01,8,5.64,
792,2978,2022-12-01,1,7.9,
793,478,2022-12-01,2,8.81,Desmotivação observada
794,628,2022-12-01,2,9.44,
795,1296,2022-12-01,5,7.11,
796,1625,2022-12-01,4,7.94,
797,2688,2022-12-01,4,7.84,
798,752,2022-12-01,3,7.12,
799,2744,2022-12-01,3,9.24,
800,1131,2022-12-01,6,6.18,
801,1563,2022-12-01,6,6.42,
802,2994,2022-12-01,3,6.23,
803,2207,2022-12-01,4,5.39,
804,2483,2022-12-01,1,6.6,
805,1083,2022-12-01,1,5.43,
806,2133,2022-12-01,5,5.68,
807,2951,2022-12-01,1,5.63,
808,110,2022-12-01,4,7.29,
809,708,2022-12-01,6,5.09,
810,2526,2022-12-01,4,7.56,
811,1636,2022-12-01,4,6.58,
812,1129,2022-12-01,7,7.79,
813,1777,2022-12-01,4,8.57,
814,2583,2022-12-01,2,7.21,
815,2389,2022-12-01,3,7.47,
816,397,2022-12-01,3,8.71,
817,9,2022-12-01,8,7.3,
818,2615,2022-12-01,6,5.46,
819,14,2022-12-01,10,6.29,
820,1458,2022-12-01,9,8.37,
821,2100,2022-12-01,2,6.96,
822,1067,2022-12-01,4,8.9,
823,1822,2022-12-01,10,7.14,
824,2908,2022-12-01,7,7.16,Falta de comunicação
825,683,2022-12-01,0,5.02,
826,222,2022-12-01,6,7.96,
827,783,2022-12-01,10,7.77,
828,2038,2022-12-01,1,8.93,
829,1473,2022-12-01,9,7.43,
830,273,2022-12-01,6,8.44,
831,2267,2022-12-01,10,8.77,
832,603,2022-12-01,5,8.08,
833,2474,2022-12-01,1,5.9,
834,1248,2022-12-01,3,5.57,
835,536,2022-12-01,0,6.33,
836,2801,2022-12-01,10,5.69,
837,1443,2022-12-01,8,7.81,
838,2735,2022-12-01,3,7.85,
839,1033,2022-12-01,3,6.42,
840,530,2022-12-01,7,7.98,
841,2461,2022-12-01,9,7.2,
842,734,2022-12-01,6,7.6,
843,1949,2022-12-01,5,5.1,
844,1094,2022-12-01,3,7.0,Conflitos interpessoais
845,1390,2022-12-01,7,6.33,
846,2693,2022-12-01,10,7.75,
847,579,2022-12-01,4,6.63,
848,1947,2022-12-01,1,6.83,
849,1825,2022-12-01,6,6.22,
850,122,2022-12-01,2,7.59,
851,2159,2022-12-01,1,8.57,
852,1084,2022-12-01,4,5.82,
853,1479,2022-12-01,10,7.14,
854,2703,2022-12-01,3,7.51,
855,1106,2022-12-01,7,8.96,
856,1985,2022-12-01,5,6.76,
857,1225,2022-12-01,1,7.41,
858,765,2022-12-01,5,9.09,
859,205,2022-12-01,9,6.05,
860,1628,2022-12-01,1,5.86,
861,1787,2022-12-01,0,9.37,Falta de comunicação
862,334,2022-12-01,5,8.5,
863,1388,2022-12-01,2,9.27,
864,1952,2022-12-01,10,6.69,Falta de comunicação
865,2804,2022-12-01,9,8.42,
866,1506,2022-12-01,8,5.15,
867,2492,2022-12-01,1,6.79,Desmotivação observada
868,626,2022-12-01,2,7.17,Isolamento da equipe
869,2387,2022-12-01,0,7.97,
870,1130,2022-12-01,0,7.7,
871,316,2022-12-01,10,8.25,
872,162,2022-12-01,9,7.14,
873,1589,2022-12-01,6,7.59,
874,1546,2022-12-01,4,5.72,Conflitos interpessoais
875,2225,2022-12-01,3,5.8,
876,1142,2022-12-01,10,7.6,
877,613,2022-12-01,4,8.92,
878,2700,2022-12-01,5,8.23,
879,138,2022-12-01,10,5.32,
880,2348,2022-12-01,8,5.44,
881,2494,2022-12-01,1,6.55,
882,2982,2022-12-01,7,5.22,
883,2827,2022-12-01,3,9.41,
884,840,2022-12-01,5,5.5,
885,2306,2022-12-01,7,8.23,
886,1304,2022-12-01,2,8.44,
887,2872,2022-12-01,0,5.66,
888,125,2022-12-01,10,9.19,
889,2668,2022-12-01,5,5.65,
890,970,2022-12-01,8,8.05,
891,2939,2022-12-01,2,7.42,
892,1421,2022-12-01,5,5.69,
893,1776,2022-12-01,2,5.66,Desmotivação observada
894,1616,2022-12-01,10,8.32,Desmotivação observada
895,2292,2022-12-01,2,7.47,
896,680,2022-12-01,0,5.55,
897,2791,2022-12-01,5,9.22,
898,90,2022-12-01,2,5.75,
899,2830,2022-12-01,0,7.96,Conflitos interpessoais
900,2690,2022-12-01,10,8.2,
901,785,2022-12-01,8,7.92,
902,838,2022-12-01,5,9.36,
903,151,2022-12-01,2,8.52,
904,2544,2022-12-01,6,6.12,
905,571,2022-12-01,5,5.32,
906,2746,2022-12-01,4,7.21,
907,2141,2022-12-01,4,5.74,
908,192,2022-12-01,9,5.17,
909,2635,2022-12-01,9,7.68,
910,1202,2022-12-01,7,7.65,
911,233,2022-12-01,5,6.81,
912,622,2022-12-01,10,7.79,
913,493,2022-12-01,7,5.83,
914,2199,2022-12-01,2,6.59,Falta de comunicação
915,2376,2022-12-01,6,6.09,
916,1843,2022-12-01,8,5.84,
917,2488,2022-12-01,5,5.17,
918,1411,2022-12-01,4,7.03,
919,926,2022-12-01,5,5.76,
920,1992,2022-12-01,3,6.89,
921,2209,2022-12-01,8,8.47,
922,1476,2022-12-01,1,5.07,
923,1714,2022-12-01,3,7.23,
924,823,2022-12-01,8,6.76,
925,2885,2022-12-01,1,6.77,
926,1565,2022-12-01,0,7.91,
927,1631,2022-12-01,7,5.62,Falta de comunicação
928,1456,2022-12-01,2,5.01,
929,415,2022-12-01,8,6.64,
930,572,2022-12-01,3,8.52,
931,459,2022-12-01,7,8.94,
932,2054,2022-12-01,0,9.25,
933,2068,2023-06-01,9,5.67,
934,267,2023-06-01,9,6.55,
935,431,2023-06-01,0,6.51,
936,1525,2023-06-01,3,6.39,
937,2847,2023-06-01,7,6.64,
938,1750,2023-06-01,9,7.52,
939,2016,2023-06-01,2,8.75,Baixa participação em reuniões
940,988,2023-06-01,1,6.38,
941,354,2023-06-01,1,8.49,Baixa participação em reuniões
942,1272,2023-06-01,2,6.8,
943,2282,2023-06-01,0,7.26,
944,2397,2023-06-01,0,5.42,
945,2776,2023-06-01,7,5.79,
946,298,2023-06-01,4,8.84,
947,4,2023-06-01,4,6.31,
948,1317,2023-06-01,2,6.57,Conflitos interpessoais
949,1804,2023-06-01,6,6.13,
950,1051,2023-06-01,8,5.66,
951,846,2023-06-01,3,6.97,Baixa participação em reuniões
952,535,2023-06-01,6,9.49,
953,2050,2023-06-01,5,6.72,
954,2883,2023-06-01,6,6.12,
955,1044,2023-06-01,10,5.82,
956,2753,2023-06-01,2,9.41,
957,2266,2023-06-01,10,6.07,
958,2007,2023-06-01,6,6.32,
959,2772,2023-06-01,4,6.79,
960,2803,2023-06-01,0,8.66,
961,1695,2023-06-01,10,7.63,
962,1166,2023-06-01,0,6.07,
963,2620,2023-06-01,10,8.67,
964,2933,2023-06-01,8,7.58,
965,375,2023-06-01,6,8.32,
966,2424,2023-06-01,10,7.38,
967,639,2023-06-01,4,9.39,
968,567,2023-06-01,8,5.03,
969,1556,2023-06-01,10,6.78,
970,84,2023-06-01,0,8.4,
971,2422,2023-06-01,4,5.01,
972,2204,2023-06-01,5,8.08,
973,1388,2023-06-01,8,6.07,
974,19,2023-06-01,9,9.0,
975,332,2023-06-01,0,9.04,Baixa participação em reuniões
976,683,2023-06-01,4,5.9,
977,1197,2023-06-01,2,8.05,
978,2784,2023-06-01,0,9.15,
979,1376,2023-06-01,5,7.31,
980,529,2023-06-01,10,9.02,
981,2403,2023-06-01,9,6.86,Desmotivação observada
982,2163,2023-06-01,2,7.36,
983,1375,2023-06-01,6,8.42,
984,2953,2023-06-01,0,9.34,
985,2225,2023-06-01,9,8.95,
986,2373,2023-06-01,5,5.75,
987,1014,2023-06-01,8,5.31,Falta de comunicação
988,83,2023-06-01,8,9.09,
989,2377,2023-06-01,8,7.63,
990,1498,2023-06-01,9,7.76,
991,1905,2023-06-01,7,7.1,
992,1445,2023-06-01,5,8.26,
993,330,2023-06-01,9,6.13,
994,723,2023-06-01,10,9.26,
995,308,2023-06-01,5,7.53,
996,1489,2023-06-01,9,6.67,
997,1304,2023-06-01,10,6.56,Baixa participação em reuniões
998,1536,2023-06-01,6,5.19,
999,1581,2023-06-01,6,6.68,
1000,1083,2023-06-01,8,8.32,
1001,2791,2023-06-01,9,9.18,
1002,95,2023-06-01,9,7.86,Conflitos interpessoais
1003,1200,2023-06-01,10,5.55,
1004,528,2023-06-01,7,7.5,
1005,1799,2023-06-01,4,8.98,
1006,829,2023-06-01,4,8.63,
1007,2186,2023-06-01,8,7.38,
1008,734,2023-06-01,10,6.96,
1009,905,2023-06-01,1,5.53,
1010,623,2023-06-01,1,9.39,
1011,1882,2023-06-01,2,6.2,
1012,2989,2023-06-01,9,5.42,Isolamento da equipe
1013,1958,2023-06-01,0,9.07,
1014,1740,2023-06-01,7,6.94,
1015,465,2023-06-01,2,8.27,
1016,418,2023-06-01,3,8.15,Falta de comunicação
1017,1067,2023-06-01,0,8.21,
1018,456,2023-06-01,4,7.54,
1019,1062,2023-06-01,4,7.89,
1020,841,2023-06-01,3,9.08,Desmotivação observada
1021,1247,2023-06-01,7,6.17,
1022,224,2023-06-01,6,7.33,Isolamento da equipe
1023,2200,2023-06-01,6,5.79,
1024,2148,2023-06-01,6,8.4,
1025,882,2023-06-01,2,8.54,
1026,2371,2023-06-01,2,6.54,
1027,324,2023-06-01,2,6.83,
1028,43,2023-06-01,7,9.04,
1029,110,2023-06-01,4,6.79,
1030,356,2023-06-01,5,5.15,
1031,2009,2023-06-01,1,8.34,Desmotivação observada
1032,893,2023-06-01,6,6.43,
1033,492,2023-06-01,4,7.33,
1034,1637,2023-06-01,7,7.12,
1035,1755,2023-06-01,8,8.09,
1036,1742,2023-06-01,0,7.41,
1037,1509,2023-06-01,4,9.0,
1038,1378,2023-06-01,9,6.73,Conflitos interpessoais
1039,751,2023-06-01,10,5.51,
1040,2770,2023-06-01,1,5.57,
1041,1419,2023-06-01,2,9.03,Isolamento da equipe
1042,2450,2023-06-01,5,8.85,
1043,1946,2023-06-01,5,5.76,
1044,952,2023-06-01,1,8.9,Baixa participação em reuniões
1045,2217,2023-06-01,2,6.21,
1046,2551,2023-06-01,5,6.14,
1047,1460,2023-06-01,3,7.32,
1048,1947,2023-06-01,7,7.02,
1049,1877,2023-06-01,10,5.53,
1050,362,2023-06-01,5,7.54,
1051,433,2023-06-01,7,8.54,
1052,1074,2023-06-01,2,6.11,
1053,2302,2023-06-01,10,6.8,Conflitos interpessoais
1054,2519,2023-06-01,6,8.69,
1055,415,2023-06-01,10,5.21,Desmotivação observada
1056,131,2023-06-01,2,9.16,Desmotivação observada
1057,2086,2023-06-01,3,5.05,
1058,1068,2023-06-01,8,5.63,
1059,610,2023-06-01,7,5.85,
1060,2938,2023-06-01,1,5.41,
1061,1712,2023-06-01,2,5.87,
1062,178,2023-06-01,3,5.59,
1063,2553,2023-06-01,1,6.43,
1064,1118,2023-06-01,7,5.32,
1065,565,2023-06-01,2,6.4,
1066,576,2023-06-01,3,9.23,
1067,1420,2023-06-01,10,8.51,
1068,134,2023-06-01,0,9.28,
1069,2800,2023-06-01,5,5.78,
1070,1084,2023-06-01,8,7.5,
1071,382,2023-06-01,10,9.49,Baixa participação em reuniões
1072,700,2023-06-01,3,6.69,
1073,2228,2023-06-01,10,8.1,
1074,884,2023-06-01,10,5.95,
1075,1226,2023-06-01,3,5.16,
1076,1636,2023-06-01,10,7.06,
1077,427,2023-06-01,0,6.93,
1078,2788,2023-06-01,1,8.47,Falta de comunicação
1079,741,2023-06-01,2,8.81,
1080,2575,2023-06-01,5,6.02,
1081,328,2023-06-01,4,7.17,
1082,2987,2023-06-01,10,9.37,
1083,563,2023-06-01,10,9.18,Desmotivação observada
1084,2942,2023-06-01,3,7.78,
1085,1595,2023-06-01,5,5.13,
1086,632,2023-06-01,7,5.56,
1087,871,2023-06-01,10,5.72,
1088,2526,2023-06-01,5,8.98,
1089,463,2023-06-01,9,7.62,
1090,1656,2023-06-01,10,5.01,
1091,2697,2023-06-01,0,8.44,
1092,2950,2023-06-01,1,7.77,
1093,2680,2023-06-01,3,8.94,
1094,1152,2023-06-01,3,6.27,
1095,1766,2023-06-01,9,6.13,
1096,797,2023-06-01,1,5.65,
1097,1565,2023-06-01,8,5.23,
1098,1503,2023-06-01,10,7.57,
1099,479,2023-06-01,8,9.36,
1100,1985,2023-06-01,5,5.51,
1101,793,2023-06-01,5,6.75,
1102,2294,2023-06-01,5,6.65,
1103,2494,2023-06-01,6,6.7,
1104,105,2023-06-01,1,7.56,
1105,2648,2023-06-01,9,7.84,Baixa participação em reuniões
1106,818,2023-06-01,8,8.05,
1107,1814,2023-06-01,0,7.01,
1108,2591,2023-06-01,5,8.51,
1109,1134,2023-06-01,0,6.93,
1110,1933,2023-06-01,7,6.65,
1111,2978,2023-06-01,0,6.19,
1112,2328,2023-06-01,6,5.94,
1113,14,2023-06-01,6,8.78,Desmotivação observada
1114,2564,2023-06-01,2,5.81,
1115,1692,2023-06-01,9,6.88,
1116,1924,2023-06-01,8,5.76,
1117,720,2023-06-01,6,8.64,
1118,1550,2023-06-01,2,6.52,
1119,1756,2023-06-01,1,7.74,
1120,1973,2023-06-01,1,5.38,
1121,1944,2023-06-01,2,8.86,Baixa participação em reuniões
1122,241,2023-06-01,8,6.26,
1123,215,2023-06-01,5,5.44,
1124,1373,2023-06-01,6,9.42,
1125,2769,2023-06-01,8,8.6,
1126,1115,2023-06-01,0,7.43,
1127,902,2023-06-01,5,9.27,Conflitos interpessoais
1128,2102,2023-06-01,10,7.78,
1129,697,2023-06-01,5,8.86,
1130,2605,2023-06-01,2,6.24,Conflitos interpessoais
1131,598,2023-06-01,8,7.18,
1132,399,2023-06-01,7,8.52,
1133,1119,2023-06-01,4,6.75,Conflitos interpessoais
1134,622,2023-06-01,3,5.43,Conflitos interpessoais
1135,230,2023-06-01,3,9.45,
1136,923,2023-06-01,0,6.88,Falta de comunicação
1137,706,2023-06-01,8,5.66,
1138,281,2023-06-01,8,6.73,
1139,2495,2023-06-01,5,5.25,
1140,112,2023-06-01,8,8.76,
1141,1382,2023-06-01,4,6.45,Isolamento da equipe
1142,2075,2023-06-01,10,6.72,
1143,2279,2023-06-01,3,5.53,
1144,1776,2023-06-01,0,7.97,
1145,2258,2023-06-01,1,8.74,
1146,2793,2023-06-01,7,8.92,
1147,2172,2023-06-01,3,9.24,Falta de comunicação
1148,709,2023-06-01,7,5.13,Conflitos interpessoais
1149,2486,2023-06-01,10,5.88,
1150,970,2023-06-01,3,9.21,
1151,2011,2023-06-01,3,7.46,
1152,2923,2023-06-01,0,8.54,
1153,2379,2023-06-01,8,5.65,
1154,1627,2023-06-01,2,7.56,Falta de comunicação
1155,1461,2023-06-01,10,7.43,
1156,1522,2023-06-01,10,7.25,
1157,1539,2023-06-01,8,8.6,
1158,2426,2023-06-01,0,7.29,
1159,932,2023-06-01,8,6.16,
1160,877,2023-06-01,1,8.3,
1161,1049,2023-06-01,8,8.36,
1162,659,2023-06-01,2,7.25,Baixa participação em reuniões
1163,885,2023-06-01,7,7.31,
1164,2337,2023-06-01,3,8.37,
1165,2469,2023-06-01,3,8.68,
1166,1237,2023-06-01,8,6.79,
1167,2929,2023-06-01,5,5.62,
1168,1907,2023-06-01,2,9.35,
1169,1206,2023-06-01,0,8.7,
1170,1428,2023-06-01,1,5.79,
1171,1566,2023-06-01,0,5.37,
1172,1080,2023-06-01,4,5.53,
1173,2380,2023-06-01,6,5.73,
1174,543,2023-06-01,0,7.51,Isolamento da equipe
1175,1108,2023-06-01,2,5.59,
1176,17,2023-06-01,0,6.68,
1177,1954,2023-06-01,5,8.65,
1178,1997,2023-06-01,3,9.44,
1179,1670,2023-06-01,4,8.83,Falta de comunicação
1180,2764,2023-06-01,1,5.05,
1181,1929,2023-06-01,1,7.32,
1182,2238,2023-06-01,0,5.59,
1183,2215,2023-06-01,6,6.91,
1184,612,2023-06-01,6,5.13,
1185,457,2023-06-01,8,5.37,
1186,1723,2023-06-01,9,5.97,
1187,1224,2023-06-01,5,9.49,
1188,2965,2023-06-01,9,6.87,
1189,890,2023-06-01,7,5.9,
1190,2782,2023-06-01,7,6.45,
1191,1717,2023-06-01,0,8.8,
1192,2435,2023-06-01,3,5.21,
1193,2841,2023-06-01,8,9.26,
1194,1091,2023-06-01,3,9.02,Desmotivação observada
1195,1564,2023-06-01,1,9.49,
1196,2265,2023-06-01,7,6.89,
1197,940,2023-06-01,0,6.19,
1198,2658,2023-06-01,4,7.69,
1199,343,2023-06-01,9,8.76,
1200,2394,2023-06-01,2,7.74,
1201,773,2023-06-01,5,8.22,
1202,2133,2023-06-01,3,7.48,
1203,1027,2023-06-01,9,6.48,
1204,1931,2023-06-01,2,5.73,
1205,2456,2023-06-01,9,6.7,
1206,1250,2023-06-01,2,6.89,
1207,2765,2023-06-01,7,6.56,
1208,964,2023-06-01,5,6.66,
1209,1797,2023-06-01,9,5.06,Desmotivação observada
1210,2998,2023-06-01,7,6.14,
1211,2932,2023-06-01,1,5.86,
1212,1490,2023-06-01,5,8.03,
1213,574,2023-06-01,5,7.39,
1214,592,2023-06-01,9,7.48,
1215,1957,2023-06-01,5,6.33,
1216,935,2023-06-01,10,5.34,
1217,707,2023-06-01,3,6.78,
1218,2771,2023-06-01,2,6.54,
1219,2682,2023-06-01,1,7.47,
1220,2207,2023-06-01,5,6.31,
1221,2856,2023-06-01,7,7.7,
1222,1173,2023-06-01,3,9.0,
1223,2981,2023-06-01,6,8.99,
1224,1282,2023-06-01,7,7.78,
1225,1153,2023-06-01,3,6.98,
1226,1427,2023-06-01,1,5.71,
1227,9,2023-06-01,2,7.38,
1228,502,2023-06-01,9,5.37,
1229,338,2023-06-01,0,5.97,Falta de comunicação
1230,678,2023-06-01,10,5.17,
1231,1563,2023-06-01,5,5.98,
1232,2822,2023-06-01,10,7.16,Falta de comunicação
1233,87,2023-06-01,9,8.58,
1234,1986,2023-06-01,5,8.12,
1235,1417,2023-06-01,1,6.58,Conflitos interpessoais
1236,2666,2023-06-01,8,8.41,
1237,403,2023-06-01,9,7.0,
1238,1157,2023-06-01,5,9.0,
1239,2195,2023-06-01,8,6.79,
1240,2396,2023-06-01,2,6.05,
1241,342,2023-06-01,9,5.68,
1242,133,2023-06-01,2,8.35,
1243,2626,2023-06-01,10,5.37,
1244,251,2023-06-01,1,7.48,
1245,733,2023-06-01,8,9.0,
1246,443,2023-06-01,2,8.47,
1247,1290,2023-06-01,2,7.27,
1248,2232,2023-06-01,3,6.92,
1249,22,2023-06-01,5,6.08,Baixa participação em reuniões
1250,233,2023-06-01,1,8.77,Isolamento da equipe
1251,2688,2023-06-01,4,7.02,
1252,976,2023-06-01,1,5.08,
1253,1773,2023-06-01,1,5.51,
1254,2487,2023-06-01,3,6.77,
1255,1390,2023-06-01,3,9.04,
1256,656,2023-06-01,8,6.05,
1257,1363,2023-06-01,0,6.12,
1258,12,2023-06-01,1,7.1,
1259,2303,2023-06-01,5,8.67,
1260,1974,2023-06-01,5,7.63,
1261,2624,2023-06-01,1,5.3,
1262,1364,2023-06-01,5,7.61,
1263,1891,2023-06-01,9,5.12,
1264,524,2023-06-01,1,5.65,
1265,1660,2023-06-01,7,5.01,
1266,1439,2023-06-01,5,8.96,
1267,1065,2023-06-01,7,7.57,
1268,2799,2023-06-01,3,8.79,
1269,2299,2023-06-01,10,7.95,
1270,27,2023-06-01,8,9.18,
1271,2128,2023-06-01,10,8.49,
1272,679,2023-06-01,3,5.47,Falta de comunicação
1273,1511,2023-06-01,4,5.47,
1274,991,2023-06-01,6,8.13,
1275,2483,2023-06-01,3,7.79,
1276,2532,2023-06-01,6,5.0,
1277,1802,2023-06-01,4,6.36,
1278,1225,2023-06-01,4,5.52,
1279,1661,2023-06-01,6,9.3,
1280,1144,2023-06-01,8,7.1,
1281,1011,2023-06-01,8,7.2,
1282,1481,2023-06-01,1,6.55,
1283,313,2023-06-01,6,7.43,
1284,228,2023-06-01,1,6.11,
1285,2307,2023-06-01,7,9.14,
1286,2804,2023-06-01,9,5.66,
1287,1132,2023-06-01,9,7.32,
1288,881,2023-06-01,8,5.98,
1289,1400,2023-06-01,2,6.29,
1290,484,2023-06-01,4,6.88,
1291,2081,2023-06-01,9,8.59,
1292,2665,2023-06-01,1,5.47,
1293,2943,2023-06-01,8,6.76,
1294,2951,2023-06-01,6,6.52,
1295,470,2023-06-01,5,6.14,
1296,2031,2023-06-01,1,7.0,
1297,1883,2023-06-01,4,5.68,
1298,1479,2023-06-01,10,8.19,
1299,1687,2023-06-01,3,8.86,
1300,312,2023-06-01,6,9.2,Isolamento da equipe
1301,585,2023-06-01,8,8.92,
1302,2725,2023-06-01,3,5.31,
1303,790,2023-06-01,0,6.01,
1304,2959,2023-06-01,6,7.83,
1305,1016,2023-06-01,7,6.26,
1306,957,2023-06-01,0,5.15,
1307,1682,2023-06-01,6,8.04,Desmotivação observada
1308,705,2023-06-01,6,8.4,
1309,1411,2023-06-01,1,5.9,
1310,2918,2023-06-01,4,9.1,
1311,2356,2023-06-01,7,9.46,
1312,2774,2023-06-01,5,8.2,
1313,1456,2023-06-01,8,5.31,
1314,684,2023-06-01,6,8.29,
1315,2986,2023-06-01,6,5.03,
1316,1790,2023-06-01,7,8.77,
1317,1216,2023-06-01,9,8.94,
1318,2743,2023-06-01,8,7.31,
1319,833,2023-06-01,9,9.06,
1320,222,2023-06-01,9,8.18,Conflitos interpessoais
1321,2120,2023-06-01,10,7.05,
1322,1444,2023-06-01,4,6.82,Isolamento da equipe
1323,997,2023-06-01,0,5.39,
1324,2485,2023-06-01,2,5.99,Desmotivação observada
1325,307,2023-06-01,8,7.37,Baixa participação em reuniões
1326,145,2023-06-01,8,6.17,
1327,591,2023-06-01,9,6.92,
1328,2713,2023-06-01,6,7.48,Baixa participação em reuniões
1329,987,2023-06-01,10,9.15,
1330,727,2023-06-01,7,6.36,
1331,1603,2023-06-01,0,5.27,
1332,675,2023-06-01,3,5.28,
1333,2984,2023-06-01,3,8.85,
1334,2260,2023-06-01,8,6.26,
1335,631,2023-06-01,7,8.88,
1336,1676,2023-06-01,0,6.76,
1337,641,2023-06-01,1,8.43,
1338,82,2023-06-01,5,6.74,
1339,1431,2023-06-01,5,7.19,
1340,1621,2023-06-01,8,7.99,
1341,2780,2023-06-01,9,6.29,Baixa participação em reuniões
1342,2541,2023-06-01,7,7.62,
1343,1701,2023-06-01,3,7.61,
1344,2323,2023-06-01,9,8.86,
1345,2437,2023-06-01,7,8.45,
1346,2283,2023-06-01,4,6.22,
1347,1691,2023-06-01,9,5.61,
1348,783,2023-06-01,3,5.05,
1349,153,2023-06-01,10,6.88,
1350,1811,2023-06-01,4,8.96,
1351,1019,2023-06-01,2,7.37,Baixa participação em reuniões
1352,2925,2023-06-01,1,9.13,
1353,1968,2023-06-01,1,8.58,
1354,374,2023-06-01,3,8.93,Baixa participação em reuniões
1355,1306,2023-06-01,5,8.04,
1356,1026,2023-06-01,2,5.65,
1357,649,2023-06-01,1,5.76,
1358,417,2023-06-01,2,7.0,
1359,2316,2023-06-01,6,6.81,
1360,1777,2023-06-01,3,6.24,
1361,202,2023-06-01,2,8.05,
1362,1918,2023-06-01,9,7.71,
1363,2004,2023-06-01,3,9.04,
1364,1657,2023-06-01,9,5.47,
1365,1101,2023-06-01,6,8.86,
1366,1262,2023-06-01,9,7.75,
1367,2651,2023-06-01,1,5.23,
1368,910,2023-06-01,8,8.09,
1369,1258,2023-06-01,3,7.36,
1370,2795,2023-06-01,6,6.92,
1371,2579,2023-06-01,8,5.44,
1372,205,2023-06-01,0,7.15,
1373,2702,2023-06-01,0,6.18,
1374,2463,2023-06-01,8,6.27,
1375,1267,2023-06-01,1,7.27,
1376,1241,2023-06-01,4,7.89,
1377,276,2023-06-01,10,6.38,
1378,386,2023-06-01,0,9.13,
1379,702,2023-06-01,8,8.16,Desmotivação observada
1380,1700,2023-06-01,6,6.14,
1381,2341,2023-06-01,1,8.86,
1382,725,2023-06-01,0,5.3,
1383,1443,2023-06-01,8,6.82,
1384,327,2023-06-01,10,8.74,
1385,2193,2023-06-01,10,7.82,
1386,2087,2023-06-01,0,6.15,
1387,1325,2023-06-01,2,5.91,
1388,1311,2023-06-01,8,7.94,
1389,1844,2023-06-01,5,6.59,
1390,211,2023-06-01,4,5.34,
1391,1731,2023-06-01,10,5.55,Baixa participação em reuniões
1392,2823,2023-06-01,5,6.35,
1393,1292,2023-06-01,4,5.3,
1394,1970,2023-06-01,8,8.15,
1395,2939,2023-06-01,2,6.46,Falta de comunicação
1396,1520,2023-06-01,4,6.5,
1397,2588,2023-06-01,5,5.24,
1398,2331,2023-06-01,4,5.69,
1399,934,2023-06-01,9,5.7,
1400,927,2023-06-01,3,5.31,
1401,2858,2023-06-01,0,6.2,
1402,2867,2023-06-01,5,6.0,Desmotivação observada
1403,2975,2023-06-01,8,9.28,
1404,978,2023-06-01,1,5.79,
1405,1442,2023-06-01,3,7.27,
1406,876,2023-06-01,8,8.63,
1407,1577,2023-06-01,7,5.83,
1408,2903,2023-06-01,5,9.22,
1409,2112,2023-06-01,2,5.25,
1410,378,2023-06-01,10,9.28,
1411,300,2023-06-01,4,5.77,
1412,2845,2023-06-01,0,6.55,
1413,1808,2023-06-01,6,5.15,
1414,2159,2023-06-01,1,5.59,
1415,2566,2023-06-01,0,5.18,
1416,1001,2023-06-01,9,6.9,
1417,498,2023-06-01,7,7.17,
1418,812,2023-06-01,6,9.05,Falta de comunicação
1419,336,2023-06-01,4,5.56,
1420,1266,2023-06-01,10,7.21,Baixa participação em reuniões
1421,967,2023-06-01,3,5.72,
1422,1299,2023-06-01,7,7.76,Falta de comunicação
1423,2474,2023-06-01,4,8.76,
1424,638,2023-06-01,8,6.88,
1425,792,2023-06-01,4,6.56,
1426,895,2023-06-01,8,8.72,
1427,2843,2023-06-01,1,6.17,
1428,1724,2023-06-01,2,8.16,
1429,1758,2023-06-01,3,6.71,
1430,2851,2023-06-01,8,5.24,
1431,1739,2023-06-01,2,7.7,
1432,2755,2023-06-01,2,5.02,
1433,776,2023-06-01,6,9.2,
1434,2079,2023-06-01,4,8.27,
1435,182,2023-06-01,0,6.94,
1436,1076,2023-06-01,5,7.93,
1437,858,2023-06-01,4,7.61,
1438,1796,2023-06-01,8,6.16,
1439,2531,2023-06-01,6,8.83,Conflitos interpessoais
1440,1716,2023-06-01,2,6.6,
1441,1239,2023-06-01,1,7.38,
1442,2693,2023-06-01,2,8.09,
1443,2461,2023-06-01,8,5.97,
1444,920,2023-06-01,1,8.94,
1445,1412,2023-06-01,6,5.65,
1446,2745,2023-06-01,9,7.06,
1447,2894,2023-06-01,5,8.3,
1448,2252,2023-06-01,3,8.83,
1449,2173,2023-06-01,4,9.03,Conflitos interpessoais
1450,2155,2023-06-01,0,7.45,
1451,1125,2023-06-01,5,8.48,Isolamento da equipe
1452,1825,2023-06-01,10,8.41,
1453,495,2023-06-01,3,6.52,
1454,1182,2023-06-01,3,7.86,
1455,2852,2023-06-01,10,5.47,
1456,2439,2023-06-01,1,6.06,
1457,1389,2023-06-01,9,9.12,
1458,1587,2023-06-01,9,8.53,Isolamento da equipe
1459,2399,2023-06-01,5,6.27,Baixa participação em reuniões
1460,1021,2023-06-01,4,5.93,
1461,2028,2023-06-01,0,7.18,
1462,2707,2023-06-01,0,5.06,
1463,2460,2023-06-01,6,5.25,
1464,1041,2023-06-01,2,7.13,
1465,494,2023-06-01,6,8.48,
1466,536,2023-06-01,0,7.56,
1467,2660,2023-06-01,2,8.85,
1468,143,2023-06-01,8,7.41,
1469,180,2023-06-01,7,7.59,
1470,2661,2023-06-01,10,6.32,Baixa participação em reuniões
1471,1847,2023-06-01,3,7.23,Desmotivação observada
1472,2504,2023-06-01,9,6.95,Baixa participação em reuniões
1473,1568,2023-06-01,8,6.01,
1474,1751,2023-06-01,1,9.31,
1475,424,2023-06-01,4,6.83,
1476,2535,2023-06-01,2,5.91,
1477,2833,2023-06-01,10,5.29,
1478,192,2023-06-01,2,9.23,
1479,2679,2023-06-01,7,8.13,Conflitos interpessoais
1480,2818,2023-06-01,10,7.5,
1481,501,2023-06-01,6,6.23,
1482,568,2023-06-01,4,7.73,
1483,2142,2023-06-01,4,5.24,
1484,2580,2023-06-01,1,7.27,
1485,78,2023-06-01,10,6.33,
1486,2724,2023-06-01,7,9.28,
1487,2709,2023-06-01,4,7.8,
1488,1000,2023-06-01,2,6.84,
1489,2993,2023-06-01,0,7.81,
1490,582,2023-06-01,3,5.75,
1491,936,2023-06-01,5,5.36,
1492,526,2023-06-01,9,8.77,
1493,1846,2023-06-01,4,6.82,
1494,1771,2023-06-01,1,8.66,
1495,2741,2023-06-01,4,8.17,
1496,252,2023-06-01,2,5.76,
1497,754,2023-06-01,10,7.8,
1498,2384,2023-06-01,10,6.47,
1499,880,2023-06-01,5,6.1,
1500,1253,2023-06-01,10,5.98,
1501,2034,2023-06-01,0,5.22,
1502,1357,2023-06-01,10,6.12,
1503,2935,2023-06-01,2,5.86,
1504,919,2023-06-01,3,8.36,
1505,2346,2023-06-01,5,5.71,
1506,220,2023-06-01,9,6.91,
1507,1821,2023-06-01,4,6.79,
1508,1843,2023-06-01,4,6.76,
1509,24,2023-06-01,4,5.73,
1510,2525,2023-06-01,10,5.3,
1511,177,2023-06-01,5,9.0,
1512,2250,2023-06-01,6,8.6,
1513,2071,2023-06-01,5,6.85,
1514,428,2023-06-01,0,7.2,
1515,2295,2023-06-01,0,5.82,
1516,572,2023-06-01,0,9.36,
1517,868,2023-06-01,5,9.21,
1518,2729,2023-06-01,10,5.76,Falta de comunicação
1519,1025,2023-06-01,8,6.99,
1520,1861,2023-06-01,0,5.66,
1521,1869,2023-06-01,8,8.58,
1522,2969,2023-06-01,5,5.55,
1523,2470,2023-06-01,8,7.36,
1524,1611,2023-06-01,4,8.0,
1525,297,2023-06-01,4,9.34,
1526,552,2023-06-01,9,5.27,
1527,1488,2023-06-01,4,7.31,
1528,1850,2023-06-01,3,8.22,
1529,2269,2023-06-01,1,8.84,
1530,380,2023-06-01,3,7.4,
1531,2152,2023-06-01,8,8.57,Conflitos interpessoais
1532,1447,2023-06-01,4,5.06,
1533,843,2023-06-01,10,7.92,Falta de comunicação
1534,1867,2023-06-01,0,8.77,
1535,2718,2023-06-01,8,5.59,
1536,1834,2023-06-01,4,8.63,
1537,391,2023-06-01,9,8.35,
1538,1024,2023-06-01,8,9.42,
1539,1875,2023-06-01,1,5.37,
1540,419,2023-06-01,2,9.45,
1541,1283,2023-06-01,5,6.75,
1542,1545,2023-06-01,4,6.29,
1543,5,2023-06-01,10,5.08,
1544,855,2023-06-01,3,8.85,
1545,326,2023-06-01,10,5.5,Conflitos interpessoais
1546,1732,2023-06-01,2,7.26,
1547,2267,2023-06-01,4,6.72,
1548,2149,2023-06-01,4,5.93,
1549,1748,2023-06-01,9,5.34,
1550,2074,2023-06-01,4,8.15,
1551,2637,2023-06-01,10,5.97,
1552,2430,2023-06-01,1,6.56,
1553,860,2023-06-01,8,5.92,
1554,627,2023-06-01,10,9.08,
1555,2747,2023-06-01,3,6.41,
1556,1248,2023-06-01,1,9.35,
1557,199,2023-06-01,7,6.14,
1558,2455,2023-06-01,4,8.22,
1559,1623,2023-06-01,8,9.49,
1560,508,2023-06-01,9,7.46,
1561,236,2023-06-01,3,5.73,
1562,2236,2023-06-01,10,8.05,
1563,1012,2023-06-01,10,9.36,
1564,493,2023-06-01,7,5.62,
1565,160,2023-06-01,5,8.91,
1566,446,2023-06-01,1,6.77,
1567,1246,2023-06-01,0,9.11,
1568,1815,2023-06-01,6,6.44,Falta de comunicação
1569,1903,2023-06-01,9,6.78,
1570,2209,2023-06-01,0,5.26,
1571,1827,2023-06-01,5,5.9,
1572,25,2023-06-01,2,5.86,
1573,1674,2023-06-01,0,7.22,
1574,2830,2023-06-01,8,5.08,
1575,965,2023-06-01,7,7.65,
1576,1194,2023-06-01,5,6.5,
1577,405,2023-06-01,0,9.23,
1578,1022,2023-06-01,9,5.86,
1579,809,2023-06-01,4,9.12,
1580,2271,2023-06-01,2,7.37,
1581,1686,2023-06-01,3,5.53,
1582,922,2023-06-01,3,7.03,
1583,137,2023-06-01,5,6.46,
1584,1204,2023-06-01,6,6.22,
1585,2708,2023-06-01,9,7.8,
1586,392,2023-06-01,10,6.59,
1587,2529,2023-06-01,10,6.32,
1588,2360,2023-06-01,0,5.06,
1589,381,2023-06-01,3,7.2,
1590,2240,2023-06-01,10,8.45,
1591,1710,2023-06-01,10,7.51,
1592,2802,2023-06-01,1,7.43,
1593,114,2023-06-01,1,6.63,
1594,1936,2023-06-01,6,9.21,
1595,1191,2023-06-01,7,5.99,
1596,109,2023-06-01,8,8.51,
1597,2574,2023-06-01,8,5.17,
1598,2721,2023-06-01,7,7.14,
1599,1515,2023-06-01,1,7.32,
1600,127,2023-06-01,5,6.47,
1601,299,2023-06-01,9,6.99,
1602,1054,2023-06-01,2,8.34,
1603,2111,2023-06-01,7,5.46,
1604,1377,2023-06-01,8,8.76,
1605,2444,2023-06-01,2,7.85,
1606,1307,2023-06-01,10,5.79,
1607,1406,2023-06-01,10,8.23,Conflitos interpessoais
1608,138,2023-06-01,0,8.97,
1609,2498,2023-06-01,1,5.79,
1610,1017,2023-06-01,0,5.12,
1611,1558,2023-06-01,2,6.23,
1612,441,2023-06-01,7,8.51,
1613,1105,2023-06-01,1,9.01,
1614,1040,2023-06-01,0,5.9,
1615,1385,2023-06-01,6,9.14,
1616,2687,2023-06-01,0,6.96,
1617,2318,2023-06-01,10,8.08,
1618,781,2023-06-01,2,6.74,
1619,2848,2023-06-01,4,9.2,
1620,672,2023-06-01,10,5.4,
1621,2471,2023-06-01,1,7.57,
1622,1347,2023-06-01,6,9.34,Isolamento da equipe
1623,2596,2023-06-01,3,6.82,
1624,1130,2023-06-01,7,6.94,
1625,826,2023-06-01,2,6.0,Conflitos interpessoais
1626,1384,2023-06-01,4,7.25,
1627,1589,2023-06-01,0,6.21,
1628,1524,2023-06-01,4,8.9,
1629,711,2023-06-01,3,8.31,
1630,2002,2023-06-01,5,6.4,
1631,1835,2023-06-01,3,6.87,
1632,1714,2023-06-01,1,8.78,
1633,2348,2023-06-01,4,8.49,
1634,2711,2023-06-01,2,7.95,Conflitos interpessoais
1635,804,2023-06-01,1,8.9,
1636,2872,2023-06-01,10,6.11,
1637,2054,2023-06-01,5,7.01,
1638,512,2023-06-01,10,5.72,
1639,1543,2023-06-01,7,6.54,
1640,1351,2023-06-01,3,9.07,
1641,1322,2023-06-01,5,9.07,
1642,875,2023-06-01,8,7.19,
1643,648,2023-06-01,8,6.92,
1644,963,2023-06-01,6,7.86,
1645,1609,2023-06-01,3,8.33,
1646,1252,2023-06-01,5,6.51,
1647,44,2023-06-01,5,9.16,Conflitos interpessoais
1648,662,2023-06-01,2,8.4,
1649,2790,2023-06-01,9,7.17,
1650,945,2023-06-01,10,5.16,
1651,2654,2023-06-01,9,6.7,
1652,2171,2023-06-01,0,7.48,
1653,2116,2023-06-01,7,8.86,Baixa participação em reuniões
1654,1884,2023-06-01,1,6.68,
1655,1879,2023-06-01,0,9.02,
1656,821,2023-06-01,2,7.9,
1657,1504,2023-06-01,4,7.19,
1658,71,2023-06-01,4,7.92,
1659,972,2023-06-01,9,6.54,
1660,779,2023-06-01,7,6.27,
1661,219,2023-06-01,6,7.11,Falta de comunicação
1662,686,2023-06-01,2,8.83,
1663,2544,2023-06-01,4,5.34,
1664,2970,2023-06-01,7,8.02,
1665,2170,2023-06-01,0,5.74,
1666,2412,2023-06-01,1,8.92,
1667,847,2023-06-01,10,9.33,
1668,171,2023-06-01,2,8.36,Falta de comunicação
1669,459,2023-06-01,1,5.08,
1670,943,2023-06-01,4,7.06,
1671,603,2023-06-01,7,5.99,
1672,628,2023-06-01,9,7.28,
1673,2183,2023-06-01,2,7.41,
1674,1004,2023-06-01,4,8.78,
1675,2308,2023-06-01,6,7.87,
1676,1429,2023-06-01,8,8.05,
1677,2237,2023-06-01,2,8.83,Falta de comunicação
1678,167,2023-06-01,3,7.7,
1679,1791,2023-06-01,6,5.13,
1680,872,2023-06-01,5,8.59,
1681,523,2023-06-01,2,6.43,
1682,2873,2023-06-01,3,5.25,
1683,1121,2023-06-01,3,8.77,
1684,581,2023-06-01,9,6.23,
1685,2147,2023-06-01,0,6.19,
1686,1332,2023-06-01,6,5.55,Isolamento da equipe
1687,1895,2023-06-01,5,5.95,
1688,1174,2023-06-01,1,6.41,
1689,1003,2023-06-01,4,9.46,
1690,2344,2023-06-01,0,7.88,
1691,1131,2023-06-01,0,5.12,
1692,644,2023-06-01,8,8.6,
1693,2101,2023-06-01,2,8.19,
1694,257,2023-06-01,0,6.99,
1695,1214,2023-06-01,2,5.78,
1696,2812,2023-06-01,7,6.16,
1697,1055,2023-06-01,3,6.93,
1698,1010,2023-06-01,5,5.48,
1699,2758,2023-06-01,2,6.58,
1700,435,2023-06-01,3,6.6,
1701,752,2023-06-01,4,8.21,
1702,828,2023-06-01,0,6.58,
1703,1219,2023-06-01,2,9.48,
1704,234,2023-06-01,6,5.33,
1705,545,2023-06-01,7,6.93,
1706,2882,2023-06-01,2,8.82,
1707,203,2023-06-01,6,7.3,
1708,1094,2023-06-01,1,6.94,Falta de comunicação
1709,2744,2023-06-01,8,6.93,
1710,1780,2023-06-01,5,7.56,
1711,73,2023-06-01,10,5.84,
1712,2364,2023-06-01,7,8.06,
1713,2785,2023-06-01,2,6.22,
1714,243,2023-06-01,0,5.12,
1715,163,2023-06-01,1,8.63,
1716,2352,2023-06-01,3,6.29,
1717,2385,2023-06-01,8,8.32,
1718,1689,2023-06-01,2,5.63,
1719,3000,2023-06-01,6,6.52,
1720,1684,2023-06-01,0,7.38,
1721,1634,2023-06-01,0,7.58,
1722,1786,2023-06-01,0,5.94,
1723,2146,2023-06-01,0,6.48,
1724,2296,2023-06-01,6,7.03,
1725,1072,2023-06-01,7,7.43,
1726,2248,2023-06-01,0,5.91,
1727,339,2023-06-01,6,6.47,
1728,2689,2023-06-01,3,7.02,
1729,447,2023-06-01,5,5.05,
1730,341,2023-06-01,9,6.22,
1731,152,2023-06-01,4,7.35,Baixa participação em reuniões
1732,1184,2023-06-01,6,6.75,Falta de comunicação
1733,1600,2023-06-01,10,8.88,
1734,1949,2023-06-01,7,5.13,
1735,1338,2023-06-01,1,7.53,
1736,986,2023-06-01,4,7.73,
1737,1312,2023-06-01,9,9.37,
1738,901,2023-06-01,0,5.26,
1739,334,2023-06-01,0,6.66,
1740,1836,2023-06-01,2,7.32,
1741,2968,2023-06-01,3,5.53,
1742,1822,2023-06-01,9,5.57,
1743,640,2023-06-01,10,5.35,
1744,1534,2023-06-01,0,7.33,Isolamento da equipe
1745,2423,2023-06-01,9,7.07,
1746,379,2023-06-01,8,6.27,
1747,1832,2023-06-01,7,9.14,Baixa participação em reuniões
1748,2082,2023-06-01,0,6.08,Desmotivação observada
1749,1696,2023-06-01,9,5.5,
1750,2157,2023-06-01,6,7.33,
1751,2185,2023-06-01,0,8.82,
1752,1885,2023-06-01,10,7.78,
1753,59,2023-06-01,5,7.64,
1754,1900,2023-06-01,10,6.69,
1755,838,2023-06-01,6,6.25,
1756,802,2023-06-01,3,5.25,
1757,2083,2023-06-01,3,6.4,
1758,1809,2023-06-01,7,7.79,
1759,1199,2023-06-01,4,8.31,
1760,2312,2023-06-01,4,6.74,
1761,555,2023-06-01,7,6.74,
1762,2663,2023-06-01,1,8.03,
1763,430,2023-06-01,8,7.93,
1764,2473,2023-06-01,5,8.24,
1765,2464,2023-06-01,7,5.71,
1766,2732,2023-06-01,6,6.72,
1767,1143,2023-06-01,3,7.75,
1768,245,2023-06-01,9,7.87,Conflitos interpessoais
1769,1188,2023-06-01,5,7.01,
1770,1301,2023-06-01,5,9.49,Falta de comunicação
1771,253,2023-06-01,1,9.39,
1772,1297,2023-06-01,0,9.12,
1773,597,2023-06-01,0,5.66,
1774,128,2023-06-01,5,8.48,
1775,273,2023-06-01,8,7.99,
1776,225,2023-06-01,5,7.15,
1777,2945,2023-06-01,9,7.54,
1778,467,2023-06-01,8,5.83,
1779,527,2023-06-01,5,9.24,
1780,466,2023-06-01,0,7.86,
1781,1474,2023-06-01,3,9.07,
1782,408,2023-06-01,3,7.65,
1783,1296,2023-06-01,8,8.9,
1784,2482,2023-06-01,7,8.61,
1785,2608,2023-06-01,2,8.39,
1786,216,2023-06-01,8,8.32,
1787,1718,2023-06-01,10,6.74,
1788,787,2023-06-01,10,9.04,
1789,2896,2023-06-01,10,7.55,
1790,68,2023-06-01,8,7.36,
1791,1451,2023-06-01,6,6.2,
1792,842,2023-06-01,9,6.03,
1793,1370,2023-06-01,9,8.41,
1794,1616,2023-06-01,7,6.13,
1795,2884,2023-06-01,8,6.27,
1796,254,2023-06-01,1,5.24,
1797,2759,2023-06-01,8,7.37,
1798,1092,2023-06-01,4,6.95,
1799,2816,2023-06-01,0,9.4,Conflitos interpessoais
1800,778,2023-06-01,5,9.32,
1801,557,2023-06-01,4,5.15,
1802,2445,2023-06-01,1,5.01,Isolamento da equipe
1803,1353,2023-06-01,2,7.7,
1804,1703,2023-06-01,8,8.42,
1805,1254,2023-06-01,8,7.64,
1806,1719,2023-06-01,6,8.72,
1807,571,2023-06-01,0,8.81,Desmotivação observada
1808,2363,2023-06-01,10,9.11,Isolamento da equipe
1809,125,2023-06-01,2,8.38,
1810,1114,2023-06-01,1,6.66,
1811,2187,2023-06-01,3,7.59,
1812,541,2023-06-01,5,6.2,Falta de comunicação
1813,2309,2023-06-01,7,9.42,
1814,2739,2023-06-01,5,8.15,
1815,2583,2023-06-01,7,7.74,
1816,1646,2023-06-01,8,9.39,
1817,2275,2023-06-01,0,7.33,
1818,2121,2023-06-01,3,5.44,Desmotivação observada
1819,520,2023-06-01,6,8.2,
1820,1540,2023-06-01,3,6.88,
1821,2351,2023-06-01,10,8.86,Conflitos interpessoais
1822,1533,2023-06-01,7,6.66,
1823,1416,2023-06-01,9,9.2,
1824,1424,2023-06-01,1,9.18,
1825,1746,2023-06-01,6,6.4,
1826,499,2023-06-01,6,7.85,
1827,2105,2023-06-01,4,6.88,
1828,911,2023-06-01,9,7.34,
1829,1043,2023-06-01,2,7.76,Isolamento da equipe
1830,1005,2023-06-01,6,7.63,
1831,2897,2023-06-01,8,5.87,
1832,646,2023-06-01,9,9.08,
1833,368,2023-06-01,8,6.89,
1834,56,2023-06-01,5,6.87,
1835,2015,2023-06-01,2,9.07,
1836,7,2023-06-01,0,8.68,
1837,411,2023-06-01,4,5.35,
1838,575,2023-06-01,4,8.76,
1839,162,2023-06-01,9,6.88,
1840,2659,2023-06-01,3,6.96,
1841,284,2023-06-01,7,9.4,
1842,2607,2023-06-01,1,5.16,
1843,301,2023-06-01,10,8.14,
1844,287,2023-06-01,10,8.91,Conflitos interpessoais
1845,126,2023-06-01,7,8.64,
1846,2199,2023-06-01,1,5.86,
1847,1774,2023-06-01,7,8.0,
1848,2038,2023-06-01,8,8.45,
1849,275,2023-06-01,7,6.5,
1850,483,2023-06-01,4,8.78,
1851,1711,2023-06-01,3,6.19,
1852,2849,2023-06-01,6,5.07,
1853,2276,2023-06-01,1,9.18,
1854,363,2023-06-01,10,9.12,
1855,2692,2023-06-01,5,5.39,Conflitos interpessoais
1856,1601,2023-06-01,2,7.17,
1857,758,2023-06-01,2,8.75,
1858,2628,2023-06-01,2,6.92,
1859,2220,2023-06-01,1,7.95,
1860,2619,2023-06-01,6,6.32,
1861,1348,2023-06-01,1,7.54,
1862,2480,2023-06-01,3,7.45,
1863,2249,2023-06-01,4,7.29,
1864,325,2023-06-01,2,6.65,
1865,2168,2023-06-01,5,6.68,
1866,1870,2023-06-01,2,5.75,
1867,2609,2023-06-01,5,8.42,
1868,1340,2023-06-01,10,5.3,
1869,1435,2023-06-01,7,5.61,
1870,1466,2023-06-01,10,6.91,Falta de comunicação
1871,736,2023-06-01,8,8.82,
1872,1318,2023-06-01,4,6.39,Isolamento da equipe
1873,469,2023-06-01,9,5.62,
1874,1286,2023-06-01,10,9.41,
1875,703,2023-06-01,3,5.32,Conflitos interpessoais
1876,1865,2023-06-01,8,8.73,Isolamento da equipe
1877,1458,2023-06-01,4,6.23,
1878,2313,2023-06-01,4,6.95,
1879,436,2023-06-01,2,5.02,
1880,2476,2023-06-01,10,9.22,
1881,2857,2023-06-01,6,7.14,
1882,1829,2023-06-01,3,8.09,
1883,2053,2023-06-01,3,5.59,
1884,2214,2023-06-01,3,6.97,
1885,2797,2023-06-01,3,6.8,Desmotivação observada
1886,605,2023-06-01,7,7.61,
1887,1854,2023-06-01,3,5.73,Falta de comunicação
1888,1037,2023-06-01,9,7.72,
1889,10,2023-06-01,6,5.16,
1890,560,2023-06-01,10,7.59,
1891,1787,2023-06-01,2,8.88,
1892,1906,2023-06-01,2,5.15,
1893,500,2023-06-01,5,9.09,
1894,1496,2023-06-01,7,5.16,Desmotivação observada
1895,1928,2023-06-01,8,6.7,
1896,2492,2023-06-01,6,5.59,
1897,2345,2023-06-01,10,5.44,
1898,1110,2023-06-01,1,6.55,
1899,1995,2023-06-01,1,6.47,Conflitos interpessoais
1900,1837,2023-06-01,7,5.89,
1901,1213,2023-06-01,3,7.33,
1902,2044,2023-06-01,1,7.95,
1903,2150,2023-06-01,5,5.18,Conflitos interpessoais
1904,231,2023-06-01,3,9.16,
1905,1917,2023-06-01,10,5.46,
1906,994,2023-06-01,1,5.47,
1907,744,2023-06-01,8,8.24,
1908,1129,2023-06-01,8,6.63,
1909,1508,2023-06-01,5,9.14,
1910,719,2023-06-01,7,7.71,
1911,677,2023-06-01,1,6.89,
1912,1506,2023-06-01,2,6.31,
1913,1975,2023-06-01,1,5.14,
1914,2327,2023-06-01,1,7.1,
1915,2746,2023-06-01,4,5.89,
1916,1271,2023-06-01,8,7.12,Isolamento da equipe
1917,1493,2023-06-01,3,6.84,
1918,1336,2023-06-01,8,7.7,
1919,1868,2023-06-01,9,9.01,Desmotivação observada
1920,76,2023-06-01,2,5.44,
1921,2202,2023-06-01,9,6.93,Desmotivação observada
1922,2512,2023-06-01,7,5.9,
1923,507,2023-06-01,10,8.85,Baixa participação em reuniões
1924,2175,2023-06-01,9,5.14,
1925,1090,2023-06-01,3,7.41,
1926,158,2023-06-01,8,5.04,
1927,1175,2023-06-01,4,5.41,
1928,577,2023-12-01,5,9.03,
1929,2100,2023-12-01,8,6.39,
1930,1880,2023-12-01,6,8.35,
1931,1640,2023-12-01,8,7.54,
1932,771,2023-12-01,3,5.91,
1933,1554,2023-12-01,2,6.33,
1934,678,2023-12-01,10,5.91,
1935,145,2023-12-01,0,5.57,
1936,1069,2023-12-01,1,7.07,
1937,2512,2023-12-01,8,6.6,
1938,1739,2023-12-01,4,8.75,
1939,310,2023-12-01,9,5.19,
1940,2706,2023-12-01,3,5.75,
1941,325,2023-12-01,6,5.38,
1942,1241,2023-12-01,1,8.46,
1943,2739,2023-12-01,8,7.25,
1944,873,2023-12-01,4,7.85,
1945,342,2023-12-01,6,7.54,
1946,2823,2023-12-01,9,6.61,Isolamento da equipe
1947,703,2023-12-01,10,9.33,
1948,840,2023-12-01,3,6.8,
1949,710,2023-12-01,5,5.81,
1950,231,2023-12-01,4,8.5,
1951,1929,2023-12-01,7,6.35,
1952,2887,2023-12-01,9,7.93,
1953,1426,2023-12-01,10,8.96,
1954,1086,2023-12-01,2,5.46,
1955,1723,2023-12-01,10,9.34,
1956,1891,2023-12-01,1,6.69,
1957,46,2023-12-01,0,6.24,
1958,1278,2023-12-01,0,5.2,
1959,1931,2023-12-01,4,5.82,
1960,609,2023-12-01,6,6.01,
1961,60,2023-12-01,3,7.26,
1962,2467,2023-12-01,7,5.16,
1963,912,2023-12-01,8,6.8,
1964,532,2023-12-01,9,9.32,
1965,239,2023-12-01,7,6.72,
1966,2826,2023-12-01,2,8.67,
1967,456,2023-12-01,10,5.12,
1968,842,2023-12-01,5,9.14,
1969,2439,2023-12-01,5,5.27,
1970,1220,2023-12-01,2,7.69,
1971,1424,2023-12-01,7,6.06,
1972,363,2023-12-01,2,8.34,
1973,88,2023-12-01,5,6.86,Desmotivação observada
1974,1798,2023-12-01,6,5.52,
1975,1936,2023-12-01,2,9.03,
1976,1173,2023-12-01,9,9.5,
1977,717,2023-12-01,8,6.7,
1978,2011,2023-12-01,8,5.41,
1979,735,2023-12-01,5,8.64,
1980,1332,2023-12-01,0,5.62,
1981,466,2023-12-01,0,6.76,
1982,1113,2023-12-01,8,7.0,
1983,2572,2023-12-01,2,7.95,
1984,495,2023-12-01,5,7.82,
1985,1718,2023-12-01,4,7.41,
1986,264,2023-12-01,9,6.25,
1987,1167,2023-12-01,3,7.68,
1988,2875,2023-12-01,2,5.22,
1989,344,2023-12-01,2,5.57,
1990,706,2023-12-01,2,5.21,
1991,1095,2023-12-01,3,5.72,
1992,1346,2023-12-01,1,8.74,
1993,494,2023-12-01,7,9.43,
1994,2622,2023-12-01,8,6.86,
1995,2400,2023-12-01,9,6.72,Baixa participação em reuniões
1996,557,2023-12-01,5,8.36,
1997,2424,2023-12-01,7,9.46,
1998,2648,2023-12-01,9,8.43,
1999,560,2023-12-01,4,6.87,
2000,1182,2023-12-01,10,9.37,
2001,2789,2023-12-01,1,8.12,
2002,1559,2023-12-01,10,5.4,
2003,1299,2023-12-01,0,6.59,
2004,202,2023-12-01,7,8.02,
2005,863,2023-12-01,5,8.21,
2006,2146,2023-12-01,3,7.15,
2007,893,2023-12-01,7,7.91,
2008,575,2023-12-01,3,9.33,
2009,734,2023-12-01,6,9.29,
2010,2732,2023-12-01,5,7.18,
2011,1505,2023-12-01,9,5.5,
2012,2965,2023-12-01,10,7.65,
2013,880,2023-12-01,5,6.26,
2014,2150,2023-12-01,9,6.19,
2015,1678,2023-12-01,4,5.63,
2016,2334,2023-12-01,5,5.5,Isolamento da equipe
2017,2102,2023-12-01,10,7.56,
2018,592,2023-12-01,4,5.32,
2019,1051,2023-12-01,2,7.19,
2020,158,2023-12-01,3,6.05,
2021,1286,2023-12-01,10,9.48,
2022,2153,2023-12-01,3,7.38,
2023,698,2023-12-01,1,5.47,
2024,1175,2023-12-01,2,7.84,
2025,244,2023-12-01,3,5.09,
2026,126,2023-12-01,1,6.02,
2027,809,2023-12-01,5,8.52,
2028,2423,2023-12-01,5,6.36,
2029,841,2023-12-01,4,7.15,
2030,2937,2023-12-01,8,5.45,
2031,1804,2023-12-01,3,6.37,
2032,1322,2023-12-01,2,5.92,
2033,24,2023-12-01,9,8.28,
2034,1992,2023-12-01,9,8.32,
2035,2637,2023-12-01,10,8.97,
2036,382,2023-12-01,4,5.66,
2037,2811,2023-12-01,0,8.27,
2038,1224,2023-12-01,2,8.55,
2039,1461,2023-12-01,4,5.12,
2040,646,2023-12-01,7,9.14,Isolamento da equipe
2041,2320,2023-12-01,10,6.58,
2042,2803,2023-12-01,6,5.27,
2043,2385,2023-12-01,1,8.16,
2044,2853,2023-12-01,3,9.4,
2045,2042,2023-12-01,6,8.0,
2046,2745,2023-12-01,2,8.73,Isolamento da equipe
2047,1805,2023-12-01,9,7.2,
2048,1960,2023-12-01,10,7.06,
2049,1153,2023-12-01,5,7.1,
2050,2693,2023-12-01,1,6.99,Conflitos interpessoais
2051,1406,2023-12-01,1,7.9,
2052,1812,2023-12-01,3,8.72,
2053,2395,2023-12-01,10,8.32,Isolamento da equipe
2054,2969,2023-12-01,7,7.38,
2055,339,2023-12-01,5,8.4,
2056,1901,2023-12-01,1,6.44,
2057,2149,2023-12-01,2,5.63,
2058,1634,2023-12-01,8,8.8,
2059,2700,2023-12-01,10,8.25,
2060,2156,2023-12-01,1,6.11,
2061,1191,2023-12-01,9,8.65,
2062,812,2023-12-01,1,7.39,
2063,230,2023-12-01,3,7.83,
2064,2437,2023-12-01,0,6.79,
2065,848,2023-12-01,3,6.59,Baixa participação em reuniões
2066,289,2023-12-01,9,8.22,
2067,2505,2023-12-01,7,5.36,
2068,1195,2023-12-01,1,7.49,
2069,508,2023-12-01,10,8.36,
2070,2271,2023-12-01,3,6.55,
2071,1466,2023-12-01,7,7.82,
2072,530,2023-12-01,3,9.27,
2073,638,2023-12-01,9,5.16,
2074,124,2023-12-01,9,8.16,
2075,2607,2023-12-01,8,8.46,
2076,1063,2023-12-01,3,5.94,
2077,241,2023-12-01,0,6.7,
2078,1533,2023-12-01,8,6.05,
2079,119,2023-12-01,7,5.0,Isolamento da equipe
2080,1114,2023-12-01,0,8.93,
2081,1225,2023-12-01,7,5.52,
2082,712,2023-12-01,8,8.52,
2083,1951,2023-12-01,10,8.16,Falta de comunicação
2084,2924,2023-12-01,7,7.63,
2085,1740,2023-12-01,8,5.62,
2086,1518,2023-12-01,8,6.76,
2087,2316,2023-12-01,9,7.68,
2088,2345,2023-12-01,4,8.47,Desmotivação observada
2089,2782,2023-12-01,7,5.93,
2090,2260,2023-12-01,1,5.02,
2091,700,2023-12-01,7,8.56,
2092,2900,2023-12-01,8,7.88,
2093,1012,2023-12-01,4,8.03,
2094,611,2023-12-01,6,6.61,
2095,2151,2023-12-01,5,8.07,
2096,1568,2023-12-01,3,6.96,
2097,1503,2023-12-01,3,6.29,
2098,133,2023-12-01,1,7.36,
2099,2381,2023-12-01,2,7.71,
2100,1257,2023-12-01,4,6.69,
2101,2170,2023-12-01,3,7.44,
2102,1660,2023-12-01,6,5.39,
2103,2818,2023-12-01,2,9.23,
2104,589,2023-12-01,2,5.9,
2105,1700,2023-12-01,7,5.31,
2106,2688,2023-12-01,4,9.36,
2107,1470,2023-12-01,3,6.57,
2108,153,2023-12-01,9,8.88,
2109,1431,2023-12-01,3,8.07,
2110,1601,2023-12-01,2,9.07,Desmotivação observada
2111,182,2023-12-01,6,8.78,Desmotivação observada
2112,2672,2023-12-01,2,6.15,
2113,1841,2023-12-01,2,8.77,
2114,2444,2023-12-01,7,7.02,
2115,1694,2023-12-01,7,7.59,
2116,2214,2023-12-01,1,5.47,
2117,1742,2023-12-01,8,5.46,Isolamento da equipe
2118,143,2023-12-01,4,5.1,
2119,2123,2023-12-01,3,9.43,
2120,20,2023-12-01,10,6.37,
2121,1373,2023-12-01,1,9.37,
2122,2185,2023-12-01,0,5.5,
2123,2524,2023-12-01,3,9.34,
2124,1774,2023-12-01,7,8.83,
2125,1815,2023-12-01,8,9.4,
2126,2947,2023-12-01,8,5.27,
2127,1772,2023-12-01,6,7.4,
2128,2086,2023-12-01,1,7.25,
2129,1083,2023-12-01,6,7.81,
2130,1597,2023-12-01,10,7.99,Isolamento da equipe
2131,1750,2023-12-01,8,5.54,
2132,2827,2023-12-01,4,5.35,
2133,513,2023-12-01,6,5.21,
2134,1651,2023-12-01,4,5.44,
2135,2551,2023-12-01,9,9.04,Conflitos interpessoais
2136,722,2023-12-01,7,7.59,
2137,1776,2023-12-01,3,7.08,
2138,555,2023-12-01,4,6.72,
2139,1675,2023-12-01,9,8.88,
2140,496,2023-12-01,6,8.49,Desmotivação observada
2141,2464,2023-12-01,0,9.3,Desmotivação observada
2142,535,2023-12-01,4,9.46,
2143,1459,2023-12-01,3,7.38,
2144,572,2023-12-01,8,5.92,
2145,2871,2023-12-01,0,7.32,
2146,808,2023-12-01,6,5.03,
2147,1838,2023-12-01,3,5.44,
2148,946,2023-12-01,9,5.56,
2149,1594,2023-12-01,6,7.63,
2150,2486,2023-12-01,9,7.6,
2151,2845,2023-12-01,5,9.34,
2152,846,2023-12-01,1,9.11,Baixa participação em reuniões
2153,2183,2023-12-01,10,7.99,
2154,107,2023-12-01,1,8.83,
2155,1352,2023-12-01,6,8.98,
2156,2989,2023-12-01,1,8.42,
2157,1398,2023-12-01,4,6.17,Baixa participação em reuniões
2158,2067,2023-12-01,3,7.72,
2159,2979,2023-12-01,8,5.96,
2160,237,2023-12-01,10,9.2,
2161,957,2023-12-01,5,7.72,Falta de comunicação
2162,1386,2023-12-01,7,6.32,
2163,8,2023-12-01,7,5.0,
2164,1209,2023-12-01,1,6.35,
2165,2941,2023-12-01,9,7.62,
2166,1637,2023-12-01,3,9.28,
2167,1110,2023-12-01,7,7.41,
2168,2038,2023-12-01,5,8.6,
2169,1748,2023-12-01,1,5.04,Conflitos interpessoais
2170,2283,2023-12-01,3,5.87,
2171,622,2023-12-01,2,6.1,
2172,1889,2023-12-01,1,8.27,
2173,1922,2023-12-01,4,5.09,
2174,719,2023-12-01,10,7.92,
2175,59,2023-12-01,3,6.08,
2176,938,2023-12-01,0,5.2,
2177,1636,2023-12-01,1,5.7,
2178,2039,2023-12-01,8,7.13,Falta de comunicação
2179,1090,2023-12-01,7,6.6,
2180,1405,2023-12-01,4,6.77,Falta de comunicação
2181,479,2023-12-01,8,6.05,
2182,2331,2023-12-01,8,8.72,Isolamento da equipe
2183,1033,2023-12-01,10,6.73,
2184,77,2023-12-01,6,5.71,
2185,1790,2023-12-01,3,5.76,
2186,326,2023-12-01,1,5.68,
2187,1525,2023-12-01,4,8.0,
2188,1998,2023-12-01,5,9.02,
2189,2111,2023-12-01,9,9.42,
2190,1499,2023-12-01,5,5.12,Desmotivação observada
2191,222,2023-12-01,3,8.69,
2192,1692,2023-12-01,3,8.72,
2193,1827,2023-12-01,9,6.09,
2194,2299,2023-12-01,8,6.43,
2195,1861,2023-12-01,8,5.83,
2196,1836,2023-12-01,3,5.33,
2197,825,2023-12-01,0,5.56,
2198,301,2023-12-01,4,8.2,Conflitos interpessoais
2199,1247,2023-12-01,2,6.21,
2200,751,2023-12-01,5,5.53,
2201,1048,2023-12-01,9,7.42,
2202,395,2023-12-01,10,7.67,
2203,141,2023-12-01,3,5.11,
2204,19,2023-12-01,3,5.62,
2205,2209,2023-12-01,8,5.1,
2206,460,2023-12-01,2,6.58,
2207,1943,2023-12-01,5,5.66,
2208,1427,2023-12-01,10,7.72,
2209,2801,2023-12-01,0,5.0,
2210,2694,2023-12-01,10,5.73,Falta de comunicação
2211,2189,2023-12-01,7,6.8,
2212,2795,2023-12-01,8,9.41,
2213,2864,2023-12-01,10,6.35,
2214,1419,2023-12-01,0,8.52,
2215,1696,2023-12-01,7,9.09,
2216,500,2023-12-01,9,8.5,Falta de comunicação
2217,354,2023-12-01,5,8.49,
2218,2198,2023-12-01,5,6.31,
2219,307,2023-12-01,7,6.7,
2220,2142,2023-12-01,10,8.37,
2221,2626,2023-12-01,7,6.79,
2222,1851,2023-12-01,10,7.45,
2223,741,2023-12-01,1,6.85,
2224,2799,2023-12-01,2,7.28,
2225,1590,2023-12-01,4,8.58,
2226,2384,2023-12-01,0,5.27,
2227,1485,2023-12-01,3,9.2,
2228,1944,2023-12-01,8,8.15,
2229,828,2023-12-01,6,8.66,
2230,2016,2023-12-01,6,7.88,Conflitos interpessoais
2231,2138,2023-12-01,4,6.6,
2232,2279,2023-12-01,6,5.83,
2233,205,2023-12-01,8,8.96,
2234,1089,2023-12-01,6,7.91,
2235,1817,2023-12-01,9,5.51,
2236,2771,2023-12-01,8,7.65,
2237,408,2023-12-01,6,6.44,
2238,1711,2023-12-01,5,6.57,
2239,949,2023-12-01,4,5.19,
2240,851,2023-12-01,8,9.42,
2241,2163,2023-12-01,6,6.64,
2242,2196,2023-12-01,0,5.17,
2243,1198,2023-12-01,9,7.6,
2244,2418,2023-12-01,5,5.57,
2245,1581,2023-12-01,5,6.15,
2246,1520,2023-12-01,0,6.23,
2247,640,2023-12-01,1,5.68,
2248,714,2023-12-01,4,6.52,
2249,1868,2023-12-01,1,7.22,Isolamento da equipe
2250,170,2023-12-01,1,7.36,
2251,1847,2023-12-01,3,6.78,Isolamento da equipe
2252,1511,2023-12-01,10,9.32,
2253,1751,2023-12-01,4,5.21,
2254,791,2023-12-01,0,9.08,
2255,736,2023-12-01,8,6.89,
2256,1297,2023-12-01,7,6.46,
2257,2383,2023-12-01,7,6.1,
2258,2116,2023-12-01,5,6.2,
2259,285,2023-12-01,7,9.33,Isolamento da equipe
2260,353,2023-12-01,1,6.0,
2261,994,2023-12-01,9,9.3,
2262,1746,2023-12-01,2,7.75,
2263,2267,2023-12-01,9,8.74,
2264,4,2023-12-01,3,6.43,
2265,1584,2023-12-01,9,7.47,
2266,2620,2023-12-01,9,9.09,
2267,1763,2023-12-01,10,6.63,
2268,2033,2023-12-01,3,7.54,
2269,1811,2023-12-01,8,8.73,
2270,2066,2023-12-01,4,6.34,
2271,1457,2023-12-01,8,8.44,
2272,1200,2023-12-01,6,8.63,
2273,2293,2023-12-01,10,6.09,
2274,34,2023-12-01,0,8.87,
2275,1890,2023-12-01,8,5.48,
2276,242,2023-12-01,10,8.4,
2277,1786,2023-12-01,9,8.0,
2278,1689,2023-12-01,7,8.03,
2279,1722,2023-12-01,9,5.26,
2280,1147,2023-12-01,9,7.73,
2281,193,2023-12-01,9,6.29,Baixa participação em reuniões
2282,2531,2023-12-01,5,6.42,
2283,726,2023-12-01,9,5.41,
2284,1337,2023-12-01,0,7.71,
2285,2177,2023-12-01,3,8.08,
2286,1250,2023-12-01,9,6.51,
2287,2171,2023-12-01,5,7.89,Isolamento da equipe
2288,2541,2023-12-01,2,6.61,
2289,2127,2023-12-01,8,7.98,
2290,2839,2023-12-01,8,8.31,
2291,1162,2023-12-01,3,8.64,
2292,2351,2023-12-01,2,5.08,
2293,483,2023-12-01,5,7.83,
2294,236,2023-12-01,9,8.47,
2295,48,2023-12-01,10,9.46,
2296,311,2023-12-01,4,9.02,
2297,1359,2023-12-01,2,7.3,
2298,282,2023-12-01,8,7.06,
2299,2519,2023-12-01,10,5.77,
2300,761,2023-12-01,0,6.7,
2301,571,2023-12-01,3,7.47,
2302,1616,2023-12-01,5,8.37,
2303,2397,2023-12-01,2,5.35,
2304,845,2023-12-01,8,5.66,
2305,510,2023-12-01,7,7.98,
2306,567,2023-12-01,2,6.59,
2307,1540,2023-12-01,1,5.13,
2308,1371,2023-12-01,6,8.17,
2309,1021,2023-12-01,1,7.69,
2310,238,2023-12-01,9,6.24,
2311,1236,2023-12-01,0,8.46,
2312,614,2023-12-01,10,8.69,
2313,54,2023-12-01,10,8.05,
2314,1985,2023-12-01,0,7.81,
2315,2886,2023-12-01,8,6.88,
2316,1714,2023-12-01,8,5.65,
2317,2939,2023-12-01,9,8.7,
2318,163,2023-12-01,6,5.45,
2319,1643,2023-12-01,5,6.64,
2320,1661,2023-12-01,0,9.08,
2321,590,2023-12-01,8,5.99,
2322,2623,2023-12-01,6,9.29,
2323,2514,2023-12-01,7,7.5,
2324,778,2023-12-01,9,5.02,
2325,1808,2023-12-01,3,7.19,
2326,2723,2023-12-01,8,7.38,
2327,2540,2023-12-01,9,5.64,
2328,2634,2023-12-01,3,5.65,
2329,17,2023-12-01,10,6.99,
2330,870,2023-12-01,9,8.56,
2331,850,2023-12-01,5,8.0,Desmotivação observada
2332,2822,2023-12-01,2,5.94,
2333,2929,2023-12-01,0,8.64,
2334,2520,2023-12-01,7,6.37,
2335,1226,2023-12-01,0,8.66,
2336,923,2023-12-01,8,7.34,
2337,1756,2023-12-01,4,7.53,
2338,2578,2023-12-01,3,6.36,
2339,2749,2023-12-01,2,8.41,
2340,574,2023-12-01,4,7.23,
2341,526,2023-12-01,3,9.01,
2342,22,2023-12-01,8,5.8,
2343,2420,2023-12-01,10,5.2,
2344,2583,2023-12-01,5,5.95,
2345,1125,2023-12-01,3,8.07,
2346,2497,2023-12-01,1,8.55,
2347,1952,2023-12-01,7,7.1,
2348,2186,2023-12-01,4,8.49,
2349,2977,2023-12-01,10,5.26,
2350,2498,2023-12-01,0,9.5,
2351,2774,2023-12-01,2,7.04,
2352,2480,2023-12-01,6,8.02,
2353,83,2023-12-01,8,7.39,
2354,1555,2023-12-01,7,8.72,
2355,1552,2023-12-01,2,5.88,
2356,1507,2023-12-01,5,7.75,
2357,1833,2023-12-01,8,7.5,
2358,623,2023-12-01,3,9.07,
2359,1152,2023-12-01,3,5.12,
2360,2709,2023-12-01,6,7.91,
2361,1592,2023-12-01,8,5.57,
2362,1072,2023-12-01,5,8.52,
2363,1725,2023-12-01,5,8.39,
2364,2876,2023-12-01,2,7.76,Desmotivação observada
2365,1882,2023-12-01,1,8.16,
2366,1981,2023-12-01,7,5.86,
2367,328,2023-12-01,0,9.5,
2368,2041,2023-12-01,8,6.73,
2369,524,2023-12-01,9,6.18,
2370,2574,2023-12-01,3,5.64,
2371,2365,2023-12-01,0,7.26,Isolamento da equipe
2372,2525,2023-12-01,1,8.2,
2373,2141,2023-12-01,3,7.17,
2374,920,2023-12-01,9,6.25,
2375,1262,2023-12-01,10,6.44,
2376,2611,2023-12-01,1,5.93,
2377,1522,2023-12-01,0,7.18,
2378,113,2023-12-01,6,8.7,
2379,2232,2023-12-01,10,9.06,
2380,1819,2023-12-01,7,6.07,
2381,84,2023-12-01,2,5.22,
2382,2698,2023-12-01,1,5.64,
2383,2007,2023-12-01,2,7.69,
2384,167,2023-12-01,4,8.37,
2385,2409,2023-12-01,8,8.59,
2386,2280,2023-12-01,9,6.61,
2387,1263,2023-12-01,5,7.65,Isolamento da equipe
2388,2053,2023-12-01,7,5.17,
2389,312,2023-12-01,4,9.03,
2390,2563,2023-12-01,8,8.59,Baixa participação em reuniões
2391,2174,2023-12-01,2,6.65,
2392,2301,2023-12-01,8,7.38,
2393,2488,2023-12-01,4,8.73,
2394,489,2023-12-01,8,5.05,
2395,2045,2023-12-01,5,7.18,
2396,2375,2023-12-01,9,7.56,
2397,2095,2023-12-01,2,6.99,
2398,943,2023-12-01,2,5.73,
2399,1061,2023-12-01,5,7.92,
2400,1053,2023-12-01,4,7.6,
2401,1870,2023-12-01,1,6.59,Isolamento da equipe
2402,1829,2023-12-01,3,7.43,
2403,2292,2023-12-01,0,7.76,
2404,937,2023-12-01,2,8.45,
2405,541,2023-12-01,2,8.34,
2406,477,2023-12-01,10,9.35,
2407,1472,2023-12-01,0,7.93,
2408,1146,2023-12-01,10,8.91,Baixa participação em reuniões
2409,2059,2023-12-01,4,8.4,
2410,695,2023-12-01,1,8.82,
2411,442,2023-12-01,4,8.36,
2412,81,2023-12-01,8,6.87,
2413,2496,2023-12-01,10,6.27,
2414,2966,2023-12-01,9,5.15,
2415,65,2023-12-01,6,7.89,
2416,1721,2023-12-01,10,5.94,
2417,2403,2023-12-01,7,6.35,Desmotivação observada
2418,430,2023-12-01,10,8.27,
2419,2904,2023-12-01,4,9.13,
2420,2663,2023-12-01,7,7.5,
2421,2031,2023-12-01,5,9.37,
2422,2800,2023-12-01,1,8.1,
2423,1939,2023-12-01,5,5.55,
2424,1924,2023-12-01,6,5.95,
2425,2938,2023-12-01,5,6.2,
2426,1376,2023-12-01,1,6.43,
2427,1514,2023-12-01,6,8.43,
2428,183,2023-12-01,2,6.78,
2429,2474,2023-12-01,10,6.36,
2430,149,2023-12-01,6,6.37,Baixa participação em reuniões
2431,2302,2023-12-01,3,5.53,Desmotivação observada
2432,2627,2023-12-01,8,8.9,
2433,1676,2023-12-01,4,8.2,
2434,906,2023-12-01,9,8.67,
2435,692,2023-12-01,2,7.44,Baixa participação em reuniões
2436,956,2023-12-01,9,6.56,
2437,2982,2023-12-01,3,7.31,
2438,1240,2023-12-01,4,6.23,
2439,1956,2023-12-01,8,6.97,Desmotivação observada
2440,1468,2023-12-01,1,9.1,
2441,907,2023-12-01,1,7.6,
2442,1483,2023-12-01,5,8.17,
2443,2099,2023-12-01,5,5.8,
2444,199,2023-12-01,0,7.02,
2445,926,2023-12-01,8,7.74,
2446,2793,2023-12-01,7,5.18,
2447,2346,2023-12-01,10,5.99,
2448,1480,2023-12-01,2,7.58,
2449,1105,2023-12-01,0,8.93,
2450,487,2023-12-01,3,7.45,
2451,2891,2023-12-01,1,7.23,Falta de comunicação
2452,1119,2023-12-01,0,6.56,
2453,304,2023-12-01,10,9.04,
2454,397,2023-12-01,6,6.02,
2455,1037,2023-12-01,0,8.59,
2456,280,2023-12-01,7,5.35,
2457,2703,2023-12-01,0,6.49,
2458,889,2023-12-01,4,8.46,
2459,934,2023-12-01,6,5.1,
2460,2089,2023-12-01,2,7.83,
2461,2028,2023-12-01,6,7.28,Desmotivação observada
2462,2980,2023-12-01,0,9.21,
2463,686,2023-12-01,1,7.76,
2464,2879,2023-12-01,0,6.31,
2465,1623,2023-12-01,9,8.48,Desmotivação observada
2466,1382,2023-12-01,0,9.28,
2467,2692,2023-12-01,10,7.71,
2468,2155,2023-12-01,2,8.6,
2469,1428,2023-12-01,1,8.83,
2470,2867,2023-12-01,9,8.66,
2471,10,2023-12-01,3,9.19,
2472,877,2023-12-01,5,8.21,Conflitos interpessoais
2473,1824,2023-12-01,8,6.16,
2474,2553,2023-12-01,6,6.25,
2475,2785,2023-12-01,9,7.08,
2476,2328,2023-12-01,2,9.34,
2477,134,2023-12-01,5,5.37,
2478,1946,2023-12-01,10,5.58,
2479,1974,2023-12-01,7,5.8,
2480,1183,2023-12-01,1,8.89,Desmotivação observada
2481,2015,2023-12-01,2,5.66,Conflitos interpessoais
2482,1402,2023-12-01,2,7.58,
2483,254,2023-12-01,5,7.73,
2484,2957,2023-12-01,10,9.09,
2485,898,2023-12-01,0,9.15,
2486,121,2023-12-01,0,8.89,
2487,179,2023-12-01,4,9.02,
2488,1018,2023-12-01,4,7.6,
2489,534,2023-12-01,6,5.51,
2490,1487,2023-12-01,4,6.14,
2491,2406,2023-12-01,0,9.02,
2492,2596,2023-12-01,9,8.32,
2493,2788,2023-12-01,9,6.93,
2494,2307,2023-12-01,2,5.84,
2495,762,2023-12-01,1,6.87,
2496,2506,2023-12-01,3,6.27,
2497,316,2023-12-01,2,6.28,
2498,1717,2023-12-01,10,9.45,
2499,1950,2023-12-01,5,6.74,
2500,2628,2023-12-01,2,5.13,
2501,2159,2023-12-01,2,5.65,
2502,2290,2023-12-01,2,9.43,
2503,833,2023-12-01,3,7.26,
2504,536,2023-12-01,2,6.87,
2505,1975,2023-12-01,10,5.21,
2506,2978,2023-12-01,0,5.59,
2507,2933,2023-12-01,10,5.4,Isolamento da equipe
2508,499,2023-12-01,5,8.5,Baixa participação em reuniões
2509,2975,2023-12-01,2,5.69,
2510,684,2023-12-01,9,6.56,
2511,2714,2023-12-01,6,6.47,
2512,2566,2023-12-01,3,8.5,
2513,1773,2023-12-01,2,6.57,
2514,644,2023-12-01,10,7.99,
2515,970,2023-12-01,1,7.92,
2516,258,2023-12-01,10,7.03,
2517,214,2023-12-01,7,8.48,
2518,2204,2023-12-01,7,5.47,
2519,2997,2023-12-01,5,7.19,
2520,1067,2023-12-01,10,7.95,
2521,528,2023-12-01,2,6.42,
2522,1227,2023-12-01,8,6.58,
2523,2269,2023-12-01,4,6.18,Baixa participação em reuniões
2524,872,2023-12-01,10,5.95,
2525,951,2023-12-01,2,5.36,
2526,972,2023-12-01,2,5.8,
2527,1000,2023-12-01,0,6.03,
2528,1587,2023-12-01,6,9.16,
2529,1133,2023-12-01,6,5.17,
2530,1913,2023-12-01,4,8.43,
2531,1399,2023-12-01,1,6.18,
2532,627,2023-12-01,4,9.33,
2533,391,2023-12-01,2,6.43,
2534,2071,2023-12-01,7,9.45,
2535,1632,2023-12-01,2,9.43,
2536,1078,2023-12-01,1,7.62,
2537,1301,2023-12-01,8,5.94,
2538,192,2023-12-01,4,8.0,
2539,185,2023-12-01,4,6.45,
2540,1887,2023-12-01,7,5.35,
2541,1609,2023-12-01,0,5.29,
2542,2249,2023-12-01,2,8.02,
2543,2225,2023-12-01,4,6.58,Desmotivação observada
2544,1255,2023-12-01,4,7.01,Isolamento da equipe
2545,2893,2023-12-01,6,6.02,
2546,988,2023-12-01,2,5.06,
2547,178,2023-12-01,3,5.69,
2548,484,2023-12-01,4,9.42,
2549,1441,2023-12-01,0,5.63,
2550,2236,2023-12-01,1,6.75,
2551,186,2023-12-01,9,7.85,
2552,2148,2023-12-01,0,6.87,
2553,2172,2023-12-01,4,7.54,
2554,1338,2023-12-01,2,9.3,
2555,766,2023-12-01,1,8.8,
2556,642,2023-12-01,6,6.04,
2557,1004,2023-12-01,8,5.16,
2558,1768,2023-12-01,5,6.63,
2559,402,2023-12-01,4,7.44,
2560,2769,2023-12-01,4,9.37,
2561,2046,2023-12-01,5,7.37,
2562,1392,2023-12-01,1,6.29,
2563,597,2023-12-01,9,5.23,
2564,748,2023-12-01,2,8.2,
2565,1213,2023-12-01,3,8.11,
2566,1011,2023-12-01,2,5.69,
2567,357,2023-12-01,6,7.56,Conflitos interpessoais
2568,448,2023-12-01,8,7.75,Isolamento da equipe
2569,515,2023-12-01,2,5.37,
2570,105,2023-12-01,2,6.64,
2571,2612,2023-12-01,1,5.18,
2572,2168,2023-12-01,1,6.99,Desmotivação observada
2573,309,2023-12-01,8,6.89,
2574,313,2023-12-01,0,5.25,
2575,520,2023-12-01,7,7.27,
2576,2624,2023-12-01,4,5.5,
2577,2752,2023-12-01,1,6.18,
2578,1447,2023-12-01,7,9.28,
2579,776,2023-12-01,9,6.68,
2580,2364,2023-12-01,8,5.19,
2581,2858,2023-12-01,1,6.94,
2582,2873,2023-12-01,8,8.74,
2583,1383,2023-12-01,7,7.57,
2584,1801,2023-12-01,0,8.69,
2585,1417,2023-12-01,9,8.8,
2586,2767,2023-12-01,1,7.06,
2587,1307,2023-12-01,6,7.35,
2588,1869,2023-12-01,6,7.41,
2589,240,2023-12-01,2,6.1,
2590,1941,2023-12-01,5,9.21,
2591,2951,2023-12-01,7,7.88,
2592,2676,2023-12-01,1,8.44,
2593,1234,2023-12-01,0,7.68,
2594,176,2023-12-01,1,8.54,
2595,861,2023-12-01,1,7.19,
2596,132,2023-12-01,1,5.43,
2597,68,2023-12-01,9,8.32,
2598,2112,2023-12-01,2,6.18,
2599,1143,2023-12-01,9,7.4,
2600,1997,2023-12-01,6,6.81,
2601,2379,2023-12-01,3,8.12,
2602,797,2023-12-01,5,8.02,
2603,1292,2023-12-01,8,7.91,
2604,2814,2023-12-01,2,7.29,
2605,1745,2023-12-01,2,8.36,
2606,2055,2023-12-01,9,9.42,Conflitos interpessoais
2607,637,2023-12-01,9,6.99,Isolamento da equipe
2608,5,2023-12-01,2,7.46,
2609,2614,2023-12-01,7,6.03,
2610,1532,2023-12-01,9,5.92,
2611,1593,2023-12-01,8,6.55,Baixa participação em reuniões
2612,2238,2023-12-01,3,9.01,
2613,2630,2023-12-01,0,6.57,
2614,2847,2023-12-01,1,8.89,
2615,1906,2023-12-01,0,9.11,
2616,2107,2023-12-01,6,7.97,
2617,2888,2023-12-01,1,5.06,
2618,177,2023-12-01,1,5.48,
2619,1091,2023-12-01,3,5.87,
2620,543,2023-12-01,4,5.46,
2621,2598,2023-12-01,5,7.14,Falta de comunicação
2622,2180,2023-12-01,0,9.35,
2623,1698,2023-12-01,0,8.92,
2624,219,2023-12-01,2,8.96,
2625,832,2023-12-01,4,9.13,
2626,1498,2023-12-01,2,7.9,
2627,2376,2023-12-01,4,5.22,
2628,1770,2023-12-01,9,5.1,Baixa participação em reuniões
2629,1478,2023-12-01,4,8.84,Conflitos interpessoais
2630,1610,2023-12-01,1,9.31,
2631,2390,2023-12-01,4,7.98,
2632,1546,2023-12-01,1,6.56,
2633,2923,2023-12-01,0,8.04,
2634,2265,2023-12-01,4,8.67,
2635,269,2023-12-01,7,6.63,
2636,864,2023-12-01,10,6.43,
2637,449,2023-12-01,3,9.21,
2638,139,2023-12-01,7,8.89,
2639,2591,2023-12-01,2,7.0,
2640,894,2023-12-01,10,7.35,
2641,2382,2023-12-01,3,5.67,Conflitos interpessoais
2642,1766,2023-12-01,6,7.6,
2643,443,2023-12-01,1,5.53,
2644,1164,2023-12-01,0,9.1,
2645,2552,2023-12-01,10,5.17,
2646,659,2023-12-01,0,7.49,
2647,1065,2023-12-01,1,8.49,
2648,9,2023-12-01,8,6.53,
2649,963,2023-12-01,0,8.12,
2650,1150,2023-12-01,6,8.64,
2651,215,2023-12-01,4,8.8,
2652,457,2023-12-01,6,5.11,
2653,598,2023-12-01,7,9.24,
2654,362,2023-12-01,7,6.57,
2655,871,2023-12-01,0,5.58,
2656,2380,2023-12-01,7,6.09,Falta de comunicação
2657,2820,2023-12-01,6,8.56,
2658,492,2023-12-01,7,7.98,
2659,90,2023-12-01,7,8.85,
2660,293,2023-12-01,1,7.04,
2661,2157,2023-12-01,7,5.86,
2662,697,2023-12-01,3,6.59,
2663,750,2023-12-01,10,8.17,
2664,1603,2023-12-01,1,5.71,Baixa participação em reuniões
2665,2402,2023-12-01,6,9.49,
2666,1665,2023-12-01,8,9.24,
2667,1222,2023-12-01,4,7.03,
2668,1527,2023-12-01,0,9.18,
2669,386,2023-12-01,7,5.35,
2670,1758,2023-12-01,8,5.06,
2671,890,2023-12-01,6,9.21,
2672,1271,2023-12-01,3,6.18,
2673,318,2023-12-01,0,6.92,
2674,997,2023-12-01,8,7.78,
2675,93,2023-12-01,5,7.51,
2676,1566,2023-12-01,7,7.18,
2677,1080,2023-12-01,10,9.17,
2678,2866,2023-12-01,1,9.37,
2679,498,2023-12-01,3,8.38,
2680,2195,2023-12-01,1,8.53,
2681,2014,2023-12-01,4,8.24,Desmotivação observada
2682,1719,2023-12-01,2,6.95,
2683,2589,2023-12-01,3,7.14,Falta de comunicação
2684,1412,2023-12-01,7,5.37,
2685,226,2023-12-01,6,6.33,
2686,1561,2023-12-01,10,8.94,
2687,2884,2023-12-01,5,5.74,
2688,2415,2023-12-01,3,7.63,
2689,2518,2023-12-01,3,8.36,
2690,2323,2023-12-01,6,5.71,
2691,2175,2023-12-01,9,7.9,
2692,1490,2023-12-01,5,5.49,Falta de comunicação
2693,2313,2023-12-01,8,7.32,Isolamento da equipe
2694,506,2023-12-01,9,5.49,
2695,1657,2023-12-01,1,5.03,
2696,564,2023-12-01,1,7.48,
2697,783,2023-12-01,10,7.95,
2698,1260,2023-12-01,3,9.28,
2699,2849,2023-12-01,10,8.56,
2700,1879,2023-12-01,9,5.84,Desmotivação observada
2701,2252,2023-12-01,10,5.35,
2702,1795,2023-12-01,10,8.61,
2703,1875,2023-12-01,4,7.3,Baixa participação em reuniões
2704,2152,2023-12-01,10,7.86,
2705,2499,2023-12-01,8,8.21,
2706,1439,2023-12-01,9,5.97,
2707,891,2023-12-01,10,7.31,
2708,740,2023-12-01,1,5.71,
2709,2193,2023-12-01,9,5.61,Desmotivação observada
2710,2970,2023-12-01,8,5.97,
2711,935,2023-12-01,4,8.89,
2712,2690,2023-12-01,6,5.01,Isolamento da equipe
2713,801,2023-12-01,5,6.15,
2714,2504,2023-12-01,5,8.53,
2715,672,2023-12-01,6,7.78,
2716,958,2023-12-01,4,8.23,
2717,1340,2023-12-01,3,5.78,
2718,2527,2023-12-01,10,7.72,
2719,209,2023-12-01,4,9.22,
2720,1600,2023-12-01,4,6.17,
2721,359,2023-12-01,6,7.8,
2722,66,2023-12-01,3,6.31,
2723,927,2023-12-01,7,5.09,
2724,950,2023-12-01,9,9.08,
2725,529,2023-12-01,8,8.57,
2726,954,2023-12-01,8,7.26,
2727,517,2023-12-01,7,8.33,
2728,1351,2023-12-01,8,8.66,Falta de comunicação
2729,324,2023-12-01,3,7.02,
2730,1481,2023-12-01,5,7.41,
2731,1877,2023-12-01,7,5.41,Isolamento da equipe
2732,639,2023-12-01,2,8.48,
2733,2744,2023-12-01,3,8.25,
2734,435,2023-12-01,9,6.94,
2735,327,2023-12-01,10,8.73,
2736,138,2023-12-01,2,9.17,
2737,2369,2023-12-01,5,9.47,
2738,765,2023-12-01,6,7.95,
2739,1775,2023-12-01,10,9.46,
2740,2882,2023-12-01,3,7.11,
2741,2470,2023-12-01,7,8.59,
2742,1628,2023-12-01,2,6.21,
2743,779,2023-12-01,3,8.31,
2744,680,2023-12-01,4,5.14,Baixa participação em reuniões
2745,868,2023-12-01,0,7.59,
2746,2010,2023-12-01,3,5.3,
2747,2544,2023-12-01,3,7.69,Desmotivação observada
2748,2126,2023-12-01,3,6.8,
2749,478,2023-12-01,6,6.86,
2750,1476,2023-12-01,6,6.74,
2751,2435,2023-12-01,3,6.83,
2752,103,2023-12-01,3,7.75,Baixa participação em reuniões
2753,1026,2023-12-01,9,8.85,
2754,2911,2023-12-01,9,8.94,
2755,788,2023-12-01,6,8.99,
2756,76,2023-12-01,2,6.25,
2757,533,2023-12-01,9,5.99,
2758,234,2023-12-01,6,9.4,
2759,1464,2023-12-01,6,6.68,
2760,2124,2023-12-01,3,8.22,
2761,2356,2023-12-01,4,7.9,
2762,447,2023-12-01,4,5.22,
2763,1920,2023-12-01,1,8.34,
2764,1323,2023-12-01,0,9.35,
2765,2308,2023-12-01,10,5.86,
2766,1267,2023-12-01,1,7.53,
2767,1844,2023-12-01,8,5.47,
2768,1545,2023-12-01,10,9.38,Conflitos interpessoais
2769,433,2023-12-01,7,6.8,
2770,1040,2023-12-01,6,6.44,
2771,1074,2023-12-01,6,5.37,
2772,621,2023-12-01,1,7.09,
2773,2414,2023-12-01,4,5.62,
2774,1178,2023-12-01,0,8.49,
2775,1843,2023-12-01,0,6.54,
2776,539,2023-12-01,1,5.5,
2777,615,2023-12-01,10,5.45,
2778,1017,2023-12-01,5,6.8,
2779,2961,2023-12-01,2,9.21,
2780,2101,2023-12-01,8,8.68,
2781,1777,2023-12-01,5,9.45,
2782,1534,2023-12-01,0,7.75,
2783,1647,2023-12-01,2,7.42,
2784,2187,2023-12-01,8,7.74,Falta de comunicação
2785,1214,2023-12-01,8,9.15,
2786,2950,2023-12-01,7,8.53,
2787,2266,2023-12-01,10,6.34,
2788,507,2023-12-01,0,5.51,Baixa participação em reuniões
2789,2926,2023-12-01,8,8.18,
2790,431,2023-12-01,4,5.06,
2791,1219,2023-12-01,9,8.08,
2792,2079,2023-12-01,1,7.47,Falta de comunicação
2793,2616,2023-12-01,8,7.85,
2794,775,2023-12-01,5,5.67,
2795,582,2023-12-01,9,5.18,
2796,160,2023-12-01,3,6.39,
2797,2958,2023-12-01,9,8.75,
2798,727,2023-12-01,0,8.19,
2799,2121,2023-12-01,4,6.27,
2800,804,2023-12-01,4,6.47,
2801,1631,2023-12-01,4,5.66,
2802,1370,2023-12-01,3,5.69,
2803,1761,2023-12-01,10,6.63,
2804,1388,2023-12-01,0,7.37,
2805,910,2023-12-01,9,8.93,
2806,1949,2023-12-01,3,5.8,
2807,1157,2023-12-01,4,5.57,
2808,2712,2023-12-01,4,5.67,
2809,967,2023-12-01,5,6.2,Falta de comunicação
2810,945,2023-12-01,1,5.15,
2811,346,2023-12-01,7,6.43,
2812,2513,2023-12-01,10,9.04,
2813,43,2023-12-01,4,5.07,
2814,905,2023-12-01,8,9.28,
2815,53,2023-12-01,10,5.67,
2816,936,2023-12-01,1,8.73,
2817,1038,2023-12-01,5,6.43,
2818,330,2023-12-01,10,7.19,
2819,565,2023-12-01,3,8.23,
2820,2719,2023-12-01,7,6.05,Conflitos interpessoais
2821,785,2023-12-01,0,8.13,
2822,2763,2023-12-01,5,5.74,
2823,1121,2023-12-01,5,9.13,
2824,1458,2023-12-01,7,9.36,Falta de comunicação
2825,2865,2023-12-01,1,9.26,
2826,2764,2023-12-01,3,8.24,
2827,203,2023-12-01,2,5.29,
2828,1268,2023-12-01,10,6.12,
2829,287,2023-12-01,9,8.85,
2830,1070,2023-12-01,0,5.17,Falta de comunicação
2831,1368,2023-12-01,10,7.92,
2832,1820,2023-12-01,7,9.48,
2833,707,2023-12-01,10,7.82,
2834,1621,2023-12-01,8,5.86,
2835,1289,2023-12-01,7,6.02,
2836,573,2023-12-01,7,5.48,
2837,1115,2023-12-01,8,8.43,
2838,2248,2023-12-01,2,5.44,
2839,782,2023-12-01,0,6.65,
2840,297,2023-12-01,0,8.0,
2841,2833,2023-12-01,0,6.34,
2842,1638,2023-12-01,3,9.47,
2843,2619,2023-12-01,5,5.1,
2844,731,2023-12-01,5,8.49,
2845,1005,2023-12-01,8,5.6,
2846,99,2023-12-01,5,7.59,
2847,1279,2023-12-01,7,7.71,
2848,600,2023-12-01,2,5.9,
2849,1846,2023-12-01,6,5.86,Falta de comunicação
2850,1475,2023-12-01,0,7.42,
2851,1612,2023-12-01,1,9.38,
2852,1290,2023-12-01,2,5.72,
2853,2759,2023-12-01,4,6.89,
2854,2918,2023-12-01,2,8.31,
2855,1954,2023-12-01,7,6.25,
2856,1235,2023-12-01,2,6.43,
2857,1972,2023-12-01,1,7.18,
2858,2913,2023-12-01,9,9.16,
2859,1993,2023-12-01,10,8.14,
2860,445,2023-12-01,9,6.61,
2861,1199,2023-12-01,6,6.78,
2862,2711,2023-12-01,2,9.45,
2863,1684,2023-12-01,2,7.53,
2864,953,2023-12-01,1,6.67,
2865,2533,2023-12-01,1,5.67,
2866,2815,2023-12-01,0,5.41,
2867,2564,2023-12-01,1,8.75,
2868,792,2023-12-01,0,7.96,
2869,213,2023-12-01,10,7.41,
2870,1390,2023-12-01,10,7.33,
2871,2318,2023-12-01,9,6.97,
2872,2087,2023-12-01,6,7.61,
2873,2220,2023-12-01,1,8.84,
2874,2890,2023-12-01,5,8.85,
2875,29,2023-12-01,5,5.62,
2876,869,2023-12-01,10,5.86,
2877,1168,2023-12-01,8,8.66,
2878,811,2023-12-01,9,9.31,
2879,2680,2023-12-01,9,7.29,Desmotivação observada
2880,2348,2023-12-01,3,5.86,
2881,2838,2023-12-01,10,9.09,
2882,1834,2023-12-01,10,9.27,
2883,2315,2023-12-01,2,9.46,Desmotivação observada
2884,1509,2023-12-01,3,9.06,
2885,2601,2023-12-01,5,5.16,
2886,1918,2023-12-01,9,6.42,
2887,1479,2023-12-01,8,6.38,
2888,1892,2023-12-01,5,8.51,
2889,2450,2023-12-01,6,7.35,
2890,156,2023-12-01,3,6.29,
2891,2275,2023-12-01,5,9.2,
2892,2218,2023-12-01,6,9.4,
2893,481,2023-12-01,5,9.44,Baixa participação em reuniões
2894,1991,2023-12-01,8,8.46,
2895,2770,2023-12-01,5,7.5,
2896,2993,2023-12-01,8,7.75,
2897,315,2023-12-01,8,8.83,
2898,2487,2023-12-01,9,6.11,Baixa participação em reuniões
2899,2207,2023-12-01,6,7.66,
2900,381,2023-12-01,6,5.62,
2901,95,2023-12-01,0,8.98,Isolamento da equipe
2902,1092,2023-12-01,8,6.16,
2903,2305,2023-12-01,0,8.38,
2904,267,2023-12-01,10,5.32,
2905,1345,2023-12-01,6,5.96,
2906,1602,2023-12-01,10,7.12,
2907,2908,2023-12-01,1,9.36,
2908,1423,2023-12-01,1,8.4,
2909,2508,2023-12-01,8,8.73,
2910,251,2023-12-01,9,8.62,
2911,2846,2023-12-01,7,9.0,
2912,855,2023-12-01,7,5.01,
2913,986,2023-12-01,7,8.6,
2914,2387,2023-12-01,1,6.05,
2915,2288,2023-12-01,1,8.39,
2916,2377,2023-12-01,2,6.12,
2917,2118,2023-12-01,0,6.64,
2918,1658,2023-12-01,7,7.85,
2919,1462,2023-12-01,8,9.2,
2920,1589,2023-12-01,7,6.73,
2921,1825,2023-12-01,4,8.31,
2922,1124,2023-12-01,2,6.94,
2923,299,2023-12-01,7,5.34,
2924,208,2023-12-01,7,7.42,
2925,114,2023-12-01,10,6.54,
2926,2784,2023-12-01,6,7.75,
2927,2710,2023-12-01,10,5.54,
2928,252,2023-12-01,4,8.27,
2929,2462,2023-12-01,8,6.43,
2930,2635,2023-12-01,7,5.24,
2931,1132,2023-12-01,0,5.82,Conflitos interpessoais
2932,1731,2023-12-01,6,8.02,
2933,1701,2023-12-01,0,5.44,
2934,823,2023-12-01,4,7.17,
2935,2200,2023-12-01,8,6.02,
2936,1237,2023-12-01,9,7.3,
2937,1024,2023-12-01,7,6.37,
2938,1580,2023-12-01,1,5.19,
2939,2987,2023-12-01,0,8.17,Baixa participação em reuniões
2940,1687,2023-12-01,9,6.93,
2941,1068,2023-12-01,1,6.43,
2942,1197,2023-12-01,7,6.2,
2943,1835,2023-12-01,9,7.55,
2944,1574,2023-12-01,6,5.57,
2945,2212,2023-12-01,1,8.12,
2946,1578,2023-12-01,4,7.18,
2947,2276,2023-12-01,9,9.0,
2948,2812,2023-12-01,4,8.06,
2949,2009,2023-12-01,5,7.97,
2950,1116,2023-12-01,0,6.38,
2951,1411,2023-12-01,4,6.24,
2952,125,2023-12-01,9,7.75,
2953,2461,2023-12-01,6,5.03,
2954,2054,2023-12-01,10,8.6,
2955,1184,2023-12-01,3,8.97,
2956,2526,2023-12-01,2,9.11,
2957,2905,2023-12-01,4,6.36,
2958,2003,2023-12-01,0,7.15,
2959,308,2023-12-01,10,9.22,
2960,2953,2023-12-01,9,6.59,
2961,996,2023-12-01,2,6.5,
2962,1712,2023-12-01,9,6.95,
2963,424,2023-12-01,8,8.44,
2964,14,2023-12-01,5,8.72,
2965,1107,2023-12-01,3,7.92,Baixa participação em reuniões
2966,605,2023-12-01,9,7.42,
2967,2765,2023-12-01,9,9.21,
2968,1674,2023-12-01,4,6.76,Desmotivação observada
2969,1474,2023-12-01,3,6.87,
2970,947,2023-12-01,10,8.82,Falta de comunicação
2971,603,2023-12-01,10,8.55,
2972,2064,2023-12-01,5,6.21,
2973,1118,2023-12-01,6,5.28,
2974,2477,2023-12-01,9,6.29,
2975,2485,2023-12-01,7,9.37,
2976,1549,2023-12-01,1,8.74,Conflitos interpessoais
2977,1112,2023-12-01,1,6.91,
2978,2131,2023-12-01,7,8.32,
2979,1787,2023-12-01,2,5.46,
2980,1703,2023-12-01,10,6.32,
2981,754,2023-12-01,9,9.22,Falta de comunicação
2982,581,2023-12-01,10,7.24,
2983,1130,2023-12-01,9,9.0,Isolamento da equipe
2984,2008,2023-12-01,0,8.29,
2985,2841,2023-12-01,0,8.69,
2986,373,2023-12-01,2,6.06,
2987,1515,2023-12-01,9,6.23,
2988,2090,2023-12-01,9,7.14,
2989,601,2023-12-01,10,7.39,
2990,343,2023-12-01,9,8.56,
2991,911,2023-12-01,0,5.64,
2992,628,2023-12-01,1,6.45,
2993,2422,2023-12-01,10,7.6,
2994,2534,2023-12-01,3,9.32,Isolamento da equipe
2995,1492,2023-12-01,7,6.29,
2996,2166,2023-12-01,3,8.43,
2997,1049,2023-12-01,8,6.21,
2998,56,2023-12-01,6,8.42,Desmotivação observada
2999,998,2023-12-01,3,9.29,
3000,2597,2023-12-01,10,5.33,
3001,475,2023-12-01,9,9.39,Conflitos interpessoais
3002,1850,2023-12-01,6,9.17,
3003,71,2023-12-01,8,8.8,
3004,1759,2023-12-01,7,7.7,
3005,1799,2023-12-01,5,5.15,
3006,1791,2023-12-01,4,7.33,
3007,197,2023-12-01,2,6.88,Conflitos interpessoais
3008,860,2023-12-01,9,5.91,
3009,895,2023-12-01,0,8.56,
3010,2062,2023-12-01,3,8.4,
3011,591,2023-12-01,4,5.67,
3012,2370,2023-12-01,3,7.45,
3013,915,2023-12-01,0,8.68,
3014,2609,2023-12-01,7,6.2,
3015,2715,2023-12-01,7,9.12,
3016,441,2023-12-01,8,9.3,
3017,360,2023-12-01,5,7.65,
3018,2852,2023-12-01,6,9.4,Conflitos interpessoais
3019,225,2023-12-01,6,5.2,
3020,1304,2023-12-01,6,8.28,Desmotivação observada
3021,375,2023-12-01,9,6.5,
3022,1672,2023-12-01,2,8.41,
3023,1400,2023-12-01,6,5.84,
3024,2469,2023-12-01,6,5.13,
3025,509,2023-12-01,7,5.57,
3026,1639,2023-12-01,5,8.39,
3027,2161,2023-12-01,10,8.13,Falta de comunicação
3028,1001,2023-12-01,5,9.34,
3029,1625,2023-12-01,0,9.29,
3030,1318,2023-12-01,4,7.93,
3031,1056,2023-12-01,7,5.11,
3032,2897,2023-12-01,0,6.43,
3033,857,2023-12-01,1,6.64,
3034,1558,2023-12-01,1,7.35,
3035,764,2023-12-01,0,7.35,
3036,2631,2023-12-01,1,5.78,
3037,2347,2023-12-01,7,9.42,
3038,1837,2023-12-01,7,7.31,
3039,657,2023-12-01,2,9.04,
3040,216,2023-12-01,4,5.34,Isolamento da equipe
3041,1044,2023-12-01,5,8.33,
3042,2363,2023-12-01,0,7.86,
3043,2689,2023-12-01,8,9.3,
3044,87,2023-12-01,5,5.19,
3045,1865,2023-12-01,1,5.51,Falta de comunicação
3046,2802,2023-12-01,3,8.98,
3047,1010,2023-12-01,0,8.55,
3048,2959,2023-12-01,1,6.03,Isolamento da equipe
3049,1573,2023-12-01,8,7.89,
3050,2312,2023-12-01,2,9.3,
3051,991,2023-12-01,0,5.82,
3052,1185,2023-12-01,0,6.52,
3053,275,2023-12-01,4,6.36,
3054,1494,2023-12-01,5,5.87,
3055,300,2023-12-01,9,5.56,
3056,109,2023-12-01,8,5.25,
3057,1202,2023-12-01,4,6.8,Falta de comunicação
3058,2776,2023-12-01,9,7.27,
3059,2707,2023-12-01,10,8.7,
3060,414,2023-12-01,0,9.27,
3061,2682,2023-12-01,3,8.14,
3062,2780,2023-12-01,2,6.47,
3063,1908,2023-12-01,7,6.92,
3064,648,2023-12-01,2,8.87,
3065,338,2023-12-01,10,6.84,
3066,2344,2023-12-01,2,5.06,Baixa participação em reuniões
3067,1144,2023-12-01,8,6.95,
3068,2640,2023-12-01,3,9.46,
3069,2758,2023-12-01,9,7.18,Falta de comunicação
3070,2571,2023-12-01,0,6.68,
3071,1986,2023-12-01,7,5.11,
3072,337,2023-12-01,6,6.2,
3073,810,2023-12-01,10,6.83,
3074,656,2023-12-01,6,9.27,
3075,1539,2023-12-01,9,7.01,
3076,44,2023-12-01,4,8.82,
3077,545,2023-12-01,9,7.43,
3078,2819,2023-12-01,5,5.61,
3079,585,2023-12-01,5,5.4,
3080,2244,2023-12-01,4,5.5,
3081,1223,2023-12-01,4,9.47,
3082,2311,2023-12-01,7,9.32,
3083,332,2023-12-01,0,8.76,
3084,2354,2023-12-01,1,9.36,
3085,668,2023-12-01,8,8.43,
3086,440,2023-12-01,0,8.42,
3087,1577,2023-12-01,8,7.73,
3088,173,2023-12-01,6,5.39,
3089,2006,2023-12-01,5,8.66,
3090,7,2023-12-01,9,9.17,
3091,1615,2023-12-01,3,8.96,
3092,2050,2023-12-01,3,8.57,
3093,2772,2023-12-01,2,9.24,
3094,1504,2023-12-01,8,7.42,
3095,1166,2023-12-01,0,7.32,
3096,16,2023-12-01,1,7.01,
3097,2,2023-12-01,6,9.42,
3098,1690,2023-12-01,7,6.25,Desmotivação observada
3099,2927,2023-12-01,4,6.13,Desmotivação observada
3100,2430,2023-12-01,8,5.86,
3101,2748,2023-12-01,1,7.49,
3102,2805,2023-12-01,0,6.57,
3103,162,2023-12-01,2,7.89,
3104,2251,2023-12-01,4,7.98,
3105,1117,2023-12-01,4,7.46,
3106,2738,2023-12-01,4,6.98,
3107,1697,2023-12-01,9,6.58,
3108,1208,2023-12-01,8,9.06,
3109,1796,2023-12-01,5,8.52,
3110,1619,2023-12-01,0,8.78,
3111,2295,2023-12-01,10,6.88,
3112,2994,2023-12-01,4,6.35,
3113,1230,2023-12-01,8,5.67,
3114,1551,2023-12-01,2,6.4,
3115,1564,2023-12-01,1,5.82,
3116,1300,2023-12-01,10,7.05,
3117,1563,2023-12-01,6,5.83,
3118,259,2023-12-01,4,6.55,
3119,1252,2023-12-01,5,5.56,
3120,2454,2023-12-01,6,7.5,
3121,794,2023-12-01,6,5.73,
3122,334,2023-12-01,7,5.96,
3123,1884,2023-12-01,10,5.15,
3124,523,2023-12-01,7,8.13,
3125,2705,2023-12-01,0,7.77,
3126,2373,2023-12-01,7,8.29,
3127,80,2023-12-01,1,6.22,
3128,985,2023-12-01,1,6.14,
3129,96,2023-12-01,6,7.56,
3130,1420,2023-12-01,7,8.46,
3131,1716,2023-12-01,6,8.18,Isolamento da equipe
3132,1210,2023-12-01,6,8.35,
3133,2724,2023-12-01,4,7.25,
3134,720,2023-12-01,0,7.51,
3135,1607,2023-12-01,3,5.03,
3136,2718,2023-12-01,8,6.88,
3137,2608,2023-12-01,1,5.62,
3138,2721,2023-12-01,5,8.25,
3139,655,2023-12-01,2,5.13,
3140,739,2023-12-01,7,5.09,
3141,1266,2023-12-01,10,5.92,
3142,1686,2023-12-01,6,9.25,
3143,2554,2023-12-01,1,9.1,
3144,2968,2023-12-01,3,8.62,
3145,2455,2023-12-01,1,6.52,
3146,1131,2023-12-01,6,8.19,
3147,2872,2023-12-01,8,7.88,
3148,566,2023-12-01,4,5.31,
3149,1496,2023-12-01,2,8.26,Falta de comunicação
3150,1970,2023-12-01,7,8.36,
3151,2452,2023-12-01,4,7.48,Conflitos interpessoais
3152,579,2023-12-01,0,8.33,
3153,1093,2023-12-01,3,5.53,
3154,602,2023-12-01,4,7.4,
3155,1959,2023-12-01,6,7.21,
3156,2615,2023-12-01,7,8.21,
3157,1043,2023-12-01,1,5.64,
3158,552,2023-12-01,3,8.93,
3159,2294,2023-12-01,3,8.73,
3160,660,2023-12-01,6,5.67,
3161,12,2023-12-01,8,9.06,
3162,2044,2023-12-01,0,7.99,Baixa participação em reuniões
3163,1467,2023-12-01,9,5.01,
3164,1274,2023-12-01,9,8.18,
3165,1630,2023-12-01,7,5.35,Conflitos interpessoais
3166,378,2023-12-01,10,6.91,
3167,1084,2023-12-01,7,6.69,
3168,1025,2023-12-01,7,6.37,
3169,454,2023-12-01,6,7.46,
3170,296,2023-12-01,9,5.64,
3171,2746,2023-12-01,7,7.9,
3172,630,2023-12-01,3,5.54,
3173,965,2023-12-01,8,6.57,
3174,1363,2023-12-01,7,6.85,
3175,1443,2023-12-01,9,7.88,
3176,2883,2023-12-01,8,7.16,
3177,2729,2023-12-01,0,9.09,Isolamento da equipe
3178,716,2023-12-01,10,5.59,
3179,886,2023-12-01,10,5.42,
3180,1249,2023-12-01,0,7.45,
3181,1194,2023-12-01,6,6.61,
3182,195,2023-12-01,2,5.3,
3183,405,2023-12-01,8,8.73,
3184,1287,2023-12-01,10,8.23,
3185,1253,2023-12-01,4,9.33,
3186,2411,2023-12-01,0,5.67,
3187,1586,2023-12-01,8,5.17,
3188,987,2023-12-01,9,9.28,
3189,2228,2023-12-01,8,7.95,
3190,647,2023-12-01,6,8.26,
3191,829,2023-12-01,7,6.3,
3192,1784,2023-12-01,3,9.22,Baixa participação em reuniões
3193,595,2023-12-01,8,7.81,
3194,892,2023-12-01,0,5.38,
3195,2633,2023-12-01,1,6.73,
3196,348,2023-12-01,5,6.48,
3197,1216,2023-12-01,10,6.44,
3198,1973,2023-12-01,0,6.85,
3199,2398,2023-12-01,9,9.23,
3200,2685,2023-12-01,2,8.21,
3201,2535,2023-12-01,5,5.46,
3202,2605,2023-12-01,3,7.16,
3203,1547,2023-12-01,6,7.49,
3204,781,2023-12-01,0,5.58,
3205,2350,2023-12-01,9,5.24,
3206,679,2023-12-01,4,5.93,
3207,883,2023-12-01,2,8.28,
3208,1832,2023-12-01,10,6.23,
3209,2281,2023-12-01,10,7.14,
3210,2096,2023-12-01,2,8.42,
3211,374,2023-12-01,10,5.44,
3212,2445,2023-12-01,0,6.53,
3213,1254,2023-12-01,3,8.66,
3214,2475,2023-12-01,7,6.11,Desmotivação observada
3215,690,2023-12-01,1,5.57,
3216,2327,2023-12-01,10,6.48,
3217,858,2023-12-01,0,7.32,
3218,1905,2023-12-01,3,7.56,
3219,3000,2023-12-01,9,9.2,
3220,2741,2023-12-01,4,8.23,
3221,2755,2023-12-01,5,5.53,
3222,415,2023-12-01,10,5.81,Falta de comunicação
3223,1165,2023-12-01,4,8.42,
3224,283,2023-12-01,10,5.37,
3225,6,2023-12-01,6,7.69,
3226,1582,2023-12-01,2,6.14,
3227,826,2023-12-01,2,6.85,
3228,211,2023-12-01,6,7.27,
3229,649,2023-12-01,2,5.74,
3230,473,2023-12-01,2,9.03,
3231,1655,2023-12-01,1,5.15,
3232,2730,2023-12-01,5,7.09,
3233,542,2023-12-01,3,7.9,
3234,2756,2023-12-01,9,6.56,
3235,767,2023-12-01,3,6.13,
3236,136,2023-12-01,4,6.2,
3237,1802,2023-12-01,1,6.05,
3238,1858,2023-12-01,1,6.05,
3239,1282,2023-12-01,9,6.09,
3240,610,2023-12-01,2,8.15,
3241,298,2023-12-01,5,9.32,
3242,147,2023-12-01,7,5.89,
3243,383,2023-12-01,1,8.88,
3244,73,2023-12-01,0,5.76,
3245,2004,2023-12-01,2,7.52,
3246,1953,2023-12-01,10,9.26,
3247,2638,2023-12-01,0,5.0,
3248,2587,2023-12-01,3,8.17,
3249,1246,2023-12-01,2,5.24,
3250,1933,2023-12-01,9,6.85,
3251,626,2023-12-01,3,6.14,
3252,677,2023-12-01,8,9.06,
3253,257,2023-12-01,6,8.7,
3254,126,2024-06-01,5,5.98,
3255,2944,2024-06-01,3,7.02,
3256,1166,2024-06-01,10,9.26,
3257,2589,2024-06-01,4,7.13,
3258,318,2024-06-01,6,6.1,
3259,827,2024-06-01,2,7.25,
3260,457,2024-06-01,10,6.93,
3261,1503,2024-06-01,4,8.03,
3262,1740,2024-06-01,3,6.15,
3263,852,2024-06-01,6,8.72,
3264,2126,2024-06-01,1,6.4,
3265,311,2024-06-01,9,8.74,
3266,2653,2024-06-01,3,9.32,
3267,2581,2024-06-01,3,5.53,Falta de comunicação
3268,2921,2024-06-01,6,8.45,
3269,1271,2024-06-01,2,8.05,
3270,2892,2024-06-01,3,8.09,
3271,380,2024-06-01,0,8.08,
3272,427,2024-06-01,1,6.78,
3273,692,2024-06-01,10,9.04,
3274,504,2024-06-01,8,5.98,
3275,391,2024-06-01,4,7.09,
3276,557,2024-06-01,9,6.05,
3277,2071,2024-06-01,9,8.58,
3278,2792,2024-06-01,10,5.5,
3279,1567,2024-06-01,7,8.23,
3280,1696,2024-06-01,6,8.43,
3281,200,2024-06-01,9,8.0,
3282,631,2024-06-01,3,6.02,
3283,1219,2024-06-01,7,6.73,
3284,2685,2024-06-01,0,5.6,
3285,227,2024-06-01,3,6.71,
3286,1657,2024-06-01,1,9.06,Conflitos interpessoais
3287,2214,2024-06-01,5,7.84,
3288,169,2024-06-01,0,6.79,
3289,2980,2024-06-01,5,5.79,
3290,399,2024-06-01,10,5.59,
3291,291,2024-06-01,4,5.56,
3292,166,2024-06-01,6,8.6,
3293,1640,2024-06-01,1,5.79,
3294,848,2024-06-01,9,9.0,Isolamento da equipe
3295,2067,2024-06-01,1,6.61,
3296,2475,2024-06-01,10,7.86,
3297,10,2024-06-01,3,7.38,
3298,2063,2024-06-01,2,8.35,
3299,450,2024-06-01,5,8.51,
3300,896,2024-06-01,8,6.65,
3301,2628,2024-06-01,10,7.03,
3302,1893,2024-06-01,4,6.03,
3303,2755,2024-06-01,7,6.86,Baixa participação em reuniões
3304,1711,2024-06-01,9,5.3,
3305,1034,2024-06-01,3,9.39,
3306,2274,2024-06-01,6,9.4,
3307,2268,2024-06-01,2,7.75,
3308,2348,2024-06-01,6,6.09,Conflitos interpessoais
3309,675,2024-06-01,6,5.84,
3310,585,2024-06-01,3,5.48,
3311,1526,2024-06-01,9,9.36,
3312,216,2024-06-01,5,8.96,Isolamento da equipe
3313,1080,2024-06-01,5,9.39,
3314,1670,2024-06-01,4,5.55,
3315,769,2024-06-01,8,7.76,
3316,758,2024-06-01,2,7.53,
3317,1222,2024-06-01,10,7.55,
3318,2888,2024-06-01,1,6.81,
3319,233,2024-06-01,2,6.05,
3320,481,2024-06-01,2,7.91,
3321,2390,2024-06-01,0,8.89,
3322,683,2024-06-01,10,6.19,
3323,2779,2024-06-01,3,6.32,
3324,2469,2024-06-01,1,7.73,
3325,2400,2024-06-01,7,7.48,
3326,53,2024-06-01,1,5.81,
3327,1400,2024-06-01,1,6.52,
3328,253,2024-06-01,1,7.41,
3329,2175,2024-06-01,7,7.45,
3330,2672,2024-06-01,10,8.21,
3331,2131,2024-06-01,2,6.6,
3332,1574,2024-06-01,5,9.22,
3333,2894,2024-06-01,0,5.56,
3334,854,2024-06-01,3,5.87,
3335,1462,2024-06-01,9,8.68,
3336,967,2024-06-01,4,8.87,
3337,1850,2024-06-01,1,6.43,Desmotivação observada
3338,2541,2024-06-01,6,5.62,
3339,351,2024-06-01,4,6.56,
3340,561,2024-06-01,9,5.83,
3341,2967,2024-06-01,4,9.17,
3342,2764,2024-06-01,3,9.0,
3343,2769,2024-06-01,6,6.57,
3344,1134,2024-06-01,3,6.4,
3345,1935,2024-06-01,5,8.92,
3346,2088,2024-06-01,0,5.01,
3347,2987,2024-06-01,9,7.06,
3348,1376,2024-06-01,3,6.96,
3349,526,2024-06-01,1,8.38,
3350,1838,2024-06-01,8,6.19,
3351,2794,2024-06-01,7,8.99,Desmotivação observada
3352,234,2024-06-01,8,6.44,
3353,1234,2024-06-01,0,8.95,
3354,1054,2024-06-01,6,6.18,Desmotivação observada
3355,242,2024-06-01,6,8.53,
3356,2135,2024-06-01,2,9.23,
3357,1965,2024-06-01,1,5.28,
3358,919,2024-06-01,3,8.65,Baixa participação em reuniões
3359,1553,2024-06-01,5,5.98,
3360,26,2024-06-01,0,6.35,
3361,2426,2024-06-01,6,7.72,
3362,2432,2024-06-01,7,5.12,Desmotivação observada
3363,1616,2024-06-01,5,6.9,
3364,1752,2024-06-01,6,5.1,
3365,344,2024-06-01,10,8.0,
3366,804,2024-06-01,1,9.25,
3367,2180,2024-06-01,0,6.61,
3368,1636,2024-06-01,0,5.41,
3369,501,2024-06-01,3,8.08,
3370,1168,2024-06-01,1,8.48,
3371,2060,2024-06-01,1,7.82,
3372,577,2024-06-01,8,8.41,
3373,2903,2024-06-01,8,9.07,Isolamento da equipe
3374,2004,2024-06-01,1,7.68,
3375,948,2024-06-01,8,8.47,
3376,670,2024-06-01,4,7.19,
3377,2778,2024-06-01,1,9.41,
3378,2796,2024-06-01,6,9.37,
3379,741,2024-06-01,3,7.11,
3380,2351,2024-06-01,7,9.15,
3381,536,2024-06-01,5,6.79,
3382,1776,2024-06-01,4,5.95,
3383,2837,2024-06-01,9,8.04,
3384,2832,2024-06-01,2,6.03,
3385,638,2024-06-01,6,6.41,
3386,565,2024-06-01,6,7.73,
3387,1379,2024-06-01,9,7.66,Baixa participação em reuniões
3388,2978,2024-06-01,8,7.15,
3389,2430,2024-06-01,10,8.95,
3390,1032,2024-06-01,8,9.45,Falta de comunicação
3391,1692,2024-06-01,1,8.37,
3392,1889,2024-06-01,2,9.48,
3393,2015,2024-06-01,3,7.94,
3394,590,2024-06-01,0,9.26,Baixa participação em reuniões
3395,613,2024-06-01,7,7.52,Baixa participação em reuniões
3396,1161,2024-06-01,6,5.08,
3397,124,2024-06-01,1,7.43,
3398,1283,2024-06-01,7,5.02,
3399,1721,2024-06-01,9,7.82,
3400,2398,2024-06-01,0,5.18,
3401,1390,2024-06-01,5,8.46,
3402,342,2024-06-01,5,6.5,
3403,2592,2024-06-01,2,5.24,
3404,1485,2024-06-01,0,9.38,
3405,2481,2024-06-01,7,8.85,
3406,300,2024-06-01,0,5.14,Conflitos interpessoais
3407,1388,2024-06-01,9,7.93,
3408,728,2024-06-01,5,9.04,
3409,186,2024-06-01,5,8.44,
3410,2652,2024-06-01,8,6.49,
3411,1660,2024-06-01,0,6.87,
3412,27,2024-06-01,9,8.58,
3413,706,2024-06-01,6,6.17,
3414,936,2024-06-01,2,5.78,
3415,156,2024-06-01,9,5.1,
3416,2848,2024-06-01,4,7.52,
3417,1808,2024-06-01,3,8.85,
3418,1821,2024-06-01,4,9.24,
3419,470,2024-06-01,8,7.21,
3420,1220,2024-06-01,9,7.4,
3421,1216,2024-06-01,10,5.95,
3422,2470,2024-06-01,6,7.8,
3423,220,2024-06-01,3,6.37,
3424,2471,2024-06-01,3,6.79,
3425,463,2024-06-01,0,5.73,
3426,157,2024-06-01,9,9.0,
3427,2116,2024-06-01,6,7.04,
3428,1293,2024-06-01,6,8.97,
3429,807,2024-06-01,7,8.8,Conflitos interpessoais
3430,742,2024-06-01,8,7.59,
3431,818,2024-06-01,3,9.27,
3432,782,2024-06-01,3,7.77,
3433,1470,2024-06-01,10,5.34,
3434,2578,2024-06-01,3,7.54,Baixa participação em reuniões
3435,575,2024-06-01,3,8.89,
3436,1432,2024-06-01,0,7.54,
3437,245,2024-06-01,4,5.2,
3438,2251,2024-06-01,10,9.28,
3439,999,2024-06-01,8,7.83,
3440,456,2024-06-01,10,7.67,
3441,594,2024-06-01,3,7.81,
3442,1395,2024-06-01,0,6.31,
3443,211,2024-06-01,1,5.92,
3444,2364,2024-06-01,7,5.81,Conflitos interpessoais
3445,2293,2024-06-01,4,7.16,
3446,617,2024-06-01,8,8.0,
3447,735,2024-06-01,5,8.99,
3448,2225,2024-06-01,8,8.25,
3449,533,2024-06-01,3,6.28,
3450,127,2024-06-01,10,9.17,
3451,2690,2024-06-01,0,7.12,
3452,299,2024-06-01,1,6.73,
3453,828,2024-06-01,2,7.37,
3454,1950,2024-06-01,9,6.17,
3455,794,2024-06-01,7,7.77,
3456,1792,2024-06-01,9,8.46,
3457,567,2024-06-01,9,6.41,
3458,705,2024-06-01,2,5.61,
3459,2600,2024-06-01,7,6.2,
3460,826,2024-06-01,7,9.19,
3461,121,2024-06-01,1,5.92,Isolamento da equipe
3462,2573,2024-06-01,1,6.32,
3463,2334,2024-06-01,9,7.61,
3464,1002,2024-06-01,6,5.82,
3465,1421,2024-06-01,8,6.11,
3466,1504,2024-06-01,7,5.5,Conflitos interpessoais
3467,1088,2024-06-01,2,7.51,
3468,2042,2024-06-01,0,8.74,
3469,1848,2024-06-01,3,6.61,
3470,270,2024-06-01,9,8.07,Conflitos interpessoais
3471,934,2024-06-01,0,8.71,
3472,685,2024-06-01,9,9.13,
3473,1165,2024-06-01,1,5.63,
3474,1714,2024-06-01,5,7.97,
3475,2302,2024-06-01,4,5.76,
3476,1956,2024-06-01,1,8.97,
3477,2680,2024-06-01,1,7.13,
3478,343,2024-06-01,8,8.27,Falta de comunicação
3479,616,2024-06-01,3,6.11,
3480,2676,2024-06-01,6,7.26,
3481,2290,2024-06-01,0,7.48,
3482,606,2024-06-01,3,6.76,
3483,2396,2024-06-01,9,8.03,
3484,25,2024-06-01,6,6.3,
3485,1970,2024-06-01,4,7.5,
3486,872,2024-06-01,4,6.09,
3487,1925,2024-06-01,7,6.76,Falta de comunicação
3488,1877,2024-06-01,3,7.16,
3489,799,2024-06-01,7,6.47,
3490,1318,2024-06-01,7,5.27,
3491,1964,2024-06-01,9,9.28,
3492,1697,2024-06-01,3,5.41,
3493,1444,2024-06-01,3,8.04,Desmotivação observada
3494,988,2024-06-01,9,8.16,
3495,2552,2024-06-01,3,7.53,
3496,1675,2024-06-01,3,6.75,Falta de comunicação
3497,435,2024-06-01,5,9.15,
3498,368,2024-06-01,4,6.14,
3499,2575,2024-06-01,2,9.39,
3500,2422,2024-06-01,4,5.27,
3501,1031,2024-06-01,5,9.4,
3502,2870,2024-06-01,0,6.14,
3503,440,2024-06-01,8,8.5,
3504,2059,2024-06-01,9,7.46,
3505,903,2024-06-01,2,5.31,
3506,2631,2024-06-01,6,7.68,
3507,1832,2024-06-01,2,7.11,
3508,305,2024-06-01,7,5.45,
3509,1317,2024-06-01,8,6.81,Isolamento da equipe
3510,1718,2024-06-01,9,8.36,
3511,2335,2024-06-01,3,5.58,
3512,1069,2024-06-01,1,7.17,
3513,2802,2024-06-01,4,8.8,
3514,1996,2024-06-01,4,5.8,
3515,1213,2024-06-01,4,5.93,
3516,687,2024-06-01,6,6.59,
3517,2095,2024-06-01,4,8.31,
3518,860,2024-06-01,6,8.63,
3519,271,2024-06-01,2,7.6,
3520,2373,2024-06-01,7,6.54,
3521,1943,2024-06-01,6,6.14,
3522,779,2024-06-01,9,8.56,Falta de comunicação
3523,506,2024-06-01,10,8.79,
3524,33,2024-06-01,2,6.94,
3525,1312,2024-06-01,4,6.69,
3526,1398,2024-06-01,6,5.23,
3527,2826,2024-06-01,2,8.71,
3528,1974,2024-06-01,2,9.02,
3529,772,2024-06-01,9,6.56,
3530,957,2024-06-01,0,8.8,
3531,237,2024-06-01,7,9.16,Isolamento da equipe
3532,1481,2024-06-01,3,6.2,
3533,2858,2024-06-01,4,5.31,
3534,874,2024-06-01,3,8.51,
3535,1337,2024-06-01,4,9.11,
3536,1691,2024-06-01,9,7.28,
3537,1900,2024-06-01,4,8.0,
3538,2316,2024-06-01,5,6.48,
3539,2730,2024-06-01,7,5.59,
3540,122,2024-06-01,6,9.3,Isolamento da equipe
3541,1439,2024-06-01,10,6.19,
3542,1461,2024-06-01,0,6.25,
3543,1227,2024-06-01,6,8.28,
3544,2379,2024-06-01,3,8.61,
3545,1735,2024-06-01,0,5.58,
3546,1289,2024-06-01,6,6.33,
3547,2478,2024-06-01,10,5.75,
3548,2506,2024-06-01,8,5.47,
3549,1157,2024-06-01,10,6.08,
3550,2649,2024-06-01,10,8.13,
3551,1532,2024-06-01,3,6.34,
3552,2034,2024-06-01,9,8.76,
3553,1604,2024-06-01,2,8.41,
3554,690,2024-06-01,4,6.56,
3555,2173,2024-06-01,5,7.95,
3556,1495,2024-06-01,1,5.11,
3557,59,2024-06-01,9,7.37,
3558,513,2024-06-01,1,6.8,
3559,543,2024-06-01,3,8.62,
3560,2579,2024-06-01,9,7.72,
3561,18,2024-06-01,3,9.41,
3562,2562,2024-06-01,2,8.76,
3563,2238,2024-06-01,2,9.21,
3564,836,2024-06-01,4,8.53,
3565,2667,2024-06-01,8,9.5,
3566,1210,2024-06-01,2,8.75,
3567,332,2024-06-01,5,8.43,
3568,2224,2024-06-01,6,6.28,
3569,1694,2024-06-01,8,8.63,
3570,2520,2024-06-01,0,8.62,
3571,1767,2024-06-01,3,7.71,
3572,647,2024-06-01,3,8.92,
3573,1418,2024-06-01,2,5.08,
3574,2810,2024-06-01,6,6.7,
3575,1689,2024-06-01,3,7.26,
3576,1550,2024-06-01,5,5.08,
3577,1496,2024-06-01,2,7.66,
3578,2382,2024-06-01,0,7.29,
3579,548,2024-06-01,6,7.83,
3580,1429,2024-06-01,10,5.11,
3581,840,2024-06-01,5,6.22,
3582,2993,2024-06-01,2,7.91,
3583,119,2024-06-01,5,5.62,
3584,2446,2024-06-01,3,6.47,
3585,3,2024-06-01,3,7.92,
3586,2557,2024-06-01,10,5.27,
3587,2938,2024-06-01,9,6.39,
3588,2403,2024-06-01,0,5.75,
3589,2659,2024-06-01,6,7.46,
3590,1113,2024-06-01,6,6.05,
3591,883,2024-06-01,8,9.11,
3592,2620,2024-06-01,0,6.67,
3593,1830,2024-06-01,2,7.98,
3594,1328,2024-06-01,10,7.42,
3595,1563,2024-06-01,2,9.1,
3596,148,2024-06-01,0,8.8,
3597,259,2024-06-01,5,7.22,
3598,2957,2024-06-01,2,5.15,
3599,2869,2024-06-01,5,7.12,
3600,973,2024-06-01,10,7.33,
3601,1655,2024-06-01,7,7.07,Desmotivação observada
3602,1369,2024-06-01,0,7.07,
3603,2953,2024-06-01,8,7.11,
3604,428,2024-06-01,5,8.17,
3605,2602,2024-06-01,5,6.37,Baixa participação em reuniões
3606,579,2024-06-01,4,7.77,
3607,767,2024-06-01,1,8.72,
3608,2497,2024-06-01,1,8.45,Baixa participação em reuniões
3609,630,2024-06-01,9,5.73,
3610,1591,2024-06-01,5,8.36,Baixa participação em reuniões
3611,821,2024-06-01,9,6.11,
3612,2820,2024-06-01,10,6.22,
3613,48,2024-06-01,0,8.22,
3614,829,2024-06-01,9,7.79,
3615,367,2024-06-01,6,5.39,Desmotivação observada
3616,611,2024-06-01,6,6.31,Falta de comunicação
3617,2216,2024-06-01,8,7.13,
3618,1923,2024-06-01,10,6.14,
3619,2330,2024-06-01,0,8.9,
3620,843,2024-06-01,7,9.14,
3621,1086,2024-06-01,7,7.6,
3622,400,2024-06-01,3,5.46,
3623,2074,2024-06-01,9,5.75,
3624,1749,2024-06-01,4,9.45,
3625,84,2024-06-01,10,8.11,
3626,412,2024-06-01,3,7.56,
3627,2597,2024-06-01,8,6.55,
3628,142,2024-06-01,3,6.49,Baixa participação em reuniões
3629,2,2024-06-01,3,6.63,
3630,1958,2024-06-01,5,7.31,
3631,1182,2024-06-01,9,8.17,
3632,756,2024-06-01,1,6.91,
3633,2904,2024-06-01,2,6.67,
3634,986,2024-06-01,7,8.54,
3635,1474,2024-06-01,5,7.78,
3636,1340,2024-06-01,1,8.07,
3637,2203,2024-06-01,10,7.4,
3638,376,2024-06-01,2,7.11,
3639,1423,2024-06-01,6,7.04,
3640,876,2024-06-01,5,6.63,
3641,1857,2024-06-01,10,8.38,
3642,2312,2024-06-01,4,5.37,
3643,1658,2024-06-01,7,8.67,
3644,1067,2024-06-01,10,8.21,
3645,1046,2024-06-01,10,7.98,
3646,641,2024-06-01,3,8.88,
3647,250,2024-06-01,3,7.95,Baixa participação em reuniões
3648,2675,2024-06-01,2,6.98,
3649,1782,2024-06-01,3,5.04,
3650,1679,2024-06-01,2,9.07,
3651,1919,2024-06-01,0,8.88,
3652,525,2024-06-01,10,9.22,
3653,1831,2024-06-01,1,5.36,
3654,2450,2024-06-01,8,9.1,
3655,1888,2024-06-01,9,6.11,
3656,2687,2024-06-01,3,8.17,Conflitos interpessoais
3657,1930,2024-06-01,8,7.0,
3658,2070,2024-06-01,7,9.43,
3659,2651,2024-06-01,8,8.21,
3660,2662,2024-06-01,5,8.33,
3661,1084,2024-06-01,1,8.02,
3662,2884,2024-06-01,7,8.13,Isolamento da equipe
3663,812,2024-06-01,0,7.64,
3664,1667,2024-06-01,3,5.08,
3665,512,2024-06-01,9,7.09,
3666,894,2024-06-01,8,8.51,
3667,863,2024-06-01,0,9.43,
3668,477,2024-06-01,2,9.28,
3669,267,2024-06-01,5,6.68,
3670,392,2024-06-01,10,7.98,
3671,1360,2024-06-01,2,7.54,
3672,723,2024-06-01,2,8.59,
3673,1728,2024-06-01,3,5.8,
3674,327,2024-06-01,7,5.89,
3675,93,2024-06-01,3,8.88,
3676,2050,2024-06-01,6,7.7,
3677,1905,2024-06-01,1,7.76,
3678,1596,2024-06-01,8,7.76,
3679,1809,2024-06-01,3,7.17,
3680,1549,2024-06-01,1,5.91,
3681,574,2024-06-01,6,7.73,
3682,1961,2024-06-01,2,9.1,Isolamento da equipe
3683,2572,2024-06-01,1,5.86,
3684,2444,2024-06-01,0,8.51,
3685,2454,2024-06-01,5,7.02,Desmotivação observada
3686,1442,2024-06-01,3,5.83,
3687,2723,2024-06-01,4,7.66,
3688,1945,2024-06-01,5,5.58,
3689,1392,2024-06-01,3,9.17,Conflitos interpessoais
3690,2963,2024-06-01,6,6.34,
3691,1101,2024-06-01,9,6.64,
3692,2132,2024-06-01,7,8.63,Conflitos interpessoais
3693,954,2024-06-01,2,7.53,
3694,1309,2024-06-01,4,5.98,
3695,1506,2024-06-01,7,5.53,
3696,2105,2024-06-01,4,6.33,
3697,422,2024-06-01,2,5.96,
3698,226,2024-06-01,2,9.12,
3699,1748,2024-06-01,9,8.8,
3700,499,2024-06-01,6,6.13,
3701,2532,2024-06-01,6,7.32,
3702,2999,2024-06-01,7,9.28,
3703,853,2024-06-01,5,8.38,
3704,1719,2024-06-01,5,8.37,
3705,2149,2024-06-01,10,8.87,
3706,1349,2024-06-01,5,8.05,
3707,1815,2024-06-01,5,8.02,
3708,193,2024-06-01,4,8.31,
3709,2668,2024-06-01,6,7.73,
3710,189,2024-06-01,4,8.8,
3711,363,2024-06-01,7,8.33,
3712,1698,2024-06-01,6,8.98,Desmotivação observada
3713,2147,2024-06-01,0,5.97,
3714,900,2024-06-01,2,8.15,
3715,2831,2024-06-01,0,6.35,
3716,1204,2024-06-01,1,9.3,
3717,861,2024-06-01,10,8.3,
3718,1441,2024-06-01,5,5.91,
3719,1311,2024-06-01,8,7.53,
3720,136,2024-06-01,3,7.74,
3721,2096,2024-06-01,5,8.03,
3722,17,2024-06-01,5,7.55,
3723,2647,2024-06-01,1,5.01,
3724,1021,2024-06-01,3,7.35,
3725,1573,2024-06-01,10,7.87,
3726,2389,2024-06-01,6,8.99,
3727,2897,2024-06-01,7,8.36,Isolamento da equipe
3728,2845,2024-06-01,0,9.2,
3729,2439,2024-06-01,2,9.14,
3730,2905,2024-06-01,8,5.42,
3731,733,2024-06-01,6,8.55,
3732,2706,2024-06-01,9,6.19,
3733,2128,2024-06-01,2,8.28,
3734,2827,2024-06-01,10,5.01,
3735,2900,2024-06-01,7,5.88,
3736,2734,2024-06-01,6,6.01,
3737,2370,2024-06-01,6,6.51,Desmotivação observada
3738,1582,2024-06-01,8,8.62,
3739,2301,2024-06-01,10,6.96,
3740,2646,2024-06-01,4,9.0,
3741,116,2024-06-01,1,7.66,
3742,2449,2024-06-01,4,6.13,
3743,1116,2024-06-01,3,6.42,
3744,1918,2024-06-01,3,7.01,
3745,2704,2024-06-01,2,5.7,
3746,1565,2024-06-01,0,7.77,
3747,740,2024-06-01,6,7.2,
3748,2472,2024-06-01,3,7.7,
3749,228,2024-06-01,5,7.59,
3750,2099,2024-06-01,3,7.63,
3751,974,2024-06-01,3,5.84,
3752,1300,2024-06-01,1,6.21,
3753,90,2024-06-01,5,8.27,
3754,950,2024-06-01,10,7.87,
3755,1621,2024-06-01,0,7.17,
3756,1460,2024-06-01,3,5.84,
3757,2622,2024-06-01,2,6.58,
3758,2409,2024-06-01,2,8.87,
3759,2601,2024-06-01,6,7.31,
3760,926,2024-06-01,3,5.53,
3761,2865,2024-06-01,1,9.43,
3762,1702,2024-06-01,10,5.62,
3763,882,2024-06-01,4,9.22,
3764,1700,2024-06-01,5,9.15,
3765,1882,2024-06-01,9,5.3,
3766,396,2024-06-01,1,9.27,
3767,2744,2024-06-01,1,9.46,
3768,1892,2024-06-01,6,6.17,
3769,2346,2024-06-01,7,7.89,
3770,360,2024-06-01,7,6.18,
3771,2464,2024-06-01,1,7.52,
3772,713,2024-06-01,1,9.43,
3773,541,2024-06-01,8,7.49,
3774,1522,2024-06-01,10,5.41,
3775,595,2024-06-01,9,7.62,
3776,170,2024-06-01,9,6.29,
3777,455,2024-06-01,7,5.73,Isolamento da equipe
3778,42,2024-06-01,1,7.99,
3779,1266,2024-06-01,1,7.64,
3780,2112,2024-06-01,0,5.96,
3781,2853,2024-06-01,3,7.66,
3782,527,2024-06-01,2,5.78,
3783,354,2024-06-01,8,6.61,
3784,120,2024-06-01,4,6.24,
3785,1144,2024-06-01,7,8.61,
3786,1019,2024-06-01,7,5.65,
3787,1193,2024-06-01,7,7.83,
3788,1364,2024-06-01,2,8.91,
3789,423,2024-06-01,7,6.47,
3790,1824,2024-06-01,3,8.31,
3791,2846,2024-06-01,5,9.22,
3792,1279,2024-06-01,0,9.4,
3793,194,2024-06-01,9,6.4,
3794,2331,2024-06-01,6,6.09,
3795,2774,2024-06-01,3,8.64,
3796,484,2024-06-01,9,8.13,
3797,1614,2024-06-01,2,7.98,
3798,1982,2024-06-01,7,7.25,
3799,1493,2024-06-01,3,7.8,
3800,1802,2024-06-01,9,7.86,
3801,2365,2024-06-01,10,7.27,
3802,1837,2024-06-01,8,5.29,
3803,231,2024-06-01,7,8.07,Desmotivação observada
3804,1407,2024-06-01,9,7.94,
3805,1884,2024-06-01,2,7.72,
3806,2168,2024-06-01,1,6.82,
3807,669,2024-06-01,9,6.13,
3808,945,2024-06-01,9,5.39,
3809,2249,2024-06-01,2,8.3,
3810,213,2024-06-01,9,7.71,
3811,1973,2024-06-01,9,5.19,
3812,990,2024-06-01,0,5.99,
3813,180,2024-06-01,0,7.22,
3814,898,2024-06-01,1,7.01,
3815,2044,2024-06-01,6,7.79,
3816,2986,2024-06-01,3,5.66,
3817,1489,2024-06-01,4,5.36,
3818,2448,2024-06-01,3,8.61,
3819,2721,2024-06-01,8,6.36,
3820,832,2024-06-01,1,6.26,
3821,1968,2024-06-01,5,8.65,
3822,1960,2024-06-01,1,7.81,Falta de comunicação
3823,2418,2024-06-01,10,9.43,
3824,1406,2024-06-01,3,5.47,
3825,1410,2024-06-01,6,8.71,
3826,776,2024-06-01,1,6.58,
3827,880,2024-06-01,1,5.89,Desmotivação observada
3828,1878,2024-06-01,7,7.89,
3829,1322,2024-06-01,10,7.47,
3830,2911,2024-06-01,0,7.71,
3831,2906,2024-06-01,5,6.07,
3832,2767,2024-06-01,8,5.22,
3833,1773,2024-06-01,8,6.59,
3834,1841,2024-06-01,5,6.52,
3835,2525,2024-06-01,1,9.34,
3836,256,2024-06-01,10,6.71,
3837,1132,2024-06-01,6,7.53,
3838,888,2024-06-01,1,6.32,
3839,2535,2024-06-01,6,9.24,
3840,2194,2024-06-01,7,8.37,Falta de comunicação
3841,1016,2024-06-01,10,7.13,
3842,1981,2024-06-01,6,8.36,
3843,2118,2024-06-01,5,6.33,
3844,2719,2024-06-01,10,8.37,
3845,1911,2024-06-01,3,5.5,
3846,1646,2024-06-01,10,5.6,
3847,2998,2024-06-01,9,6.32,
3848,2812,2024-06-01,10,8.4,
3849,870,2024-06-01,2,6.87,
3850,460,2024-06-01,1,7.06,
3851,726,2024-06-01,6,7.07,
3852,2250,2024-06-01,8,7.77,
3853,358,2024-06-01,2,8.63,
3854,1984,2024-06-01,2,7.66,Desmotivação observada
3855,1601,2024-06-01,3,5.14,
3856,1685,2024-06-01,3,7.21,
3857,113,2024-06-01,9,6.52,Conflitos interpessoais
3858,766,2024-06-01,2,7.83,
3859,364,2024-06-01,5,6.64,
3860,1413,2024-06-01,7,8.6,
3861,1025,2024-06-01,5,7.18,
3862,1093,2024-06-01,4,9.43,
3863,2266,2024-06-01,0,8.3,
3864,2895,2024-06-01,7,6.36,
3865,290,2024-06-01,9,5.98,
3866,465,2024-06-01,5,5.49,
3867,1766,2024-06-01,9,8.26,
3868,2863,2024-06-01,3,6.63,
3869,131,2024-06-01,1,5.14,
3870,2371,2024-06-01,0,8.25,
3871,917,2024-06-01,5,5.97,
3872,1007,2024-06-01,1,5.55,
3873,1725,2024-06-01,2,8.4,Conflitos interpessoais
3874,2671,2024-06-01,10,6.38,
3875,2144,2024-06-01,4,7.25,Conflitos interpessoais
3876,2925,2024-06-01,5,7.1,Falta de comunicação
3877,2942,2024-06-01,3,5.92,
3878,1035,2024-06-01,10,8.34,Conflitos interpessoais
3879,419,2024-06-01,5,5.0,Baixa participação em reuniões
3880,132,2024-06-01,9,5.84,
3881,1625,2024-06-01,3,7.6,
3882,2886,2024-06-01,6,7.82,
3883,315,2024-06-01,10,7.11,
3884,2391,2024-06-01,7,7.37,
3885,2984,2024-06-01,7,7.13,
3886,2531,2024-06-01,1,6.59,
3887,114,2024-06-01,2,6.31,
3888,1575,2024-06-01,4,7.93,
3889,2803,2024-06-01,10,8.18,
3890,952,2024-06-01,5,7.92,Conflitos interpessoais
3891,2934,2024-06-01,3,8.08,
3892,720,2024-06-01,10,6.35,Desmotivação observada
3893,1241,2024-06-01,7,8.46,
3894,2555,2024-06-01,4,8.61,
3895,128,2024-06-01,6,5.02,
3896,1901,2024-06-01,10,6.14,
3897,681,2024-06-01,3,9.5,
3898,1606,2024-06-01,7,5.83,
3899,1528,2024-06-01,8,9.31,
3900,2267,2024-06-01,5,5.96,
3901,158,2024-06-01,2,5.66,
3902,1201,2024-06-01,9,8.56,
3903,2402,2024-06-01,2,8.03,
3904,2055,2024-06-01,4,8.19,
3905,1061,2024-06-01,2,7.54,
3906,1751,2024-06-01,0,5.22,
3907,1471,2024-06-01,4,6.74,
3908,425,2024-06-01,9,6.43,
3909,1589,2024-06-01,8,8.22,
3910,2314,2024-06-01,0,6.22,
3911,2350,2024-06-01,5,5.19,
3912,109,2024-06-01,8,7.47,Desmotivação observada
3913,7,2024-06-01,3,6.13,
3914,751,2024-06-01,7,6.46,
3915,2213,2024-06-01,2,7.74,
3916,516,2024-06-01,4,5.47,
3917,2090,2024-06-01,0,5.43,
3918,2344,2024-06-01,2,8.35,Desmotivação observada
3919,2856,2024-06-01,5,6.09,
3920,937,2024-06-01,3,5.67,
3921,2141,2024-06-01,10,5.29,
3922,44,2024-06-01,6,9.23,
3923,648,2024-06-01,0,9.01,
3924,2414,2024-06-01,1,6.4,
3925,143,2024-06-01,3,9.46,
3926,202,2024-06-01,8,5.01,
3927,2292,2024-06-01,1,9.35,
3928,1112,2024-06-01,1,6.84,
3929,1720,2024-06-01,10,7.42,
3930,946,2024-06-01,2,9.41,
3931,778,2024-06-01,1,7.1,
3932,1941,2024-06-01,7,5.29,
3933,1218,2024-06-01,1,6.68,
3934,2139,2024-06-01,1,6.32,Baixa participação em reuniões
3935,2046,2024-06-01,5,5.79,
3936,1153,2024-06-01,1,7.66,
3937,2624,2024-06-01,0,7.25,
3938,264,2024-06-01,8,7.68,
3939,1467,2024-06-01,0,8.0,
3940,1143,2024-06-01,7,9.04,
3941,615,2024-06-01,6,5.02,
3942,502,2024-06-01,3,5.12,
3943,2056,2024-06-01,6,5.45,Baixa participação em reuniões
3944,2703,2024-06-01,10,8.22,Falta de comunicação
3945,2452,2024-06-01,5,9.43,
3946,1079,2024-06-01,4,7.66,
3947,1790,2024-06-01,1,7.28,
3948,2842,2024-06-01,0,9.49,
3949,2843,2024-06-01,4,8.45,Falta de comunicação
3950,2923,2024-06-01,2,5.15,
3951,2546,2024-06-01,4,6.61,
3952,1684,2024-06-01,0,7.15,
3953,509,2024-06-01,10,6.73,
3954,2487,2024-06-01,9,8.89,Falta de comunicação
3955,149,2024-06-01,10,5.58,
3956,635,2024-06-01,1,7.78,
3957,493,2024-06-01,3,7.12,
3958,893,2024-06-01,2,6.15,Isolamento da equipe
3959,302,2024-06-01,7,9.01,
3960,1083,2024-06-01,1,5.8,
3961,2499,2024-06-01,2,7.89,
3962,1538,2024-06-01,8,7.78,
3963,1515,2024-06-01,1,7.35,
3964,1914,2024-06-01,8,5.22,
3965,1072,2024-06-01,2,5.39,
3966,356,2024-06-01,7,8.6,
3967,1634,2024-06-01,8,5.47,
3968,2053,2024-06-01,0,5.89,
3969,2740,2024-06-01,9,6.86,
3970,1539,2024-06-01,10,8.42,
3971,2483,2024-06-01,4,7.94,
3972,38,2024-06-01,8,6.95,
3973,1196,2024-06-01,10,9.07,
3974,1690,2024-06-01,3,5.07,
3975,1440,2024-06-01,6,5.68,
3976,2951,2024-06-01,9,7.31,
3977,1048,2024-06-01,2,8.02,
3978,868,2024-06-01,5,8.65,
3979,2477,2024-06-01,6,6.24,
3980,105,2024-06-01,2,5.2,
3981,2941,2024-06-01,0,5.52,
3982,598,2024-06-01,6,5.18,
3983,1190,2024-06-01,2,5.87,
3984,1612,2024-06-01,10,6.42,
3985,449,2024-06-01,3,6.06,
3986,1240,2024-06-01,7,7.94,
3987,1175,2024-06-01,8,6.79,
3988,2966,2024-06-01,1,5.69,
3989,1861,2024-06-01,3,8.72,
3990,2062,2024-06-01,4,6.81,
3991,2443,2024-06-01,6,8.18,
3992,2064,2024-06-01,5,7.27,
3993,2561,2024-06-01,1,7.38,
3994,2133,2024-06-01,10,9.45,
3995,1391,2024-06-01,6,6.11,
3996,2615,2024-06-01,1,6.12,
3997,763,2024-06-01,0,8.96,
3998,2287,2024-06-01,8,9.16,
3999,1194,2024-06-01,5,7.25,
4000,40,2024-06-01,3,6.55,
4001,1880,2024-06-01,8,8.17,
4002,1666,2024-06-01,10,5.35,
4003,1858,2024-06-01,7,7.32,
4004,2279,2024-06-01,3,7.49,Isolamento da equipe
4005,362,2024-06-01,7,9.16,
4006,1248,2024-06-01,8,7.42,
4007,810,2024-06-01,8,8.1,
4008,1242,2024-06-01,3,8.63,
4009,80,2024-06-01,2,8.54,
4010,1416,2024-06-01,5,6.88,
4011,2619,2024-06-01,8,9.24,
4012,1644,2024-06-01,8,6.25,
4013,2092,2024-06-01,5,9.26,
4014,1972,2024-06-01,8,8.94,
4015,1948,2024-06-01,8,7.22,
4016,2514,2024-06-01,5,8.1,
4017,626,2024-06-01,1,5.49,
4018,1886,2024-06-01,0,7.13,
4019,4,2024-06-01,2,5.24,
4020,1235,2024-06-01,3,9.33,
4021,1820,2024-06-01,2,6.75,Conflitos interpessoais
4022,719,2024-06-01,6,6.6,Desmotivação observada
4023,582,2024-06-01,4,7.13,
4024,1472,2024-06-01,8,6.2,
4025,2218,2024-06-01,6,6.73,
4026,2633,2024-06-01,7,8.74,
4027,310,2024-06-01,4,5.91,
4028,588,2024-06-01,6,8.6,
4029,1517,2024-06-01,7,5.31,Conflitos interpessoais
4030,1288,2024-06-01,5,6.05,
4031,845,2024-06-01,4,8.29,
4032,1947,2024-06-01,5,7.83,
4033,1630,2024-06-01,0,5.94,
4034,313,2024-06-01,5,5.97,
4035,232,2024-06-01,4,8.46,
4036,762,2024-06-01,10,6.24,
4037,2610,2024-06-01,4,5.89,
4038,1167,2024-06-01,10,6.62,
4039,1427,2024-06-01,3,6.4,
4040,2861,2024-06-01,8,9.29,
4041,809,2024-06-01,5,8.88,
4042,1511,2024-06-01,10,7.87,
4043,2246,2024-06-01,8,8.6,
4044,819,2024-06-01,4,8.27,Desmotivação observada
4045,991,2024-06-01,3,6.37,
4046,534,2024-06-01,7,8.65,
4047,2103,2024-06-01,6,6.94,
4048,1077,2024-06-01,6,6.27,
4049,1445,2024-06-01,8,6.29,
4050,2120,2024-06-01,8,7.89,
4051,684,2024-06-01,7,8.13,
4052,295,2024-06-01,9,8.6,
4053,397,2024-06-01,0,9.22,
4054,1108,2024-06-01,0,5.21,
4055,1319,2024-06-01,0,8.75,
4056,330,2024-06-01,3,8.33,
4057,1280,2024-06-01,9,9.01,
4058,331,2024-06-01,1,6.67,
4059,838,2024-06-01,0,5.87,
4060,1345,2024-06-01,10,8.55,
4061,797,2024-06-01,3,7.59,
4062,1424,2024-06-01,4,7.07,
4063,498,2024-06-01,5,8.31,
4064,2383,2024-06-01,9,7.8,
4065,2082,2024-06-01,1,6.18,
4066,612,2024-06-01,9,7.64,
4067,1022,2024-06-01,5,7.42,
4068,2486,2024-06-01,3,7.24,
4069,542,2024-06-01,7,7.57,
4070,1707,2024-06-01,6,8.53,
4071,1117,2024-06-01,6,6.07,
4072,2282,2024-06-01,10,6.53,
4073,1476,2024-06-01,0,6.7,
4074,1253,2024-06-01,8,5.87,Desmotivação observada
4075,1150,2024-06-01,4,9.0,
4076,1226,2024-06-01,5,8.43,
4077,1310,2024-06-01,1,6.39,
4078,2291,2024-06-01,9,6.17,
4079,252,2024-06-01,8,5.06,
4080,2950,2024-06-01,0,5.42,
4081,2700,2024-06-01,1,6.62,Isolamento da equipe
4082,1238,2024-06-01,1,8.41,
4083,308,2024-06-01,10,7.76,
4084,2054,2024-06-01,0,9.21,
4085,2337,2024-06-01,9,9.0,
4086,775,2024-06-01,3,6.64,
4087,2107,2024-06-01,9,6.31,
4088,2874,2024-06-01,8,7.31,
4089,1594,2024-06-01,2,8.86,
4090,394,2024-06-01,5,9.23,
4091,1887,2024-06-01,2,8.98,
4092,2172,2024-06-01,2,7.91,
4093,1276,2024-06-01,1,6.05,Conflitos interpessoais
4094,1957,2024-06-01,0,7.13,
4095,2836,2024-06-01,2,9.35,
4096,54,2024-06-01,10,7.14,
4097,895,2024-06-01,4,6.93,
4098,2467,2024-06-01,7,8.0,
4099,369,2024-06-01,0,5.67,
4100,1362,2024-06-01,7,6.09,
4101,573,2024-06-01,0,8.03,
4102,1985,2024-06-01,1,8.14,
4103,2539,2024-06-01,6,9.36,
4104,2724,2024-06-01,6,8.91,
4105,1520,2024-06-01,1,8.81,Baixa participação em reuniões
4106,1731,2024-06-01,2,6.26,
4107,2694,2024-06-01,7,9.02,Desmotivação observada
4108,2189,2024-06-01,1,5.92,
4109,1005,2024-06-01,0,8.66,
4110,307,2024-06-01,6,8.09,
4111,901,2024-06-01,0,6.91,
4112,1231,2024-06-01,10,9.35,
4113,1382,2024-06-01,6,8.99,
4114,355,2024-06-01,3,5.79,
4115,467,2024-06-01,7,9.3,Baixa participação em reuniões
4116,1334,2024-06-01,5,5.2,
4117,2696,2024-06-01,10,5.84,
4118,2460,2024-06-01,4,5.73,
4119,479,2024-06-01,3,7.66,
4120,2508,2024-06-01,3,8.74,
4121,99,2024-06-01,3,9.14,Baixa participação em reuniões
4122,2275,2024-06-01,4,5.0,
4123,1299,2024-06-01,4,9.38,
4124,66,2024-06-01,3,7.73,
4125,2474,2024-06-01,4,9.12,
4126,931,2024-06-01,5,6.06,
4127,1791,2024-06-01,2,8.31,
4128,951,2024-06-01,7,8.79,
4129,2654,2024-06-01,0,9.3,
4130,1701,2024-06-01,4,8.6,
4131,800,2024-06-01,1,5.74,Desmotivação observada
4132,507,2024-06-01,10,8.75,
4133,2873,2024-06-01,4,9.34,
4134,1152,2024-06-01,4,9.13,
4135,1775,2024-06-01,1,6.55,
4136,2688,2024-06-01,2,6.76,
4137,510,2024-06-01,1,7.36,
4138,1347,2024-06-01,0,5.68,
4139,2323,2024-06-01,9,9.34,
4140,2857,2024-06-01,0,9.18,
4141,2038,2024-06-01,0,8.45,
4142,1761,2024-06-01,10,5.69,
4143,2946,2024-06-01,4,6.79,
4144,2612,2024-06-01,7,6.07,
4145,2569,2024-06-01,4,5.35,
4146,2466,2024-06-01,10,7.36,
4147,2540,2024-06-01,6,7.23,
4148,610,2024-06-01,8,7.16,
4149,850,2024-06-01,7,5.36,
4150,589,2024-06-01,1,5.62,
4151,1040,2024-06-01,6,7.43,
4152,1745,2024-06-01,8,9.31,
4153,808,2024-06-01,6,6.69,
4154,293,2024-06-01,6,8.42,
4155,2039,2024-06-01,9,9.4,
4156,2434,2024-06-01,7,5.23,
4157,2442,2024-06-01,4,9.04,
4158,2683,2024-06-01,1,9.33,
4159,2666,2024-06-01,8,9.5,Baixa participação em reuniões
4160,1920,2024-06-01,0,6.11,
4161,2461,2024-06-01,3,8.7,
4162,2733,2024-06-01,8,7.06,
4163,1207,2024-06-01,0,7.5,
4164,2799,2024-06-01,4,6.14,
4165,965,2024-06-01,3,5.66,
4166,2504,2024-06-01,3,8.1,
4167,1258,2024-06-01,4,8.35,
4168,556,2024-06-01,5,7.29,
4169,609,2024-06-01,2,8.27,
4170,2523,2024-06-01,4,8.01,Desmotivação observada
4171,2438,2024-06-01,2,5.93,
4172,2320,2024-06-01,7,6.79,
4173,1232,2024-06-01,9,8.79,Baixa participação em reuniões
4174,930,2024-06-01,1,5.16,
4175,994,2024-06-01,5,8.76,
4176,1252,2024-06-01,3,6.71,
4177,2713,2024-06-01,10,6.65,
4178,1558,2024-06-01,5,5.35,
4179,1431,2024-06-01,7,9.15,
4180,2215,2024-06-01,9,5.19,
4181,2052,2024-06-01,3,6.58,
4182,517,2024-06-01,2,9.0,
4183,2097,2024-06-01,9,5.38,
4184,817,2024-06-01,10,5.09,
4185,1044,2024-06-01,3,5.57,
4186,1798,2024-06-01,2,8.05,Desmotivação observada
4187,2028,2024-06-01,0,6.61,Baixa participação em reuniões
4188,2958,2024-06-01,3,5.81,Falta de comunicação
4189,1724,2024-06-01,6,9.34,
4190,1672,2024-06-01,2,8.06,
4191,1874,2024-06-01,0,6.78,
4192,753,2024-06-01,8,6.13,
4193,117,2024-06-01,5,6.67,
4194,1255,2024-06-01,9,8.59,
4195,673,2024-06-01,6,9.34,
4196,2000,2024-06-01,9,6.51,
4197,1674,2024-06-01,5,8.72,
4198,2311,2024-06-01,3,7.48,
4199,1622,2024-06-01,2,5.6,
4200,1105,2024-06-01,6,7.57,
4201,877,2024-06-01,6,6.71,
4202,2159,2024-06-01,2,7.78,
4203,920,2024-06-01,1,5.0,
4204,614,2024-06-01,10,7.37,
4205,2111,2024-06-01,1,5.03,
4206,1446,2024-06-01,6,5.54,
4207,1139,2024-06-01,2,7.02,
4208,1087,2024-06-01,5,9.05,
4209,1050,2024-06-01,1,5.19,
4210,2896,2024-06-01,4,6.62,
4211,2990,2024-06-01,3,9.3,
4212,1260,2024-06-01,4,9.31,
4213,444,2024-06-01,7,7.52,
4214,379,2024-06-01,7,8.0,
4215,2605,2024-06-01,4,8.39,
4216,1929,2024-06-01,4,8.39,
4217,2538,2024-06-01,8,8.08,
4218,2185,2024-06-01,4,7.09,
4219,1122,2024-06-01,3,8.75,
4220,1414,2024-06-01,7,5.57,
4221,2171,2024-06-01,10,8.83,
4222,1827,2024-06-01,0,6.74,
4223,1107,2024-06-01,0,6.5,Baixa participação em reuniões
4224,151,2024-06-01,0,9.4,
4225,873,2024-06-01,10,6.07,
4226,1699,2024-06-01,4,8.5,
4227,2743,2024-06-01,5,7.52,
4228,2193,2024-06-01,10,6.72,
4229,968,2024-06-01,0,8.47,Falta de comunicação
4230,2121,2024-06-01,1,5.75,
4231,103,2024-06-01,6,8.8,Isolamento da equipe
4232,2167,2024-06-01,0,6.58,
4233,2125,2024-06-01,3,8.47,
4234,408,2024-06-01,1,7.38,
4235,813,2024-06-01,3,6.22,
4236,1618,2024-06-01,6,5.97,
4237,2106,2024-06-01,8,6.91,
4238,1909,2024-06-01,0,7.24,
4239,348,2024-06-01,0,7.71,
4240,2319,2024-06-01,10,6.8,
4241,2777,2024-06-01,3,5.26,
4242,1124,2024-06-01,8,7.25,
4243,2127,2024-06-01,10,8.78,
4244,1975,2024-06-01,10,8.19,
4245,2358,2024-06-01,4,7.18,
4246,68,2024-06-01,6,7.13,
4247,2138,2024-06-01,4,5.29,
4248,2248,2024-06-01,1,6.07,
4249,660,2024-06-01,0,6.2,
4250,183,2024-06-01,2,9.14,
4251,1047,2024-06-01,7,5.06,Falta de comunicação
4252,1587,2024-06-01,0,8.61,
4253,2527,2024-06-01,4,9.39,
4254,2253,2024-06-01,0,6.46,
4255,161,2024-06-01,0,5.12,
4256,246,2024-06-01,3,6.49,
4257,2742,2024-06-01,2,7.79,
4258,32,2024-06-01,6,6.82,
4259,680,2024-06-01,8,6.02,
4260,2772,2024-06-01,4,9.42,
4261,306,2024-06-01,0,6.28,
4262,2747,2024-06-01,1,7.33,
4263,431,2024-06-01,9,7.09,
4264,2051,2024-06-01,9,5.24,
4265,2830,2024-06-01,4,7.11,
4266,1026,2024-06-01,3,9.31,
4267,1772,2024-06-01,7,8.3,
4268,181,2024-06-01,9,6.35,
4269,2222,2024-06-01,4,5.64,Isolamento da equipe
4270,1420,2024-06-01,5,5.24,
4271,1425,2024-06-01,3,8.63,
4272,1577,2024-06-01,0,7.52,
4273,1682,2024-06-01,8,7.15,
4274,12,2024-06-01,1,5.35,
4275,1546,2024-06-01,4,7.16,
4276,649,2024-06-01,0,7.77,
4277,2625,2024-06-01,5,5.26,
4278,905,2024-06-01,1,6.46,
4279,424,2024-06-01,0,5.01,
4280,2795,2024-06-01,2,5.1,
4281,2016,2024-06-01,7,6.32,
4282,20,2024-06-01,5,8.82,
4283,801,2024-06-01,1,6.98,
4284,972,2024-06-01,5,5.16,
4285,2183,2024-06-01,4,8.67,Desmotivação observada
4286,2404,2024-06-01,0,8.45,
4287,722,2024-06-01,8,7.91,
4288,2315,2024-06-01,2,6.73,Desmotivação observada
4289,1051,2024-06-01,8,8.93,
4290,2635,2024-06-01,9,8.6,
4291,822,2024-06-01,10,9.3,
4292,2718,2024-06-01,4,5.21,
4293,539,2024-06-01,7,5.89,
4294,739,2024-06-01,8,7.57,
4295,1564,2024-06-01,1,5.18,
4296,2580,2024-06-01,5,7.38,
4297,339,2024-06-01,10,5.16,
4298,2568,2024-06-01,8,8.83,
4299,750,2024-06-01,1,9.09,
4300,2621,2024-06-01,3,7.09,
4301,1871,2024-06-01,6,5.78,
4302,1487,2024-06-01,5,5.19,
4303,2150,2024-06-01,6,7.34,
4304,1169,2024-06-01,10,5.22,
4305,2162,2024-06-01,2,7.02,Isolamento da equipe
4306,1681,2024-06-01,4,8.8,
4307,785,2024-06-01,2,8.99,
4308,1071,2024-06-01,0,7.75,Conflitos interpessoais
4309,518,2024-06-01,8,6.51,
4310,2591,2024-06-01,10,5.73,
4311,2078,2024-06-01,10,8.05,
4312,1771,2024-06-01,6,8.62,
4313,2613,2024-06-01,0,5.04,
4314,255,2024-06-01,2,5.75,
4315,1411,2024-06-01,3,7.08,
4316,91,2024-06-01,5,5.86,
4317,773,2024-06-01,1,6.51,
4318,1541,2024-06-01,10,9.14,
4319,2818,2024-06-01,6,9.26,
4320,668,2024-06-01,6,7.61,
4321,1869,2024-06-01,5,8.78,
4322,664,2024-06-01,2,6.19,Isolamento da equipe
4323,715,2024-06-01,4,7.14,
4324,2879,2024-06-01,0,8.0,
4325,375,2024-06-01,0,5.73,
4326,2427,2024-06-01,7,8.31,
4327,2445,2024-06-01,8,8.46,
4328,2945,2024-06-01,7,9.26,
4329,1109,2024-06-01,6,5.85,
4330,2902,2024-06-01,3,6.03,
4331,322,2024-06-01,3,7.62,
4332,963,2024-06-01,2,7.62,
4333,1545,2024-06-01,6,5.24,
4334,2280,2024-06-01,9,8.04,
4335,712,2024-06-01,8,9.09,
4336,1581,2024-06-01,2,8.81,
4337,1100,2024-06-01,9,6.6,
4338,1762,2024-06-01,0,6.57,
4339,1896,2024-06-01,9,7.3,
4340,1106,2024-06-01,0,5.45,
4341,1627,2024-06-01,4,5.08,
4342,2387,2024-06-01,3,7.29,
4343,2524,2024-06-01,1,5.02,
4344,2473,2024-06-01,4,5.44,
4345,656,2024-06-01,1,6.43,
4346,1796,2024-06-01,2,6.28,
4347,3000,2024-06-01,7,8.68,
4348,1403,2024-06-01,0,7.2,
4349,632,2024-06-01,6,7.72,
4350,2451,2024-06-01,8,6.63,
4351,1183,2024-06-01,0,7.08,
4352,1639,2024-06-01,9,6.86,Falta de comunicação
4353,2745,2024-06-01,3,6.27,Falta de comunicação
4354,1840,2024-06-01,4,6.34,
4355,2367,2024-06-01,6,7.12,
4356,1806,2024-06-01,0,6.69,
4357,1186,2024-06-01,0,7.66,
4358,1847,2024-06-01,8,6.08,
4359,2741,2024-06-01,4,6.62,
4360,1041,2024-06-01,0,8.14,
4361,2935,2024-06-01,5,9.41,
4362,1454,2024-06-01,9,6.78,
4363,2544,2024-06-01,8,7.5,
4364,768,2024-06-01,4,8.66,
4365,2298,2024-06-01,4,6.0,
4366,487,2024-06-01,4,7.43,
4367,1059,2024-06-01,3,8.16,Falta de comunicação
4368,301,2024-06-01,10,9.22,
4369,289,2024-06-01,3,6.52,
4370,2036,2024-06-01,4,6.57,
4371,2955,2024-06-01,10,5.67,
4372,998,2024-06-01,6,8.06,
4373,107,2024-06-01,7,5.53,
4374,1202,2024-06-01,8,6.17,
4375,989,2024-06-01,4,9.32,
4376,644,2024-06-01,0,5.95,
4377,2844,2024-06-01,6,6.47,
4378,1075,2024-06-01,1,8.76,
4379,2294,2024-06-01,6,7.92,
4380,1074,2024-06-01,0,6.95,
4381,2930,2024-06-01,0,7.75,
4382,2378,2024-06-01,8,9.42,
4383,1603,2024-06-01,2,9.16,
4384,2356,2024-06-01,9,6.21,
4385,1703,2024-06-01,0,7.92,
4386,2872,2024-06-01,9,9.29,
4387,163,2024-06-01,6,8.05,
4388,1208,2024-06-01,7,6.47,
4389,2712,2024-06-01,0,8.88,
4390,257,2024-06-01,0,5.28,
4391,1332,2024-06-01,5,5.56,
4392,787,2024-06-01,10,5.74,
4393,2278,2024-06-01,4,9.11,
4394,1607,2024-06-01,8,9.32,Isolamento da equipe
4395,528,2024-06-01,8,8.28,
4396,1118,2024-06-01,4,8.94,
4397,2841,2024-06-01,4,5.15,
4398,2505,2024-06-01,3,8.65,
4399,29,2024-06-01,9,6.06,
4400,1274,2024-06-01,0,7.48,
4401,1011,2024-06-01,5,5.7,
4402,912,2024-06-01,2,5.66,
4403,1695,2024-06-01,2,8.45,
4404,1907,2024-06-01,2,6.16,
4405,51,2024-06-01,8,7.4,
4406,2341,2024-06-01,8,8.21,
4407,1198,2024-06-01,9,7.85,
4408,1015,2024-06-01,8,6.22,
4409,1356,2024-06-01,5,5.79,
4410,2937,2024-06-01,0,8.07,
4411,1845,2024-06-01,1,8.81,
4412,1825,2024-06-01,0,6.54,Desmotivação observada
4413,1991,2024-06-01,9,6.36,
4414,627,2024-06-01,7,8.83,
4415,1177,2024-06-01,9,5.94,
4416,1643,2024-06-01,4,6.29,
4417,222,2024-06-01,10,8.36,
4418,1801,2024-06-01,4,5.79,
4419,2102,2024-06-01,7,9.11,
4420,2507,2024-06-01,2,8.85,
4421,520,2024-06-01,1,7.61,
4422,2762,2024-06-01,5,6.06,
4423,2866,2024-06-01,10,5.45,
4424,1230,2024-06-01,2,9.28,
4425,2305,2024-06-01,10,7.57,
4426,1770,2024-06-01,8,9.11,
4427,2699,2024-06-01,8,7.53,
4428,1261,2024-06-01,1,6.8,
4429,2495,2024-06-01,8,5.81,
4430,1136,2024-06-01,0,5.11,
4431,2235,2024-06-01,8,6.5,
4432,1922,2024-06-01,6,7.2,Falta de comunicação
4433,2223,2024-06-01,1,6.5,
4434,2080,2024-06-01,5,6.98,
4435,571,2024-06-01,6,7.77,
4436,1099,2024-06-01,9,6.64,
4437,2939,2024-06-01,7,5.69,
4438,2907,2024-06-01,7,5.25,
4439,1245,2024-06-01,4,5.95,Falta de comunicação
4440,2915,2024-06-01,5,7.71,
4441,2369,2024-06-01,1,8.5,
4442,2603,2024-06-01,7,5.7,
4443,1251,2024-06-01,8,5.8,
4444,160,2024-06-01,5,6.05,Falta de comunicação
4445,642,2024-06-01,7,5.53,
4446,667,2024-06-01,8,8.6,
4447,806,2024-06-01,2,8.84,
4448,1492,2024-06-01,6,9.01,
4449,620,2024-06-01,5,7.87,
4450,949,2024-06-01,5,9.21,
4451,1768,2024-06-01,3,7.34,
4452,1338,2024-06-01,0,7.39,
4453,2376,2024-06-01,6,9.08,
4454,2009,2024-06-01,5,9.3,
4455,1415,2024-06-01,0,8.61,
4456,1027,2024-06-01,5,7.66,Baixa participação em reuniões
4457,2228,2024-06-01,8,5.25,
4458,2415,2024-06-01,1,9.16,
4459,386,2024-06-01,0,6.42,
4460,2663,2024-06-01,7,5.78,
4461,1402,2024-06-01,7,5.83,
4462,924,2024-06-01,6,5.52,
4463,1955,2024-06-01,8,7.16,Desmotivação observada
4464,568,2024-06-01,10,7.55,
4465,2484,2024-06-01,10,7.0,
4466,1954,2024-06-01,0,8.23,
4467,2637,2024-06-01,1,6.58,
4468,969,2024-06-01,4,8.99,
4469,106,2024-06-01,0,9.23,
4470,2550,2024-06-01,10,8.08,
4471,414,2024-06-01,2,6.7,
4472,429,2024-06-01,4,5.55,
4473,1484,2024-06-01,1,7.74,Falta de comunicação
4474,1290,2024-06-01,10,7.13,Desmotivação observada
4475,1278,2024-06-01,10,8.51,
4476,689,2024-06-01,6,6.38,
4477,2918,2024-06-01,9,5.76,
4478,1473,2024-06-01,6,8.5,
4479,841,2024-06-01,8,6.24,
4480,1619,2024-06-01,0,7.38,
4481,1363,2024-06-01,0,9.15,
4482,1913,2024-06-01,0,7.35,Isolamento da equipe
4483,508,2024-06-01,0,7.92,
4484,2397,2024-06-01,6,8.38,
4485,964,2024-06-01,8,7.36,
4486,269,2024-06-01,8,8.76,
4487,2714,2024-06-01,0,8.93,
4488,1498,2024-06-01,4,8.89,Conflitos interpessoais
4489,2329,2024-06-01,1,5.88,
4490,2608,2024-06-01,9,8.47,
4491,2066,2024-06-01,9,7.0,
4492,2788,2024-06-01,8,6.86,Desmotivação observada
4493,1967,2024-06-01,6,6.51,
4494,2306,2024-06-01,1,7.96,
4495,2313,2024-06-01,2,7.84,Falta de comunicação
4496,914,2024-06-01,4,8.72,
4497,697,2024-06-01,4,6.46,
4498,1188,2024-06-01,2,8.88,
4499,1370,2024-06-01,7,7.15,
4500,2002,2024-06-01,6,9.36,
4501,494,2024-06-01,2,7.5,
4502,1822,2024-06-01,2,7.24,Baixa participação em reuniões
4503,1868,2024-06-01,6,6.48,
4504,1732,2024-06-01,7,8.45,Falta de comunicação
4505,1635,2024-06-01,7,8.72,
4506,2416,2024-06-01,5,5.59,
4507,1305,2024-06-01,1,7.92,
4508,2380,2024-06-01,3,7.83,
4509,1003,2024-06-01,8,8.83,
4510,2012,2024-06-01,3,8.15,
4511,678,2024-06-01,8,7.81,
4512,902,2024-06-01,3,9.26,
4513,60,2024-06-01,2,5.09,
4514,1602,2024-06-01,5,6.38,
4515,2420,2024-06-01,8,5.12,
4516,1638,2024-06-01,2,8.72,
4517,2707,2024-06-01,2,7.45,Baixa participação em reuniões
4518,793,2024-06-01,6,7.06,
4519,2433,2024-06-01,5,8.33,
4520,483,2024-06-01,1,7.05,
4521,2456,2024-06-01,7,8.81,
4522,1447,2024-06-01,8,9.18,
4523,1535,2024-06-01,9,8.03,
4524,1174,2024-06-01,5,7.06,
4525,62,2024-06-01,2,5.38,
4526,110,2024-06-01,6,8.68,
4527,2665,2024-06-01,9,7.06,
4528,496,2024-06-01,5,5.92,
4529,717,2024-06-01,9,7.93,
4530,141,2024-06-01,2,7.88,
4531,511,2024-06-01,2,8.27,
4532,1024,2024-06-01,10,7.4,
4533,923,2024-06-01,4,5.71,
4534,1734,2024-06-01,0,6.85,
4535,1237,2024-06-01,9,5.12,
4536,780,2024-06-01,10,8.85,
4537,1060,2024-06-01,5,8.95,
4538,2746,2024-06-01,1,8.83,
4539,402,2024-06-01,8,6.39,
4540,2708,2024-06-01,0,6.4,
4541,2482,2024-06-01,7,6.04,
4542,1286,2024-06-01,1,5.09,
4543,134,2024-06-01,1,7.5,
4544,1787,2024-06-01,0,8.81,
4545,1647,2024-06-01,0,9.14,
4546,535,2024-06-01,4,6.59,Desmotivação observada
4547,1552,2024-06-01,2,7.47,
4548,891,2024-06-01,4,6.87,
4549,2136,2024-06-01,6,6.3,
4550,2749,2024-06-01,2,6.49,
4551,203,2024-06-01,5,5.87,Baixa participação em reuniões
4552,140,2024-06-01,8,8.48,
4553,328,2024-06-01,8,8.31,
4554,1609,2024-06-01,8,5.5,Falta de comunicação
4555,2296,2024-06-01,8,9.32,
4556,2661,2024-06-01,6,5.68,
4557,1355,2024-06-01,3,5.44,
4558,2288,2024-06-01,10,8.43,
4559,1931,2024-06-01,7,8.95,
4560,2825,2024-06-01,1,6.27,
4561,1656,2024-06-01,0,9.4,
4562,1710,2024-06-01,7,9.16,
4563,2437,2024-06-01,3,6.21,
4564,287,2024-06-01,3,8.68,Falta de comunicação
4565,459,2024-06-01,0,7.06,
4566,2725,2024-06-01,9,8.85,
4567,1342,2024-06-01,5,9.28,
4568,2623,2024-06-01,6,5.76,
4569,2048,2024-06-01,8,7.1,
4570,1755,2024-06-01,10,6.07,
4571,2187,2024-06-01,8,8.23,
4572,2220,2024-06-01,5,5.9,
4573,1111,2024-06-01,5,5.14,
4574,1579,2024-06-01,8,7.86,
4575,1608,2024-06-01,6,7.05,Desmotivação observada
4576,2177,2024-06-01,4,8.52,
4577,716,2024-06-01,2,5.91,Desmotivação observada
4578,1750,2024-06-01,8,5.18,
4579,71,2024-06-01,5,9.15,Conflitos interpessoais
4580,2040,2024-06-01,9,6.26,
4581,2079,2024-06-01,4,6.84,
4582,1723,2024-06-01,7,5.0,
4583,1448,2024-06-01,1,5.78,
4584,2558,2024-06-01,4,6.83,
4585,2648,2024-06-01,4,8.07,
4586,2492,2024-06-01,0,8.95,
4587,1436,2024-06-01,8,5.45,
4588,875,2024-06-01,2,6.18,Desmotivação observada
4589,1924,2024-06-01,0,5.96,
4590,236,2024-06-01,6,7.0,
4591,2345,2024-06-01,9,8.21,
4592,2816,2024-06-01,10,8.54,
4593,711,2024-06-01,9,8.14,Baixa participação em reuniões
4594,2702,2024-06-01,2,7.5,
4595,2269,2024-06-01,6,6.0,
4596,657,2024-06-01,10,7.78,
4597,659,2024-06-01,4,8.74,
4598,2081,2024-06-01,4,8.79,
4599,597,2024-06-01,9,5.93,
4600,433,2024-06-01,9,7.23,
4601,2463,2024-06-01,8,7.78,
4602,1753,2024-06-01,8,5.21,
4603,1777,2024-06-01,2,6.58,
4604,1095,2024-06-01,0,8.19,
4605,2776,2024-06-01,8,8.54,Baixa participação em reuniões
4606,1828,2024-06-01,5,7.49,
4607,2281,2024-06-01,3,5.93,
4608,2151,2024-06-01,0,7.95,
4609,1610,2024-06-01,4,9.08,
4610,790,2024-06-01,6,9.08,
4611,866,2024-06-01,8,6.56,
4612,846,2024-06-01,1,5.9,
4613,2134,2024-06-01,7,5.9,
4614,581,2024-06-01,0,6.65,
4615,1525,2024-06-01,4,7.95,
4616,2030,2024-06-01,1,9.29,
4617,910,2024-06-01,1,6.35,
4618,2804,2024-06-01,9,6.2,Falta de comunicação
4619,1017,2024-06-01,1,7.29,
4620,1184,2024-06-01,5,8.13,
4621,1306,2024-06-01,0,6.68,
4622,1014,2024-06-01,1,8.44,
4623,304,2024-06-01,9,8.73,
4624,1419,2024-06-01,10,7.52,Baixa participação em reuniões
4625,2607,2024-06-01,10,6.92,
4626,1164,2024-06-01,4,8.43,
4627,2153,2024-06-01,1,7.74,
4628,1268,2024-06-01,8,7.46,
4629,1789,2024-06-01,2,5.48,
4630,916,2024-06-01,6,5.85,
4631,430,2024-06-01,6,8.66,
4632,572,2024-06-01,4,7.95,
4633,985,2024-06-01,9,5.85,Falta de comunicação
4634,1250,2024-06-01,10,7.85,
4635,966,2024-06-01,10,9.1,Isolamento da equipe
4636,2352,2024-06-01,0,8.34,
4637,2399,2024-06-01,1,5.88,
4638,2026,2024-06-01,3,5.07,
4639,178,2024-06-01,6,9.22,
4640,206,2024-06-01,8,6.09,
4641,2156,2024-06-01,6,7.37,
4642,2354,2024-06-01,10,8.06,
4643,1477,2024-06-01,9,6.12,Falta de comunicação
4644,2867,2024-06-01,10,5.95,
4645,1817,2024-06-01,3,9.07,Isolamento da equipe
4646,2632,2024-06-01,5,8.21,
4647,434,2024-06-01,3,6.31,Baixa participação em reuniões
4648,702,2024-06-01,8,6.45,
4649,2644,2024-06-01,1,6.22,
4650,1247,2024-06-01,8,6.36,
4651,935,2024-06-01,9,7.16,
4652,2510,2024-06-01,6,5.22,
4653,382,2024-06-01,7,6.26,
4654,1742,2024-06-01,4,7.0,
4655,76,2024-06-01,7,7.3,
4656,1389,2024-06-01,2,9.45,Desmotivação observada
4657,1865,2024-06-01,5,7.69,Isolamento da equipe
4658,1592,2024-06-01,7,7.22,
4659,177,2024-06-01,6,9.03,
4660,2789,2024-06-01,0,5.44,
4661,2732,2024-06-01,8,5.33,
4662,2122,2024-06-01,1,8.87,
4663,1223,2024-06-01,5,6.19,
4664,2259,2024-06-01,5,8.02,
4665,87,2024-06-01,4,6.04,
4666,1662,2024-06-01,10,5.65,Conflitos interpessoais
4667,1129,2024-06-01,1,7.35,
4668,1018,2024-06-01,7,9.16,
4669,2598,2024-06-01,10,7.43,
4670,1978,2024-06-01,3,5.03,
4671,1450,2024-06-01,4,5.88,
4672,2202,2024-06-01,9,7.26,
4673,532,2024-06-01,7,8.34,
4674,1385,2024-06-01,4,8.91,
4675,78,2024-06-01,7,9.46,
4676,280,2024-06-01,3,6.47,
4677,2989,2024-06-01,6,6.02,
4678,2783,2024-06-01,6,6.14,
4679,1665,2024-06-01,0,5.04,Isolamento da equipe
4680,622,2024-06-01,5,8.79,
4681,284,2024-06-01,2,6.04,
4682,2309,2024-06-01,0,9.39,
4683,139,2024-06-01,8,6.04,
4684,2041,2024-06-01,3,6.06,
4685,695,2024-06-01,9,5.03,
4686,1754,2024-06-01,3,6.4,
4687,1282,2024-06-01,0,5.03,
4688,1130,2024-06-01,0,9.44,
4689,2791,2024-06-01,10,9.22,
4690,1873,2024-06-01,5,7.23,
4691,2765,2024-06-01,3,7.05,
4692,592,2024-06-01,6,7.29,
4693,2476,2024-06-01,3,8.17,
4694,1408,2024-06-01,2,9.12,Isolamento da equipe
4695,2715,2024-06-01,1,6.9,
4696,2697,2024-06-01,10,5.37,
4697,1833,2024-06-01,7,7.25,
4698,1586,2024-06-01,3,7.95,Isolamento da equipe
4699,37,2024-06-01,2,9.48,
4700,2256,2024-06-01,1,8.93,Isolamento da equipe
4701,1125,2024-06-01,1,8.01,
4702,2936,2024-06-01,9,7.73,
4703,176,2024-06-01,3,5.94,
4704,2800,2024-06-01,9,6.63,
4705,2586,2024-06-01,6,8.99,Conflitos interpessoais
4706,1267,2024-06-01,7,5.12,Baixa participação em reuniões
4707,2252,2024-06-01,9,5.37,
4708,2424,2024-06-01,3,6.25,Isolamento da equipe
4709,411,2024-06-01,7,7.16,
4710,2087,2024-06-01,7,8.88,
4711,316,2024-06-01,4,9.48,
4712,357,2024-06-01,7,5.75,
4713,1686,2024-06-01,10,9.19,Isolamento da equipe
4714,1917,2024-06-01,4,5.16,
4715,190,2024-06-01,8,8.67,
4716,1786,2024-06-01,6,7.09,
4717,2526,2024-06-01,3,8.19,Desmotivação observada
4718,2982,2024-06-01,0,7.58,
4719,95,2024-06-01,5,7.41,
4720,1146,2024-06-01,0,7.6,
4721,1613,2024-06-01,10,9.11,
4722,1584,2024-06-01,3,6.84,
4723,1499,2024-06-01,1,6.76,
4724,247,2024-06-01,9,8.33,
4725,2166,2024-06-01,7,9.49,
4726,192,2024-06-01,0,8.17,
4727,871,2024-06-01,5,6.14,
4728,45,2024-06-01,8,7.26,
4729,1785,2024-06-01,4,8.68,
4730,608,2024-06-01,2,9.46,
4731,217,2024-06-01,5,8.34,
4732,447,2024-06-01,10,8.7,
4733,1053,2024-06-01,1,8.89,
4734,2152,2024-06-01,5,6.06,
4735,472,2024-06-01,10,7.59,
4736,892,2024-06-01,3,5.81,
4737,9,2024-06-01,7,7.63,
4738,2161,2024-06-01,8,5.12,
4739,602,2024-06-01,2,6.14,
4740,1631,2024-06-01,4,7.09,
4741,2509,2024-06-01,4,9.18,
4742,288,2024-06-01,7,7.86,
4743,1239,2024-06-01,7,8.17,
4744,2276,2024-06-01,0,6.11,
4745,2494,2024-06-01,4,7.35,
4746,1542,2024-06-01,5,7.54,
4747,145,2024-06-01,8,5.03,
4748,2148,2024-06-01,2,8.47,
4749,2318,2024-06-01,8,7.41,
4750,2960,2024-06-01,7,7.97,Conflitos interpessoais
4751,1852,2024-06-01,10,6.5,
4752,922,2024-06-01,10,7.21,
4753,864,2024-06-01,9,8.6,
4754,1578,2024-06-01,9,8.26,
4755,1045,2024-06-01,8,8.25,Conflitos interpessoais
4756,2709,2024-06-01,3,8.17,
4757,46,2024-06-01,9,6.93,
4758,2758,2024-06-01,4,6.36,
4759,976,2024-06-01,5,5.82,
4760,2076,2024-06-01,6,8.47,
4761,2819,2024-06-01,8,6.77,
4762,1763,2024-06-01,2,7.3,
4763,1595,2024-06-01,3,5.8,
4764,2479,2024-06-01,3,8.9,Falta de comunicação
4765,2240,2024-06-01,0,8.18,
4766,1593,2024-06-01,4,7.6,
4767,417,2024-06-01,10,8.78,
4768,1092,2024-06-01,4,7.28,
4769,1357,2024-06-01,3,6.61,
4770,2594,2024-06-01,1,8.27,
4771,185,2024-06-01,1,7.47,
4772,792,2024-06-01,9,7.72,
4773,135,2024-06-01,9,5.69,
4774,1412,2024-06-01,9,8.96,
4775,1895,2024-06-01,9,9.4,
4776,405,2024-06-01,6,8.92,
4777,2766,2024-06-01,4,7.4,
4778,2924,2024-06-01,3,8.61,
4779,1812,2024-06-01,10,5.59,
4780,628,2024-06-01,0,6.12,Desmotivação observada
4781,1331,2024-06-01,8,5.1,
4782,1651,2024-06-01,7,6.24,
4783,238,2024-06-01,8,6.97,
4784,1173,2024-06-01,6,7.57,
4785,85,2024-06-01,4,6.55,
4786,1469,2024-06-01,4,5.95,Desmotivação observada
4787,2003,2024-06-01,0,8.06,
4788,2123,2024-06-01,0,8.91,Desmotivação observada
4789,2360,2024-06-01,4,7.95,
4790,1257,2024-06-01,5,6.89,
4791,2163,2024-06-01,8,9.18,Isolamento da equipe
4792,1881,2024-06-01,2,8.08,
4793,566,2024-06-01,8,6.34,
4794,2645,2024-06-01,9,5.08,
4795,52,2024-06-01,9,5.01,
4796,1490,2024-06-01,8,6.88,
4797,1508,2024-06-01,1,8.97,
4798,2395,2024-06-01,3,9.24,
4799,1717,2024-06-01,0,5.44,
4800,265,2024-06-01,4,5.68,
4801,593,2024-06-01,3,8.76,
4802,1131,2024-06-01,4,8.82,
4803,1458,2024-06-01,1,6.15,
4804,925,2024-06-01,4,7.91,
4805,239,2024-06-01,3,9.29,
4806,1191,2024-06-01,0,8.25,
4807,6,2024-06-01,6,6.81,Falta de comunicação
4808,1049,2024-06-01,7,5.44,
4809,1709,2024-06-01,10,9.41,
4810,2693,2024-06-01,0,8.02,
4811,2114,2024-06-01,6,5.5,
4812,879,2024-06-01,9,7.08,
4813,2838,2024-06-01,4,5.29,
4814,623,2024-06-01,9,7.25,
4815,851,2024-06-01,6,9.05,
4816,129,2024-06-01,7,8.69,
4817,485,2024-06-01,5,5.07,
4818,165,2024-06-01,8,6.08,
4819,2169,2024-06-01,9,6.47,
4820,666,2024-06-01,7,5.75,
4821,2571,2024-06-01,2,6.68,
4822,970,2024-06-01,1,8.33,
4823,50,2024-06-01,4,6.22,
4824,2852,2024-06-01,10,5.94,
4825,1793,2024-06-01,9,7.86,
4826,2722,2024-06-01,7,6.06,
4827,2770,2024-06-01,10,8.98,
4828,2616,2024-06-01,9,8.4,
4829,754,2024-06-01,6,5.73,
4830,783,2024-06-01,2,7.24,Baixa participação em reuniões
4831,2975,2024-06-01,8,6.76,
4832,2101,2024-06-01,2,5.58,
4833,1089,2024-06-01,8,5.26,
4834,2207,2024-06-01,1,7.55,
4835,1800,2024-06-01,4,6.91,Isolamento da equipe
4836,1466,2024-06-01,7,8.04,Conflitos interpessoais
4837,1561,2024-06-01,6,8.38,Falta de comunicação
4838,1479,2024-06-01,2,8.38,Baixa participação em reuniões
4839,1543,2024-06-01,9,6.3,Conflitos interpessoais
4840,1764,2024-06-01,3,7.48,
4841,65,2024-06-01,3,5.25,
4842,1514,2024-06-01,1,7.27,
4843,297,2024-06-01,7,6.74,
4844,1159,2024-06-01,9,7.17,Falta de comunicação
4845,2565,2024-06-01,8,5.74,
4846,1244,2024-06-01,0,5.53,
4847,1839,2024-06-01,4,5.28,
4848,1195,2024-06-01,4,8.86,
4849,2811,2024-06-01,3,9.35,
4850,266,2024-06-01,0,7.17,
4851,2075,2024-06-01,9,7.88,
4852,2711,2024-06-01,7,5.83,
4853,1864,2024-06-01,10,6.1,
4854,858,2024-06-01,4,6.95,
4855,781,2024-06-01,7,8.44,
4856,2384,2024-06-01,0,5.75,
4857,857,2024-06-01,10,7.62,
4858,1505,2024-06-01,2,7.76,
4859,2186,2024-06-01,4,8.46,
4860,943,2024-06-01,5,6.01,
4861,1990,2024-06-01,4,6.08,
4862,2641,2024-06-01,10,7.75,
4863,1178,2024-06-01,10,5.27,
4864,1992,2024-06-01,2,5.15,
4865,646,2024-06-01,0,8.04,
4866,545,2024-06-01,10,7.0,
4867,2212,2024-06-01,8,9.36,
4868,1600,2024-06-01,3,7.72,Conflitos interpessoais
4869,1826,2024-06-01,1,5.86,
4870,2698,2024-06-01,2,9.44,
4871,112,2024-06-01,0,6.43,
4872,1834,2024-06-01,5,9.29,
4873,2634,2024-06-01,4,8.87,
4874,559,2024-06-01,0,7.05,
4875,700,2024-06-01,8,5.73,
4876,230,2024-06-01,4,5.46,
4877,1001,2024-06-01,7,7.85,
4878,492,2024-06-01,6,6.61,
4879,2564,2024-06-01,1,5.79,
4880,2100,2024-06-01,1,7.01,
4881,1866,2024-06-01,2,8.89,Isolamento da equipe
4882,2784,2024-06-01,5,6.45,
4883,2876,2024-06-01,0,8.66,
4884,1359,2024-06-01,2,8.61,
4885,182,2024-06-01,7,8.94,
4886,655,2024-06-01,4,5.26,
4887,1843,2024-06-01,8,5.89,
4888,282,2024-06-01,2,9.12,
4889,2584,2024-06-01,5,7.22,
4890,1348,2024-06-01,7,7.17,
4891,2406,2024-06-01,5,7.66,
4892,984,2024-06-01,10,7.91,
4893,243,2024-06-01,10,5.23,
4894,831,2024-06-01,9,6.45,
4895,125,2024-06-01,5,8.95,
4896,1181,2024-06-01,4,8.01,
4897,171,2024-06-01,3,8.55,Desmotivação observada
4898,100,2024-06-01,2,8.13,
4899,2630,2024-06-01,3,6.98,
4900,2124,2024-06-01,0,5.97,
4901,2787,2024-06-01,0,8.52,
4902,529,2024-06-01,10,7.82,Conflitos interpessoais
4903,2375,2024-06-01,6,5.43,
4904,2229,2024-06-01,10,6.4,
4905,1867,2024-06-01,3,7.22,
4906,1478,2024-06-01,9,7.54,
4907,2916,2024-06-01,3,9.49,
4908,188,2024-06-01,10,9.1,
4909,58,2024-06-01,0,7.76,
4910,2864,2024-06-01,2,6.99,
4911,418,2024-06-01,3,5.8,
4912,489,2024-06-01,6,8.24,
4913,748,2024-06-01,8,7.83,
4914,2913,2024-06-01,4,9.14,
4915,5,2024-06-01,0,8.08,
4916,701,2024-06-01,9,6.25,
4917,2551,2024-06-01,1,6.09,
4918,317,2024-06-01,9,6.13,
4919,346,2024-06-01,10,7.66,
4920,1123,2024-06-01,5,8.27,
4921,2689,2024-06-01,1,7.49,
4922,1676,2024-06-01,2,7.12,
4923,1554,2024-06-01,0,9.3,
4924,2086,2024-06-01,10,6.39,
4925,441,2024-06-01,2,7.33,
4926,215,2024-06-01,4,8.49,
4927,225,2024-06-01,10,9.22,
4928,2385,2024-06-01,3,6.89,
4929,736,2024-06-01,9,5.03,
4930,1238,2024-12-01,0,5.19,
4931,963,2024-12-01,5,7.92,
4932,460,2024-12-01,9,7.36,
4933,1145,2024-12-01,2,8.41,
4934,1164,2024-12-01,8,8.8,
4935,777,2024-12-01,5,7.64,
4936,1735,2024-12-01,7,7.28,
4937,2534,2024-12-01,7,5.58,
4938,2676,2024-12-01,5,6.07,
4939,241,2024-12-01,4,9.2,
4940,566,2024-12-01,7,6.75,
4941,2577,2024-12-01,7,6.33,
4942,1597,2024-12-01,10,7.48,Baixa participação em reuniões
4943,1189,2024-12-01,1,5.67,
4944,1676,2024-12-01,10,6.47,
4945,1411,2024-12-01,8,8.49,
4946,826,2024-12-01,2,5.56,
4947,577,2024-12-01,10,9.46,
4948,1245,2024-12-01,8,9.36,
4949,194,2024-12-01,8,9.17,
4950,847,2024-12-01,9,5.05,Baixa participação em reuniões
4951,948,2024-12-01,3,5.73,
4952,860,2024-12-01,2,5.12,
4953,2108,2024-12-01,7,8.06,
4954,1389,2024-12-01,8,5.65,
4955,931,2024-12-01,4,6.18,
4956,591,2024-12-01,6,8.87,
4957,552,2024-12-01,4,7.27,
4958,1557,2024-12-01,5,7.66,
4959,1227,2024-12-01,10,5.02,
4960,2520,2024-12-01,0,5.79,
4961,2053,2024-12-01,7,5.48,
4962,1866,2024-12-01,5,8.65,
4963,84,2024-12-01,7,8.46,
4964,318,2024-12-01,4,6.6,
4965,2151,2024-12-01,0,6.68,
4966,1077,2024-12-01,10,6.87,
4967,2256,2024-12-01,0,8.27,
4968,1824,2024-12-01,3,8.23,Isolamento da equipe
4969,1707,2024-12-01,8,8.8,
4970,2788,2024-12-01,10,5.1,
4971,2212,2024-12-01,5,6.51,
4972,2715,2024-12-01,5,8.01,
4973,795,2024-12-01,4,9.45,
4974,893,2024-12-01,6,9.22,
4975,1340,2024-12-01,0,6.3,
4976,432,2024-12-01,1,6.26,
4977,769,2024-12-01,9,9.37,
4978,1657,2024-12-01,6,6.85,
4979,718,2024-12-01,1,6.07,
4980,1585,2024-12-01,6,7.06,
4981,1662,2024-12-01,5,5.5,Baixa participação em reuniões
4982,2789,2024-12-01,7,5.43,
4983,494,2024-12-01,1,6.27,
4984,384,2024-12-01,6,8.11,
4985,1333,2024-12-01,3,5.12,
4986,2555,2024-12-01,9,6.65,
4987,1950,2024-12-01,4,8.65,
4988,2094,2024-12-01,1,8.94,
4989,1322,2024-12-01,5,5.71,
4990,2822,2024-12-01,9,8.53,
4991,2296,2024-12-01,2,7.56,
4992,697,2024-12-01,8,6.38,
4993,382,2024-12-01,3,8.52,
4994,1948,2024-12-01,2,9.19,
4995,2796,2024-12-01,5,6.16,
4996,1239,2024-12-01,1,5.2,Baixa participação em reuniões
4997,456,2024-12-01,5,8.02,Desmotivação observada
4998,2699,2024-12-01,7,6.13,
4999,705,2024-12-01,6,9.26,
5000,1093,2024-12-01,4,7.56,
5001,2781,2024-12-01,8,8.13,
5002,1166,2024-12-01,10,6.54,
5003,2261,2024-12-01,8,7.73,Falta de comunicação
5004,1065,2024-12-01,2,5.56,
5005,1314,2024-12-01,6,7.07,
5006,2694,2024-12-01,10,9.3,
5007,344,2024-12-01,1,5.8,
5008,2532,2024-12-01,10,5.63,
5009,2610,2024-12-01,4,5.31,
5010,473,2024-12-01,9,9.03,
5011,751,2024-12-01,0,7.94,
5012,243,2024-12-01,9,5.46,
5013,2755,2024-12-01,7,8.51,Desmotivação observada
5014,759,2024-12-01,1,6.38,Desmotivação observada
5015,2844,2024-12-01,8,8.47,
5016,2859,2024-12-01,4,5.42,
5017,713,2024-12-01,8,7.14,
5018,2732,2024-12-01,4,7.46,
5019,1252,2024-12-01,3,6.5,
5020,1419,2024-12-01,9,7.91,
5021,2138,2024-12-01,10,6.88,
5022,1206,2024-12-01,9,6.98,
5023,1584,2024-12-01,6,6.83,
5024,1738,2024-12-01,6,8.0,
5025,1116,2024-12-01,7,5.54,
5026,1471,2024-12-01,10,5.87,
5027,289,2024-12-01,7,8.39,
5028,315,2024-12-01,3,5.03,
5029,907,2024-12-01,6,8.88,Isolamento da equipe
5030,1874,2024-12-01,0,7.79,
5031,899,2024-12-01,10,5.14,
5032,436,2024-12-01,8,7.99,
5033,1878,2024-12-01,6,7.38,
5034,2646,2024-12-01,8,6.7,
5035,1702,2024-12-01,5,7.89,
5036,1025,2024-12-01,5,6.79,
5037,655,2024-12-01,0,8.97,
5038,204,2024-12-01,2,8.62,
5039,2490,2024-12-01,0,6.82,
5040,1144,2024-12-01,10,5.65,
5041,942,2024-12-01,3,5.88,
5042,1658,2024-12-01,0,5.99,
5043,2691,2024-12-01,9,7.78,
5044,132,2024-12-01,2,5.16,
5045,1402,2024-12-01,4,5.82,Falta de comunicação
5046,913,2024-12-01,0,6.04,
5047,596,2024-12-01,0,8.74,
5048,2596,2024-12-01,5,9.36,
5049,650,2024-12-01,4,6.37,
5050,1351,2024-12-01,0,9.31,
5051,1278,2024-12-01,0,6.65,
5052,1003,2024-12-01,4,8.68,
5053,1214,2024-12-01,1,7.77,
5054,2046,2024-12-01,0,8.15,
5055,2321,2024-12-01,5,5.25,
5056,1762,2024-12-01,7,9.22,
5057,521,2024-12-01,0,5.16,
5058,2819,2024-12-01,3,7.42,Baixa participação em reuniões
5059,2599,2024-12-01,5,5.6,Conflitos interpessoais
5060,165,2024-12-01,4,8.67,
5061,306,2024-12-01,6,7.77,
5062,508,2024-12-01,2,8.96,
5063,191,2024-12-01,4,5.22,
5064,397,2024-12-01,2,5.89,
5065,1998,2024-12-01,1,8.55,
5066,2568,2024-12-01,2,7.29,Conflitos interpessoais
5067,1282,2024-12-01,0,8.57,
5068,354,2024-12-01,10,6.66,Desmotivação observada
5069,2658,2024-12-01,3,7.04,
5070,136,2024-12-01,10,9.0,
5071,1306,2024-12-01,6,7.52,
5072,2727,2024-12-01,8,7.08,
5073,2409,2024-12-01,7,8.42,
5074,1463,2024-12-01,2,7.14,Desmotivação observada
5075,1268,2024-12-01,9,7.03,
5076,635,2024-12-01,6,7.02,
5077,2028,2024-12-01,7,8.88,
5078,2199,2024-12-01,6,7.96,
5079,213,2024-12-01,2,5.25,
5080,1398,2024-12-01,4,6.66,
5081,2775,2024-12-01,8,6.56,
5082,1815,2024-12-01,5,6.94,
5083,2759,2024-12-01,6,5.66,
5084,856,2024-12-01,1,8.1,
5085,458,2024-12-01,6,5.78,
5086,2548,2024-12-01,9,5.43,
5087,936,2024-12-01,1,9.09,
5088,1346,2024-12-01,5,7.38,
5089,2951,2024-12-01,6,7.5,
5090,238,2024-12-01,7,6.64,
5091,1733,2024-12-01,7,7.48,
5092,1859,2024-12-01,0,8.04,
5093,2845,2024-12-01,6,5.34,
5094,2632,2024-12-01,0,6.13,
5095,2365,2024-12-01,4,9.03,
5096,1717,2024-12-01,9,6.17,
5097,1231,2024-12-01,3,6.64,
5098,465,2024-12-01,4,6.52,
5099,462,2024-12-01,3,9.16,
5100,1651,2024-12-01,1,8.2,
5101,1873,2024-12-01,9,5.57,
5102,2862,2024-12-01,2,8.76,
5103,1302,2024-12-01,1,6.64,
5104,1862,2024-12-01,7,9.02,
5105,1063,2024-12-01,9,9.43,
5106,2758,2024-12-01,6,6.43,Conflitos interpessoais
5107,2806,2024-12-01,10,5.23,
5108,1686,2024-12-01,2,7.34,
5109,2005,2024-12-01,0,7.03,
5110,1864,2024-12-01,7,5.34,
5111,2304,2024-12-01,7,5.12,
5112,2144,2024-12-01,2,8.03,
5113,1327,2024-12-01,10,8.81,
5114,1909,2024-12-01,5,8.74,
5115,2535,2024-12-01,5,7.42,
5116,2541,2024-12-01,7,9.41,
5117,2892,2024-12-01,5,8.13,
5118,1390,2024-12-01,3,8.31,
5119,1121,2024-12-01,3,6.51,
5120,2471,2024-12-01,8,9.46,Baixa participação em reuniões
5121,1177,2024-12-01,9,8.71,Baixa participação em reuniões
5122,1457,2024-12-01,5,9.15,
5123,124,2024-12-01,4,6.65,
5124,2728,2024-12-01,8,8.73,
5125,1779,2024-12-01,8,5.14,
5126,307,2024-12-01,6,7.04,
5127,858,2024-12-01,3,8.14,
5128,1530,2024-12-01,7,8.84,
5129,1084,2024-12-01,0,5.35,
5130,1293,2024-12-01,5,7.96,
5131,2539,2024-12-01,2,5.18,
5132,98,2024-12-01,8,5.43,
5133,807,2024-12-01,10,7.18,
5134,2769,2024-12-01,0,5.91,Desmotivação observada
5135,1496,2024-12-01,0,7.57,
5136,2086,2024-12-01,5,7.96,
5137,1491,2024-12-01,9,8.02,
5138,1600,2024-12-01,6,9.34,
5139,2157,2024-12-01,8,9.48,
5140,1486,2024-12-01,7,7.97,
5141,491,2024-12-01,7,8.11,
5142,2329,2024-12-01,6,5.77,
5143,281,2024-12-01,1,6.05,
5144,1488,2024-12-01,8,9.47,
5145,886,2024-12-01,5,8.11,
5146,1447,2024-12-01,8,8.66,
5147,34,2024-12-01,9,8.1,
5148,2238,2024-12-01,10,7.23,
5149,2598,2024-12-01,7,5.75,
5150,2314,2024-12-01,1,6.45,
5151,48,2024-12-01,8,8.29,
5152,2710,2024-12-01,10,7.25,
5153,2287,2024-12-01,9,7.65,
5154,2403,2024-12-01,2,7.03,
5155,2006,2024-12-01,4,8.84,
5156,39,2024-12-01,5,6.6,Conflitos interpessoais
5157,2439,2024-12-01,2,6.67,
5158,1773,2024-12-01,7,5.43,
5159,2562,2024-12-01,2,6.57,
5160,1549,2024-12-01,6,7.44,
5161,2756,2024-12-01,3,8.92,
5162,2300,2024-12-01,3,7.52,
5163,22,2024-12-01,3,5.17,
5164,1973,2024-12-01,9,7.09,Baixa participação em reuniões
5165,427,2024-12-01,4,5.47,
5166,2540,2024-12-01,0,6.8,
5167,609,2024-12-01,0,6.88,
5168,1195,2024-12-01,2,9.01,
5169,2152,2024-12-01,0,6.44,Baixa participação em reuniões
5170,2983,2024-12-01,2,7.92,
5171,1369,2024-12-01,5,7.31,
5172,1008,2024-12-01,8,5.66,
5173,1522,2024-12-01,3,6.46,
5174,1529,2024-12-01,2,6.5,
5175,2234,2024-12-01,10,7.92,
5176,2015,2024-12-01,8,5.45,
5177,2249,2024-12-01,7,7.25,
5178,1058,2024-12-01,6,5.11,
5179,1765,2024-12-01,4,6.58,
5180,2402,2024-12-01,9,9.1,
5181,2164,2024-12-01,2,6.85,
5182,1999,2024-12-01,10,8.98,
5183,1537,2024-12-01,9,9.43,
5184,1308,2024-12-01,0,7.88,
5185,1576,2024-12-01,7,5.8,
5186,2820,2024-12-01,6,6.36,
5187,964,2024-12-01,10,9.42,
5188,869,2024-12-01,9,6.54,
5189,2934,2024-12-01,7,9.01,
5190,2817,2024-12-01,7,7.62,
5191,2721,2024-12-01,4,8.09,
5192,828,2024-12-01,0,6.77,
5193,2704,2024-12-01,6,5.22,
5194,396,2024-12-01,4,7.6,
5195,2997,2024-12-01,10,8.49,
5196,20,2024-12-01,7,5.62,
5197,2777,2024-12-01,7,5.77,
5198,2563,2024-12-01,5,8.95,
5199,1207,2024-12-01,0,6.18,
5200,2442,2024-12-01,8,9.02,
5201,2337,2024-12-01,7,8.51,
5202,1287,2024-12-01,9,5.87,
5203,2239,2024-12-01,0,6.74,
5204,2126,2024-12-01,8,5.11,
5205,1643,2024-12-01,10,7.91,
5206,2153,2024-12-01,7,6.15,
5207,1481,2024-12-01,1,8.36,
5208,2582,2024-12-01,2,9.09,
5209,1567,2024-12-01,9,7.22,
5210,1693,2024-12-01,3,5.9,
5211,443,2024-12-01,6,6.21,
5212,1929,2024-12-01,8,5.32,
5213,1575,2024-12-01,8,7.48,
5214,969,2024-12-01,4,6.44,
5215,1371,2024-12-01,3,8.68,
5216,2773,2024-12-01,3,9.07,
5217,880,2024-12-01,4,8.27,
5218,310,2024-12-01,3,9.03,
5219,1285,2024-12-01,4,6.71,
5220,207,2024-12-01,9,5.06,
5221,88,2024-12-01,9,7.28,Falta de comunicação
5222,2966,2024-12-01,4,9.38,
5223,1887,2024-12-01,0,6.91,Isolamento da equipe
5224,2764,2024-12-01,5,8.99,Conflitos interpessoais
5225,2305,2024-12-01,7,8.23,
5226,119,2024-12-01,9,5.08,
5227,2964,2024-12-01,4,8.0,
5228,928,2024-12-01,8,6.13,
5229,62,2024-12-01,2,6.48,
5230,2787,2024-12-01,5,7.39,
5231,288,2024-12-01,5,6.57,
5232,565,2024-12-01,3,8.33,
5233,227,2024-12-01,1,9.0,
5234,2170,2024-12-01,4,7.3,
5235,1803,2024-12-01,8,7.89,
5236,1272,2024-12-01,7,7.06,
5237,2432,2024-12-01,10,5.54,
5238,1136,2024-12-01,5,6.44,
5239,2832,2024-12-01,2,9.37,
5240,231,2024-12-01,7,6.55,
5241,1356,2024-12-01,2,8.87,
5242,2945,2024-12-01,3,9.12,
5243,283,2024-12-01,4,9.21,
5244,940,2024-12-01,9,6.69,
5245,2754,2024-12-01,6,6.38,
5246,2872,2024-12-01,5,8.63,
5247,2763,2024-12-01,0,7.29,
5248,1713,2024-12-01,7,9.24,
5249,2923,2024-12-01,1,5.96,
5250,2277,2024-12-01,8,7.76,
5251,2910,2024-12-01,2,5.85,
5252,2585,2024-12-01,5,7.72,
5253,2175,2024-12-01,8,7.08,
5254,2745,2024-12-01,5,5.15,
5255,1363,2024-12-01,10,7.59,
5256,641,2024-12-01,0,8.2,Baixa participação em reuniões
5257,556,2024-12-01,0,8.81,
5258,1223,2024-12-01,8,8.18,
5259,2435,2024-12-01,10,8.26,
5260,1377,2024-12-01,9,7.01,Conflitos interpessoais
5261,1816,2024-12-01,8,8.29,
5262,879,2024-12-01,2,6.28,
5263,1474,2024-12-01,7,8.86,
5264,1516,2024-12-01,5,7.1,
5265,2828,2024-12-01,2,7.8,
5266,2464,2024-12-01,4,5.43,
5267,1090,2024-12-01,1,5.69,
5268,3,2024-12-01,4,6.03,
5269,1678,2024-12-01,9,5.12,
5270,1810,2024-12-01,0,5.13,
5271,1495,2024-12-01,5,5.89,
5272,1013,2024-12-01,10,6.17,Isolamento da equipe
5273,2515,2024-12-01,7,6.16,
5274,2339,2024-12-01,10,5.86,
5275,2950,2024-12-01,3,7.55,
5276,2894,2024-12-01,4,8.21,
5277,2229,2024-12-01,8,6.89,Desmotivação observada
5278,656,2024-12-01,1,5.06,
5279,2141,2024-12-01,6,8.85,Baixa participação em reuniões
5280,844,2024-12-01,9,6.79,
5281,252,2024-12-01,5,9.29,
5282,832,2024-12-01,5,6.82,
5283,56,2024-12-01,6,6.95,
5284,2488,2024-12-01,10,8.53,
5285,2180,2024-12-01,6,7.37,
5286,572,2024-12-01,10,8.31,
5287,420,2024-12-01,4,5.7,
5288,369,2024-12-01,10,8.54,
5289,1320,2024-12-01,0,7.08,Desmotivação observada
5290,1696,2024-12-01,8,5.19,
5291,649,2024-12-01,9,6.26,
5292,1224,2024-12-01,2,8.7,Baixa participação em reuniões
5293,1506,2024-12-01,8,8.15,
5294,1941,2024-12-01,9,6.97,
5295,1709,2024-12-01,3,6.04,Baixa participação em reuniões
5296,145,2024-12-01,7,8.6,
5297,92,2024-12-01,9,7.74,
5298,2707,2024-12-01,6,6.18,
5299,477,2024-12-01,5,5.38,
5300,757,2024-12-01,4,5.58,
5301,822,2024-12-01,2,8.74,
5302,1352,2024-12-01,9,7.56,
5303,1165,2024-12-01,0,5.61,
5304,1763,2024-12-01,1,8.57,
5305,1328,2024-12-01,5,6.46,
5306,2836,2024-12-01,3,7.07,Conflitos interpessoais
5307,2989,2024-12-01,5,5.58,
5308,80,2024-12-01,8,7.14,
5309,2795,2024-12-01,0,7.65,
5310,2936,2024-12-01,3,6.52,
5311,727,2024-12-01,7,7.67,
5312,405,2024-12-01,1,7.89,
5313,582,2024-12-01,9,8.69,
5314,457,2024-12-01,2,6.03,
5315,2156,2024-12-01,0,5.81,
5316,2512,2024-12-01,0,5.13,
5317,2298,2024-12-01,7,6.86,
5318,2783,2024-12-01,2,7.74,
5319,1977,2024-12-01,9,8.05,
5320,595,2024-12-01,5,6.28,Baixa participação em reuniões
5321,2259,2024-12-01,9,5.02,Isolamento da equipe
5322,2552,2024-12-01,4,8.34,
5323,1940,2024-12-01,8,7.24,
5324,605,2024-12-01,2,9.08,
5325,413,2024-12-01,2,9.01,
5326,450,2024-12-01,6,5.75,
5327,690,2024-12-01,8,9.07,
5328,680,2024-12-01,8,8.57,
5329,295,2024-12-01,0,5.12,
5330,787,2024-12-01,9,5.15,
5331,1979,2024-12-01,7,8.68,
5332,2521,2024-12-01,10,8.31,
5333,1894,2024-12-01,8,6.81,
5334,1309,2024-12-01,10,8.95,
5335,180,2024-12-01,2,5.16,Baixa participação em reuniões
5336,1996,2024-12-01,7,6.21,
5337,2969,2024-12-01,2,8.73,
5338,1854,2024-12-01,0,7.7,
5339,294,2024-12-01,8,5.62,
5340,167,2024-12-01,8,7.96,Isolamento da equipe
5341,2301,2024-12-01,5,5.63,
5342,2800,2024-12-01,2,8.34,
5343,1414,2024-12-01,3,6.49,
5344,2303,2024-12-01,7,6.87,
5345,312,2024-12-01,4,7.15,
5346,2322,2024-12-01,0,6.88,
5347,1812,2024-12-01,8,9.27,
5348,770,2024-12-01,8,8.41,
5349,2716,2024-12-01,4,7.61,
5350,1526,2024-12-01,1,6.81,
5351,1237,2024-12-01,4,7.31,Isolamento da equipe
5352,685,2024-12-01,6,7.61,
5353,2581,2024-12-01,10,7.77,
5354,1756,2024-12-01,10,6.81,
5355,2097,2024-12-01,1,7.67,
5356,47,2024-12-01,7,8.44,
5357,2145,2024-12-01,1,8.88,
5358,2852,2024-12-01,5,5.73,
5359,2511,2024-12-01,7,7.98,
5360,1418,2024-12-01,2,6.55,
5361,66,2024-12-01,10,6.43,
5362,877,2024-12-01,4,6.31,
5363,1764,2024-12-01,1,5.55,Desmotivação observada
5364,896,2024-12-01,4,7.81,Isolamento da equipe
5365,1981,2024-12-01,8,7.1,
5366,1316,2024-12-01,5,7.01,
5367,550,2024-12-01,3,5.6,
5368,2779,2024-12-01,4,6.23,
5369,569,2024-12-01,3,8.27,
5370,2933,2024-12-01,4,8.43,
5371,2096,2024-12-01,3,5.63,
5372,2647,2024-12-01,0,5.28,
5373,2778,2024-12-01,1,7.7,
5374,1030,2024-12-01,8,5.46,
5375,2078,2024-12-01,2,5.11,
5376,233,2024-12-01,2,7.13,
5377,311,2024-12-01,9,9.24,
5378,920,2024-12-01,6,7.48,
5379,337,2024-12-01,0,8.05,
5380,2331,2024-12-01,4,6.92,
5381,1431,2024-12-01,9,5.24,
5382,915,2024-12-01,0,7.71,
5383,445,2024-12-01,8,9.16,
5384,1005,2024-12-01,1,8.88,
5385,444,2024-12-01,5,5.81,
5386,2060,2024-12-01,0,7.21,
5387,793,2024-12-01,5,8.38,
5388,2205,2024-12-01,6,5.19,
5389,1095,2024-12-01,7,8.06,
5390,358,2024-12-01,7,5.67,
5391,562,2024-12-01,1,9.3,
5392,2767,2024-12-01,9,6.98,
5393,1589,2024-12-01,5,6.44,
5394,1462,2024-12-01,6,7.9,
5395,2517,2024-12-01,8,5.68,
5396,2622,2024-12-01,0,5.96,
5397,1106,2024-12-01,6,9.31,Desmotivação observada
5398,761,2024-12-01,9,6.11,
5399,320,2024-12-01,9,5.88,Falta de comunicação
5400,2593,2024-12-01,5,9.44,
5401,2328,2024-12-01,6,7.76,
5402,990,2024-12-01,4,8.64,Falta de comunicação
5403,1392,2024-12-01,9,5.09,
5404,2449,2024-12-01,5,9.43,
5405,254,2024-12-01,5,9.42,Desmotivação observada
5406,70,2024-12-01,6,5.08,
5407,659,2024-12-01,9,6.96,
5408,2200,2024-12-01,2,5.61,
5409,2507,2024-12-01,6,7.79,
5410,2708,2024-12-01,1,8.9,
5411,538,2024-12-01,3,9.17,Desmotivação observada
5412,2443,2024-12-01,4,6.38,
5413,1033,2024-12-01,2,5.78,
5414,2626,2024-12-01,8,8.46,
5415,114,2024-12-01,3,5.84,
5416,474,2024-12-01,10,8.6,
5417,1826,2024-12-01,10,6.15,
5418,1721,2024-12-01,7,7.71,
5419,1181,2024-12-01,7,5.36,Baixa participação em reuniões
5420,54,2024-12-01,7,8.05,
5421,684,2024-12-01,9,9.04,Isolamento da equipe
5422,433,2024-12-01,4,6.03,
5423,2169,2024-12-01,0,9.14,
5424,2609,2024-12-01,0,6.02,
5425,2943,2024-12-01,7,9.35,
5426,2009,2024-12-01,3,6.6,
5427,947,2024-12-01,9,5.69,
5428,583,2024-12-01,6,7.18,
5429,749,2024-12-01,5,6.08,
5430,1107,2024-12-01,2,6.37,
5431,442,2024-12-01,2,6.6,
5432,297,2024-12-01,9,5.47,
5433,2743,2024-12-01,6,8.7,
5434,440,2024-12-01,9,7.75,
5435,1652,2024-12-01,9,6.89,
5436,2683,2024-12-01,1,9.11,
5437,2496,2024-12-01,3,8.82,
5438,324,2024-12-01,3,8.09,
5439,2551,2024-12-01,8,8.24,
5440,1833,2024-12-01,5,6.67,
5441,1596,2024-12-01,8,8.87,
5442,2620,2024-12-01,4,7.9,
5443,2377,2024-12-01,1,6.39,
5444,2818,2024-12-01,6,8.81,
5445,1695,2024-12-01,6,9.16,
5446,1919,2024-12-01,9,5.49,
5447,2323,2024-12-01,8,9.3,
5448,2668,2024-12-01,9,5.24,
5449,1009,2024-12-01,10,7.31,
5450,1421,2024-12-01,7,9.45,
5451,1326,2024-12-01,7,7.25,
5452,1607,2024-12-01,1,6.36,
5453,2724,2024-12-01,1,7.29,
5454,2757,2024-12-01,1,8.23,
5455,1247,2024-12-01,0,6.54,
5456,2602,2024-12-01,4,7.03,
5457,2888,2024-12-01,1,6.79,
5458,518,2024-12-01,10,9.21,
5459,346,2024-12-01,1,6.99,
5460,1800,2024-12-01,1,5.47,Isolamento da equipe
5461,1688,2024-12-01,0,7.97,
5462,2382,2024-12-01,4,6.18,
5463,2383,2024-12-01,6,7.49,
5464,71,2024-12-01,0,5.83,
5465,1818,2024-12-01,7,8.14,
5466,721,2024-12-01,1,7.52,
5467,837,2024-12-01,3,5.14,
5468,1974,2024-12-01,7,7.17,
5469,1124,2024-12-01,7,7.76,
5470,2172,2024-12-01,10,9.35,
5471,2911,2024-12-01,0,6.14,
5472,1893,2024-12-01,3,7.54,
5473,1532,2024-12-01,1,6.49,
5474,249,2024-12-01,0,5.47,
5475,393,2024-12-01,1,5.93,
5476,1158,2024-12-01,2,7.05,
5477,2600,2024-12-01,1,5.13,
5478,335,2024-12-01,4,8.38,
5479,9,2024-12-01,8,7.8,
5480,61,2024-12-01,5,5.0,
5481,2317,2024-12-01,8,7.47,
5482,2709,2024-12-01,0,9.07,Desmotivação observada
5483,322,2024-12-01,2,7.08,
5484,272,2024-12-01,6,9.05,
5485,2117,2024-12-01,2,5.9,
5486,2260,2024-12-01,10,5.29,
5487,1558,2024-12-01,9,8.62,Baixa participação em reuniões
5488,1188,2024-12-01,6,6.79,
5489,1892,2024-12-01,8,8.94,
5490,776,2024-12-01,0,9.47,
5491,2902,2024-12-01,9,7.78,
5492,33,2024-12-01,10,8.85,
5493,1634,2024-12-01,6,7.84,
5494,1115,2024-12-01,0,7.57,
5495,1010,2024-12-01,2,5.56,
5496,2273,2024-12-01,5,5.94,
5497,901,2024-12-01,1,8.03,
5498,2055,2024-12-01,9,7.66,
5499,63,2024-12-01,1,8.5,
5500,2556,2024-12-01,7,7.01,
5501,2020,2024-12-01,2,7.9,Isolamento da equipe
5502,2460,2024-12-01,10,5.54,
5503,2197,2024-12-01,3,7.54,
5504,157,2024-12-01,3,8.35,
5505,2628,2024-12-01,3,8.6,
5506,2840,2024-12-01,5,7.4,
5507,50,2024-12-01,1,8.11,
5508,2678,2024-12-01,1,6.3,Falta de comunicação
5509,1441,2024-12-01,9,9.14,
5510,1554,2024-12-01,1,6.49,Conflitos interpessoais
5511,1839,2024-12-01,4,5.27,
5512,798,2024-12-01,2,8.48,
5513,2510,2024-12-01,10,5.21,
5514,917,2024-12-01,4,7.78,
5515,1426,2024-12-01,3,7.72,
5516,1856,2024-12-01,8,9.3,
5517,3000,2024-12-01,6,6.89,
5518,2604,2024-12-01,2,7.42,
5519,1548,2024-12-01,5,8.82,
5520,2211,2024-12-01,0,7.17,Desmotivação observada
5521,1980,2024-12-01,1,8.24,
5522,2159,2024-12-01,7,6.97,
5523,2265,2024-12-01,2,6.79,
5524,1143,2024-12-01,0,8.8,
5525,1045,2024-12-01,1,7.16,
5526,2411,2024-12-01,9,5.13,
5527,164,2024-12-01,1,5.18,
5528,1319,2024-12-01,5,7.91,
5529,2452,2024-12-01,2,9.42,
5530,1200,2024-12-01,10,5.62,
5531,234,2024-12-01,1,6.42,
5532,1970,2024-12-01,8,5.71,
5533,923,2024-12-01,1,8.81,
5534,2071,2024-12-01,1,5.4,
5535,1694,2024-12-01,2,6.14,Falta de comunicação
5536,104,2024-12-01,2,7.02,
5537,2051,2024-12-01,5,9.02,
5538,522,2024-12-01,4,5.72,
5539,1640,2024-12-01,9,5.35,
5540,2821,2024-12-01,9,9.47,
5541,325,2024-12-01,4,5.01,
5542,2744,2024-12-01,1,7.65,
5543,710,2024-12-01,6,5.72,
5544,580,2024-12-01,8,9.49,
5545,2623,2024-12-01,3,7.39,
5546,2733,2024-12-01,10,5.84,
5547,1379,2024-12-01,9,8.73,
5548,2948,2024-12-01,10,9.39,
5549,1992,2024-12-01,2,6.42,
5550,246,2024-12-01,3,8.24,Desmotivação observada
5551,2580,2024-12-01,4,6.9,
5552,874,2024-12-01,0,8.78,
5553,1256,2024-12-01,4,6.82,
5554,2101,2024-12-01,0,5.02,
5555,411,2024-12-01,7,7.23,
5556,2970,2024-12-01,8,7.66,
5557,1985,2024-12-01,5,9.29,
5558,2376,2024-12-01,8,6.66,
5559,1096,2024-12-01,7,8.85,Conflitos interpessoais
5560,2246,2024-12-01,8,5.36,
5561,529,2024-12-01,5,7.98,Baixa participação em reuniões
5562,226,2024-12-01,7,6.95,
5563,540,2024-12-01,4,5.27,
5564,722,2024-12-01,8,7.12,Desmotivação observada
5565,1556,2024-12-01,4,5.67,
5566,1631,2024-12-01,5,9.2,
5567,1279,2024-12-01,4,7.55,
5568,340,2024-12-01,3,7.12,
5569,1204,2024-12-01,8,8.83,
5570,1626,2024-12-01,10,7.83,
5571,953,2024-12-01,9,9.01,
5572,2672,2024-12-01,7,8.22,
5573,2482,2024-12-01,2,8.81,
5574,141,2024-12-01,1,5.48,
5575,302,2024-12-01,10,7.09,
5576,2120,2024-12-01,8,8.98,
5577,909,2024-12-01,2,6.89,Falta de comunicação
5578,1876,2024-12-01,0,5.76,
5579,1162,2024-12-01,7,5.91,
5580,2987,2024-12-01,5,9.35,
5581,2712,2024-12-01,8,6.55,
5582,2926,2024-12-01,2,8.09,
5583,1761,2024-12-01,1,5.76,
5584,1928,2024-12-01,5,8.44,
5585,353,2024-12-01,1,5.9,
5586,2791,2024-12-01,3,7.51,
5587,2544,2024-12-01,5,8.55,
5588,2131,2024-12-01,8,5.61,
5589,1793,2024-12-01,0,6.36,
5590,1808,2024-12-01,7,9.17,
5591,2700,2024-12-01,1,7.92,
5592,2251,2024-12-01,10,5.37,
5593,2494,2024-12-01,6,7.12,
5594,502,2024-12-01,1,5.08,
5595,2798,2024-12-01,4,6.98,
5596,599,2024-12-01,3,7.53,
5597,1886,2024-12-01,6,7.24,
5598,951,2024-12-01,5,8.58,
5599,68,2024-12-01,10,8.8,Isolamento da equipe
5600,1482,2024-12-01,0,6.26,
5601,2904,2024-12-01,8,5.74,
5602,2928,2024-12-01,1,9.14,
5603,1503,2024-12-01,6,8.19,
5604,870,2024-12-01,4,6.36,
5605,2379,2024-12-01,9,8.79,
5606,208,2024-12-01,5,7.47,
5607,779,2024-12-01,7,7.25,
5608,1783,2024-12-01,3,7.61,Baixa participação em reuniões
5609,1343,2024-12-01,0,7.7,
5610,911,2024-12-01,0,5.58,
5611,181,2024-12-01,8,6.67,
5612,2001,2024-12-01,3,7.02,
5613,305,2024-12-01,10,6.97,
5614,429,2024-12-01,7,6.25,
5615,2513,2024-12-01,10,7.02,
5616,2657,2024-12-01,5,9.29,Baixa participação em reuniões
5617,1778,2024-12-01,6,8.86,
5618,1255,2024-12-01,1,6.7,Falta de comunicação
5619,2659,2024-12-01,6,9.14,
5620,2669,2024-12-01,6,8.35,
5621,2747,2024-12-01,2,9.48,Baixa participação em reuniões
5622,2284,2024-12-01,6,5.74,
5623,511,2024-12-01,1,8.24,
5624,2218,2024-12-01,4,5.7,
5625,2161,2024-12-01,7,7.36,
5626,912,2024-12-01,5,8.84,
5627,2785,2024-12-01,4,5.98,
5628,2312,2024-12-01,3,9.27,Baixa participação em reuniões
5629,1375,2024-12-01,0,8.83,
5630,1579,2024-12-01,10,5.16,
5631,2162,2024-12-01,10,5.21,
5632,1701,2024-12-01,1,7.75,
5633,1767,2024-12-01,3,5.99,
5634,887,2024-12-01,2,7.56,
5635,2879,2024-12-01,6,5.78,
5636,2814,2024-12-01,10,7.47,
5637,945,2024-12-01,5,7.92,
5638,1907,2024-12-01,0,7.93,
5639,1726,2024-12-01,1,5.58,
5640,2671,2024-12-01,0,7.08,Falta de comunicação
5641,2052,2024-12-01,5,5.46,
5642,2514,2024-12-01,6,9.18,
5643,2615,2024-12-01,6,5.61,
5644,1360,2024-12-01,0,8.28,
5645,932,2024-12-01,10,8.18,
5646,878,2024-12-01,1,9.38,
5647,2849,2024-12-01,7,9.44,
5648,270,2024-12-01,4,9.5,
5649,1687,2024-12-01,4,7.28,
5650,2696,2024-12-01,2,8.36,
5651,1982,2024-12-01,7,5.63,
5652,746,2024-12-01,9,5.21,Conflitos interpessoais
5653,803,2024-12-01,9,5.61,
5654,326,2024-12-01,1,9.31,
5655,513,2024-12-01,9,5.62,
5656,2720,2024-12-01,1,7.02,
5657,1968,2024-12-01,5,9.36,
5658,285,2024-12-01,1,8.63,
5659,175,2024-12-01,4,6.78,
5660,1170,2024-12-01,1,5.33,
5661,1260,2024-12-01,3,5.98,
5662,152,2024-12-01,10,6.41,
5663,2455,2024-12-01,6,8.42,
5664,2574,2024-12-01,0,7.18,
5665,1514,2024-12-01,4,9.0,
5666,987,2024-12-01,4,6.32,
5667,1952,2024-12-01,5,5.1,
5668,459,2024-12-01,5,6.59,
5669,557,2024-12-01,4,5.43,
5670,441,2024-12-01,5,9.11,
5671,1831,2024-12-01,10,7.2,
5672,2063,2024-12-01,0,9.25,
5673,423,2024-12-01,3,6.68,Falta de comunicação
5674,2988,2024-12-01,0,9.19,
5675,2198,2024-12-01,4,6.38,
5676,2357,2024-12-01,10,6.8,
5677,2125,2024-12-01,10,9.27,
5678,1552,2024-12-01,2,8.57,
5679,2068,2024-12-01,7,5.76,Conflitos interpessoais
5680,2637,2024-12-01,7,7.49,
5681,585,2024-12-01,0,9.48,
5682,1811,2024-12-01,0,7.26,
5683,255,2024-12-01,3,5.79,
5684,1064,2024-12-01,7,8.23,
5685,743,2024-12-01,2,7.6,
5686,1222,2024-12-01,9,5.85,
5687,331,2024-12-01,6,9.25,
5688,1011,2024-12-01,4,7.59,
5689,1732,2024-12-01,4,5.8,
5690,366,2024-12-01,8,9.18,
5691,834,2024-12-01,10,9.29,Conflitos interpessoais
5692,1386,2024-12-01,2,9.12,
5693,2768,2024-12-01,1,5.23,Falta de comunicação
5694,1518,2024-12-01,4,6.01,
5695,385,2024-12-01,5,8.53,
5696,129,2024-12-01,5,5.65,
5697,664,2024-12-01,4,7.27,
5698,2235,2024-12-01,2,6.27,
5699,330,2024-12-01,0,5.37,Falta de comunicação
5700,2952,2024-12-01,0,7.84,
5701,894,2024-12-01,2,6.85,
5702,2614,2024-12-01,0,6.72,
5703,2080,2024-12-01,6,7.41,
5704,466,2024-12-01,4,6.29,
5705,699,2024-12-01,4,5.13,
5706,937,2024-12-01,4,7.65,
5707,532,2024-12-01,3,7.09,
5708,2050,2024-12-01,5,7.44,
5709,2873,2024-12-01,8,8.37,
5710,2003,2024-12-01,3,9.01,
5711,905,2024-12-01,5,8.62,
5712,2790,2024-12-01,5,9.47,
5713,1648,2024-12-01,7,9.18,
5714,251,2024-12-01,5,7.56,
5715,674,2024-12-01,3,8.54,
5716,1750,2024-12-01,5,7.78,
5717,200,2024-12-01,7,9.34,
5718,2333,2024-12-01,1,6.65,
5719,1505,2024-12-01,4,5.61,Conflitos interpessoais
5720,93,2024-12-01,2,8.26,
5721,974,2024-12-01,3,8.19,
5722,748,2024-12-01,3,5.2,
5723,2093,2024-12-01,10,9.48,
5724,2289,2024-12-01,9,8.82,
5725,1768,2024-12-01,8,8.41,
5726,790,2024-12-01,1,8.57,Desmotivação observada
5727,42,2024-12-01,10,6.95,
5728,2308,2024-12-01,2,7.3,
5729,2503,2024-12-01,3,5.95,
5730,1017,2024-12-01,3,7.46,
5731,1869,2024-12-01,9,6.01,
5732,2485,2024-12-01,0,8.82,
5733,783,2024-12-01,7,6.81,
5734,428,2024-12-01,3,8.73,
5735,536,2024-12-01,3,5.14,
5736,2302,2024-12-01,7,8.91,
5737,2389,2024-12-01,10,6.09,
5738,1697,2024-12-01,10,5.32,
5739,2065,2024-12-01,9,7.01,
5740,1210,2024-12-01,6,9.39,
5741,1180,2024-12-01,1,6.25,Conflitos interpessoais
5742,2039,2024-12-01,7,7.34,
5743,2737,2024-12-01,3,5.44,
5744,1032,2024-12-01,2,6.23,
5745,1438,2024-12-01,7,9.43,
5746,1843,2024-12-01,5,7.71,
5747,1510,2024-12-01,2,7.95,
5748,1178,2024-12-01,8,5.04,
5749,1900,2024-12-01,6,7.59,
5750,179,2024-12-01,1,5.01,
5751,1965,2024-12-01,8,6.26,
5752,2944,2024-12-01,3,5.66,
5753,2695,2024-12-01,9,6.33,
5754,2191,2024-12-01,7,6.5,
5755,786,2024-12-01,5,8.39,
5756,903,2024-12-01,6,8.43,Isolamento da equipe
5757,1263,2024-12-01,2,8.41,
5758,2837,2024-12-01,6,6.98,
5759,2380,2024-12-01,5,7.24,
5760,2633,2024-12-01,0,8.55,
5761,1499,2024-12-01,10,5.81,
5762,1989,2024-12-01,6,5.74,
5763,67,2024-12-01,4,7.66,
5764,488,2024-12-01,8,7.92,
5765,2111,2024-12-01,4,8.03,
5766,115,2024-12-01,6,6.01,
5767,2128,2024-12-01,7,8.34,
5768,2860,2024-12-01,5,7.66,
5769,1728,2024-12-01,2,6.84,
5770,1748,2024-12-01,9,8.71,
5771,2346,2024-12-01,6,9.45,
5772,1173,2024-12-01,3,5.53,
5773,2963,2024-12-01,3,7.85,
5774,1623,2024-12-01,7,9.37,
5775,1079,2024-12-01,9,5.6,
5776,698,2024-12-01,7,6.67,
5777,1910,2024-12-01,0,7.86,
5778,148,2024-12-01,3,7.64,
5779,523,2024-12-01,0,6.88,
5780,1383,2024-12-01,10,9.29,
5781,2823,2024-12-01,3,5.36,
5782,2226,2024-12-01,7,8.99,
5783,360,2024-12-01,3,7.33,
5784,1113,2024-12-01,3,5.58,
5785,584,2024-12-01,2,8.64,
5786,670,2024-12-01,0,9.0,
5787,2880,2024-12-01,8,9.49,Baixa participação em reuniões
5788,85,2024-12-01,5,8.6,
5789,688,2024-12-01,7,8.17,
5790,2041,2024-12-01,0,7.27,Conflitos interpessoais
5791,276,2024-12-01,3,7.3,
5792,1212,2024-12-01,3,9.03,
5793,2907,2024-12-01,2,5.05,
5794,406,2024-12-01,3,8.34,
5795,1230,2024-12-01,10,7.26,
5796,236,2024-12-01,7,9.2,
5797,998,2024-12-01,10,6.87,
5798,2040,2024-12-01,6,6.68,
5799,2236,2024-12-01,0,7.77,Conflitos interpessoais
5800,55,2024-12-01,10,8.27,
5801,2843,2024-12-01,1,7.0,
5802,597,2024-12-01,8,6.53,
5803,1852,2024-12-01,0,5.35,
5804,1964,2024-12-01,7,5.52,
5805,1341,2024-12-01,7,7.52,
5806,197,2024-12-01,7,7.01,
5807,2366,2024-12-01,2,8.83,
5808,1275,2024-12-01,7,9.49,
5809,2171,2024-12-01,6,9.21,
5810,341,2024-12-01,8,5.82,
5811,2831,2024-12-01,10,8.41,
5812,2244,2024-12-01,10,8.28,
5813,177,2024-12-01,4,9.02,
5814,2450,2024-12-01,10,5.57,
5815,2037,2024-12-01,10,9.27,
5816,1385,2024-12-01,9,5.45,
5817,651,2024-12-01,0,9.16,
5818,1387,2024-12-01,9,7.88,
5819,1187,2024-12-01,6,7.33,
5820,549,2024-12-01,10,7.71,
5821,504,2024-12-01,2,8.49,
5822,1704,2024-12-01,0,8.89,
5823,1944,2024-12-01,8,8.05,Conflitos interpessoais
5824,2506,2024-12-01,3,8.78,
5825,2057,2024-12-01,0,6.53,
5826,1630,2024-12-01,4,6.53,
5827,292,2024-12-01,9,7.36,
5828,2404,2024-12-01,10,5.19,
5829,1751,2024-12-01,6,5.77,
5830,2797,2024-12-01,1,6.35,
5831,2641,2024-12-01,1,8.73,
5832,736,2024-12-01,3,8.71,
5833,1193,2024-12-01,0,9.03,
5834,2253,2024-12-01,9,9.2,
5835,762,2024-12-01,0,8.16,
5836,2841,2024-12-01,8,6.49,
5837,126,2024-12-01,0,8.28,
5838,116,2024-12-01,8,8.19,
5839,2074,2024-12-01,10,8.78,
5840,958,2024-12-01,1,7.36,
5841,1703,2024-12-01,10,8.57,
5842,2459,2024-12-01,5,6.6,
5843,410,2024-12-01,4,7.81,
5844,299,2024-12-01,3,5.84,
5845,2165,2024-12-01,4,9.01,
5846,237,2024-12-01,6,8.71,
5847,1249,2024-12-01,4,8.86,
5848,1947,2024-12-01,7,6.72,
5849,553,2024-12-01,6,6.26,
5850,723,2024-12-01,7,9.28,
5851,1699,2024-12-01,3,6.42,
5852,1563,2024-12-01,10,5.11,
5853,1478,2024-12-01,1,7.29,
5854,2332,2024-12-01,2,5.95,Isolamento da equipe
5855,2291,2024-12-01,0,9.4,
5856,1053,2024-12-01,8,5.79,
5857,256,2024-12-01,9,7.41,
5858,37,2024-12-01,3,6.97,
5859,35,2024-12-01,0,6.17,
5860,1848,2024-12-01,8,7.2,
5861,1289,2024-12-01,2,8.87,
5862,2000,2024-12-01,7,7.11,
5863,1274,2024-12-01,2,8.51,Falta de comunicação
5864,610,2024-12-01,7,5.53,
5865,1572,2024-12-01,8,9.19,
5866,2525,2024-12-01,3,5.01,
5867,1844,2024-12-01,9,8.28,
5868,214,2024-12-01,1,7.25,
5869,645,2024-12-01,3,8.89,
5870,1161,2024-12-01,9,5.64,
5871,2484,2024-12-01,6,8.64,
5872,2995,2024-12-01,0,7.96,
5873,1281,2024-12-01,7,7.09,Baixa participação em reuniões
5874,2032,2024-12-01,0,8.3,
5875,620,2024-12-01,4,7.54,
5876,768,2024-12-01,5,7.23,
5877,2269,2024-12-01,3,9.35,
5878,2706,2024-12-01,0,5.68,
5879,1160,2024-12-01,6,7.32,
5880,2748,2024-12-01,0,5.66,
5881,171,2024-12-01,7,6.86,
5882,118,2024-12-01,2,7.04,
5883,2974,2024-12-01,3,6.0,
5884,2472,2024-12-01,10,5.27,
5885,1646,2024-12-01,2,5.34,
5886,380,2024-12-01,6,7.09,
5887,2675,2024-12-01,3,8.78,Baixa participação em reuniões
5888,425,2024-12-01,7,9.05,
5889,2652,2024-12-01,5,9.16,Falta de comunicação
5890,1026,2024-12-01,6,7.78,
5891,924,2024-12-01,4,8.51,
5892,1587,2024-12-01,10,7.01,
5893,394,2024-12-01,0,7.17,
5894,2310,2024-12-01,4,7.19,
5895,2393,2024-12-01,9,8.43,
5896,1472,2024-12-01,2,5.76,Falta de comunicação
5897,1307,2024-12-01,8,6.41,
5898,2375,2024-12-01,0,7.95,
5899,796,2024-12-01,1,7.49,Baixa participação em reuniões
5900,415,2024-12-01,9,7.81,
5901,1324,2024-12-01,1,7.38,
5902,1784,2024-12-01,1,5.78,
5903,1668,2024-12-01,2,5.93,
5904,1781,2024-12-01,6,8.16,
5905,1244,2024-12-01,2,9.44,
5906,1612,2024-12-01,1,8.24,
5907,530,2024-12-01,0,5.81,
5908,2487,2024-12-01,0,5.25,
5909,2863,2024-12-01,6,7.4,Conflitos interpessoais
5910,13,2024-12-01,10,8.46,
5911,939,2024-12-01,3,8.93,
5912,2824,2024-12-01,7,6.93,
5913,897,2024-12-01,1,6.54,
5914,2182,2024-12-01,6,6.62,
5915,1469,2024-12-01,4,7.08,
5916,730,2024-12-01,4,8.14,
5917,173,2024-12-01,9,5.64,
5918,2203,2024-12-01,10,6.89,
5919,1675,2024-12-01,10,5.15,
5920,2325,2024-12-01,9,7.11,Isolamento da equipe
5921,1659,2024-12-01,9,8.8,
5922,1759,2024-12-01,6,6.78,
5923,1092,2024-12-01,10,8.02,
5924,467,2024-12-01,10,9.3,
5925,336,2024-12-01,0,6.05,
5926,1477,2024-12-01,10,9.27,
5927,1797,2024-12-01,0,9.14,
5928,1412,2024-12-01,5,6.84,
5929,972,2024-12-01,4,6.96,
5930,2912,2024-12-01,7,8.23,
5931,1415,2024-12-01,3,9.02,
5932,183,2024-12-01,10,6.29,
5933,1218,2024-12-01,6,7.97,
5934,1937,2024-12-01,9,8.85,
5935,1135,2024-12-01,3,5.19,
5936,2516,2024-12-01,9,8.2,
5937,2184,2024-12-01,2,9.25,
5938,1083,2024-12-01,8,6.09,Isolamento da equipe
5939,687,2024-12-01,10,6.04,
5940,2679,2024-12-01,10,8.38,
5941,1185,2024-12-01,7,6.75,
5942,2087,2024-12-01,9,7.44,
5943,1956,2024-12-01,0,5.57,
5944,1594,2024-12-01,1,9.29,
5945,395,2024-12-01,5,6.18,
5946,1,2024-12-01,6,6.36,
5947,2422,2024-12-01,6,9.02,
5948,725,2024-12-01,4,8.39,Falta de comunicação
5949,2463,2024-12-01,8,7.47,
5950,52,2024-12-01,6,8.3,
5951,2177,2024-12-01,6,7.18,
5952,1430,2024-12-01,1,7.85,
5953,825,2024-12-01,2,8.28,
5954,505,2024-12-01,1,7.7,Conflitos interpessoais
5955,1545,2024-12-01,10,8.27,
5956,563,2024-12-01,7,7.54,
5957,109,2024-12-01,4,9.16,
5958,1871,2024-12-01,6,9.27,
5959,1645,2024-12-01,9,7.47,
5960,1559,2024-12-01,3,7.45,
5961,2685,2024-12-01,8,7.86,
5962,702,2024-12-01,8,5.81,
5963,1789,2024-12-01,1,6.27,
5964,2118,2024-12-01,2,6.26,
5965,1311,2024-12-01,0,6.68,
5966,265,2024-12-01,1,7.35,
5967,814,2024-12-01,6,5.59,
5968,1080,2024-12-01,10,7.54,
5969,949,2024-12-01,0,8.73,
5970,672,2024-12-01,6,6.81,
5971,2132,2024-12-01,0,7.52,
5972,1202,2024-12-01,6,8.15,
5973,695,2024-12-01,4,7.34,
5974,2316,2024-12-01,5,5.6,
5975,2650,2024-12-01,8,8.42,
5976,1364,2024-12-01,7,8.51,
5977,1228,2024-12-01,6,6.91,
5978,2869,2024-12-01,4,7.23,
5979,2751,2024-12-01,3,7.12,
5980,2949,2024-12-01,2,5.65,
5981,2639,2024-12-01,10,8.62,
5982,527,2024-12-01,10,6.14,
5983,1890,2024-12-01,3,9.47,
5984,841,2024-12-01,5,7.13,
5985,223,2024-12-01,3,5.38,
5986,967,2024-12-01,3,8.05,
5987,755,2024-12-01,2,8.99,
5988,1747,2024-12-01,5,5.11,
5989,1955,2024-12-01,4,9.02,
5990,2381,2024-12-01,8,5.39,
5991,2570,2024-12-01,1,9.03,
5992,2856,2024-12-01,2,7.03,
5993,1137,2024-12-01,2,7.06,
5994,245,2024-12-01,8,5.78,
5995,1711,2024-12-01,0,5.32,
5996,1318,2024-12-01,9,5.39,Conflitos interpessoais
5997,329,2024-12-01,9,9.11,
5998,2753,2024-12-01,7,7.53,
5999,1407,2024-12-01,8,5.58,
6000,1850,2024-12-01,6,9.22,
6001,489,2024-12-01,0,5.55,
6002,1551,2024-12-01,6,5.24,
6003,1915,2024-12-01,5,6.74,
6004,78,2024-12-01,4,6.74,
6005,2922,2024-12-01,1,9.23,
6006,2391,2024-12-01,0,7.68,
6007,2608,2024-12-01,1,5.28,
6008,714,2024-12-01,1,7.62,
6009,1635,2024-12-01,8,7.72,
6010,1794,2024-12-01,5,9.48,
6011,1399,2024-12-01,5,6.66,
6012,772,2024-12-01,7,6.89,
6013,753,2024-12-01,1,8.78,
6014,2387,2024-12-01,9,5.33,
6015,2578,2024-12-01,1,5.48,
6016,24,2024-12-01,2,5.58,
6017,2415,2024-12-01,0,7.99,
6018,2208,2024-12-01,4,8.8,
6019,2965,2024-12-01,1,8.66,
6020,493,2024-12-01,5,5.52,
6021,1066,2024-12-01,4,7.77,Conflitos interpessoais
6022,2616,2024-12-01,1,6.9,
6023,2220,2024-12-01,5,5.29,
6024,2816,2024-12-01,1,5.83,Conflitos interpessoais
6025,618,2024-12-01,5,7.87,
6026,2794,2024-12-01,3,7.95,
6027,268,2024-12-01,8,9.13,
6028,2362,2024-12-01,6,9.37,
6029,1002,2024-12-01,6,6.28,
6030,1417,2024-12-01,6,8.74,Desmotivação observada
6031,2295,2024-12-01,6,8.23,
6032,794,2024-12-01,6,9.37,
6033,979,2024-12-01,5,5.53,
6034,2127,2024-12-01,4,6.88,
6035,1674,2024-12-01,9,6.27,
6036,296,2024-12-01,3,5.99,
6037,1133,2024-12-01,10,8.24,
6038,1355,2024-12-01,4,6.68,
6039,1473,2024-12-01,3,8.12,
6040,2023,2024-12-01,2,6.71,
6041,59,2024-12-01,2,8.59,Baixa participação em reuniões
6042,347,2024-12-01,1,5.29,
6043,1865,2024-12-01,9,9.05,
6044,673,2024-12-01,10,6.29,
6045,554,2024-12-01,7,9.32,
6046,2181,2024-12-01,8,5.8,
6047,359,2024-12-01,8,8.72,
6048,2407,2024-12-01,9,9.5,
6049,1365,2024-12-01,6,6.5,
6050,1598,2024-12-01,2,6.78,Baixa participação em reuniões
6051,2081,2024-12-01,5,7.74,
6052,348,2024-12-01,6,6.0,Desmotivação observada
6053,564,2024-12-01,4,6.77,Falta de comunicação
6054,648,2024-12-01,2,8.27,
6055,845,2024-12-01,10,6.69,
6056,100,2024-12-01,4,9.12,Desmotivação observada
6057,1939,2024-12-01,5,7.34,
6058,222,2024-12-01,3,8.5,
6059,103,2024-12-01,9,9.43,
6060,2004,2024-12-01,5,8.67,
6061,279,2024-12-01,4,5.05,
6062,2121,2024-12-01,2,6.21,
6063,1021,2024-12-01,3,7.85,
6064,994,2024-12-01,4,5.97,
6065,2267,2024-12-01,1,6.17,
6066,2225,2024-12-01,3,5.03,
6067,509,2024-12-01,7,5.24,
6068,1508,2024-12-01,9,8.98,
6069,872,2024-12-01,4,7.8,
6070,51,2024-12-01,4,7.56,
6071,2722,2024-12-01,3,5.43,
6072,1966,2024-12-01,3,7.85,
6073,1908,2024-12-01,10,8.74,
6074,2369,2024-12-01,6,7.2,
6075,209,2024-12-01,3,5.61,
6076,2173,2024-12-01,0,9.35,
6077,1446,2024-12-01,5,8.5,Isolamento da equipe
6078,2687,2024-12-01,9,5.68,
6079,728,2024-12-01,8,6.61,
6080,1641,2024-12-01,3,9.17,
6081,2194,2024-12-01,5,8.9,
6082,1277,2024-12-01,6,7.23,
6083,1744,2024-12-01,8,7.9,
6084,2299,2024-12-01,3,5.33,
6085,738,2024-12-01,9,6.01,
6086,1243,2024-12-01,7,8.21,
6087,258,2024-12-01,6,5.03,Falta de comunicação
6088,715,2024-12-01,9,7.81,
6089,2636,2024-12-01,4,5.53,
6090,1220,2024-12-01,7,5.71,
6091,1724,2024-12-01,1,5.2,
6092,2330,2024-12-01,3,7.12,
6093,1236,2024-12-01,0,6.14,
6094,681,2024-12-01,6,7.17,
6095,72,2024-12-01,4,7.11,
6096,1959,2024-12-01,2,7.67,
6097,1962,2024-12-01,9,8.89,
6098,1406,2024-12-01,5,7.45,
6099,419,2024-12-01,7,7.89,
6100,45,2024-12-01,7,5.94,
6101,1809,2024-12-01,9,5.71,
6102,634,2024-12-01,6,5.29,
6103,1270,2024-12-01,2,6.43,
6104,1961,2024-12-01,7,5.29,
6105,2801,2024-12-01,9,7.05,Baixa participação em reuniões
6106,2292,2024-12-01,8,8.13,
6107,843,2024-12-01,7,8.78,
6108,134,2024-12-01,9,8.21,
6109,1183,2024-12-01,6,9.31,
6110,2158,2024-12-01,7,8.8,Isolamento da equipe
6111,1834,2024-12-01,7,6.66,
6112,2642,2024-12-01,6,8.26,
6113,534,2024-12-01,4,6.81,
6114,889,2024-12-01,9,6.97,
6115,356,2024-12-01,8,6.15,
6116,849,2024-12-01,6,6.87,
6117,416,2024-12-01,0,7.06,
6118,314,2024-12-01,9,9.48,
6119,1094,2024-12-01,10,7.88,
6120,970,2024-12-01,2,5.75,
6121,2176,2024-12-01,1,6.96,
6122,2688,2024-12-01,6,8.39,Conflitos interpessoais
6123,1153,2024-12-01,10,6.51,
6124,954,2024-12-01,3,7.38,Falta de comunicação
6125,1437,2024-12-01,1,8.1,
6126,2670,2024-12-01,7,9.46,
6127,2008,2024-12-01,1,5.87,
6128,2550,2024-12-01,8,8.09,
6129,2083,2024-12-01,7,9.29,
6130,278,2024-12-01,0,8.2,
6131,2536,2024-12-01,5,6.59,
6132,498,2024-12-01,8,9.11,
6133,500,2024-12-01,3,6.94,
6134,2792,2024-12-01,10,7.58,
6135,1405,2024-12-01,3,9.39,
6136,839,2024-12-01,3,7.82,
6137,421,2024-12-01,0,5.89,
6138,758,2024-12-01,0,8.66,
6139,151,2024-12-01,10,6.43,
6140,2306,2024-12-01,0,8.41,
6141,2279,2024-12-01,1,7.71,
6142,2605,2024-12-01,7,6.58,
6143,533,2024-12-01,5,6.85,
6144,1494,2024-12-01,2,9.14,
6145,771,2024-12-01,8,5.57,
6146,1520,2024-12-01,8,6.39,Desmotivação observada
6147,1052,2024-12-01,8,9.12,
6148,689,2024-12-01,5,5.13,
6149,1103,2024-12-01,4,8.16,
6150,865,2024-12-01,3,5.81,
6151,1791,2024-12-01,1,7.08,
6152,867,2024-12-01,0,6.18,
6153,507,2024-12-01,10,8.28,
6154,712,2024-12-01,4,8.5,
6155,1792,2024-12-01,4,8.6,
6156,891,2024-12-01,9,7.61,
6157,1517,2024-12-01,5,7.87,
6158,2802,2024-12-01,2,5.98,
6159,2286,2024-12-01,5,8.83,
6160,389,2024-12-01,10,6.39,
6161,1619,2024-12-01,5,6.87,
6162,1184,2024-12-01,2,9.2,
6163,422,2024-12-01,2,8.31,
6164,2674,2024-12-01,7,6.61,
6165,1566,2024-12-01,9,5.26,
6166,2959,2024-12-01,1,6.19,
6167,1110,2024-12-01,9,8.6,
6168,2924,2024-12-01,4,6.23,
6169,300,2024-12-01,5,5.31,
6170,2553,2024-12-01,4,7.21,
6171,1796,2024-12-01,2,5.56,
6172,1782,2024-12-01,0,6.5,
6173,2349,2024-12-01,7,5.25,
6174,1624,2024-12-01,5,8.96,
6175,2168,2024-12-01,9,8.53,
6176,1536,2024-12-01,6,7.1,
6177,1445,2024-12-01,9,7.82,
6178,2619,2024-12-01,5,5.32,
6179,2088,2024-12-01,3,5.11,
6180,1902,2024-12-01,0,6.11,
6181,663,2024-12-01,4,8.36,
6182,1757,2024-12-01,8,8.14,Baixa participação em reuniões
6183,38,2024-12-01,1,5.55,
6184,2587,2024-12-01,7,6.67,
6185,1176,2024-12-01,7,9.07,
6186,1391,2024-12-01,6,7.01,
6187,1182,2024-12-01,9,5.3,
6188,202,2024-12-01,7,7.07,
6189,1742,2024-12-01,9,5.69,
6190,808,2024-12-01,6,5.02,
6191,2929,2024-12-01,7,6.1,
6192,666,2024-12-01,1,5.91,
6193,1271,2024-12-01,5,7.31,
6194,1555,2024-12-01,9,5.92,
6195,447,2024-12-01,0,5.2,
6196,1163,2024-12-01,5,5.84,Desmotivação observada
6197,1991,2024-12-01,8,7.85,
6198,472,2024-12-01,5,8.34,
6199,1088,2024-12-01,0,6.0,
6200,1350,2024-12-01,6,8.39,
6201,1196,2024-12-01,10,6.83,
6202,1368,2024-12-01,8,8.16,
6203,961,2024-12-01,9,8.56,
6204,785,2024-12-01,0,6.81,
6205,1453,2024-12-01,4,7.01,
6206,12,2024-12-01,6,7.67,
6207,239,2024-12-01,8,7.46,
6208,955,2024-12-01,6,5.23,
6209,1014,2024-12-01,4,6.19,
6210,2893,2024-12-01,3,6.65,
6211,2719,2024-12-01,6,5.41,
6212,2714,2024-12-01,2,6.62,
6213,2999,2024-12-01,0,5.98,Conflitos interpessoais
6214,2038,2024-12-01,7,8.35,
6215,2209,2024-12-01,5,7.36,
6216,989,2024-12-01,7,7.33,
6217,510,2024-12-01,9,7.73,
6218,2887,2024-12-01,9,5.34,Desmotivação observada
6219,1016,2024-12-01,4,8.69,
6220,1531,2024-12-01,0,8.57,
6221,1284,2024-12-01,7,5.91,
6222,1958,2024-12-01,0,5.71,Isolamento da equipe
6223,260,2024-12-01,5,6.76,
6224,1963,2024-12-01,0,8.76,
6225,2962,2024-12-01,6,5.78,Falta de comunicação
6226,726,2024-12-01,1,6.96,
6227,319,2024-12-01,7,7.06,Desmotivação observada
6228,2237,2024-12-01,5,8.01,Conflitos interpessoais
6229,514,2024-12-01,4,6.46,
6230,77,2024-12-01,7,5.68,
6231,720,2024-12-01,7,9.44,Desmotivação observada
6232,1622,2024-12-01,0,5.44,
6233,1086,2024-12-01,3,6.87,
6234,968,2024-12-01,4,7.14,
6235,653,2024-12-01,9,5.85,
6236,1868,2024-12-01,6,7.42,
6237,2434,2024-12-01,2,7.91,
6238,512,2024-12-01,7,7.71,
6239,781,2024-12-01,2,7.94,
6240,298,2024-12-01,4,8.23,
6241,1215,2024-12-01,9,8.66,
6242,922,2024-12-01,9,9.46,
6243,1858,2024-12-01,0,9.03,
6244,740,2024-12-01,6,6.79,
6245,1267,2024-12-01,3,9.41,
6246,1976,2024-12-01,9,8.54,
6247,1276,2024-12-01,3,6.82,
6248,1592,2024-12-01,6,6.66,
6249,742,2024-12-01,8,6.44,
6250,876,2024-12-01,9,7.57,
6251,332,2024-12-01,8,8.27,
6252,2914,2024-12-01,6,8.47,
6253,1046,2024-12-01,5,9.41,
6254,373,2024-12-01,2,7.78,
6255,2889,2024-12-01,4,5.1,Baixa participação em reuniões
6256,275,2024-12-01,7,8.72,
6257,350,2024-12-01,2,8.2,
6258,2222,2024-12-01,5,7.2,
6259,902,2024-12-01,10,5.59,
6260,437,2024-12-01,10,9.27,
6261,1345,2024-12-01,2,8.26,
6262,916,2024-12-01,1,9.34,
6263,1715,2024-12-01,1,7.36,
6264,694,2024-12-01,6,6.26,
6265,2160,2024-12-01,1,6.45,
6266,1294,2024-12-01,1,5.74,
6267,2601,2024-12-01,10,8.3,
6268,2433,2024-12-01,4,9.19,
6269,1912,2024-12-01,9,7.44,
6270,888,2024-12-01,10,8.37,
6271,1771,2024-12-01,7,6.73,
6272,1935,2024-12-01,4,5.45,
6273,918,2024-12-01,2,7.7,
6274,2215,2024-12-01,1,7.84,
6275,2978,2024-12-01,1,7.09,
6276,2953,2024-12-01,1,7.32,
6277,1225,2024-12-01,5,8.91,
6278,1480,2024-12-01,7,6.59,
6279,1604,2024-12-01,1,7.5,
6280,1813,2024-12-01,8,7.68,
6281,547,2024-12-01,7,6.57,
6282,1601,2024-12-01,6,6.38,
6283,2961,2024-12-01,9,6.73,
6284,2110,2024-12-01,4,8.07,
6285,2420,2024-12-01,7,7.98,
6286,418,2024-12-01,10,7.53,
6287,750,2024-12-01,3,7.93,
6288,453,2024-12-01,3,7.91,
6289,2116,2024-12-01,8,6.18,
6290,1588,2024-12-01,1,7.65,
6291,623,2024-12-01,5,9.34,
6292,864,2024-12-01,3,6.26,
6293,1022,2024-12-01,4,8.06,
6294,1072,2024-12-01,4,7.01,
6295,1357,2024-12-01,2,6.83,
6296,2502,2024-12-01,7,8.1,
6297,2770,2024-12-01,0,6.35,
6298,1927,2024-12-01,2,5.38,
6299,113,2024-12-01,7,5.36,
6300,424,2024-12-01,10,7.81,Falta de comunicação
6301,2467,2024-12-01,5,5.19,
6302,1837,2024-12-01,7,8.49,
6303,41,2024-12-01,2,8.15,
6304,2891,2024-12-01,0,7.7,
6305,996,2024-12-01,9,6.15,
6306,1298,2024-12-01,4,8.27,
6307,398,2024-12-01,7,8.05,
6308,1785,2024-12-01,5,6.32,
6309,2179,2024-12-01,2,6.5,
6310,1770,2024-12-01,7,7.36,
6311,632,2024-12-01,1,8.46,
6312,1795,2024-12-01,10,5.56,
6313,69,2024-12-01,8,7.36,
6314,1755,2024-12-01,4,5.01,Isolamento da equipe
6315,2634,2024-12-01,5,9.24,
6316,1000,2024-12-01,8,8.41,
6317,1102,2024-12-01,10,7.8,
6318,2438,2024-12-01,3,6.94,
6319,2338,2024-12-01,5,6.57,
6320,861,2024-12-01,4,5.06,Desmotivação observada
6321,1957,2024-12-01,5,7.55,
6322,1347,2024-12-01,8,8.09,
6323,1917,2024-12-01,4,8.85,
6324,2480,2024-12-01,10,6.91,
6325,1606,2024-12-01,2,8.93,Desmotivação observada
6326,857,2024-12-01,10,8.59,Baixa participação em reuniões
6327,1156,2024-12-01,10,9.06,
6328,1913,2024-12-01,7,5.94,Baixa participação em reuniões
6329,1049,2024-12-01,2,8.22,
6330,2115,2024-12-01,0,6.82,
6331,18,2024-12-01,2,9.28,Baixa participação em reuniões
6332,1129,2024-12-01,9,8.08,
6333,27,2024-12-01,1,9.06,Desmotivação observada
6334,959,2024-12-01,1,6.35,
6335,980,2024-12-01,6,6.88,
6336,2347,2024-12-01,8,8.46,
6337,105,2024-12-01,9,5.64,
6338,683,2024-12-01,6,7.19,
6339,16,2024-12-01,2,7.7,
6340,1805,2024-12-01,9,8.92,
6341,561,2024-12-01,5,5.84,
6342,766,2024-12-01,2,9.07,
6343,269,2024-12-01,3,8.21,Falta de comunicação
6344,2092,2024-12-01,2,6.87,
6345,810,2024-12-01,7,9.05,Isolamento da equipe
6346,2533,2024-12-01,0,7.85,
6347,2189,2024-12-01,5,5.7,
6348,2204,2024-12-01,9,9.5,
6349,997,2024-12-01,2,6.11,
6350,1838,2024-12-01,7,7.64,
6351,1845,2024-12-01,0,6.36,
6352,1459,2024-12-01,8,6.4,
6353,1547,2024-12-01,7,9.31,
6354,1895,2024-12-01,7,9.36,
6355,220,2024-12-01,0,9.31,
6356,938,2024-12-01,5,6.37,
6357,2352,2024-12-01,0,8.79,
6358,1264,2024-12-01,1,8.16,
6359,81,2024-12-01,5,8.63,
6360,1822,2024-12-01,2,6.39,
6361,2431,2024-12-01,6,5.17,
6362,1483,2024-12-01,2,7.99,
6363,1888,2024-12-01,8,7.33,
6364,2935,2024-12-01,9,5.66,
6365,671,2024-12-01,7,9.3,
6366,1266,2024-12-01,3,6.52,
6367,2531,2024-12-01,0,7.41,
6368,2255,2024-12-01,9,6.97,
6369,1823,2024-12-01,10,8.05,
6370,408,2024-12-01,9,7.86,Isolamento da equipe
6371,137,2024-12-01,0,9.29,
6372,1344,2024-12-01,4,8.35,Conflitos interpessoais
6373,613,2024-12-01,5,8.54,
6374,2564,2024-12-01,3,6.77,Baixa participação em reuniões
6375,1198,2024-12-01,8,7.95,
6376,999,2024-12-01,0,5.88,
6377,1656,2024-12-01,9,5.25,
6378,2185,2024-12-01,3,8.44,
6379,1582,2024-12-01,6,8.86,
6380,842,2024-12-01,0,8.51,Desmotivação observada
6381,2206,2024-12-01,0,7.1,
6382,862,2024-12-01,7,7.23,
6383,515,2024-12-01,5,9.13,
6384,1685,2024-12-01,0,7.41,
6385,2056,2024-12-01,5,9.42,
6386,1749,2024-12-01,9,5.44,Desmotivação observada
6387,586,2024-12-01,7,9.14,
6388,2653,2024-12-01,5,5.85,
6389,481,2024-12-01,6,5.27,
6390,154,2024-12-01,0,9.38,
6391,186,2024-12-01,4,8.89,
6392,1258,2024-12-01,7,8.95,Isolamento da equipe
6393,155,2024-12-01,3,6.35,
6394,1331,2024-12-01,9,9.31,
6395,2590,2024-12-01,7,6.57,
6396,1362,2024-12-01,6,7.16,Falta de comunicação
6397,1269,2024-12-01,6,7.97,
6398,2919,2024-12-01,0,8.29,
6399,1123,2024-12-01,7,8.12,
6400,1885,2024-12-01,8,6.79,
6401,364,2024-12-01,4,8.09,
6402,2345,2024-12-01,0,7.03,
6403,2508,2024-12-01,7,9.39,Isolamento da equipe
6404,601,2024-12-01,2,7.05,
6405,1028,2024-12-01,3,8.0,
6406,404,2024-12-01,6,7.3,
6407,627,2024-12-01,8,5.91,
6408,2984,2024-12-01,4,8.83,Isolamento da equipe
6409,1451,2024-12-01,10,8.02,
6410,2254,2024-12-01,8,5.46,
6411,1942,2024-12-01,7,7.48,
6412,516,2024-12-01,2,5.05,
6413,819,2024-12-01,3,6.94,
6414,2070,2024-12-01,9,7.42,
6415,1903,2024-12-01,10,6.79,
6416,626,2024-12-01,3,5.81,
6417,2224,2024-12-01,10,5.83,Isolamento da equipe
6418,2178,2024-12-01,3,7.42,
6419,1608,2024-12-01,8,7.27,
6420,215,2024-12-01,8,5.25,
6421,1098,2024-12-01,10,5.83,
6422,2663,2024-12-01,0,7.78,
6423,1339,2024-12-01,2,6.93,
6424,827,2024-12-01,4,9.41,
6425,2915,2024-12-01,3,9.16,
6426,1541,2024-12-01,8,6.72,
6427,2991,2024-12-01,7,8.82,
6428,818,2024-12-01,2,8.82,
6429,2247,2024-12-01,2,6.55,
6430,724,2024-12-01,2,5.41,
6431,2340,2024-12-01,6,8.96,
6432,2815,2024-12-01,9,6.17,Desmotivação observada
6433,985,2024-12-01,10,7.47,
6434,2019,2024-12-01,8,7.74,
6435,2519,2024-12-01,3,9.23,
6436,1313,2024-12-01,4,9.26,Isolamento da equipe
6437,1504,2024-12-01,2,5.01,
6438,485,2024-12-01,10,8.06,Desmotivação observada
6439,1149,2024-12-01,10,9.45,
6440,892,2024-12-01,3,7.13,
6441,2693,2024-12-01,10,7.33,
6442,1533,2024-12-01,4,6.44,
6443,868,2024-12-01,8,8.11,
6444,182,2024-12-01,8,9.14,
6445,1700,2024-12-01,3,9.49,
6446,1354,2024-12-01,1,5.57,
6447,1142,2024-12-01,3,5.54,
6448,1898,2024-12-01,0,7.06,
6449,490,2024-12-01,5,7.96,
6450,2776,2024-12-01,10,6.24,
6451,2354,2024-12-01,10,8.78,
6452,357,2024-12-01,2,7.78,
6453,1370,2024-12-01,0,8.58,
6454,2529,2024-12-01,3,8.86,
6455,2114,2024-12-01,2,6.99,
6456,797,2024-12-01,9,8.02,Isolamento da equipe
6457,2014,2024-12-01,4,5.32,Desmotivação observada
6458,647,2024-12-01,2,9.47,
6459,780,2024-12-01,2,5.44,
6460,1061,2024-12-01,6,6.84,
6461,2858,2024-12-01,0,8.8,
6462,2738,2024-12-01,1,5.74,
6463,1312,2024-12-01,10,9.45,
6464,2405,2024-12-01,9,7.94,
6465,2877,2024-12-01,10,7.4,
6466,2866,2024-12-01,8,7.32,
6467,2201,2024-12-01,3,6.34,
6468,1068,2024-12-01,9,8.8,
6469,1512,2024-12-01,3,5.38,
6470,1673,2024-12-01,7,5.85,
6471,1461,2024-12-01,9,5.34,
6472,2740,2024-12-01,7,8.87,
6473,904,2024-12-01,4,8.57,
6474,1023,2024-12-01,7,6.17,
6475,852,2024-12-01,8,8.79,
6476,984,2024-12-01,10,7.9,
6477,908,2024-12-01,2,6.52,
6478,17,2024-12-01,5,9.26,
6479,1056,2024-12-01,7,8.23,
6480,1191,2024-12-01,10,8.93,
6481,2451,2024-12-01,7,7.28,
6482,1875,2024-12-01,7,7.91,
6483,745,2024-12-01,6,6.4,
6484,760,2024-12-01,1,7.49,
6485,263,2024-12-01,10,8.37,
6486,1984,2024-12-01,8,6.57,
6487,2297,2024-12-01,4,5.3,
6488,2363,2024-12-01,0,8.66,
6489,1581,2024-12-01,6,8.74,
6490,1819,2024-12-01,9,5.78,
6491,2868,2024-12-01,7,5.34,
6492,1197,2024-12-01,3,7.7,
6493,2803,2024-12-01,2,8.53,
6494,217,2024-12-01,8,6.2,
6495,2227,2024-12-01,2,5.81,Isolamento da equipe
6496,1029,2024-12-01,7,5.52,
6497,2072,2024-12-01,4,5.25,
6498,1378,2024-12-01,10,7.36,
6499,1772,2024-12-01,7,6.38,
6500,2883,2024-12-01,4,6.21,
6501,2025,2024-12-01,2,7.84,
6502,2372,2024-12-01,5,7.79,
6503,266,2024-12-01,8,8.62,Baixa participação em reuniões
6504,2043,2024-12-01,4,8.58,
6505,1353,2024-12-01,1,8.85,
6506,579,2024-12-01,8,7.73,
6507,1617,2024-12-01,8,6.83,
6508,2031,2024-12-01,8,8.75,
6509,414,2024-12-01,10,8.85,Baixa participação em reuniões
6510,1519,2024-12-01,1,5.73,
6511,1820,2024-12-01,9,9.29,
6512,1840,2024-12-01,1,6.07,
6513,741,2024-12-01,9,9.09,
6514,2353,2024-12-01,7,7.13,Conflitos interpessoais
6515,2103,2024-12-01,9,8.09,
6516,622,2024-12-01,5,6.14,
6517,2958,2024-12-01,4,8.56,Falta de comunicação
6518,2288,2024-12-01,5,7.69,
6519,2113,2024-12-01,5,8.06,
6520,528,2024-12-01,4,5.55,
6521,1953,2024-12-01,2,5.44,Baixa participação em reuniões
6522,850,2024-12-01,9,8.13,
6523,2150,2024-12-01,5,6.37,
6524,1205,2024-12-01,7,5.48,
6525,1564,2024-12-01,5,5.49,
6526,775,2024-12-01,1,5.29,
6527,342,2024-12-01,2,7.95,
6528,1776,2024-12-01,10,6.44,
6529,1232,2024-12-01,2,7.02,
6530,747,2024-12-01,8,5.04,
6531,1502,2024-12-01,1,9.01,
6532,219,2024-12-01,9,9.16,
6533,1851,2024-12-01,0,5.01,
6534,2207,2024-12-01,7,6.6,
6535,2651,2024-12-01,1,6.9,
6536,1746,2024-12-01,5,8.13,
6537,854,2024-12-01,10,7.89,
6538,1825,2024-12-01,4,8.99,
6539,1169,2024-12-01,2,7.96,
6540,461,2024-12-01,9,6.56,
6541,1636,2024-12-01,3,7.24,
6542,2429,2024-12-01,9,7.06,
6543,159,2024-12-01,0,7.33,
6544,1409,2024-12-01,10,8.63,
6545,2561,2024-12-01,5,9.34,
6546,74,2024-12-01,3,6.22,
6547,1790,2024-12-01,4,8.28,
6548,193,2024-12-01,3,7.87,Conflitos interpessoais
6549,2398,2024-12-01,6,9.01,Falta de comunicação
6550,86,2024-12-01,0,6.08,
6551,2248,2024-12-01,1,7.36,
6552,1081,2024-12-01,2,8.19,
6553,1616,2024-12-01,7,6.46,
6554,2327,2024-12-01,9,9.44,
6555,2313,2024-12-01,1,5.75,
6556,2315,2024-12-01,7,7.3,
6557,464,2024-12-01,1,8.74,
6558,1139,2024-12-01,1,8.82,
6559,973,2024-12-01,7,7.19,
6560,1048,2024-12-01,7,5.26,
6561,2627,2024-12-01,3,8.09,
6562,2285,2024-12-01,0,5.33,Conflitos interpessoais
6563,2275,2024-12-01,4,5.69,
6564,981,2024-12-01,9,9.25,
6565,2367,2024-12-01,1,6.7,Conflitos interpessoais
6566,291,2024-12-01,7,9.07,
6567,1209,2024-12-01,6,5.59,
6568,1186,2024-12-01,7,8.45,
6569,560,2024-12-01,7,7.9,
6570,2016,2024-12-01,0,8.57,
6571,930,2024-12-01,7,7.57,
6572,2730,2024-12-01,2,9.2,
6573,943,2024-12-01,7,8.9,
6574,2281,2024-12-01,3,5.34,Falta de comunicação
6575,2835,2024-12-01,10,7.91,
6576,2358,2024-12-01,3,8.5,
6577,2664,2024-12-01,9,8.24,Isolamento da equipe
6578,1148,2024-12-01,4,5.24,
6579,1867,2024-12-01,5,6.54,Falta de comunicação
6580,567,2024-12-01,7,8.85,Conflitos interpessoais
6581,1128,2024-12-01,9,7.93,Falta de comunicação
6582,812,2024-12-01,0,9.43,
6583,1157,2024-12-01,3,6.83,Desmotivação observada
6584,1870,2024-12-01,3,5.69,
6585,1317,2024-12-01,7,8.87,
6586,537,2024-12-01,0,8.89,
6587,400,2024-12-01,2,5.37,
6588,2446,2024-12-01,0,6.96,
6589,1897,2024-12-01,5,9.46,
6590,574,2024-12-01,9,9.35,
6591,232,2024-12-01,3,7.8,Desmotivação observada
6592,339,2024-12-01,2,7.74,Desmotivação observada
6593,1175,2024-12-01,7,8.75,
6594,2470,2024-12-01,8,9.09,
6595,1905,2024-12-01,5,6.95,
6596,2870,2024-12-01,8,8.06,
6597,604,2024-12-01,3,9.22,
6598,417,2024-12-01,9,7.32,
6599,2266,2024-12-01,9,5.41,
6600,166,2024-12-01,10,7.15,
6601,1253,2024-12-01,0,6.07,
6602,914,2024-12-01,1,5.53,
6603,455,2024-12-01,8,5.82,
6604,1507,2024-12-01,4,5.45,
6605,2213,2024-12-01,9,9.18,
6606,1692,2024-12-01,5,8.73,
6607,2890,2024-12-01,6,5.03,
6608,1179,2024-12-01,1,5.27,
6609,499,2024-12-01,4,8.97,
6610,1625,2024-12-01,1,6.43,
6611,927,2024-12-01,10,5.37,
6612,2018,2024-12-01,1,5.27,
6613,1432,2024-12-01,9,6.61,
6614,1240,2024-12-01,4,6.22,
6615,1609,2024-12-01,5,6.89,
6616,1416,2024-12-01,3,7.45,
6617,1906,2024-12-01,4,5.82,
6618,2782,2024-12-01,4,7.61,
6619,2272,2024-12-01,5,6.88,
6620,2621,2024-12-01,4,6.08,
6621,2725,2024-12-01,10,5.56,
6622,704,2024-12-01,6,9.47,
6623,1672,2024-12-01,10,6.01,
6624,2979,2024-12-01,10,7.57,Conflitos interpessoais
6625,431,2024-12-01,3,8.5,
6626,1422,2024-12-01,5,6.3,
6627,1578,2024-12-01,9,7.42,
6628,1568,2024-12-01,10,5.52,Conflitos interpessoais
6629,487,2024-12-01,4,9.38,
6630,1710,2024-12-01,5,7.74,
6631,2278,2024-12-01,5,9.4,
6632,765,2024-12-01,1,5.03,
6633,1603,2024-12-01,9,7.37,
6634,90,2024-12-01,10,7.29,
6635,2123,2024-12-01,7,5.67,Desmotivação observada
6636,1140,2024-12-01,4,5.92,
6637,677,2024-12-01,2,6.58,
6638,1190,2024-12-01,8,6.65,
6639,1241,2024-12-01,1,6.04,
6640,1410,2024-12-01,7,7.49,
6641,906,2024-12-01,6,8.31,
6642,2400,2024-12-01,0,7.01,
6643,2766,2024-12-01,1,9.49,Desmotivação observada
6644,2466,2024-12-01,1,8.03,
6645,2527,2024-12-01,7,6.8,
6646,1456,2024-12-01,3,7.34,
6647,1004,2024-12-01,8,5.92,
6648,555,2024-12-01,5,7.45,
6649,1329,2024-12-01,7,7.66,
6650,476,2024-12-01,3,6.43,
6651,2643,2024-12-01,3,8.16,
6652,496,2024-12-01,7,6.72,
6653,1978,2024-12-01,4,7.81,
6654,2718,2024-12-01,4,7.31,
6655,2095,2024-12-01,0,8.25,
6656,2183,2024-12-01,10,6.52,
6657,2250,2024-12-01,8,8.31,
6658,1535,2024-12-01,7,6.87,
6659,1442,2024-12-01,7,9.47,
6660,2572,2024-12-01,0,6.07,Conflitos interpessoais
6661,2034,2024-12-01,2,7.82,
6662,1099,2024-12-01,9,5.97,
6663,224,2024-12-01,1,8.4,
6664,1524,2024-12-01,5,5.16,
6665,2875,2024-12-01,6,5.64,
6666,2597,2024-12-01,0,8.13,Desmotivação observada
6667,388,2024-12-01,9,7.58,
6668,2774,2024-12-01,7,9.23,
6669,2474,2024-12-01,8,5.81,
6670,1599,2024-12-01,1,6.48,Conflitos interpessoais
6671,1242,2024-12-01,7,9.33,
6672,2396,2024-12-01,9,7.88,
6673,196,2024-12-01,9,6.85,
6674,1534,2024-12-01,1,8.25,Isolamento da equipe
6675,1923,2024-12-01,0,8.51,
6676,1374,2024-12-01,8,7.6,Baixa participação em reuniões
6677,1814,2024-12-01,3,6.79,
6678,678,2024-12-01,2,6.94,
6679,379,2024-12-01,5,5.33,
6680,1468,2024-12-01,6,8.39,
6681,2526,2024-12-01,0,6.97,
6682,403,2024-12-01,8,6.21,
6683,1577,2024-12-01,3,8.52,
6684,1321,2024-12-01,6,8.53,
6685,2017,2024-12-01,3,5.75,
6686,2847,2024-12-01,2,7.76,
6687,1846,2024-12-01,8,6.56,
6688,1943,2024-12-01,3,7.71,
6689,304,2024-12-01,0,5.9,
6690,301,2024-12-01,5,7.48,
6691,235,2024-12-01,1,6.14,
6692,1632,2024-12-01,10,7.31,
6693,2972,2024-12-01,5,8.05,
6694,228,2024-12-01,3,9.37,Falta de comunicação
6695,1117,2024-12-01,7,8.1,
6696,2839,2024-12-01,6,9.04,
6697,1138,2024-12-01,1,5.85,Isolamento da equipe
6698,229,2024-12-01,4,9.22,
6699,497,2024-12-01,7,9.41,
6700,386,2024-12-01,6,9.18,
6701,1528,2024-12-01,2,7.91,
6702,2154,2024-12-01,4,5.69,
6703,1325,2024-12-01,0,8.3,Conflitos interpessoais
6704,2761,2024-12-01,5,7.22,
6705,11,2024-12-01,5,9.26,
6706,956,2024-12-01,5,6.5,
6707,1712,2024-12-01,7,6.24,
6708,2656,2024-12-01,8,6.91,
6709,2294,2024-12-01,10,8.08,
6710,2617,2024-12-01,3,7.51,
6711,2666,2024-12-01,8,9.42,
6712,102,2024-12-01,7,5.07,
6713,2546,2024-12-01,3,7.86,
6714,1109,2024-12-01,10,9.33,
6715,831,2024-12-01,5,7.93,
6716,1817,2024-12-01,6,5.28,
6717,2479,2024-12-01,3,7.82,
6718,2982,2024-12-01,10,5.74,
6719,10,2024-12-01,6,8.45,
6720,2174,2024-12-01,3,8.64,
6721,1443,2024-12-01,1,7.06,
6722,1257,2024-12-01,5,6.34,
6723,2916,2024-12-01,2,7.32,
6724,273,2024-12-01,5,8.51,Desmotivação observada
6725,581,2024-12-01,3,6.42,
6726,838,2024-12-01,7,5.28,
6727,1130,2024-12-01,8,7.24,
6728,526,2024-12-01,5,6.01,
6729,2900,2024-12-01,2,5.05,
6730,804,2024-12-01,8,7.32,
6731,1633,2024-12-01,3,7.83,
6732,1830,2024-12-01,7,5.26,
6733,863,2024-12-01,6,5.46,Conflitos interpessoais
6734,2401,2024-12-01,8,9.24,
6735,629,2024-12-01,6,5.46,
6736,2522,2024-12-01,7,7.26,
6737,2242,2024-12-01,1,8.64,
6738,2896,2024-12-01,6,5.16,
6739,657,2024-12-01,1,6.0,
6740,900,2024-12-01,6,5.99,
6741,1372,2024-12-01,3,8.43,
6742,1455,2024-12-01,1,8.35,
6743,1891,2024-12-01,1,5.08,
6744,2045,2024-12-01,1,7.32,
6745,1062,2024-12-01,2,8.33,
6746,1904,2024-12-01,3,9.05,
6747,1883,2024-12-01,4,9.35,Falta de comunicação
6748,2607,2024-12-01,10,5.24,
6749,895,2024-12-01,1,5.63,
6750,150,2024-12-01,0,6.85,
6751,551,2024-12-01,6,6.7,
6752,2311,2024-12-01,0,7.99,
6753,2977,2024-12-01,8,9.23,
6754,2334,2024-12-01,8,9.41,Desmotivação observada
6755,2990,2024-12-01,5,6.65,
6756,2124,2024-12-01,7,6.36,
6757,2665,2024-12-01,0,8.11,
6758,2196,2024-12-01,3,6.02,
6759,58,2024-12-01,2,6.02,
6760,399,2024-12-01,0,5.67,
6761,139,2024-12-01,9,7.7,
6762,1376,2024-12-01,3,7.96,
6763,1031,2024-12-01,8,8.06,
6764,478,2024-12-01,4,8.34,
6765,8,2024-12-01,4,5.93,
6766,628,2024-12-01,3,8.44,
6767,2119,2024-12-01,4,5.65,
6768,2486,2024-12-01,6,5.26,
6769,242,2024-12-01,5,8.89,
6770,2543,2024-12-01,9,8.59,Conflitos interpessoais
6771,2414,2024-12-01,10,6.87,
6772,2736,2024-12-01,2,8.21,
6773,1722,2024-12-01,10,5.88,
6774,1677,2024-12-01,5,6.38,
6775,1650,2024-12-01,9,7.24,
6776,848,2024-12-01,2,6.62,
6777,1440,2024-12-01,4,8.18,
6778,2343,2024-12-01,5,5.31,
6779,638,2024-12-01,2,5.7,
6780,2629,2024-12-01,6,6.27,
6781,619,2024-12-01,2,5.19,
6782,355,2024-12-01,5,9.25,
6783,1119,2024-12-01,2,6.72,
6784,1057,2024-12-01,9,6.28,
6785,2547,2024-12-01,6,6.25,
6786,2762,2024-12-01,8,6.81,Isolamento da equipe
6787,535,2024-12-01,6,7.85,
6788,1400,2024-12-01,5,6.75,Desmotivação observada
6789,1627,2024-12-01,10,5.33,
6790,7,2024-12-01,7,6.97,
6791,370,2024-12-01,4,8.83,
6792,2560,2024-12-01,2,6.94,
6793,205,2024-12-01,1,5.88,Falta de comunicação
6794,2750,2024-12-01,4,6.24,
6795,40,2024-12-01,6,9.22,
6796,475,2024-12-01,10,7.76,
6797,133,2024-12-01,8,5.58,
6798,1342,2024-12-01,5,5.08,
6799,1489,2024-12-01,10,7.84,
6800,2501,2024-12-01,5,9.15,
6801,1152,2024-12-01,4,6.4,Falta de comunicação
6802,573,2024-12-01,4,8.41,
6803,2462,2024-12-01,7,6.11,
6804,492,2024-12-01,9,8.16,
6805,2271,2024-12-01,0,6.25,
6806,884,2024-12-01,10,8.01,
6807,1071,2024-12-01,0,8.77,
6808,2833,2024-12-01,0,6.03,Isolamento da equipe
6809,744,2024-12-01,7,7.56,
6810,2667,2024-12-01,0,6.02,
6811,643,2024-12-01,4,6.55,
6812,212,2024-12-01,2,5.21,
6813,988,2024-12-01,9,5.57,
6814,2504,2024-12-01,2,8.36,
6815,1987,2024-12-01,0,8.74,
6816,2336,2024-12-01,10,7.27,
6817,1967,2024-12-01,4,9.22,
6818,692,2024-12-01,2,7.08,
6819,995,2024-12-01,8,7.53,
6820,2625,2024-12-01,8,7.91,
6821,544,2024-12-01,7,7.52,
6822,2881,2024-12-01,1,5.83,
6823,2569,2024-12-01,4,5.88,
6824,2378,2024-12-01,7,5.58,
6825,2492,2024-12-01,6,8.96,
6826,2,2024-12-01,2,5.37,
6827,1918,2024-12-01,9,7.09,
6828,1286,2024-12-01,3,5.07,
6829,898,2024-12-01,4,9.39,
6830,965,2024-12-01,7,7.44,
6831,271,2024-12-01,1,7.94,
6832,2723,2024-12-01,7,6.9,
6833,2475,2024-12-01,0,7.19,
6834,1872,2024-12-01,6,8.25,
6835,1435,2024-12-01,1,5.58,
6836,1637,2024-12-01,4,6.43,
6837,2195,2024-12-01,9,7.59,
6838,2918,2024-12-01,9,5.71,
6839,1408,2024-12-01,4,6.85,
6840,1509,2024-12-01,1,5.65,
6841,2373,2024-12-01,3,9.4,
6842,606,2024-12-01,1,6.2,
6843,520,2024-12-01,9,7.2,
6844,2729,2024-12-01,8,7.97,
6845,374,2024-12-01,8,7.27,
6846,801,2024-12-01,1,8.91,
6847,309,2024-12-01,6,6.18,
6848,982,2024-12-01,4,8.25,
6849,1433,2024-12-01,2,6.45,
6850,799,2024-12-01,7,9.05,
6851,2067,2024-12-01,9,8.67,
6852,2851,2024-12-01,4,7.05,
6853,2784,2024-12-01,8,5.13,
6854,2595,2024-12-01,3,6.75,
6855,2245,2024-12-01,2,7.54,
6856,2473,2024-12-01,3,6.52,
6857,833,2024-12-01,1,8.3,
6858,2024,2024-12-01,7,5.58,
6859,836,2024-12-01,5,7.24,
6860,957,2024-12-01,4,6.27,
6861,1436,2024-12-01,5,8.5,
6862,1373,2024-12-01,8,6.27,
6863,267,2024-12-01,9,8.85,
6864,2703,2024-12-01,10,7.7,
6865,480,2024-12-01,0,8.99,
6866,1993,2024-12-01,9,5.31,
6867,2682,2024-12-01,6,6.18,
6868,121,2024-12-01,5,7.18,
6869,1605,2024-12-01,0,8.84,
6870,1337,2024-12-01,1,5.12,
6871,106,2024-12-01,0,6.05,
6872,1059,2024-12-01,10,8.61,
6873,575,2024-12-01,0,7.51,
6874,855,2024-12-01,9,8.35,Falta de comunicação
6875,2059,2024-12-01,4,5.18,
6876,2107,2024-12-01,5,7.56,
6877,2692,2024-12-01,1,5.38,
6878,802,2024-12-01,5,6.38,
6879,1150,2024-12-01,4,8.37,
6880,1125,2024-12-01,4,6.79,
6881,926,2024-12-01,5,8.06,
6882,2735,2024-12-01,1,5.21,Baixa participação em reuniões
6883,1911,2024-12-01,8,5.09,
6884,463,2024-12-01,8,8.01,
6885,2149,2024-12-01,4,6.12,Conflitos interpessoais
6886,210,2024-12-01,1,9.37,
6887,1680,2024-12-01,8,8.27,
6888,1544,2024-12-01,3,6.22,
6889,800,2024-12-01,9,7.15,
6890,703,2024-12-01,7,5.05,
6891,2188,2024-12-01,10,5.85,Isolamento da equipe
6892,1769,2024-12-01,2,5.3,
6893,571,2024-12-01,8,6.72,
6894,1288,2024-12-01,4,6.6,
6895,660,2024-12-01,9,9.36,Isolamento da equipe
6896,2309,2024-12-01,8,5.86,
6897,1884,2024-12-01,6,8.12,
6898,199,2024-12-01,10,5.83,Desmotivação observada
6899,542,2024-12-01,7,6.01,
6900,1492,2024-12-01,8,8.26,Desmotivação observada
6901,221,2024-12-01,8,8.73,
6902,2356,2024-12-01,3,5.19,
6903,519,2024-12-01,10,8.68,Desmotivação observada
6904,2012,2024-12-01,4,6.77,
6905,91,2024-12-01,7,5.18,Falta de comunicação
6906,925,2024-12-01,0,7.18,
6907,2241,2024-12-01,0,7.49,
6908,1359,2024-12-01,1,9.21,
6909,1799,2024-12-01,1,5.11,Desmotivação observada
6910,97,2024-12-01,3,6.94,
6911,992,2024-12-01,5,6.87,
6912,2799,2024-12-01,7,5.75,
6913,1855,2024-12-01,6,9.15,
6914,2908,2024-12-01,0,5.87,
6915,2861,2024-12-01,3,8.36,
6916,1037,2024-12-01,8,6.82,
6917,1511,2024-12-01,0,6.2,
6918,1087,2024-12-01,4,9.25,
6919,1725,2024-12-01,7,9.14,
6920,363,2024-12-01,10,9.43,
6921,1665,2024-12-01,4,8.9,Conflitos interpessoais
6922,1920,2024-12-01,1,6.55,
6923,644,2024-12-01,0,8.06,
6924,2029,2024-12-01,2,8.29,
6925,1100,2024-12-01,6,5.27,
6926,1881,2024-12-01,4,8.55,
6927,2649,2024-12-01,4,8.62,Desmotivação observada
6928,1802,2024-12-01,1,6.16,
6929,2355,2024-12-01,1,5.65,
6930,541,2024-12-01,4,8.58,
6931,2136,2024-12-01,4,9.1,
6932,809,2024-12-01,6,7.9,
6933,1043,2024-12-01,6,7.63,
6934,2011,2024-12-01,4,5.72,
6935,543,2024-12-01,5,7.89,
6936,2713,2024-12-01,4,8.75,
6937,2812,2024-12-01,0,5.92,Isolamento da equipe
6938,412,2024-12-01,2,8.1,
6939,792,2024-12-01,2,5.81,
6940,1097,2024-12-01,2,9.24,
6941,1155,2024-12-01,7,5.6,
6942,376,2024-12-01,2,5.17,
6943,201,2024-12-01,2,7.19,
6944,2611,2024-12-01,0,8.95,
6945,2042,2024-12-01,3,6.73,
6946,2530,2024-12-01,7,6.96,
6947,2098,2024-12-01,0,7.16,Isolamento da equipe
6948,372,2024-12-01,1,7.05,
6949,636,2024-12-01,8,6.69,
6950,2476,2024-12-01,9,5.63,
6951,1425,2024-12-01,10,9.16,
6952,2395,2024-12-01,0,6.96,
6953,2993,2024-12-01,7,5.74,
6954,333,2024-12-01,1,8.93,
6955,2559,2024-12-01,7,7.43,
6956,1753,2024-12-01,1,5.53,
6957,611,2024-12-01,2,6.57,
6958,2897,2024-12-01,9,6.33,
6959,1219,2024-12-01,3,7.64,
6960,1112,2024-12-01,9,8.73,Desmotivação observada
6961,377,2024-12-01,2,6.58,
6962,993,2024-12-01,4,5.75,
