ID,Nome,Idade,Setor,Cidade,CPF,RG,Formacao,Tempo_Empresa_Meses,Data_Aniversario,Funcao_Atual,Data_Admissao,Status
1,Funcionário 1,50,Produto,Brasília,104.332.181-00,4903402-8,MBA,7,1974-01-01,Product Manager,2024-05-14,Desligado
2,Funcionário 2,40,Inovação,Fortaleza,908.386.379-49,8090293-5,Graduação,17,1984-01-25,Analista de Inovação,2023-07-24,Ativo
3,Funcionário 3,57,Marketing,Brasília,423.511.615-05,8707870-8,Graduação,12,1967-10-09,Especialista em SEO,2023-12-06,Ativo
4,Funcionário 4,23,Marketing,Manaus,161.849.593-36,5855124-1,Mestrado,31,2001-01-22,Especialista em SEO,2022-05-23,Ativo
5,Funcionário 5,23,Qualidade,Porto Alegre,316.475.255-51,2197935-9,Ensino Médio,21,2001-11-09,Coordenador de Qualidade,2023-03-06,Ativo
6,Funcionário 6,43,Qualidade,Salvador,283.276.483-57,6292423-6,Ensino Médio,14,1981-01-08,Auditor,2023-10-27,Ativo
7,Funcionário 7,49,Qualidade,Natal,413.953.767-19,5408072-9,Doutorado,26,1975-05-05,Coordenador de Qualidade,2022-10-20,Ativo
8,Funcionário 8,24,Gente & Gestão,Florianópolis,696.532.871-17,8082668-9,Doutorado,32,2000-02-05,Analista de RH,2022-04-07,Ativo
9,Funcionário 9,30,Inovação,Curitiba,166.978.480-06,6707197-1,Pós-graduação,28,1994-11-18,Analista de Inovação,2022-08-23,Ativo
10,Funcionário 10,35,Comercial,Recife,462.704.828-95,9517169-9,Ensino Médio,28,1989-11-10,Executivo de Contas,2022-08-06,Ativo
11,Funcionário 11,23,Financeiro,Manaus,325.288.095-49,6159230-3,Doutorado,3,2001-01-04,Gerente Financeiro,2024-09-27,Ativo
12,Funcionário 12,28,Qualidade,Belém,039.117.182-84,3770370-4,Doutorado,27,1996-11-16,Auditor,2022-09-20,Ativo
13,Funcionário 13,35,Tecnologia,Joinville,896.383.465-40,4769795-1,Tecnólogo,6,1989-09-15,DevOps,2024-06-16,Desligado
14,Funcionário 14,23,Operações,Belo Horizonte,509.839.301-98,6543670-1,Tecnólogo,31,2001-04-03,Gerente de Operações,2022-05-01,Ativo
15,Funcionário 15,50,Comercial,Recife,834.738.299-94,7829332-3,Pós-graduação,4,1974-04-26,Executivo de Contas,2024-08-26,Ativo
16,Funcionário 16,31,Financeiro,Goiânia,116.566.701-00,2833230-3,Doutorado,31,1993-07-24,Gerente Financeiro,2022-05-05,Ativo
17,Funcionário 17,36,Marketing,Goiânia,338.726.247-76,2642635-0,Doutorado,19,1988-02-15,Analista de Marketing,2023-05-27,Ativo
18,Funcionário 18,42,Comercial,Vitória,801.326.773-34,7550190-4,MBA,8,1982-01-06,Analista Comercial,2024-04-01,Ativo
19,Funcionário 19,47,Vendas,Manaus,746.872.343-56,6261415-0,Pós-graduação,32,1977-10-24,Vendedor,2022-04-30,Ativo
20,Funcionário 20,50,Tecnologia,Salvador,097.882.081-93,4946066-6,Doutorado,23,1974-02-20,Desenvolvedor,2023-01-16,Desligado
21,Funcionário 21,45,Tecnologia,Manaus,193.990.916-35,6271130-3,Doutorado,0,1979-06-09,Tech Lead,2024-12-06,Ativo
22,Funcionário 22,38,Marketing,Florianópolis,462.475.107-80,5449324-2,Graduação,29,1986-02-18,Analista de Marketing,2022-07-24,Ativo
23,Funcionário 23,26,Atendimento,Rio de Janeiro,513.542.784-88,6022741-1,Tecnólogo,0,1998-01-22,Atendente,2024-12-19,Ativo
24,Funcionário 24,49,Inovação,Salvador,241.182.449-18,5428914-8,Pós-graduação,21,1975-12-11,Product Manager,2023-03-08,Ativo
25,Funcionário 25,54,Inovação,Rio de Janeiro,740.164.005-89,8412769-8,Mestrado,27,1970-11-09,Analista de Inovação,2022-09-25,Ativo
26,Funcionário 26,56,Qualidade,Brasília,680.112.805-11,7117837-0,Mestrado,26,1968-07-05,Auditor,2022-10-31,Desligado
27,Funcionário 27,56,Tecnologia,Florianópolis,533.158.692-94,7917152-0,MBA,20,1968-03-26,Analista de Sistemas,2023-04-30,Ativo
28,Funcionário 28,24,Tecnologia,Porto Alegre,256.342.160-87,8722606-5,Tecnólogo,4,2000-04-07,Analista de Sistemas,2024-08-21,Ativo
29,Funcionário 29,48,Vendas,Vitória,433.036.541-31,9996207-5,Doutorado,17,1976-06-21,Gerente de Vendas,2023-07-26,Ativo
30,Funcionário 30,34,Suporte,Vitória,014.294.019-40,8321474-9,Doutorado,6,1990-06-24,Analista de Suporte,2024-06-08,Ativo
31,Funcionário 31,53,Financeiro,Goiânia,816.934.060-80,4305700-5,MBA,1,1971-09-22,Controller,2024-11-30,Ativo
32,Funcionário 32,36,Produto,Belém,615.951.484-93,3135534-3,Pós-graduação,8,1988-06-13,Product Manager,2024-04-16,Ativo
33,Funcionário 33,53,Inovação,Fortaleza,662.994.680-41,6406444-7,Graduação,15,1971-05-07,Product Manager,2023-09-15,Ativo
34,Funcionário 34,49,Comercial,Recife,773.872.148-08,4940441-4,MBA,13,1975-02-27,Executivo de Contas,2023-11-18,Ativo
35,Funcionário 35,27,Qualidade,Manaus,332.003.791-97,7442089-7,Pós-graduação,5,1997-07-21,Coordenador de Qualidade,2024-07-21,Ativo
36,Funcionário 36,32,Atendimento,Rio de Janeiro,632.016.328-30,3036059-7,Pós-graduação,4,1992-01-18,Atendente,2024-08-09,Ativo
37,Funcionário 37,54,Tecnologia,Salvador,278.895.798-02,8963715-7,Graduação,7,1970-09-15,Analista de Sistemas,2024-05-23,Ativo
38,Funcionário 38,34,Vendas,Florianópolis,434.873.471-21,2351868-2,Doutorado,16,1990-04-09,Gerente de Vendas,2023-08-09,Ativo
39,Funcionário 39,29,Produto,Salvador,236.231.665-37,8048838-6,Mestrado,4,1995-07-02,Product Manager,2024-08-12,Ativo
40,Funcionário 40,54,Suporte,Recife,909.670.546-72,4700025-7,Pós-graduação,7,1970-09-24,Coordenador de Suporte,2024-05-08,Ativo
41,Funcionário 41,53,Marketing,Salvador,346.706.562-79,7610562-9,Pós-graduação,4,1971-03-20,Analista de Marketing,2024-08-15,Ativo
42,Funcionário 42,33,Inovação,Curitiba,901.627.204-67,6662319-6,Graduação,10,1991-06-07,Analista de Inovação,2024-02-16,Ativo
43,Funcionário 43,58,Tecnologia,Brasília,464.170.805-36,1675419-0,Ensino Médio,20,1966-11-03,Tech Lead,2023-04-05,Ativo
44,Funcionário 44,23,Comercial,Manaus,330.923.271-95,7189034-2,Mestrado,21,2001-08-23,Gerente Comercial,2023-03-23,Ativo
45,Funcionário 45,58,Tecnologia,São Paulo,991.241.904-97,5074336-1,Graduação,10,1966-07-23,Analista de Sistemas,2024-02-08,Ativo
46,Funcionário 46,23,Gente & Gestão,Manaus,491.905.865-90,8047416-7,Tecnólogo,31,2001-09-21,Especialista em Folha,2022-05-22,Ativo
47,Funcionário 47,27,Inovação,Joinville,165.726.284-77,5502929-5,Doutorado,3,1997-08-14,Innovation Lead,2024-09-17,Ativo
48,Funcionário 48,38,Operações,Brasília,314.737.996-51,4050766-7,MBA,13,1986-01-16,Gerente de Operações,2023-11-20,Ativo
49,Funcionário 49,55,Operações,Belo Horizonte,354.549.480-20,7818732-7,Graduação,1,1969-04-03,Supervisor,2024-11-24,Ativo
50,Funcionário 50,37,Tecnologia,Salvador,837.770.143-03,7191135-7,Pós-graduação,8,1987-12-08,Tech Lead,2024-04-08,Ativo
51,Funcionário 51,27,Suporte,Joinville,885.685.574-73,4231028-5,Pós-graduação,15,1997-05-08,Coordenador de Suporte,2023-09-20,Desligado
52,Funcionário 52,57,Suporte,Recife,182.337.498-00,4816534-5,Graduação,16,1967-02-27,Coordenador de Suporte,2023-08-03,Ativo
53,Funcionário 53,40,Financeiro,Natal,240.824.008-50,9235577-1,Doutorado,16,1984-12-05,Gerente Financeiro,2023-08-22,Ativo
54,Funcionário 54,54,Marketing,Natal,094.777.520-02,7722755-7,Doutorado,18,1970-08-04,Especialista em SEO,2023-06-02,Ativo
55,Funcionário 55,22,Produto,Manaus,190.229.413-02,4786401-8,Ensino Médio,28,2002-09-25,Product Manager,2022-08-31,Ativo
56,Funcionário 56,44,Atendimento,Florianópolis,677.496.499-05,4486102-3,Doutorado,31,1980-10-24,Analista de Atendimento,2022-05-04,Desligado
57,Funcionário 57,23,Tecnologia,Natal,412.328.120-64,5886520-0,Mestrado,8,2001-08-23,DevOps,2024-04-16,Ativo
58,Funcionário 58,26,Gente & Gestão,Natal,344.713.493-33,3499627-4,Graduação,7,1998-02-18,Gerente de RH,2024-05-20,Ativo
59,Funcionário 59,30,Vendas,Florianópolis,210.249.947-24,7752972-4,Graduação,27,1994-08-23,Coordenador de Vendas,2022-09-12,Ativo
60,Funcionário 60,41,Marketing,Belo Horizonte,887.719.065-50,1348050-4,Ensino Médio,19,1983-01-03,Gerente de Marketing,2023-05-28,Ativo
61,Funcionário 61,29,Financeiro,Belo Horizonte,902.787.429-80,2530793-7,Pós-graduação,6,1995-11-27,Contador,2024-06-11,Ativo
62,Funcionário 62,56,Vendas,Florianópolis,565.512.567-67,1615675-7,Ensino Médio,16,1968-11-13,Vendedor,2023-08-14,Ativo
63,Funcionário 63,39,Comercial,Curitiba,154.516.808-33,7069650-9,Mestrado,4,1985-07-02,Gerente Comercial,2024-08-04,Ativo
64,Funcionário 64,37,Vendas,Joinville,770.348.247-11,5014745-2,Ensino Médio,3,1987-02-01,Vendedor,2024-09-19,Ativo
65,Funcionário 65,35,Gente & Gestão,Natal,480.861.317-42,5896624-8,Pós-graduação,28,1989-11-27,Especialista em Folha,2022-08-29,Ativo
66,Funcionário 66,29,Inovação,Florianópolis,467.737.826-60,3290229-1,Ensino Médio,23,1995-10-17,Analista de Inovação,2023-01-26,Ativo
67,Funcionário 67,33,Produto,Florianópolis,465.840.449-47,6790218-5,Mestrado,3,1991-03-15,Analista de Produto,2024-09-29,Ativo
68,Funcionário 68,43,Operações,Belo Horizonte,886.753.396-74,8935224-6,MBA,20,1981-07-02,Supervisor,2023-04-24,Ativo
69,Funcionário 69,29,Produto,Fortaleza,627.028.951-31,1257489-2,Tecnólogo,6,1995-02-17,Product Manager,2024-06-20,Ativo
70,Funcionário 70,51,Tecnologia,Manaus,621.745.961-21,6312692-7,Doutorado,13,1973-11-28,Desenvolvedor,2023-11-04,Ativo
71,Funcionário 71,26,Qualidade,Belém,809.134.316-72,8443690-2,Graduação,29,1998-11-23,Auditor,2022-07-21,Ativo
72,Funcionário 72,38,Qualidade,Manaus,400.504.556-13,4020853-2,Mestrado,26,1986-04-17,Analista de Qualidade,2022-10-26,Ativo
73,Funcionário 73,27,Suporte,Manaus,219.693.792-43,5283671-0,Ensino Médio,20,1997-08-21,Analista de Suporte,2023-04-21,Ativo
74,Funcionário 74,45,Tecnologia,Goiânia,748.217.594-62,6068760-3,MBA,7,1979-12-09,Tech Lead,2024-05-18,Ativo
75,Funcionário 75,54,Financeiro,Vitória,671.369.594-97,5605016-0,MBA,16,1970-01-27,Analista Financeiro,2023-08-28,Ativo
76,Funcionário 76,53,Inovação,São Paulo,909.743.953-15,3294774-1,Graduação,23,1971-10-09,Product Manager,2023-01-25,Ativo
77,Funcionário 77,46,Atendimento,Vitória,047.095.214-84,3217273-8,Mestrado,13,1978-12-14,Analista de Atendimento,2023-11-01,Ativo
78,Funcionário 78,24,Marketing,Goiânia,588.424.745-17,4785186-6,Tecnólogo,28,2000-08-03,Gerente de Marketing,2022-08-24,Desligado
79,Funcionário 79,43,Inovação,Curitiba,851.604.817-96,7392547-5,Doutorado,11,1981-11-24,Innovation Lead,2024-01-25,Ativo
80,Funcionário 80,23,Atendimento,São Paulo,137.098.593-28,6069909-6,Ensino Médio,31,2001-11-27,Atendente,2022-05-10,Ativo
81,Funcionário 81,50,Atendimento,Rio de Janeiro,120.047.113-02,8031780-9,Tecnólogo,26,1974-07-15,Supervisor de Atendimento,2022-10-05,Ativo
82,Funcionário 82,46,Marketing,Belém,261.796.405-13,7084862-1,Pós-graduação,21,1978-08-15,Especialista em SEO,2023-03-21,Ativo
83,Funcionário 83,28,Vendas,Joinville,585.064.317-60,1358318-0,MBA,29,1996-11-07,Vendedor,2022-07-07,Ativo
84,Funcionário 84,29,Qualidade,Florianópolis,532.931.839-48,1047572-4,Doutorado,21,1995-04-11,Auditor,2023-03-19,Ativo
85,Funcionário 85,49,Comercial,Curitiba,228.421.020-10,3923366-4,Doutorado,11,1975-04-19,Gerente Comercial,2024-01-04,Ativo
86,Funcionário 86,43,Suporte,Salvador,026.811.775-61,4716988-9,Tecnólogo,1,1981-10-04,Coordenador de Suporte,2024-11-17,Ativo
87,Funcionário 87,43,Atendimento,Recife,084.700.766-98,2232969-1,Mestrado,28,1981-08-23,Atendente,2022-08-10,Ativo
88,Funcionário 88,27,Operações,Fortaleza,592.124.998-05,8612081-8,Pós-graduação,14,1997-07-20,Analista de Operações,2023-10-28,Ativo
89,Funcionário 89,54,Marketing,Porto Alegre,961.183.673-29,7979148-1,Pós-graduação,8,1970-06-27,Analista de Marketing,2024-04-27,Ativo
90,Funcionário 90,25,Operações,Belém,565.452.711-80,7251976-2,Pós-graduação,30,1999-02-14,Coordenador Operacional,2022-06-24,Desligado
91,Funcionário 91,56,Inovação,Brasília,809.885.165-60,6242022-5,Pós-graduação,7,1968-12-02,Analista de Inovação,2024-05-16,Ativo
92,Funcionário 92,51,Suporte,São Paulo,198.327.315-50,4794319-6,Doutorado,11,1973-02-25,Coordenador de Suporte,2024-01-23,Ativo
93,Funcionário 93,49,Atendimento,Rio de Janeiro,899.809.402-98,6701311-5,Tecnólogo,17,1975-12-25,Atendente,2023-07-14,Ativo
94,Funcionário 94,47,Gente & Gestão,Goiânia,022.961.201-64,6719285-2,Doutorado,0,1977-04-13,Gerente de RH,2024-12-22,Ativo
95,Funcionário 95,30,Qualidade,Porto Alegre,545.991.022-61,8113787-7,Ensino Médio,32,1994-11-03,Coordenador de Qualidade,2022-04-12,Ativo
96,Funcionário 96,22,Comercial,Natal,976.438.156-15,9164342-8,Mestrado,28,2002-05-22,Executivo de Contas,2022-08-16,Ativo
97,Funcionário 97,46,Marketing,Belém,403.690.034-03,6504979-1,MBA,21,1978-03-25,Analista de Marketing,2023-03-09,Ativo
98,Funcionário 98,37,Inovação,Natal,076.226.838-76,1709714-6,Doutorado,12,1987-02-13,Analista de Inovação,2023-12-27,Ativo
99,Funcionário 99,43,Inovação,Florianópolis,071.596.966-89,6448705-2,Pós-graduação,16,1981-02-13,Product Manager,2023-08-16,Desligado
100,Funcionário 100,37,Suporte,Porto Alegre,975.161.369-80,6205543-5,Mestrado,9,1987-09-03,Analista de Suporte,2024-03-31,Ativo
101,Funcionário 101,50,Qualidade,Porto Alegre,352.181.883-79,3477824-3,Doutorado,12,1974-06-24,Analista de Qualidade,2023-12-17,Ativo
102,Funcionário 102,51,Financeiro,Porto Alegre,124.329.212-16,8531380-9,Pós-graduação,2,1973-08-25,Gerente Financeiro,2024-10-08,Ativo
103,Funcionário 103,47,Atendimento,Natal,955.271.774-44,2244712-4,MBA,17,1977-10-02,Supervisor de Atendimento,2023-07-17,Ativo
104,Funcionário 104,57,Tecnologia,Goiânia,770.054.119-19,1688246-7,Mestrado,1,1967-07-15,QA Engineer,2024-11-04,Ativo
105,Funcionário 105,44,Atendimento,Recife,935.978.207-60,3895058-0,Mestrado,29,1980-06-23,Atendente,2022-07-31,Desligado
106,Funcionário 106,57,Comercial,Joinville,377.889.255-00,1878547-5,Doutorado,16,1967-07-14,Executivo de Contas,2023-08-03,Ativo
107,Funcionário 107,40,Atendimento,Natal,151.864.492-96,6869018-4,Ensino Médio,13,1984-02-19,Atendente,2023-11-14,Ativo
108,Funcionário 108,25,Marketing,Natal,629.148.652-01,9531021-5,Doutorado,0,1999-02-21,Especialista em SEO,2024-12-14,Ativo
109,Funcionário 109,49,Produto,Joinville,054.235.733-00,2696860-8,Pós-graduação,26,1975-03-03,Product Owner,2022-10-09,Ativo
110,Funcionário 110,56,Qualidade,São Paulo,880.592.962-05,3777286-7,Ensino Médio,25,1968-03-27,Analista de Qualidade,2022-11-29,Ativo
111,Funcionário 111,58,Qualidade,Florianópolis,065.379.473-83,8868776-3,Ensino Médio,0,1966-04-10,Analista de Qualidade,2024-12-29,Ativo
112,Funcionário 112,31,Produto,Manaus,597.746.886-51,5194357-0,MBA,25,1993-04-26,Product Manager,2022-11-28,Ativo
113,Funcionário 113,33,Comercial,Belém,758.181.412-25,8339571-1,Graduação,17,1991-08-17,Executivo de Contas,2023-07-13,Desligado
114,Funcionário 114,56,Inovação,São Paulo,375.060.685-40,1472908-5,Tecnólogo,20,1968-07-03,Analista de Inovação,2023-04-28,Ativo
115,Funcionário 115,47,Atendimento,Recife,152.204.727-12,1318832-4,Mestrado,5,1977-10-01,Analista de Atendimento,2024-07-07,Ativo
116,Funcionário 116,28,Financeiro,Recife,328.986.143-00,8669093-1,MBA,15,1996-02-02,Contador,2023-09-09,Ativo
117,Funcionário 117,32,Marketing,Joinville,179.808.932-71,5035998-9,Ensino Médio,16,1992-07-01,Analista de Marketing,2023-08-20,Ativo
118,Funcionário 118,57,Atendimento,Porto Alegre,621.851.888-44,8887557-0,Ensino Médio,1,1967-09-01,Supervisor de Atendimento,2024-11-05,Ativo
119,Funcionário 119,56,Financeiro,Curitiba,654.051.531-68,6679880-2,Ensino Médio,13,1968-03-02,Controller,2023-11-12,Ativo
120,Funcionário 120,53,Marketing,Rio de Janeiro,772.217.043-92,6202210-8,Mestrado,33,1971-04-02,Analista de Marketing,2022-03-31,Ativo
121,Funcionário 121,33,Tecnologia,Rio de Janeiro,687.403.450-25,8330827-6,MBA,13,1991-05-04,Desenvolvedor,2023-11-11,Ativo
122,Funcionário 122,56,Vendas,Goiânia,765.277.584-13,4027557-8,Ensino Médio,30,1968-12-14,Vendedor,2022-06-19,Desligado
123,Funcionário 123,41,Vendas,Belo Horizonte,451.154.479-40,8501590-0,MBA,7,1983-03-23,Coordenador de Vendas,2024-05-22,Ativo
124,Funcionário 124,40,Tecnologia,Joinville,596.401.658-83,8351320-0,Pós-graduação,25,1984-01-05,QA Engineer,2022-11-24,Ativo
125,Funcionário 125,40,Qualidade,Salvador,213.556.909-78,7241348-7,Doutorado,25,1984-11-15,Coordenador de Qualidade,2022-11-11,Ativo
126,Funcionário 126,52,Financeiro,Florianópolis,192.856.543-39,9686324-6,Tecnólogo,28,1972-01-24,Controller,2022-08-21,Ativo
127,Funcionário 127,37,Gente & Gestão,Porto Alegre,814.473.947-71,8584017-2,Graduação,22,1987-02-05,Especialista em Folha,2023-02-14,Ativo
128,Funcionário 128,46,Financeiro,Fortaleza,715.518.844-10,3920762-5,MBA,25,1978-12-23,Gerente Financeiro,2022-11-19,Ativo
129,Funcionário 129,44,Vendas,Rio de Janeiro,831.323.705-84,3177199-9,MBA,11,1980-08-26,Vendedor,2024-01-26,Ativo
130,Funcionário 130,35,Atendimento,Porto Alegre,114.678.669-70,8549319-7,Graduação,30,1989-03-11,Supervisor de Atendimento,2022-06-01,Ativo
131,Funcionário 131,50,Produto,Fortaleza,852.892.268-50,3762487-2,Tecnólogo,32,1974-02-17,Analista de Produto,2022-04-24,Ativo
132,Funcionário 132,33,Vendas,Recife,535.841.438-02,9950276-1,Tecnólogo,17,1991-03-21,Vendedor,2023-07-17,Ativo
133,Funcionário 133,59,Inovação,Goiânia,829.922.995-29,5440189-3,MBA,33,1965-01-03,Product Manager,2022-03-26,Desligado
134,Funcionário 134,30,Comercial,Fortaleza,969.078.447-10,2224284-0,Tecnólogo,19,1994-11-13,Executivo de Contas,2023-05-17,Ativo
135,Funcionário 135,26,Gente & Gestão,Belo Horizonte,276.773.592-99,6794356-6,Graduação,14,1998-12-11,Especialista em Folha,2023-10-03,Ativo
136,Funcionário 136,22,Operações,Joinville,258.815.371-22,1849015-4,Ensino Médio,17,2002-08-08,Supervisor,2023-07-02,Desligado
137,Funcionário 137,28,Vendas,Belém,696.325.953-43,6176450-7,Pós-graduação,25,1996-08-17,Gerente de Vendas,2022-11-23,Ativo
138,Funcionário 138,52,Suporte,Belém,016.873.395-11,8895137-4,Pós-graduação,32,1972-01-10,Técnico de Suporte,2022-04-10,Ativo
139,Funcionário 139,48,Atendimento,Recife,801.624.565-06,4265774-5,Graduação,32,1976-07-02,Supervisor de Atendimento,2022-04-03,Ativo
140,Funcionário 140,24,Comercial,Manaus,841.687.849-83,6688907-8,Mestrado,27,2000-03-04,Executivo de Contas,2022-09-01,Ativo
141,Funcionário 141,41,Qualidade,Brasília,523.986.800-02,8948107-8,MBA,33,1983-03-23,Auditor,2022-03-21,Ativo
142,Funcionário 142,22,Suporte,Belém,729.825.952-06,6643410-8,Pós-graduação,9,2002-10-24,Técnico de Suporte,2024-03-15,Ativo
143,Funcionário 143,46,Marketing,São Paulo,887.947.055-85,1447065-9,Mestrado,28,1978-07-19,Analista de Marketing,2022-08-13,Ativo
144,Funcionário 144,27,Atendimento,Manaus,749.930.972-04,7378535-2,MBA,0,1997-11-24,Atendente,2024-12-09,Ativo
145,Funcionário 145,42,Operações,Porto Alegre,309.130.756-55,9419134-9,Graduação,25,1982-07-23,Gerente de Operações,2022-11-07,Ativo
146,Funcionário 146,58,Financeiro,Florianópolis,702.838.578-70,9944387-5,Graduação,10,1966-06-06,Gerente Financeiro,2024-02-11,Ativo
147,Funcionário 147,39,Vendas,São Paulo,854.973.348-22,4477544-7,Mestrado,15,1985-04-10,Coordenador de Vendas,2023-09-04,Ativo
148,Funcionário 148,52,Tecnologia,Porto Alegre,575.844.198-87,3457461-4,Mestrado,10,1972-07-27,Analista de Sistemas,2024-02-17,Ativo
149,Funcionário 149,24,Inovação,Salvador,041.574.733-37,2832517-9,Graduação,17,2000-09-23,Product Manager,2023-07-10,Ativo
150,Funcionário 150,53,Marketing,Belo Horizonte,933.083.301-21,3306314-0,Pós-graduação,8,1971-06-23,Analista de Marketing,2024-04-26,Ativo
151,Funcionário 151,29,Atendimento,Manaus,826.773.454-63,9978365-0,Pós-graduação,31,1995-02-21,Analista de Atendimento,2022-05-02,Ativo
152,Funcionário 152,29,Atendimento,Manaus,262.067.240-69,6621073-4,Tecnólogo,35,1995-05-19,Atendente,2022-01-19,Ativo
153,Funcionário 153,57,Produto,Belo Horizonte,788.728.743-00,5316188-2,Doutorado,28,1967-06-06,Product Manager,2022-08-19,Ativo
154,Funcionário 154,30,Tecnologia,Porto Alegre,054.932.966-83,2600296-2,Pós-graduação,1,1994-06-03,QA Engineer,2024-11-21,Ativo
155,Funcionário 155,49,Suporte,Belém,275.304.637-99,1191859-4,Mestrado,17,1975-06-10,Técnico de Suporte,2023-07-01,Ativo
156,Funcionário 156,26,Vendas,Curitiba,530.174.268-07,5949909-5,Tecnólogo,15,1998-12-04,Gerente de Vendas,2023-09-29,Ativo
157,Funcionário 157,26,Inovação,Brasília,933.272.795-35,4664338-3,Ensino Médio,7,1998-12-18,Product Manager,2024-05-01,Ativo
158,Funcionário 158,22,Comercial,Natal,918.785.191-15,3514105-2,Doutorado,31,2002-09-17,Vendedor,2022-05-07,Ativo
159,Funcionário 159,32,Gente & Gestão,Recife,587.139.718-24,7969667-7,Doutorado,5,1992-01-15,Analista de RH,2024-07-01,Desligado
160,Funcionário 160,43,Produto,Fortaleza,908.740.640-15,6780235-1,Ensino Médio,21,1981-10-03,Product Manager,2023-03-23,Desligado
161,Funcionário 161,54,Comercial,Salvador,801.704.622-77,7333337-6,Graduação,7,1970-06-13,Gerente Comercial,2024-05-10,Ativo
162,Funcionário 162,22,Gente & Gestão,Natal,182.512.868-59,1381435-4,Doutorado,27,2002-12-08,Recrutador,2022-09-18,Ativo
163,Funcionário 163,49,Tecnologia,Porto Alegre,786.863.375-11,2893218-0,Doutorado,25,1975-05-07,QA Engineer,2022-11-14,Ativo
164,Funcionário 164,59,Suporte,Porto Alegre,690.331.190-48,1816653-3,Doutorado,5,1965-10-22,Analista de Suporte,2024-07-03,Ativo
165,Funcionário 165,58,Atendimento,Recife,067.383.028-43,6350316-9,Graduação,16,1966-04-27,Atendente,2023-08-16,Ativo
166,Funcionário 166,42,Vendas,Goiânia,953.428.364-92,3938247-6,Ensino Médio,17,1982-01-18,Coordenador de Vendas,2023-07-18,Ativo
167,Funcionário 167,34,Financeiro,Goiânia,870.568.566-40,8944327-3,Ensino Médio,25,1990-05-13,Analista Financeiro,2022-11-02,Ativo
168,Funcionário 168,53,Comercial,Manaus,342.708.668-29,4411424-5,Doutorado,0,1971-03-13,Analista Comercial,2024-12-21,Ativo
169,Funcionário 169,47,Atendimento,Curitiba,175.183.046-27,4640933-7,Mestrado,33,1977-02-07,Analista de Atendimento,2022-03-22,Ativo
170,Funcionário 170,24,Produto,Curitiba,354.033.173-50,5748945-6,Pós-graduação,22,2000-07-08,Product Manager,2023-02-23,Ativo
171,Funcionário 171,26,Produto,Salvador,785.445.877-47,6372622-3,Ensino Médio,29,1998-12-16,Analista de Produto,2022-07-21,Ativo
172,Funcionário 172,44,Gente & Gestão,Porto Alegre,556.093.204-37,4859072-6,Mestrado,7,1980-05-05,Recrutador,2024-05-05,Ativo
173,Funcionário 173,32,Suporte,Rio de Janeiro,937.854.777-08,3348114-8,Mestrado,24,1992-12-26,Técnico de Suporte,2022-12-11,Ativo
174,Funcionário 174,59,Comercial,Curitiba,728.080.100-52,2140312-2,Tecnólogo,8,1965-03-27,Executivo de Contas,2024-04-24,Ativo
175,Funcionário 175,36,Produto,Florianópolis,038.750.997-61,7901115-0,Doutorado,3,1988-01-01,Product Owner,2024-09-26,Ativo
176,Funcionário 176,59,Tecnologia,Brasília,084.840.862-40,4220085-9,Doutorado,28,1965-02-17,DevOps,2022-08-08,Desligado
177,Funcionário 177,51,Inovação,Recife,845.461.567-90,2352527-0,Graduação,19,1973-12-08,Analista de Inovação,2023-05-14,Ativo
178,Funcionário 178,26,Financeiro,Recife,166.687.002-17,6557798-9,Ensino Médio,30,1998-08-28,Contador,2022-06-19,Ativo
179,Funcionário 179,38,Qualidade,Joinville,180.339.740-36,1552000-2,MBA,30,1986-11-09,Coordenador de Qualidade,2022-06-02,Ativo
180,Funcionário 180,27,Gente & Gestão,Curitiba,503.926.142-00,6565503-6,MBA,19,1997-10-27,Recrutador,2023-05-08,Ativo
181,Funcionário 181,32,Suporte,Vitória,218.501.631-89,7655572-5,Ensino Médio,13,1992-10-25,Coordenador de Suporte,2023-11-29,Ativo
182,Funcionário 182,37,Produto,Belo Horizonte,047.735.866-72,2437708-9,Pós-graduação,23,1987-11-19,Product Manager,2023-01-16,Ativo
183,Funcionário 183,24,Suporte,Fortaleza,431.142.626-78,6171869-7,MBA,14,2000-06-04,Técnico de Suporte,2023-10-11,Desligado
184,Funcionário 184,40,Gente & Gestão,Porto Alegre,541.212.678-26,6937696-8,Tecnólogo,1,1984-07-04,Especialista em Folha,2024-11-15,Desligado
185,Funcionário 185,43,Gente & Gestão,Belo Horizonte,199.560.466-63,5072543-9,Ensino Médio,30,1981-12-18,Analista de RH,2022-06-23,Ativo
186,Funcionário 186,33,Atendimento,Goiânia,826.224.447-88,8064924-4,Tecnólogo,26,1991-02-06,Atendente,2022-10-26,Ativo
187,Funcionário 187,35,Atendimento,Belém,715.437.993-61,7638609-5,Graduação,5,1989-02-05,Atendente,2024-07-26,Ativo
188,Funcionário 188,47,Vendas,Vitória,965.756.924-94,6271120-2,Ensino Médio,14,1977-10-23,Gerente de Vendas,2023-10-19,Ativo
189,Funcionário 189,51,Produto,Vitória,654.793.564-70,4352088-9,MBA,9,1973-06-04,Product Manager,2024-03-15,Ativo
190,Funcionário 190,47,Financeiro,São Paulo,828.073.741-31,6080688-3,Ensino Médio,8,1977-11-16,Controller,2024-04-17,Desligado
191,Funcionário 191,36,Marketing,Belo Horizonte,426.617.979-04,8017921-8,Mestrado,9,1988-09-17,Especialista em SEO,2024-03-31,Ativo
192,Funcionário 192,49,Inovação,Goiânia,058.911.352-64,7704473-5,Tecnólogo,32,1975-10-21,Analista de Inovação,2022-04-01,Ativo
193,Funcionário 193,47,Produto,Brasília,610.143.888-05,9396422-2,Graduação,21,1977-08-12,Analista de Produto,2023-03-29,Ativo
194,Funcionário 194,24,Inovação,Goiânia,507.146.112-98,4470657-8,Graduação,12,2000-05-11,Innovation Lead,2023-12-15,Ativo
195,Funcionário 195,39,Atendimento,Belo Horizonte,757.177.514-00,6755892-1,Graduação,32,1985-12-04,Supervisor de Atendimento,2022-04-02,Desligado
196,Funcionário 196,36,Vendas,Rio de Janeiro,238.282.586-38,4094587-2,MBA,4,1988-04-26,Gerente de Vendas,2024-08-04,Ativo
197,Funcionário 197,38,Inovação,Belo Horizonte,660.937.966-12,2049645-9,Tecnólogo,35,1986-12-07,Product Manager,2022-01-10,Ativo
198,Funcionário 198,46,Tecnologia,Belém,182.553.714-35,7520284-9,Pós-graduação,3,1978-09-21,Desenvolvedor,2024-09-29,Ativo
199,Funcionário 199,25,Atendimento,Florianópolis,691.557.924-99,5002586-4,Ensino Médio,30,1999-11-05,Atendente,2022-06-23,Ativo
200,Funcionário 200,39,Financeiro,Vitória,125.286.692-59,3906397-8,Mestrado,10,1985-07-06,Contador,2024-02-25,Ativo
201,Funcionário 201,29,Marketing,São Paulo,274.225.790-05,7441514-8,Pós-graduação,11,1995-01-16,Gerente de Marketing,2024-01-06,Desligado
202,Funcionário 202,58,Operações,Joinville,876.767.721-50,4772246-8,Tecnólogo,33,1966-04-10,Gerente de Operações,2022-03-05,Desligado
203,Funcionário 203,55,Produto,Brasília,427.978.819-74,7154919-8,Graduação,28,1969-05-25,Product Manager,2022-08-22,Ativo
204,Funcionário 204,27,Gente & Gestão,Salvador,078.361.340-75,2459332-7,Ensino Médio,5,1997-05-12,Analista de RH,2024-07-10,Ativo
205,Funcionário 205,43,Gente & Gestão,Belo Horizonte,133.959.629-62,1995859-9,Mestrado,26,1981-04-27,Gerente de RH,2022-10-13,Ativo
206,Funcionário 206,25,Produto,Goiânia,584.982.544-42,3274804-6,Mestrado,17,1999-09-22,Product Owner,2023-07-02,Ativo
207,Funcionário 207,52,Marketing,Rio de Janeiro,042.232.536-89,7949543-6,Ensino Médio,3,1972-03-19,Gerente de Marketing,2024-09-29,Ativo
208,Funcionário 208,24,Suporte,Vitória,711.684.577-18,2562657-7,MBA,13,2000-10-01,Coordenador de Suporte,2023-11-02,Ativo
209,Funcionário 209,27,Comercial,Joinville,518.636.374-00,3191007-9,Pós-graduação,14,1997-05-11,Gerente Comercial,2023-10-24,Ativo
210,Funcionário 210,25,Operações,Belo Horizonte,750.017.012-28,8177281-3,Ensino Médio,6,1999-08-01,Coordenador Operacional,2024-06-22,Ativo
211,Funcionário 211,59,Suporte,Goiânia,242.415.415-50,4928281-6,Ensino Médio,24,1965-01-13,Técnico de Suporte,2022-12-05,Ativo
212,Funcionário 212,36,Produto,Brasília,110.371.293-42,6764217-1,Tecnólogo,1,1988-11-15,Analista de Produto,2024-11-29,Desligado
213,Funcionário 213,26,Operações,Recife,627.136.111-05,3233823-2,Mestrado,14,1998-06-10,Gerente de Operações,2023-10-04,Desligado
214,Funcionário 214,40,Financeiro,São Paulo,189.092.753-83,4644760-1,Pós-graduação,25,1984-07-20,Analista Financeiro,2022-11-07,Ativo
215,Funcionário 215,33,Tecnologia,Recife,121.965.652-61,5780177-0,Mestrado,19,1991-05-21,Analista de Sistemas,2023-05-23,Desligado
216,Funcionário 216,58,Produto,Vitória,438.983.640-46,9381604-9,Pós-graduação,19,1966-08-13,Product Manager,2023-05-06,Desligado
217,Funcionário 217,24,Tecnologia,Belo Horizonte,180.552.696-02,8902314-1,Tecnólogo,11,2000-09-22,Arquiteto,2024-01-19,Ativo
218,Funcionário 218,26,Inovação,Recife,091.043.006-37,7969792-6,Pós-graduação,1,1998-05-21,Product Manager,2024-11-03,Ativo
219,Funcionário 219,34,Marketing,Curitiba,618.892.414-66,3606795-8,Pós-graduação,30,1990-09-07,Analista de Marketing,2022-06-11,Ativo
220,Funcionário 220,58,Vendas,São Paulo,569.146.303-99,1923227-4,Ensino Médio,30,1966-07-04,Coordenador de Vendas,2022-06-26,Ativo
221,Funcionário 221,36,Marketing,Belo Horizonte,210.202.758-98,3129542-4,Doutorado,1,1988-12-09,Gerente de Marketing,2024-11-25,Ativo
222,Funcionário 222,51,Tecnologia,Porto Alegre,105.648.149-89,1930113-7,Mestrado,30,1973-08-15,DevOps,2022-06-07,Ativo
223,Funcionário 223,35,Gente & Gestão,Brasília,925.241.913-62,1206159-3,Graduação,1,1989-01-02,Analista de RH,2024-11-08,Ativo
224,Funcionário 224,55,Qualidade,Florianópolis,075.622.086-62,6367620-4,Graduação,20,1969-06-08,Analista de Qualidade,2023-04-05,Ativo
225,Funcionário 225,43,Qualidade,Natal,195.180.238-16,5736323-4,MBA,32,1981-07-03,Auditor,2022-04-05,Ativo
226,Funcionário 226,58,Qualidade,Goiânia,518.705.349-30,7178606-9,Graduação,15,1966-12-20,Analista de Qualidade,2023-09-15,Ativo
227,Funcionário 227,58,Gente & Gestão,Florianópolis,738.320.603-75,1160974-5,Graduação,12,1966-11-27,Recrutador,2023-12-11,Ativo
228,Funcionário 228,47,Financeiro,Salvador,064.138.367-33,1736524-3,MBA,31,1977-03-23,Contador,2022-05-03,Ativo
229,Funcionário 229,46,Comercial,Brasília,865.719.182-26,8297801-2,Doutorado,9,1978-02-19,Analista Comercial,2024-03-18,Ativo
230,Funcionário 230,35,Suporte,Belém,344.565.574-00,2828260-2,Mestrado,20,1989-02-07,Analista de Suporte,2023-04-24,Desligado
231,Funcionário 231,44,Tecnologia,Salvador,127.756.185-02,3011815-1,Ensino Médio,21,1980-08-10,Desenvolvedor,2023-03-02,Ativo
232,Funcionário 232,23,Gente & Gestão,Brasília,249.035.213-03,6013715-4,Graduação,12,2001-07-17,Gerente de RH,2023-12-30,Desligado
233,Funcionário 233,27,Operações,Florianópolis,206.788.317-85,4729376-2,Doutorado,29,1997-03-04,Supervisor,2022-07-28,Desligado
234,Funcionário 234,29,Atendimento,Natal,365.199.410-42,3160763-1,Pós-graduação,31,1995-04-21,Supervisor de Atendimento,2022-05-13,Ativo
235,Funcionário 235,50,Tecnologia,Joinville,510.702.966-35,3899223-5,Mestrado,2,1974-01-13,Tech Lead,2024-10-13,Ativo
236,Funcionário 236,57,Operações,Salvador,324.472.099-40,9036805-0,Ensino Médio,19,1967-11-10,Analista de Operações,2023-05-19,Ativo
237,Funcionário 237,58,Produto,Rio de Janeiro,146.263.838-40,9047769-8,Ensino Médio,34,1966-07-26,Product Owner,2022-02-09,Ativo
238,Funcionário 238,25,Operações,Curitiba,759.856.420-54,5713268-0,Tecnólogo,14,1999-10-08,Analista de Operações,2023-10-16,Desligado
239,Funcionário 239,31,Tecnologia,Belo Horizonte,785.932.133-59,1937991-3,Mestrado,18,1993-09-27,QA Engineer,2023-06-30,Ativo
240,Funcionário 240,52,Financeiro,Belém,965.223.955-09,3384080-9,Pós-graduação,34,1972-12-23,Gerente Financeiro,2022-02-27,Ativo
241,Funcionário 241,36,Marketing,Porto Alegre,378.427.010-75,9019324-0,MBA,20,1988-10-08,Gerente de Marketing,2023-04-22,Desligado
242,Funcionário 242,25,Qualidade,Belém,593.252.500-20,2860938-8,Tecnólogo,26,1999-10-23,Auditor,2022-10-30,Ativo
243,Funcionário 243,52,Suporte,Florianópolis,515.691.545-03,9173859-5,Pós-graduação,26,1972-03-24,Técnico de Suporte,2022-10-07,Ativo
244,Funcionário 244,48,Gente & Gestão,Joinville,289.539.264-16,7569981-9,Graduação,16,1976-03-06,Recrutador,2023-08-27,Ativo
245,Funcionário 245,31,Marketing,Belo Horizonte,029.593.917-64,6818508-5,Mestrado,26,1993-06-24,Gerente de Marketing,2022-10-16,Desligado
246,Funcionário 246,47,Produto,Manaus,215.704.331-43,1021494-0,Tecnólogo,12,1977-05-26,Product Manager,2023-12-19,Desligado
247,Funcionário 247,39,Vendas,São Paulo,676.267.658-85,4784650-2,Doutorado,10,1985-02-27,Coordenador de Vendas,2024-02-08,Ativo
248,Funcionário 248,33,Qualidade,Joinville,710.405.411-19,2258331-8,Pós-graduação,12,1991-03-13,Analista de Qualidade,2023-12-02,Ativo
249,Funcionário 249,58,Marketing,Vitória,159.970.629-61,4448564-3,Tecnólogo,6,1966-03-02,Analista de Marketing,2024-06-08,Desligado
250,Funcionário 250,49,Atendimento,Salvador,688.444.310-33,3576811-0,Mestrado,9,1975-10-18,Supervisor de Atendimento,2024-03-15,Ativo
251,Funcionário 251,50,Marketing,Salvador,506.149.731-71,2374659-7,Mestrado,34,1974-04-06,Gerente de Marketing,2022-02-22,Ativo
252,Funcionário 252,44,Tecnologia,Goiânia,146.774.186-83,8478868-0,MBA,23,1980-06-13,QA Engineer,2023-01-14,Ativo
253,Funcionário 253,47,Financeiro,Belo Horizonte,477.434.902-03,7945543-9,Doutorado,29,1977-02-22,Analista Financeiro,2022-07-18,Ativo
254,Funcionário 254,22,Operações,Rio de Janeiro,380.686.879-47,1582647-8,Graduação,20,2002-08-10,Gerente de Operações,2023-04-28,Desligado
255,Funcionário 255,36,Gente & Gestão,Vitória,989.921.722-06,2314805-6,Ensino Médio,21,1988-04-05,Analista de RH,2023-03-10,Desligado
256,Funcionário 256,30,Atendimento,Joinville,329.451.168-04,9718920-7,Ensino Médio,9,1994-09-11,Atendente,2024-03-24,Ativo
257,Funcionário 257,47,Vendas,Florianópolis,099.861.622-20,5799841-8,Doutorado,29,1977-02-19,Vendedor,2022-07-25,Ativo
258,Funcionário 258,47,Produto,Belo Horizonte,564.679.970-85,7739741-0,Tecnólogo,24,1977-05-13,Analista de Produto,2022-12-19,Desligado
259,Funcionário 259,39,Produto,Curitiba,653.074.505-08,2647814-3,Graduação,15,1985-05-09,Product Manager,2023-09-13,Ativo
260,Funcionário 260,45,Vendas,Rio de Janeiro,247.546.913-77,9127895-8,Pós-graduação,6,1979-04-27,Gerente de Vendas,2024-06-23,Ativo
261,Funcionário 261,45,Tecnologia,São Paulo,508.214.862-17,4367636-0,MBA,0,1979-10-01,Tech Lead,2024-12-09,Ativo
262,Funcionário 262,43,Atendimento,Manaus,307.053.457-00,1512765-3,Tecnólogo,2,1981-07-21,Atendente,2024-10-31,Ativo
263,Funcionário 263,28,Tecnologia,Joinville,579.727.985-16,2516524-4,Ensino Médio,12,1996-03-27,Desenvolvedor,2023-12-07,Ativo
264,Funcionário 264,41,Operações,Belo Horizonte,060.293.333-13,1149283-7,Pós-graduação,17,1983-11-14,Supervisor,2023-07-06,Ativo
265,Funcionário 265,28,Tecnologia,Natal,229.034.944-52,5227836-3,MBA,7,1996-07-28,Analista de Sistemas,2024-05-17,Ativo
266,Funcionário 266,44,Suporte,Fortaleza,748.969.108-77,5742531-4,Graduação,10,1980-09-21,Técnico de Suporte,2024-02-06,Ativo
267,Funcionário 267,53,Tecnologia,Belém,171.545.444-81,1952520-9,MBA,23,1971-03-17,Analista de Sistemas,2023-01-21,Ativo
268,Funcionário 268,37,Marketing,Florianópolis,652.074.466-22,4186247-5,Tecnólogo,9,1987-12-02,Analista de Marketing,2024-03-06,Ativo
269,Funcionário 269,35,Suporte,Vitória,387.584.282-08,5339457-8,Tecnólogo,16,1989-02-16,Técnico de Suporte,2023-08-25,Desligado
270,Funcionário 270,49,Tecnologia,Curitiba,251.353.465-46,2976045-7,Mestrado,10,1975-05-19,Analista de Sistemas,2024-02-01,Ativo
271,Funcionário 271,25,Tecnologia,Brasília,099.917.381-26,3529642-2,MBA,10,1999-09-10,Tech Lead,2024-02-21,Ativo
272,Funcionário 272,53,Atendimento,Recife,356.972.521-96,6258215-0,Graduação,3,1971-06-21,Analista de Atendimento,2024-09-25,Ativo
273,Funcionário 273,55,Qualidade,São Paulo,074.329.271-54,7767819-6,Doutorado,27,1969-10-14,Auditor,2022-09-23,Ativo
274,Funcionário 274,49,Comercial,Rio de Janeiro,760.083.505-37,5174559-3,MBA,0,1975-04-01,Analista Comercial,2024-12-23,Ativo
275,Funcionário 275,22,Vendas,Rio de Janeiro,542.168.942-59,8649174-8,Graduação,31,2002-01-10,Coordenador de Vendas,2022-05-14,Ativo
276,Funcionário 276,29,Operações,Salvador,985.625.753-05,3201267-3,Doutorado,24,1995-07-01,Analista de Operações,2022-12-04,Ativo
277,Funcionário 277,24,Suporte,São Paulo,098.215.064-45,1804641-1,Pós-graduação,0,2000-10-02,Coordenador de Suporte,2024-12-31,Ativo
278,Funcionário 278,29,Comercial,Florianópolis,001.676.184-74,1156104-4,Mestrado,4,1995-12-05,Analista Comercial,2024-08-29,Ativo
279,Funcionário 279,37,Financeiro,Joinville,618.499.261-90,2912813-1,MBA,1,1987-12-20,Contador,2024-11-13,Desligado
280,Funcionário 280,42,Inovação,Natal,739.348.356-43,4484526-7,Tecnólogo,16,1982-03-02,Innovation Lead,2023-08-28,Ativo
281,Funcionário 281,31,Inovação,São Paulo,530.011.972-50,2699372-4,Doutorado,29,1993-09-03,Analista de Inovação,2022-07-04,Ativo
282,Funcionário 282,40,Suporte,Joinville,374.470.120-41,8147013-1,MBA,16,1984-06-26,Técnico de Suporte,2023-08-19,Ativo
283,Funcionário 283,23,Tecnologia,Vitória,100.225.579-11,6749933-2,MBA,17,2001-12-03,DevOps,2023-07-04,Ativo
284,Funcionário 284,32,Atendimento,Vitória,166.746.762-09,3674211-1,Tecnólogo,28,1992-03-23,Supervisor de Atendimento,2022-08-20,Ativo
285,Funcionário 285,44,Inovação,Manaus,697.972.965-98,3192032-7,Pós-graduação,33,1980-11-27,Analista de Inovação,2022-03-01,Ativo
286,Funcionário 286,58,Operações,Natal,716.701.450-85,4757843-5,Mestrado,0,1966-12-19,Analista de Operações,2024-12-10,Ativo
287,Funcionário 287,55,Gente & Gestão,Manaus,889.163.756-49,3632804-8,Graduação,25,1969-09-20,Especialista em Folha,2022-11-01,Desligado
288,Funcionário 288,43,Qualidade,Brasília,772.175.354-68,7352484-6,Ensino Médio,32,1981-09-08,Coordenador de Qualidade,2022-04-14,Ativo
289,Funcionário 289,51,Marketing,Fortaleza,317.797.177-33,1298116-1,Mestrado,14,1973-02-16,Gerente de Marketing,2023-10-10,Ativo
290,Funcionário 290,53,Tecnologia,Curitiba,660.880.199-80,8653898-5,Graduação,15,1971-09-18,Desenvolvedor,2023-09-16,Ativo
291,Funcionário 291,35,Vendas,Brasília,503.758.997-58,4720299-0,Tecnólogo,11,1989-12-15,Vendedor,2024-01-15,Desligado
292,Funcionário 292,46,Inovação,Salvador,554.885.102-06,7865417-1,Mestrado,2,1978-03-27,Product Manager,2024-10-05,Ativo
293,Funcionário 293,25,Atendimento,Recife,493.316.373-14,3067274-7,MBA,13,1999-02-25,Atendente,2023-11-24,Ativo
294,Funcionário 294,55,Inovação,Porto Alegre,798.270.808-06,3972963-9,Graduação,6,1969-10-16,Product Manager,2024-06-05,Ativo
295,Funcionário 295,39,Gente & Gestão,Recife,221.699.586-06,5590177-6,Pós-graduação,7,1985-10-23,Analista de RH,2024-05-07,Ativo
296,Funcionário 296,59,Comercial,São Paulo,547.226.984-90,4646403-3,MBA,14,1965-12-24,Vendedor,2023-10-05,Ativo
297,Funcionário 297,59,Atendimento,Manaus,394.522.885-90,8004117-8,Doutorado,28,1965-06-18,Atendente,2022-08-25,Ativo
298,Funcionário 298,43,Gente & Gestão,Fortaleza,460.810.620-15,3700047-4,Ensino Médio,32,1981-04-09,Gerente de RH,2022-04-26,Ativo
299,Funcionário 299,27,Produto,Brasília,420.438.057-38,4763253-8,Tecnólogo,29,1997-10-28,Product Manager,2022-07-29,Ativo
300,Funcionário 300,28,Atendimento,Belém,638.406.665-38,8433377-3,Ensino Médio,32,1996-01-24,Analista de Atendimento,2022-04-21,Ativo
301,Funcionário 301,42,Qualidade,Goiânia,598.933.472-97,3002424-6,Tecnólogo,30,1982-03-06,Coordenador de Qualidade,2022-06-02,Ativo
302,Funcionário 302,23,Qualidade,Belo Horizonte,064.842.294-14,3597208-0,Graduação,35,2001-06-15,Analista de Qualidade,2022-01-12,Ativo
303,Funcionário 303,57,Suporte,Recife,259.094.798-49,9814666-3,MBA,11,1967-02-26,Analista de Suporte,2024-01-04,Ativo
304,Funcionário 304,32,Marketing,Fortaleza,281.826.886-98,6568081-5,Pós-graduação,29,1992-06-08,Analista de Marketing,2022-07-08,Ativo
305,Funcionário 305,56,Operações,Curitiba,543.987.801-73,5090740-0,Doutorado,12,1968-08-08,Supervisor,2023-12-10,Ativo
306,Funcionário 306,45,Operações,Belo Horizonte,561.648.408-30,9167227-0,MBA,10,1979-09-26,Gerente de Operações,2024-02-07,Ativo
307,Funcionário 307,54,Atendimento,Joinville,435.811.288-96,4576485-6,Doutorado,35,1970-11-03,Supervisor de Atendimento,2022-01-16,Ativo
308,Funcionário 308,56,Financeiro,Fortaleza,138.612.075-83,5226314-8,Ensino Médio,33,1968-02-03,Contador,2022-03-19,Desligado
309,Funcionário 309,55,Vendas,Recife,193.466.766-80,9973031-0,Tecnólogo,14,1969-01-13,Vendedor,2023-10-10,Ativo
310,Funcionário 310,30,Vendas,Brasília,919.015.814-89,8342987-6,Ensino Médio,15,1994-10-03,Vendedor,2023-09-10,Ativo
311,Funcionário 311,46,Produto,Brasília,607.283.268-76,7260091-0,Tecnólogo,16,1978-11-05,Product Manager,2023-08-28,Ativo
312,Funcionário 312,56,Suporte,Curitiba,882.100.996-39,6768873-3,MBA,30,1968-05-07,Coordenador de Suporte,2022-06-24,Ativo
313,Funcionário 313,51,Operações,Curitiba,682.223.943-04,1912484-8,Pós-graduação,28,1973-03-22,Supervisor,2022-08-23,Ativo
314,Funcionário 314,58,Qualidade,Fortaleza,781.414.139-70,4934808-1,Graduação,3,1966-06-12,Analista de Qualidade,2024-09-24,Desligado
315,Funcionário 315,38,Atendimento,Salvador,491.357.759-04,7115185-5,Doutorado,15,1986-12-19,Atendente,2023-09-19,Ativo
316,Funcionário 316,33,Marketing,Florianópolis,620.533.645-64,9052291-7,Doutorado,26,1991-11-24,Analista de Marketing,2022-10-03,Ativo
317,Funcionário 317,38,Inovação,Porto Alegre,754.781.291-00,2282825-1,Mestrado,17,1986-03-18,Product Manager,2023-07-29,Ativo
318,Funcionário 318,29,Vendas,Curitiba,080.996.930-00,3493647-5,Ensino Médio,18,1995-09-18,Coordenador de Vendas,2023-06-18,Ativo
319,Funcionário 319,47,Vendas,Belém,639.427.881-52,5007754-9,Tecnólogo,9,1977-06-17,Coordenador de Vendas,2024-03-23,Desligado
320,Funcionário 320,53,Atendimento,Natal,282.722.992-75,9181277-3,Doutorado,3,1971-06-02,Atendente,2024-09-17,Ativo
321,Funcionário 321,44,Atendimento,Porto Alegre,145.303.856-63,6437011-1,Mestrado,4,1980-08-02,Analista de Atendimento,2024-08-19,Desligado
322,Funcionário 322,28,Gente & Gestão,Rio de Janeiro,844.989.266-09,2305896-8,Ensino Médio,11,1996-10-21,Gerente de RH,2024-01-19,Ativo
323,Funcionário 323,29,Comercial,Fortaleza,463.865.577-78,4858604-1,Doutorado,35,1995-09-05,Vendedor,2022-01-14,Ativo
324,Funcionário 324,39,Financeiro,Rio de Janeiro,843.222.591-62,2901507-7,Graduação,20,1985-07-26,Contador,2023-04-17,Ativo
325,Funcionário 325,38,Marketing,Florianópolis,773.926.030-43,9600719-0,Pós-graduação,27,1986-10-19,Analista de Marketing,2022-09-19,Ativo
326,Funcionário 326,55,Suporte,Porto Alegre,920.242.869-76,5755579-1,Graduação,34,1969-12-24,Técnico de Suporte,2022-02-08,Ativo
327,Funcionário 327,44,Qualidade,Rio de Janeiro,379.772.369-58,9569884-4,Doutorado,26,1980-10-27,Analista de Qualidade,2022-10-20,Ativo
328,Funcionário 328,25,Operações,Salvador,257.991.366-16,9461748-6,MBA,27,1999-02-01,Coordenador Operacional,2022-09-28,Ativo
329,Funcionário 329,54,Atendimento,Manaus,291.279.908-26,3186555-9,Mestrado,2,1970-02-03,Analista de Atendimento,2024-10-27,Ativo
330,Funcionário 330,56,Atendimento,Curitiba,806.865.086-53,6880713-9,Mestrado,20,1968-08-26,Supervisor de Atendimento,2023-04-15,Ativo
331,Funcionário 331,34,Comercial,Natal,916.247.314-06,1119354-9,Graduação,8,1990-05-07,Gerente Comercial,2024-04-16,Desligado
332,Funcionário 332,50,Tecnologia,Belém,818.063.565-11,5255251-4,Mestrado,28,1974-03-14,QA Engineer,2022-08-07,Ativo
333,Funcionário 333,37,Marketing,Manaus,869.594.636-37,9116148-4,Doutorado,3,1987-03-12,Analista de Marketing,2024-09-15,Ativo
334,Funcionário 334,31,Vendas,Vitória,495.621.372-79,6678044-8,Doutorado,29,1993-04-17,Vendedor,2022-07-25,Ativo
335,Funcionário 335,22,Tecnologia,Florianópolis,902.601.279-90,7221581-1,MBA,6,2002-02-03,Analista de Sistemas,2024-06-10,Ativo
336,Funcionário 336,51,Comercial,Joinville,906.698.490-22,4384085-8,Tecnólogo,24,1973-11-16,Executivo de Contas,2022-12-25,Ativo
337,Funcionário 337,58,Vendas,Natal,430.988.392-36,3641484-1,Ensino Médio,33,1966-06-08,Vendedor,2022-03-15,Ativo
338,Funcionário 338,36,Vendas,Vitória,465.669.380-44,6840069-5,Ensino Médio,31,1988-02-18,Vendedor,2022-05-21,Ativo
339,Funcionário 339,45,Financeiro,Manaus,439.376.904-09,2214435-8,Graduação,24,1979-07-17,Contador,2022-12-25,Desligado
340,Funcionário 340,58,Gente & Gestão,Fortaleza,451.848.947-05,6698561-7,Pós-graduação,10,1966-10-16,Recrutador,2024-02-12,Ativo
341,Funcionário 341,45,Produto,Goiânia,790.714.163-05,9665502-8,MBA,20,1979-06-14,Product Owner,2023-04-16,Ativo
342,Funcionário 342,46,Inovação,Joinville,043.416.518-20,5514342-2,Pós-graduação,23,1978-08-11,Innovation Lead,2023-01-01,Ativo
343,Funcionário 343,29,Financeiro,Belém,373.334.333-66,2789949-1,Doutorado,19,1995-10-12,Contador,2023-05-27,Ativo
344,Funcionário 344,31,Produto,Curitiba,179.080.759-08,9234347-2,Ensino Médio,14,1993-08-19,Product Owner,2023-10-08,Ativo
345,Funcionário 345,24,Marketing,Belo Horizonte,846.392.086-18,7605473-2,MBA,3,2000-09-02,Analista de Marketing,2024-09-06,Ativo
346,Funcionário 346,44,Tecnologia,Salvador,718.750.036-06,5357055-2,Graduação,29,1980-06-12,DevOps,2022-07-26,Ativo
347,Funcionário 347,56,Comercial,Curitiba,843.479.552-35,7246319-5,Mestrado,2,1968-07-07,Vendedor,2024-10-18,Ativo
348,Funcionário 348,45,Suporte,Natal,647.292.931-93,7390162-3,Graduação,17,1979-04-18,Técnico de Suporte,2023-07-07,Ativo
349,Funcionário 349,34,Marketing,Belém,227.026.728-17,6033738-4,Doutorado,0,1990-12-11,Analista de Marketing,2024-12-29,Ativo
350,Funcionário 350,30,Financeiro,Goiânia,890.612.034-65,6614605-4,MBA,3,1994-11-04,Contador,2024-09-02,Ativo
351,Funcionário 351,32,Vendas,Brasília,558.845.061-20,3928275-4,Graduação,12,1992-11-20,Coordenador de Vendas,2023-12-21,Ativo
352,Funcionário 352,49,Vendas,Florianópolis,558.771.694-59,6660436-6,Ensino Médio,4,1975-11-05,Gerente de Vendas,2024-08-07,Ativo
353,Funcionário 353,33,Atendimento,Salvador,996.112.535-59,7634639-4,Doutorado,14,1991-11-10,Atendente,2023-10-11,Ativo
354,Funcionário 354,26,Produto,Fortaleza,759.876.220-18,2343263-3,Tecnólogo,27,1998-12-08,Analista de Produto,2022-09-14,Ativo
355,Funcionário 355,59,Marketing,Fortaleza,261.117.800-34,2743629-4,MBA,9,1965-09-25,Especialista em SEO,2024-03-24,Ativo
356,Funcionário 356,39,Operações,Porto Alegre,921.643.347-79,1479346-0,Pós-graduação,27,1985-03-17,Gerente de Operações,2022-09-16,Ativo
357,Funcionário 357,34,Qualidade,Porto Alegre,557.784.872-58,8297709-8,MBA,24,1990-10-20,Analista de Qualidade,2022-12-29,Ativo
358,Funcionário 358,53,Suporte,Recife,845.783.174-71,1177097-0,Graduação,11,1971-07-09,Técnico de Suporte,2024-01-20,Ativo
359,Funcionário 359,48,Tecnologia,Belo Horizonte,825.478.077-34,5914425-9,Graduação,15,1976-01-25,DevOps,2023-09-06,Ativo
360,Funcionário 360,54,Produto,Fortaleza,308.536.866-37,7538471-6,Ensino Médio,19,1970-03-23,Product Manager,2023-05-27,Ativo
361,Funcionário 361,46,Gente & Gestão,Recife,341.638.944-11,2148634-2,Pós-graduação,0,1978-05-14,Gerente de RH,2024-12-25,Ativo
362,Funcionário 362,48,Operações,Manaus,241.797.497-50,9975319-0,Doutorado,23,1976-06-01,Analista de Operações,2023-01-20,Ativo
363,Funcionário 363,52,Inovação,Recife,214.427.031-72,8050508-4,Tecnólogo,25,1972-01-16,Innovation Lead,2022-11-05,Ativo
364,Funcionário 364,51,Inovação,Vitória,757.051.204-94,4224451-4,Tecnólogo,9,1973-02-18,Product Manager,2024-03-14,Ativo
365,Funcionário 365,35,Qualidade,Rio de Janeiro,601.367.303-96,4497162-7,Tecnólogo,4,1989-12-25,Analista de Qualidade,2024-08-01,Desligado
366,Funcionário 366,48,Tecnologia,Salvador,645.208.814-98,1873883-3,Ensino Médio,3,1976-11-10,Arquiteto,2024-09-12,Ativo
367,Funcionário 367,45,Suporte,Natal,136.502.491-11,8973718-9,Mestrado,9,1979-04-01,Coordenador de Suporte,2024-03-21,Ativo
368,Funcionário 368,51,Inovação,Recife,251.327.195-54,9998515-1,Ensino Médio,31,1973-01-12,Product Manager,2022-05-03,Ativo
369,Funcionário 369,49,Qualidade,Vitória,273.585.730-13,1662507-7,Mestrado,10,1975-06-24,Analista de Qualidade,2024-02-13,Desligado
370,Funcionário 370,50,Operações,Joinville,784.873.928-73,3690116-1,Pós-graduação,12,1974-06-24,Gerente de Operações,2023-12-14,Ativo
371,Funcionário 371,57,Comercial,Joinville,827.448.570-09,1314067-9,Graduação,1,1967-07-24,Analista Comercial,2024-11-02,Ativo
372,Funcionário 372,38,Qualidade,Belo Horizonte,593.518.638-16,6412330-6,Ensino Médio,2,1986-09-05,Coordenador de Qualidade,2024-10-15,Ativo
373,Funcionário 373,22,Operações,Recife,511.810.220-02,1533803-9,Graduação,22,2002-02-16,Coordenador Operacional,2023-02-18,Ativo
374,Funcionário 374,35,Qualidade,Joinville,678.994.053-78,2341452-7,Graduação,31,1989-01-07,Auditor,2022-05-26,Ativo
375,Funcionário 375,33,Inovação,Belém,058.650.948-82,2307538-3,Graduação,33,1991-12-03,Analista de Inovação,2022-03-25,Ativo
376,Funcionário 376,27,Suporte,Fortaleza,811.386.338-95,7965641-1,Tecnólogo,19,1997-10-21,Coordenador de Suporte,2023-05-25,Ativo
377,Funcionário 377,47,Comercial,Goiânia,957.612.286-45,8432510-5,Tecnólogo,2,1977-06-22,Vendedor,2024-10-30,Ativo
378,Funcionário 378,25,Tecnologia,Florianópolis,585.566.593-30,5262908-5,MBA,21,1999-07-25,Desenvolvedor,2023-03-15,Ativo
379,Funcionário 379,36,Inovação,Belém,776.004.908-03,4722641-3,MBA,26,1988-05-01,Innovation Lead,2022-10-04,Ativo
380,Funcionário 380,53,Comercial,Vitória,504.888.992-49,3322104-4,Mestrado,29,1971-01-15,Analista Comercial,2022-07-13,Ativo
381,Funcionário 381,43,Produto,Fortaleza,593.344.196-10,9095563-2,Graduação,21,1981-12-03,Product Manager,2023-03-22,Ativo
382,Funcionário 382,49,Gente & Gestão,Vitória,791.940.961-63,8286418-6,MBA,32,1975-06-12,Gerente de RH,2022-04-25,Ativo
383,Funcionário 383,41,Operações,Florianópolis,139.060.480-20,9428900-3,Ensino Médio,14,1983-09-19,Analista de Operações,2023-10-16,Desligado
384,Funcionário 384,24,Produto,São Paulo,206.799.813-73,3217764-5,Tecnólogo,6,2000-05-26,Product Owner,2024-06-03,Ativo
385,Funcionário 385,36,Comercial,Belém,179.086.416-01,3262755-7,Graduação,2,1988-07-25,Analista Comercial,2024-10-24,Ativo
386,Funcionário 386,46,Marketing,Manaus,837.693.898-32,8215305-5,Tecnólogo,19,1978-04-03,Gerente de Marketing,2023-05-20,Ativo
387,Funcionário 387,37,Produto,Brasília,911.665.535-40,6114011-2,Pós-graduação,12,1987-10-21,Product Owner,2023-12-07,Desligado
388,Funcionário 388,46,Tecnologia,Belém,597.927.033-73,2439727-1,MBA,10,1978-03-25,Tech Lead,2024-02-05,Ativo
389,Funcionário 389,28,Suporte,Belém,039.240.514-88,4554677-3,Pós-graduação,5,1996-08-01,Analista de Suporte,2024-07-10,Ativo
390,Funcionário 390,45,Qualidade,Recife,884.879.206-59,5764956-3,Graduação,0,1979-01-09,Coordenador de Qualidade,2024-12-14,Ativo
391,Funcionário 391,36,Vendas,Goiânia,940.701.645-53,7484783-3,Mestrado,28,1988-01-10,Coordenador de Vendas,2022-08-09,Ativo
392,Funcionário 392,38,Qualidade,Joinville,681.579.812-71,1360516-0,Pós-graduação,22,1986-09-15,Analista de Qualidade,2023-02-12,Ativo
393,Funcionário 393,59,Vendas,Manaus,384.576.205-50,9409604-4,Doutorado,12,1965-06-21,Gerente de Vendas,2023-12-22,Ativo
394,Funcionário 394,23,Marketing,Brasília,046.084.325-75,7412371-8,Graduação,9,2001-11-05,Analista de Marketing,2024-03-15,Desligado
395,Funcionário 395,38,Marketing,Porto Alegre,936.392.649-40,3324928-9,Tecnólogo,13,1986-08-18,Especialista em SEO,2023-11-06,Desligado
396,Funcionário 396,39,Operações,Natal,832.482.629-74,2986209-2,Graduação,25,1985-06-03,Analista de Operações,2022-11-20,Ativo
397,Funcionário 397,46,Tecnologia,Manaus,520.566.474-60,1439533-9,Mestrado,25,1978-04-04,Desenvolvedor,2022-11-08,Desligado
398,Funcionário 398,29,Produto,Belo Horizonte,949.993.933-44,8996058-2,Graduação,34,1995-06-03,Product Manager,2022-02-23,Ativo
399,Funcionário 399,38,Qualidade,Salvador,897.526.772-58,1251897-4,Mestrado,24,1986-04-08,Auditor,2022-12-02,Desligado
400,Funcionário 400,37,Operações,Belo Horizonte,633.312.797-30,1701728-9,Pós-graduação,14,1987-08-08,Gerente de Operações,2023-10-28,Ativo
401,Funcionário 401,54,Atendimento,Brasília,656.999.880-33,1711620-3,Tecnólogo,0,1970-02-15,Atendente,2024-12-02,Ativo
402,Funcionário 402,23,Tecnologia,São Paulo,886.086.803-35,5796850-7,Ensino Médio,16,2001-08-13,QA Engineer,2023-08-20,Ativo
403,Funcionário 403,51,Tecnologia,Belém,264.908.277-19,3270069-6,Pós-graduação,29,1973-12-17,Arquiteto,2022-07-05,Desligado
404,Funcionário 404,43,Inovação,Curitiba,657.027.937-81,3751363-1,Mestrado,29,1981-05-11,Innovation Lead,2022-07-04,Ativo
405,Funcionário 405,47,Atendimento,Curitiba,117.518.689-90,3866974-5,Doutorado,25,1977-07-18,Analista de Atendimento,2022-11-24,Ativo
406,Funcionário 406,32,Suporte,Fortaleza,922.220.644-49,3207395-3,Mestrado,5,1992-05-21,Analista de Suporte,2024-07-02,Ativo
407,Funcionário 407,27,Vendas,Rio de Janeiro,094.077.780-02,8981122-7,Doutorado,2,1997-04-07,Vendedor,2024-10-07,Ativo
408,Funcionário 408,33,Marketing,Brasília,671.990.384-53,6855581-0,Tecnólogo,21,1991-01-06,Especialista em SEO,2023-03-02,Desligado
409,Funcionário 409,41,Produto,Vitória,209.945.101-01,3976601-7,Doutorado,7,1983-03-06,Analista de Produto,2024-05-03,Ativo
410,Funcionário 410,41,Financeiro,Belo Horizonte,950.145.561-08,3257303-1,Tecnólogo,7,1983-09-03,Contador,2024-05-25,Ativo
411,Funcionário 411,47,Suporte,Vitória,458.683.390-45,9874251-1,Ensino Médio,28,1977-10-24,Técnico de Suporte,2022-08-12,Ativo
412,Funcionário 412,35,Produto,Curitiba,794.695.489-14,9719216-7,Mestrado,12,1989-03-20,Analista de Produto,2023-12-26,Ativo
413,Funcionário 413,33,Vendas,Belém,729.343.010-87,4478434-9,Graduação,4,1991-11-26,Gerente de Vendas,2024-08-10,Desligado
414,Funcionário 414,40,Inovação,Goiânia,660.558.303-53,6037929-8,Pós-graduação,17,1984-05-26,Analista de Inovação,2023-07-31,Desligado
415,Funcionário 415,29,Inovação,Porto Alegre,850.155.699-80,6669639-7,Doutorado,33,1995-03-07,Innovation Lead,2022-03-01,Ativo
416,Funcionário 416,39,Operações,Curitiba,702.727.857-09,6022154-9,Graduação,8,1985-12-02,Coordenador Operacional,2024-04-27,Ativo
417,Funcionário 417,58,Marketing,Salvador,588.039.551-00,7295495-8,Graduação,25,1966-05-27,Gerente de Marketing,2022-11-02,Desligado
418,Funcionário 418,49,Atendimento,Florianópolis,299.629.145-07,4986975-5,Graduação,33,1975-05-14,Atendente,2022-03-06,Desligado
419,Funcionário 419,50,Operações,Vitória,743.842.150-37,9097744-8,Doutorado,22,1974-02-15,Analista de Operações,2023-02-18,Ativo
420,Funcionário 420,28,Qualidade,São Paulo,235.784.521-06,1613249-7,Mestrado,1,1996-11-05,Analista de Qualidade,2024-11-23,Ativo
421,Funcionário 421,52,Atendimento,Belém,681.040.915-73,6242557-0,Pós-graduação,4,1972-01-04,Atendente,2024-08-14,Ativo
422,Funcionário 422,25,Qualidade,Manaus,943.533.448-20,3505186-2,Mestrado,14,1999-08-22,Coordenador de Qualidade,2023-10-16,Desligado
423,Funcionário 423,53,Vendas,Joinville,410.988.138-20,5752443-9,Tecnólogo,12,1971-09-11,Vendedor,2023-12-19,Ativo
424,Funcionário 424,55,Financeiro,Curitiba,321.495.870-41,1846511-1,Doutorado,27,1969-01-16,Contador,2022-09-24,Ativo
425,Funcionário 425,57,Operações,Rio de Janeiro,601.662.997-90,9950391-1,Tecnólogo,12,1967-05-11,Supervisor,2023-12-30,Ativo
426,Funcionário 426,33,Suporte,Belém,792.171.747-00,5329406-5,Tecnólogo,4,1991-04-08,Analista de Suporte,2024-08-21,Desligado
427,Funcionário 427,36,Tecnologia,Florianópolis,625.577.017-69,3865574-4,Tecnólogo,28,1988-06-16,DevOps,2022-08-20,Ativo
428,Funcionário 428,51,Inovação,Recife,599.281.615-18,7936404-3,Pós-graduação,31,1973-05-18,Product Manager,2022-05-26,Ativo
429,Funcionário 429,35,Comercial,Rio de Janeiro,938.276.153-56,4962012-2,MBA,6,1989-07-19,Vendedor,2024-06-01,Ativo
430,Funcionário 430,59,Vendas,Goiânia,197.199.758-73,7808088-1,Mestrado,29,1965-08-06,Vendedor,2022-07-19,Ativo
431,Funcionário 431,35,Marketing,Rio de Janeiro,919.657.013-02,1003092-2,Ensino Médio,26,1989-10-25,Especialista em SEO,2022-10-12,Ativo
432,Funcionário 432,27,Tecnologia,Fortaleza,278.469.973-00,6109503-6,Ensino Médio,22,1997-11-11,Desenvolvedor,2023-02-26,Ativo
433,Funcionário 433,49,Comercial,Florianópolis,519.098.624-10,1014148-8,MBA,31,1975-06-18,Vendedor,2022-05-08,Ativo
434,Funcionário 434,22,Marketing,Manaus,514.036.965-60,4543617-2,Pós-graduação,10,2002-07-13,Analista de Marketing,2024-02-23,Ativo
435,Funcionário 435,44,Produto,Recife,723.865.624-84,1263533-2,Graduação,27,1980-03-01,Product Owner,2022-09-15,Desligado
436,Funcionário 436,35,Atendimento,Belém,762.126.796-81,8550515-6,Tecnólogo,23,1989-08-17,Analista de Atendimento,2023-01-04,Ativo
437,Funcionário 437,22,Gente & Gestão,Joinville,532.690.973-10,7156735-0,Graduação,2,2002-05-14,Especialista em Folha,2024-10-24,Ativo
438,Funcionário 438,22,Vendas,Natal,097.519.712-68,9780469-9,Mestrado,0,2002-05-15,Vendedor,2024-12-14,Ativo
439,Funcionário 439,58,Gente & Gestão,Manaus,137.189.490-67,8617439-8,MBA,12,1966-09-25,Analista de RH,2023-12-05,Desligado
440,Funcionário 440,49,Operações,Manaus,795.654.420-30,2030419-7,Graduação,15,1975-12-26,Analista de Operações,2023-09-15,Ativo
441,Funcionário 441,41,Comercial,Goiânia,929.049.047-00,5661529-4,Tecnólogo,30,1983-03-17,Vendedor,2022-06-18,Desligado
442,Funcionário 442,58,Financeiro,Recife,294.440.192-09,3942713-4,MBA,25,1966-11-15,Analista Financeiro,2022-11-06,Ativo
443,Funcionário 443,56,Operações,Porto Alegre,372.805.129-25,7428475-3,MBA,25,1968-08-25,Supervisor,2022-11-12,Ativo
444,Funcionário 444,26,Tecnologia,São Paulo,723.950.410-76,8990421-8,Graduação,24,1998-08-13,Analista de Sistemas,2022-12-10,Ativo
445,Funcionário 445,33,Atendimento,Joinville,366.742.860-01,9896176-0,MBA,16,1991-08-13,Analista de Atendimento,2023-08-15,Ativo
446,Funcionário 446,45,Produto,Fortaleza,185.694.544-81,8736118-3,Mestrado,29,1979-05-21,Product Owner,2022-07-21,Ativo
447,Funcionário 447,46,Comercial,Belém,938.525.800-13,2743274-7,Ensino Médio,31,1978-01-14,Gerente Comercial,2022-05-20,Desligado
448,Funcionário 448,52,Marketing,Vitória,534.430.091-31,4637715-9,Graduação,32,1972-10-22,Especialista em SEO,2022-04-27,Ativo
449,Funcionário 449,44,Qualidade,Belo Horizonte,111.926.921-01,2270273-7,Pós-graduação,23,1980-05-10,Auditor,2023-01-13,Ativo
450,Funcionário 450,37,Comercial,Recife,465.421.406-20,5440339-2,Pós-graduação,9,1987-06-02,Gerente Comercial,2024-03-06,Ativo
451,Funcionário 451,29,Comercial,Porto Alegre,717.396.271-48,2782574-7,Ensino Médio,26,1995-09-25,Gerente Comercial,2022-10-22,Ativo
452,Funcionário 452,29,Operações,Porto Alegre,410.119.470-05,1634776-6,Doutorado,2,1995-03-21,Coordenador Operacional,2024-10-16,Ativo
453,Funcionário 453,55,Tecnologia,Rio de Janeiro,425.690.877-34,2176077-8,Doutorado,6,1969-07-28,Arquiteto,2024-06-12,Ativo
454,Funcionário 454,31,Comercial,Curitiba,306.719.855-74,2521139-5,Ensino Médio,15,1993-07-02,Executivo de Contas,2023-09-13,Ativo
455,Funcionário 455,29,Marketing,São Paulo,851.743.280-06,7544871-1,Pós-graduação,10,1995-11-07,Gerente de Marketing,2024-02-26,Ativo
456,Funcionário 456,29,Vendas,Goiânia,571.732.030-23,6162867-7,Pós-graduação,19,1995-08-13,Vendedor,2023-05-04,Desligado
457,Funcionário 457,22,Suporte,Vitória,870.050.506-49,9776491-7,Mestrado,28,2002-04-26,Analista de Suporte,2022-08-31,Ativo
458,Funcionário 458,26,Vendas,Recife,829.310.270-57,3190059-0,Mestrado,4,1998-10-02,Gerente de Vendas,2024-08-23,Ativo
459,Funcionário 459,27,Vendas,São Paulo,204.179.291-45,4700592-1,Ensino Médio,28,1997-02-16,Vendedor,2022-08-06,Ativo
460,Funcionário 460,34,Vendas,Porto Alegre,365.651.982-09,3909968-5,MBA,14,1990-04-25,Coordenador de Vendas,2023-10-21,Desligado
461,Funcionário 461,32,Financeiro,Curitiba,114.262.582-67,2677182-9,MBA,6,1992-04-19,Contador,2024-06-17,Desligado
462,Funcionário 462,25,Operações,Florianópolis,620.710.021-21,8986164-2,Mestrado,16,1999-07-23,Coordenador Operacional,2023-08-05,Ativo
463,Funcionário 463,39,Vendas,Rio de Janeiro,324.876.329-92,2476750-4,Graduação,33,1985-10-06,Vendedor,2022-03-19,Ativo
464,Funcionário 464,32,Tecnologia,Brasília,560.833.181-81,4491484-4,Mestrado,11,1992-09-17,Analista de Sistemas,2024-01-12,Ativo
465,Funcionário 465,28,Vendas,Porto Alegre,031.277.220-36,8292580-4,Doutorado,32,1996-11-12,Vendedor,2022-04-21,Ativo
466,Funcionário 466,33,Atendimento,Rio de Janeiro,597.010.822-73,4947676-7,Doutorado,33,1991-08-17,Atendente,2022-03-01,Desligado
467,Funcionário 467,40,Qualidade,Belém,995.635.315-90,4354702-6,Ensino Médio,20,1984-02-08,Analista de Qualidade,2023-04-12,Ativo
468,Funcionário 468,53,Tecnologia,Florianópolis,317.970.623-60,8679606-3,Pós-graduação,5,1971-03-13,Analista de Sistemas,2024-07-20,Ativo
469,Funcionário 469,47,Produto,Florianópolis,543.520.904-84,8016631-2,Mestrado,26,1977-02-28,Product Owner,2022-10-07,Ativo
470,Funcionário 470,31,Comercial,Goiânia,534.929.298-69,9207638-3,Ensino Médio,20,1993-02-14,Gerente Comercial,2023-04-16,Ativo
471,Funcionário 471,42,Atendimento,Brasília,977.406.335-00,3499296-9,Tecnólogo,6,1982-10-08,Analista de Atendimento,2024-06-08,Ativo
472,Funcionário 472,49,Gente & Gestão,Belém,060.078.068-63,2644153-7,Tecnólogo,9,1975-08-26,Analista de RH,2024-03-18,Ativo
473,Funcionário 473,33,Gente & Gestão,Curitiba,731.806.325-18,1267263-7,MBA,16,1991-04-21,Gerente de RH,2023-08-29,Ativo
474,Funcionário 474,57,Produto,Natal,427.990.772-26,8789590-0,Doutorado,8,1967-03-26,Product Owner,2024-04-10,Ativo
475,Funcionário 475,42,Inovação,Fortaleza,165.804.649-84,6632022-0,Doutorado,21,1982-11-03,Innovation Lead,2023-03-01,Ativo
476,Funcionário 476,36,Vendas,Joinville,850.165.790-59,2124172-8,Graduação,11,1988-06-06,Coordenador de Vendas,2024-01-19,Ativo
477,Funcionário 477,36,Financeiro,Porto Alegre,325.381.793-86,9448435-6,MBA,20,1988-06-12,Contador,2023-04-07,Ativo
478,Funcionário 478,40,Comercial,Goiânia,401.557.788-46,9939831-4,MBA,27,1984-08-23,Analista Comercial,2022-09-09,Ativo
479,Funcionário 479,48,Qualidade,Florianópolis,795.137.116-50,5629550-1,Tecnólogo,23,1976-05-03,Coordenador de Qualidade,2023-01-02,Desligado
480,Funcionário 480,39,Comercial,São Paulo,272.380.468-22,1360413-4,MBA,27,1985-08-12,Analista Comercial,2022-09-28,Ativo
481,Funcionário 481,47,Vendas,Goiânia,310.385.695-40,9894713-8,Graduação,14,1977-08-19,Coordenador de Vendas,2023-10-31,Ativo
482,Funcionário 482,52,Qualidade,Recife,774.924.243-02,1793880-2,Doutorado,3,1972-06-10,Analista de Qualidade,2024-09-18,Ativo
483,Funcionário 483,52,Inovação,Vitória,547.292.842-75,3575047-2,Ensino Médio,24,1972-12-23,Product Manager,2022-12-26,Ativo
484,Funcionário 484,57,Financeiro,Joinville,310.592.745-07,6317433-5,Mestrado,23,1967-04-18,Controller,2023-01-13,Ativo
485,Funcionário 485,22,Qualidade,Brasília,257.828.410-52,8684648-5,MBA,8,2002-08-25,Coordenador de Qualidade,2024-04-08,Desligado
486,Funcionário 486,34,Inovação,Belo Horizonte,208.854.749-53,8417300-5,Mestrado,26,1990-10-24,Analista de Inovação,2022-10-29,Ativo
487,Funcionário 487,43,Qualidade,Salvador,170.281.406-87,1923311-9,Tecnólogo,21,1981-08-12,Analista de Qualidade,2023-03-28,Desligado
488,Funcionário 488,36,Atendimento,Brasília,398.343.018-04,9586369-6,Tecnólogo,5,1988-11-22,Atendente,2024-07-01,Ativo
489,Funcionário 489,29,Marketing,Natal,375.998.056-21,7477894-5,Ensino Médio,26,1995-12-28,Especialista em SEO,2022-10-30,Ativo
490,Funcionário 490,48,Gente & Gestão,Joinville,045.547.813-99,5842475-2,Tecnólogo,6,1976-12-14,Especialista em Folha,2024-06-28,Ativo
491,Funcionário 491,40,Financeiro,Manaus,662.991.234-94,7304414-1,Doutorado,4,1984-09-11,Contador,2024-08-30,Desligado
492,Funcionário 492,46,Comercial,Florianópolis,064.628.792-38,9230660-0,Pós-graduação,22,1978-03-27,Executivo de Contas,2023-02-13,Ativo
493,Funcionário 493,54,Inovação,Curitiba,494.787.300-02,8927925-1,MBA,25,1970-05-10,Innovation Lead,2022-11-12,Ativo
494,Funcionário 494,56,Qualidade,Curitiba,462.730.147-28,9061215-9,Ensino Médio,31,1968-10-24,Auditor,2022-05-17,Ativo
495,Funcionário 495,42,Tecnologia,Belo Horizonte,647.158.904-29,8735034-2,MBA,25,1982-10-02,Tech Lead,2022-11-30,Desligado
496,Funcionário 496,49,Inovação,Natal,520.456.504-30,9621249-3,Graduação,16,1975-09-21,Product Manager,2023-08-21,Ativo
497,Funcionário 497,30,Vendas,Goiânia,219.285.544-31,3411179-0,Ensino Médio,11,1994-02-18,Gerente de Vendas,2024-01-13,Ativo
498,Funcionário 498,56,Inovação,Porto Alegre,284.576.521-50,4161109-8,Tecnólogo,21,1968-03-17,Innovation Lead,2023-03-23,Ativo
499,Funcionário 499,32,Inovação,Brasília,988.816.711-15,7082891-2,Pós-graduação,27,1992-01-16,Product Manager,2022-09-26,Ativo
500,Funcionário 500,40,Financeiro,Recife,798.524.013-60,6157791-2,Mestrado,27,1984-12-05,Contador,2022-09-21,Ativo
501,Funcionário 501,53,Inovação,Belém,321.611.076-15,9614751-9,Mestrado,33,1971-04-04,Analista de Inovação,2022-03-29,Desligado
502,Funcionário 502,54,Financeiro,Florianópolis,071.401.401-03,4355853-2,Ensino Médio,27,1970-10-07,Gerente Financeiro,2022-09-11,Ativo
503,Funcionário 503,54,Produto,Belo Horizonte,501.249.552-74,2146505-1,Ensino Médio,2,1970-12-20,Analista de Produto,2024-10-22,Ativo
504,Funcionário 504,25,Tecnologia,Manaus,908.334.280-80,8964404-5,Tecnólogo,29,1999-04-17,DevOps,2022-07-22,Ativo
505,Funcionário 505,26,Qualidade,Fortaleza,927.125.663-86,6272748-1,MBA,1,1998-04-14,Coordenador de Qualidade,2024-11-19,Desligado
506,Funcionário 506,29,Comercial,Florianópolis,718.275.480-02,5758210-7,Mestrado,30,1995-06-16,Analista Comercial,2022-06-18,Desligado
507,Funcionário 507,24,Operações,Belo Horizonte,947.386.463-97,1214510-7,Tecnólogo,31,2000-08-22,Supervisor,2022-05-23,Ativo
508,Funcionário 508,23,Operações,São Paulo,167.811.266-60,4340115-5,Graduação,29,2001-12-06,Coordenador Operacional,2022-07-28,Desligado
509,Funcionário 509,44,Financeiro,Brasília,396.136.749-34,7785437-7,Mestrado,17,1980-11-13,Gerente Financeiro,2023-07-14,Ativo
510,Funcionário 510,57,Gente & Gestão,Belém,842.711.477-02,1886716-1,MBA,20,1967-11-05,Gerente de RH,2023-04-18,Desligado
511,Funcionário 511,37,Atendimento,Goiânia,702.695.249-83,9257536-7,Mestrado,29,1987-02-22,Atendente,2022-07-17,Ativo
512,Funcionário 512,37,Qualidade,São Paulo,347.784.858-66,2998738-6,Pós-graduação,34,1987-01-14,Auditor,2022-02-06,Ativo
513,Funcionário 513,37,Inovação,Manaus,756.770.028-01,3256338-4,Graduação,15,1987-12-06,Product Manager,2023-09-13,Ativo
514,Funcionário 514,26,Financeiro,Brasília,671.978.897-31,1935113-6,Pós-graduação,3,1998-09-28,Analista Financeiro,2024-09-01,Ativo
515,Funcionário 515,51,Gente & Gestão,Joinville,479.695.450-33,7147341-5,Mestrado,34,1973-10-02,Recrutador,2022-02-27,Desligado
516,Funcionário 516,39,Marketing,Rio de Janeiro,905.616.556-93,4936305-4,Ensino Médio,12,1985-01-22,Analista de Marketing,2023-12-21,Ativo
517,Funcionário 517,37,Qualidade,Belo Horizonte,911.415.208-85,8087921-9,Pós-graduação,14,1987-01-15,Coordenador de Qualidade,2023-10-30,Ativo
518,Funcionário 518,35,Financeiro,São Paulo,864.079.056-64,9193298-1,Doutorado,9,1989-06-19,Contador,2024-03-10,Desligado
519,Funcionário 519,23,Vendas,Porto Alegre,357.852.945-16,2263679-8,Tecnólogo,6,2001-04-16,Coordenador de Vendas,2024-06-11,Ativo
520,Funcionário 520,30,Tecnologia,Fortaleza,344.049.639-20,6651204-4,Graduação,29,1994-12-28,DevOps,2022-07-08,Ativo
521,Funcionário 521,44,Atendimento,Joinville,198.763.514-00,6257190-3,Tecnólogo,2,1980-05-14,Supervisor de Atendimento,2024-10-30,Ativo
522,Funcionário 522,27,Suporte,Belo Horizonte,664.987.820-05,8839914-4,Graduação,1,1997-03-19,Coordenador de Suporte,2024-11-23,Ativo
523,Funcionário 523,43,Qualidade,Porto Alegre,896.908.357-00,6037789-6,Pós-graduação,26,1981-04-05,Coordenador de Qualidade,2022-10-30,Ativo
524,Funcionário 524,33,Tecnologia,Recife,651.364.424-09,4219816-0,Mestrado,20,1991-07-08,Arquiteto,2023-04-29,Desligado
525,Funcionário 525,56,Marketing,Recife,347.786.603-74,5660240-8,Mestrado,25,1968-05-05,Especialista em SEO,2022-11-23,Desligado
526,Funcionário 526,27,Suporte,Natal,207.001.594-79,2515088-6,Doutorado,31,1997-07-12,Técnico de Suporte,2022-05-11,Ativo
527,Funcionário 527,30,Gente & Gestão,Florianópolis,231.981.898-70,3051464-5,Tecnólogo,19,1994-08-03,Gerente de RH,2023-05-31,Ativo
528,Funcionário 528,23,Suporte,Curitiba,596.363.212-99,1938272-7,Mestrado,21,2001-05-15,Técnico de Suporte,2023-03-15,Ativo
529,Funcionário 529,31,Vendas,Curitiba,851.586.734-62,6170258-0,Ensino Médio,26,1993-06-16,Vendedor,2022-10-24,Ativo
530,Funcionário 530,54,Financeiro,Vitória,900.348.645-04,8422287-6,Mestrado,27,1970-09-28,Analista Financeiro,2022-09-07,Ativo
531,Funcionário 531,37,Operações,Goiânia,064.413.432-15,7816395-0,MBA,6,1987-11-11,Gerente de Operações,2024-06-17,Ativo
532,Funcionário 532,24,Suporte,Salvador,417.765.612-79,6482263-7,Mestrado,18,2000-09-03,Analista de Suporte,2023-06-19,Ativo
533,Funcionário 533,34,Gente & Gestão,Curitiba,002.720.634-36,5187652-8,MBA,14,1990-10-03,Recrutador,2023-10-05,Desligado
534,Funcionário 534,25,Vendas,Vitória,296.577.242-10,7167297-2,Pós-graduação,13,1999-05-07,Vendedor,2023-11-02,Desligado
535,Funcionário 535,33,Qualidade,Belém,669.300.893-38,3831255-0,Doutorado,29,1991-08-07,Coordenador de Qualidade,2022-07-02,Ativo
536,Funcionário 536,41,Comercial,Belém,696.942.152-00,8611954-7,Pós-graduação,28,1983-01-23,Gerente Comercial,2022-08-29,Ativo
537,Funcionário 537,27,Produto,Goiânia,133.344.762-00,5747402-3,Tecnólogo,6,1997-04-20,Analista de Produto,2024-06-02,Ativo
538,Funcionário 538,40,Suporte,Porto Alegre,626.204.439-62,8686718-1,Graduação,5,1984-04-12,Técnico de Suporte,2024-07-12,Ativo
539,Funcionário 539,31,Vendas,Curitiba,072.563.669-65,1874304-5,Mestrado,18,1993-02-04,Coordenador de Vendas,2023-06-09,Ativo
540,Funcionário 540,52,Marketing,Vitória,375.990.048-82,3218589-8,Ensino Médio,10,1972-05-13,Gerente de Marketing,2024-02-20,Ativo
541,Funcionário 541,40,Vendas,Florianópolis,092.428.757-83,8263354-2,MBA,27,1984-02-11,Vendedor,2022-09-28,Ativo
542,Funcionário 542,49,Suporte,Rio de Janeiro,415.027.456-82,5425123-8,Pós-graduação,16,1975-05-20,Analista de Suporte,2023-08-03,Ativo
543,Funcionário 543,25,Financeiro,Rio de Janeiro,562.572.870-49,1601668-7,Ensino Médio,23,1999-03-02,Analista Financeiro,2023-01-22,Ativo
544,Funcionário 544,50,Financeiro,Joinville,427.617.075-32,3483929-1,Pós-graduação,3,1974-08-16,Contador,2024-09-20,Desligado
545,Funcionário 545,58,Financeiro,Vitória,513.422.849-33,4029442-6,Mestrado,21,1966-10-01,Gerente Financeiro,2023-03-11,Ativo
546,Funcionário 546,56,Inovação,Fortaleza,137.150.416-41,3579924-0,Pós-graduação,10,1968-10-04,Product Manager,2024-02-05,Ativo
547,Funcionário 547,35,Inovação,Porto Alegre,177.749.050-22,3169632-3,MBA,5,1989-06-24,Product Manager,2024-07-16,Ativo
548,Funcionário 548,26,Inovação,Curitiba,045.018.961-91,7692721-1,Mestrado,9,1998-05-06,Innovation Lead,2024-03-27,Ativo
549,Funcionário 549,42,Operações,Belo Horizonte,032.664.214-50,6202636-9,Doutorado,2,1982-07-24,Analista de Operações,2024-10-02,Ativo
550,Funcionário 550,31,Inovação,Recife,251.583.776-00,2513679-6,Doutorado,3,1993-05-19,Analista de Inovação,2024-09-02,Ativo
551,Funcionário 551,22,Gente & Gestão,Recife,592.661.085-02,3601637-7,Tecnólogo,4,2002-11-08,Analista de RH,2024-08-07,Ativo
552,Funcionário 552,42,Gente & Gestão,Curitiba,881.476.174-45,5171713-8,MBA,25,1982-03-22,Analista de RH,2022-11-01,Ativo
553,Funcionário 553,53,Financeiro,São Paulo,649.081.081-61,5251016-5,Graduação,1,1971-07-14,Analista Financeiro,2024-11-11,Desligado
554,Funcionário 554,32,Gente & Gestão,Joinville,491.801.722-37,5993696-5,Doutorado,9,1992-01-03,Analista de RH,2024-03-15,Ativo
555,Funcionário 555,47,Financeiro,Curitiba,977.945.232-06,2783932-6,Pós-graduação,30,1977-12-20,Gerente Financeiro,2022-06-10,Ativo
556,Funcionário 556,39,Marketing,Florianópolis,800.610.277-58,9165848-4,Ensino Médio,8,1985-11-24,Analista de Marketing,2024-04-09,Ativo
557,Funcionário 557,50,Operações,Recife,995.641.220-15,4157826-0,MBA,23,1974-02-27,Coordenador Operacional,2023-01-26,Desligado
558,Funcionário 558,34,Tecnologia,Salvador,372.368.314-25,2953854-2,Ensino Médio,4,1990-03-16,Desenvolvedor,2024-08-07,Ativo
559,Funcionário 559,22,Comercial,Manaus,277.707.933-19,1854332-5,MBA,16,2002-10-27,Vendedor,2023-08-27,Ativo
560,Funcionário 560,31,Comercial,Recife,016.679.984-04,9185628-3,Pós-graduação,33,1993-08-13,Analista Comercial,2022-03-17,Ativo
561,Funcionário 561,42,Qualidade,Fortaleza,080.695.814-68,6817736-7,Doutorado,7,1982-08-04,Coordenador de Qualidade,2024-05-04,Ativo
562,Funcionário 562,29,Produto,Belo Horizonte,602.437.573-52,6690043-9,Ensino Médio,1,1995-04-19,Analista de Produto,2024-11-05,Ativo
563,Funcionário 563,38,Qualidade,Rio de Janeiro,724.665.729-07,9101545-2,MBA,21,1986-05-23,Auditor,2023-03-01,Ativo
564,Funcionário 564,26,Qualidade,São Paulo,232.971.674-59,1304180-5,Doutorado,20,1998-04-18,Analista de Qualidade,2023-04-26,Desligado
565,Funcionário 565,29,Marketing,Salvador,452.280.156-47,4759700-7,Doutorado,28,1995-10-08,Gerente de Marketing,2022-08-22,Desligado
566,Funcionário 566,22,Suporte,Brasília,455.084.289-09,8345513-7,Graduação,28,2002-12-02,Analista de Suporte,2022-08-02,Ativo
567,Funcionário 567,26,Financeiro,Porto Alegre,119.918.081-51,7067286-2,Tecnólogo,24,1998-11-04,Controller,2022-12-09,Ativo
568,Funcionário 568,57,Produto,Joinville,478.712.552-40,1110521-3,Doutorado,27,1967-04-15,Analista de Produto,2022-09-09,Ativo
569,Funcionário 569,28,Suporte,Manaus,754.821.456-11,9886057-6,Graduação,11,1996-11-22,Coordenador de Suporte,2024-01-09,Ativo
570,Funcionário 570,26,Gente & Gestão,Goiânia,326.667.850-84,9679670-1,Mestrado,6,1998-03-25,Especialista em Folha,2024-06-25,Desligado
571,Funcionário 571,29,Atendimento,Belo Horizonte,155.626.060-11,9720433-4,Doutorado,25,1995-10-02,Atendente,2022-11-06,Ativo
572,Funcionário 572,52,Marketing,Natal,668.455.048-81,4441570-8,Ensino Médio,26,1972-12-13,Analista de Marketing,2022-10-28,Ativo
573,Funcionário 573,23,Comercial,Florianópolis,997.563.410-92,3114023-8,Ensino Médio,13,2001-07-24,Analista Comercial,2023-11-17,Ativo
574,Funcionário 574,25,Vendas,Salvador,843.188.485-15,5340101-3,Ensino Médio,25,1999-01-01,Gerente de Vendas,2022-11-24,Ativo
575,Funcionário 575,31,Gente & Gestão,Joinville,468.105.485-21,3092954-7,Pós-graduação,27,1993-01-25,Gerente de RH,2022-09-11,Ativo
576,Funcionário 576,23,Operações,Belém,490.753.998-39,3348331-6,MBA,20,2001-06-10,Gerente de Operações,2023-04-24,Ativo
577,Funcionário 577,52,Qualidade,Curitiba,831.589.357-24,7913101-1,Graduação,29,1972-03-23,Coordenador de Qualidade,2022-07-20,Ativo
578,Funcionário 578,36,Tecnologia,Brasília,106.273.715-66,7623350-4,Tecnólogo,0,1988-07-19,Desenvolvedor,2024-12-13,Ativo
579,Funcionário 579,46,Marketing,Fortaleza,976.776.228-01,9609823-8,Mestrado,27,1978-08-23,Especialista em SEO,2022-09-18,Ativo
580,Funcionário 580,46,Comercial,Belo Horizonte,137.702.851-82,5858523-0,Pós-graduação,8,1978-02-04,Executivo de Contas,2024-04-16,Ativo
581,Funcionário 581,41,Gente & Gestão,Manaus,821.545.447-03,8075907-0,Graduação,34,1983-03-05,Recrutador,2022-02-27,Ativo
582,Funcionário 582,42,Suporte,Recife,443.270.185-46,6195935-9,Mestrado,31,1982-01-14,Coordenador de Suporte,2022-05-19,Ativo
583,Funcionário 583,33,Vendas,Vitória,756.792.287-85,6456223-1,Tecnólogo,5,1991-11-15,Vendedor,2024-07-10,Desligado
584,Funcionário 584,34,Gente & Gestão,Goiânia,996.636.580-02,3778554-0,Mestrado,6,1990-12-09,Especialista em Folha,2024-06-26,Ativo
585,Funcionário 585,28,Inovação,Manaus,948.181.398-31,8983198-8,Graduação,32,1996-10-17,Product Manager,2022-04-19,Ativo
586,Funcionário 586,43,Produto,Salvador,018.204.339-86,6375942-6,Mestrado,6,1981-02-26,Product Manager,2024-06-28,Ativo
587,Funcionário 587,34,Comercial,Curitiba,907.056.260-08,2923417-1,MBA,0,1990-06-13,Vendedor,2024-12-17,Ativo
588,Funcionário 588,36,Financeiro,Fortaleza,824.224.124-40,6457472-2,Tecnólogo,8,1988-11-06,Controller,2024-04-14,Desligado
589,Funcionário 589,36,Suporte,Rio de Janeiro,004.615.265-22,1870370-3,Pós-graduação,18,1988-07-27,Analista de Suporte,2023-06-13,Ativo
590,Funcionário 590,43,Produto,Porto Alegre,399.378.861-39,7829609-1,MBA,17,1981-01-11,Product Manager,2023-07-06,Ativo
591,Funcionário 591,24,Operações,Florianópolis,706.304.891-06,6110555-9,Doutorado,19,2000-09-21,Analista de Operações,2023-05-20,Ativo
592,Funcionário 592,51,Inovação,Manaus,671.832.582-11,8578973-0,Doutorado,19,1973-09-14,Analista de Inovação,2023-05-18,Ativo
593,Funcionário 593,58,Marketing,Recife,079.420.074-56,4569422-9,Tecnólogo,19,1966-11-13,Analista de Marketing,2023-05-29,Ativo
594,Funcionário 594,26,Suporte,São Paulo,840.289.141-16,5688532-6,Pós-graduação,9,1998-12-04,Coordenador de Suporte,2024-03-20,Ativo
595,Funcionário 595,53,Atendimento,Curitiba,398.554.743-25,6510598-0,Graduação,14,1971-06-07,Atendente,2023-10-21,Ativo
596,Funcionário 596,31,Gente & Gestão,Natal,209.700.268-46,2300622-8,Mestrado,3,1993-07-18,Gerente de RH,2024-09-28,Desligado
597,Funcionário 597,48,Produto,Curitiba,071.569.562-21,4237849-7,Ensino Médio,35,1976-02-15,Product Manager,2022-01-18,Ativo
598,Funcionário 598,30,Financeiro,Joinville,030.453.194-40,1617335-4,Mestrado,21,1994-04-16,Contador,2023-03-29,Ativo
599,Funcionário 599,47,Atendimento,Belo Horizonte,793.036.149-76,3944885-1,Pós-graduação,2,1977-08-06,Atendente,2024-10-21,Ativo
600,Funcionário 600,35,Vendas,Curitiba,921.249.384-01,9941274-9,MBA,23,1989-11-01,Vendedor,2023-01-28,Ativo
601,Funcionário 601,41,Produto,Natal,487.060.566-01,9314364-5,Graduação,17,1983-02-22,Analista de Produto,2023-07-16,Ativo
602,Funcionário 602,27,Marketing,Florianópolis,803.046.875-02,1425670-3,MBA,35,1997-07-07,Especialista em SEO,2022-01-11,Ativo
603,Funcionário 603,25,Financeiro,Joinville,613.325.411-43,6608665-4,Tecnólogo,34,1999-08-14,Gerente Financeiro,2022-02-27,Ativo
604,Funcionário 604,56,Atendimento,Porto Alegre,317.350.583-27,2605088-7,Mestrado,31,1968-10-20,Atendente,2022-05-30,Ativo
605,Funcionário 605,42,Atendimento,Belo Horizonte,911.006.512-17,8245056-1,Mestrado,31,1982-08-02,Atendente,2022-05-07,Ativo
606,Funcionário 606,41,Tecnologia,Rio de Janeiro,108.046.619-36,1177948-7,Doutorado,8,1983-04-28,DevOps,2024-04-21,Ativo
607,Funcionário 607,50,Suporte,Brasília,676.991.507-32,2722846-0,MBA,1,1974-06-19,Técnico de Suporte,2024-11-25,Ativo
608,Funcionário 608,25,Marketing,Goiânia,919.392.845-97,4119277-3,Tecnólogo,7,1999-08-24,Especialista em SEO,2024-05-12,Ativo
609,Funcionário 609,39,Suporte,Vitória,200.249.685-44,3473113-7,Pós-graduação,15,1985-10-18,Coordenador de Suporte,2023-09-30,Ativo
610,Funcionário 610,40,Operações,Brasília,495.450.892-45,1916158-6,MBA,32,1984-04-17,Gerente de Operações,2022-04-28,Ativo
611,Funcionário 611,51,Atendimento,Belo Horizonte,533.315.377-99,6026983-6,MBA,13,1973-10-19,Supervisor de Atendimento,2023-11-10,Ativo
612,Funcionário 612,57,Suporte,Natal,521.707.303-97,9065582-5,MBA,20,1967-08-20,Técnico de Suporte,2023-04-17,Ativo
613,Funcionário 613,54,Comercial,Vitória,636.205.015-05,8388822-3,Pós-graduação,33,1970-09-04,Vendedor,2022-03-03,Desligado
614,Funcionário 614,49,Produto,Vitória,950.033.423-22,5126595-2,Graduação,18,1975-12-06,Product Manager,2023-06-21,Ativo
615,Funcionário 615,54,Tecnologia,Belo Horizonte,302.410.261-21,7201541-5,Pós-graduação,13,1970-04-10,DevOps,2023-11-25,Ativo
616,Funcionário 616,48,Operações,Vitória,289.611.223-55,6334342-9,Mestrado,23,1976-09-13,Gerente de Operações,2023-01-28,Ativo
617,Funcionário 617,32,Inovação,Salvador,630.993.842-83,5698850-2,Tecnólogo,13,1992-04-02,Analista de Inovação,2023-11-03,Ativo
618,Funcionário 618,31,Comercial,Florianópolis,897.317.912-80,9542262-5,MBA,1,1993-07-25,Gerente Comercial,2024-11-07,Ativo
619,Funcionário 619,51,Operações,Belém,787.255.877-73,1614121-3,Mestrado,4,1973-05-19,Analista de Operações,2024-08-28,Ativo
620,Funcionário 620,40,Atendimento,Florianópolis,337.363.466-03,3253688-1,Mestrado,25,1984-06-09,Analista de Atendimento,2022-11-18,Ativo
621,Funcionário 621,26,Gente & Gestão,Joinville,478.539.078-69,7861089-5,Ensino Médio,13,1998-07-15,Analista de RH,2023-11-20,Ativo
622,Funcionário 622,31,Gente & Gestão,Joinville,754.602.734-98,9418218-8,Mestrado,30,1993-06-03,Recrutador,2022-06-05,Ativo
623,Funcionário 623,25,Inovação,Rio de Janeiro,814.311.150-45,5194700-4,Tecnólogo,22,1999-06-07,Innovation Lead,2023-02-15,Ativo
624,Funcionário 624,22,Marketing,Salvador,439.284.044-15,1199493-7,Pós-graduação,12,2002-07-13,Especialista em SEO,2023-12-11,Ativo
625,Funcionário 625,52,Financeiro,Brasília,826.333.738-01,2440757-5,Ensino Médio,4,1972-12-27,Gerente Financeiro,2024-08-17,Ativo
626,Funcionário 626,42,Marketing,Manaus,366.377.805-37,1162422-7,Tecnólogo,26,1982-10-28,Especialista em SEO,2022-10-12,Desligado
627,Funcionário 627,43,Qualidade,Rio de Janeiro,553.666.845-52,3334293-2,Graduação,34,1981-10-26,Auditor,2022-02-17,Desligado
628,Funcionário 628,49,Marketing,Recife,599.996.636-13,2822649-5,Mestrado,31,1975-09-13,Gerente de Marketing,2022-05-11,Ativo
629,Funcionário 629,46,Operações,Manaus,974.121.820-64,7474228-4,Ensino Médio,3,1978-01-06,Analista de Operações,2024-09-27,Ativo
630,Funcionário 630,57,Marketing,Fortaleza,334.817.058-32,7893107-6,Pós-graduação,35,1967-03-11,Especialista em SEO,2022-01-23,Ativo
631,Funcionário 631,42,Financeiro,Curitiba,212.867.163-90,8965487-2,Ensino Médio,27,1982-04-10,Controller,2022-09-24,Ativo
632,Funcionário 632,28,Operações,Vitória,994.938.743-46,7698083-9,Doutorado,35,1996-03-15,Coordenador Operacional,2022-01-16,Desligado
633,Funcionário 633,53,Marketing,Fortaleza,385.977.790-47,8655554-5,Pós-graduação,29,1971-05-21,Gerente de Marketing,2022-07-06,Ativo
634,Funcionário 634,28,Gente & Gestão,Recife,469.263.296-80,2602797-6,Tecnólogo,5,1996-07-22,Especialista em Folha,2024-07-26,Ativo
635,Funcionário 635,35,Vendas,Porto Alegre,032.484.137-00,2284021-1,Tecnólogo,8,1989-09-04,Vendedor,2024-04-22,Ativo
636,Funcionário 636,39,Gente & Gestão,Florianópolis,856.724.380-75,8749462-6,Doutorado,4,1985-01-03,Recrutador,2024-08-04,Ativo
637,Funcionário 637,58,Marketing,São Paulo,563.600.412-51,8740286-1,Graduação,13,1966-11-24,Gerente de Marketing,2023-11-01,Ativo
638,Funcionário 638,46,Gente & Gestão,Natal,183.727.422-35,3082914-8,Pós-graduação,34,1978-10-04,Analista de RH,2022-02-06,Ativo
639,Funcionário 639,54,Comercial,Porto Alegre,621.042.752-96,9930492-3,Pós-graduação,21,1970-12-02,Gerente Comercial,2023-03-20,Ativo
640,Funcionário 640,28,Operações,Rio de Janeiro,708.164.709-01,4384602-3,Ensino Médio,35,1996-01-25,Analista de Operações,2022-01-10,Ativo
641,Funcionário 641,45,Comercial,Manaus,533.106.005-64,2620732-2,Tecnólogo,23,1979-11-22,Gerente Comercial,2023-01-29,Desligado
642,Funcionário 642,43,Tecnologia,São Paulo,206.815.583-42,3026754-3,Tecnólogo,21,1981-09-13,Analista de Sistemas,2023-03-01,Ativo
643,Funcionário 643,27,Comercial,São Paulo,315.520.650-06,5671743-9,Tecnólogo,9,1997-04-15,Vendedor,2024-03-08,Ativo
644,Funcionário 644,26,Comercial,Belo Horizonte,501.364.971-44,7519046-2,Ensino Médio,24,1998-05-04,Executivo de Contas,2022-12-18,Ativo
645,Funcionário 645,31,Comercial,Natal,525.715.099-93,4899452-8,Graduação,5,1993-07-17,Vendedor,2024-07-08,Ativo
646,Funcionário 646,43,Qualidade,Brasília,903.091.436-08,7283463-7,Doutorado,19,1981-10-03,Coordenador de Qualidade,2023-05-14,Desligado
647,Funcionário 647,31,Suporte,Natal,432.630.397-25,1664503-8,Graduação,13,1993-03-09,Coordenador de Suporte,2023-11-05,Ativo
648,Funcionário 648,53,Inovação,Porto Alegre,640.355.338-07,4731991-9,Pós-graduação,32,1971-11-08,Product Manager,2022-04-21,Ativo
649,Funcionário 649,25,Financeiro,Belo Horizonte,685.270.171-99,4426243-2,Doutorado,23,1999-01-21,Gerente Financeiro,2023-01-30,Ativo
650,Funcionário 650,42,Operações,Joinville,129.833.816-68,5109158-6,Pós-graduação,4,1982-05-06,Coordenador Operacional,2024-08-14,Ativo
651,Funcionário 651,48,Vendas,Brasília,293.449.734-82,3814647-7,Tecnólogo,3,1976-02-12,Gerente de Vendas,2024-09-12,Ativo
652,Funcionário 652,23,Vendas,Brasília,768.962.706-40,6037049-9,Mestrado,7,2001-02-25,Coordenador de Vendas,2024-05-25,Ativo
653,Funcionário 653,29,Qualidade,São Paulo,828.246.747-25,2206947-5,Tecnólogo,16,1995-07-18,Auditor,2023-08-04,Ativo
654,Funcionário 654,27,Inovação,Joinville,273.230.085-30,7260332-6,Doutorado,2,1997-07-14,Analista de Inovação,2024-10-03,Ativo
655,Funcionário 655,40,Gente & Gestão,Florianópolis,749.160.169-39,5282525-5,Graduação,25,1984-04-25,Especialista em Folha,2022-11-29,Ativo
656,Funcionário 656,33,Atendimento,Brasília,875.066.337-28,1474058-2,Pós-graduação,33,1991-06-21,Atendente,2022-03-12,Ativo
657,Funcionário 657,57,Gente & Gestão,Porto Alegre,497.243.992-06,7448284-6,Doutorado,35,1967-02-25,Analista de RH,2022-01-26,Desligado
658,Funcionário 658,36,Marketing,Curitiba,918.362.644-10,6167027-6,Tecnólogo,2,1988-09-22,Especialista em SEO,2024-10-22,Ativo
659,Funcionário 659,33,Comercial,Rio de Janeiro,119.524.364-27,2625220-1,Graduação,35,1991-03-27,Vendedor,2022-01-14,Ativo
660,Funcionário 660,24,Produto,Curitiba,686.462.252-59,2849490-7,Graduação,26,2000-04-16,Product Owner,2022-10-03,Ativo
661,Funcionário 661,54,Qualidade,São Paulo,932.302.346-93,3787134-1,Doutorado,6,1970-11-20,Analista de Qualidade,2024-06-21,Desligado
662,Funcionário 662,53,Qualidade,Natal,416.141.509-58,2691296-0,Graduação,20,1971-08-16,Analista de Qualidade,2023-04-26,Ativo
663,Funcionário 663,25,Operações,Goiânia,040.901.380-35,5459984-7,Mestrado,10,1999-10-17,Supervisor,2024-02-09,Ativo
664,Funcionário 664,53,Vendas,Manaus,759.655.553-50,1960353-5,Graduação,11,1971-11-13,Gerente de Vendas,2024-01-10,Ativo
665,Funcionário 665,37,Tecnologia,Vitória,510.762.091-49,5169769-5,MBA,0,1987-05-23,QA Engineer,2024-12-22,Ativo
666,Funcionário 666,42,Comercial,Joinville,797.863.050-19,8454220-3,Pós-graduação,11,1982-01-26,Executivo de Contas,2024-01-08,Ativo
667,Funcionário 667,52,Produto,Rio de Janeiro,976.915.671-03,3401850-8,Graduação,10,1972-05-20,Product Manager,2024-02-28,Ativo
668,Funcionário 668,46,Suporte,São Paulo,980.271.487-90,5041658-3,Pós-graduação,24,1978-08-04,Analista de Suporte,2022-12-11,Ativo
669,Funcionário 669,41,Comercial,Recife,321.160.256-99,8991026-1,Mestrado,17,1983-04-24,Executivo de Contas,2023-07-29,Ativo
670,Funcionário 670,26,Suporte,Belém,287.153.991-09,7403032-8,Pós-graduação,12,1998-07-23,Analista de Suporte,2023-12-04,Ativo
671,Funcionário 671,30,Financeiro,Belo Horizonte,633.414.111-27,2947939-9,Tecnólogo,13,1994-12-19,Contador,2023-11-28,Ativo
672,Funcionário 672,40,Qualidade,Manaus,525.690.409-40,7124083-2,Ensino Médio,23,1984-07-14,Auditor,2023-01-24,Ativo
673,Funcionário 673,23,Qualidade,Manaus,899.316.087-22,4672603-7,Ensino Médio,14,2001-03-27,Analista de Qualidade,2023-10-10,Ativo
674,Funcionário 674,45,Comercial,Belo Horizonte,729.420.954-58,9024252-3,Graduação,2,1979-12-04,Analista Comercial,2024-10-25,Ativo
675,Funcionário 675,49,Atendimento,Natal,746.052.330-59,3670819-0,MBA,23,1975-08-24,Analista de Atendimento,2023-01-02,Ativo
676,Funcionário 676,54,Gente & Gestão,Florianópolis,865.675.661-32,4273103-8,Pós-graduação,0,1970-12-10,Recrutador,2024-12-17,Ativo
677,Funcionário 677,39,Atendimento,Fortaleza,612.590.472-53,3429724-3,Ensino Médio,26,1985-08-23,Supervisor de Atendimento,2022-10-09,Ativo
678,Funcionário 678,43,Tecnologia,Porto Alegre,330.591.266-90,8950315-2,Pós-graduação,24,1981-01-04,Tech Lead,2022-12-11,Ativo
679,Funcionário 679,51,Produto,Florianópolis,018.596.263-78,6078288-9,Ensino Médio,33,1973-02-08,Product Manager,2022-03-11,Ativo
680,Funcionário 680,37,Comercial,Curitiba,261.764.750-15,9552160-3,Graduação,27,1987-02-03,Analista Comercial,2022-09-03,Desligado
681,Funcionário 681,49,Inovação,Belo Horizonte,099.974.192-60,6005706-9,Ensino Médio,10,1975-08-21,Analista de Inovação,2024-02-26,Ativo
682,Funcionário 682,29,Inovação,Rio de Janeiro,215.182.606-67,3081873-3,Doutorado,0,1995-08-03,Innovation Lead,2024-12-21,Ativo
683,Funcionário 683,25,Atendimento,Salvador,129.208.751-08,3704659-1,Doutorado,33,1999-03-19,Analista de Atendimento,2022-03-22,Ativo
684,Funcionário 684,36,Gente & Gestão,Florianópolis,840.118.458-41,6043230-0,Ensino Médio,24,1988-07-22,Analista de RH,2022-12-18,Desligado
685,Funcionário 685,35,Financeiro,Manaus,848.729.758-71,2661097-0,Ensino Médio,12,1989-10-18,Controller,2023-12-23,Ativo
686,Funcionário 686,30,Suporte,Manaus,303.243.298-73,8080237-1,MBA,21,1994-10-12,Coordenador de Suporte,2023-03-19,Ativo
687,Funcionário 687,39,Suporte,São Paulo,844.626.714-49,2183767-4,Mestrado,7,1985-12-05,Coordenador de Suporte,2024-05-21,Ativo
688,Funcionário 688,48,Inovação,Fortaleza,359.892.625-15,5152322-1,Graduação,6,1976-07-01,Product Manager,2024-06-07,Ativo
689,Funcionário 689,59,Financeiro,Porto Alegre,418.186.151-18,4787716-4,Mestrado,11,1965-06-25,Controller,2024-01-14,Ativo
690,Funcionário 690,40,Produto,Joinville,016.361.128-97,2602904-8,Ensino Médio,15,1984-10-27,Product Manager,2023-09-20,Ativo
691,Funcionário 691,45,Atendimento,Belo Horizonte,594.849.102-11,9920146-8,Doutorado,14,1979-07-06,Analista de Atendimento,2023-10-14,Ativo
692,Funcionário 692,40,Suporte,Florianópolis,967.924.082-71,5485722-0,Tecnólogo,27,1984-03-13,Coordenador de Suporte,2022-09-16,Ativo
693,Funcionário 693,30,Qualidade,Joinville,539.672.757-87,9734129-3,MBA,2,1994-05-09,Auditor,2024-10-25,Ativo
694,Funcionário 694,35,Vendas,Fortaleza,414.651.113-52,5795781-8,Pós-graduação,29,1989-03-19,Coordenador de Vendas,2022-07-11,Desligado
695,Funcionário 695,40,Financeiro,Goiânia,706.827.788-85,1122310-6,Mestrado,27,1984-07-01,Analista Financeiro,2022-09-13,Ativo
696,Funcionário 696,57,Marketing,São Paulo,853.890.972-03,3236718-8,Mestrado,0,1967-04-06,Analista de Marketing,2024-12-08,Desligado
697,Funcionário 697,54,Marketing,Joinville,506.762.515-52,2977453-4,Ensino Médio,19,1970-09-28,Especialista em SEO,2023-05-27,Ativo
698,Funcionário 698,32,Gente & Gestão,Florianópolis,474.430.963-13,1594402-7,Ensino Médio,15,1992-11-17,Gerente de RH,2023-09-17,Ativo
699,Funcionário 699,35,Vendas,Joinville,970.509.754-27,4123208-6,Graduação,12,1989-02-01,Gerente de Vendas,2023-12-26,Ativo
700,Funcionário 700,43,Vendas,Brasília,501.673.188-88,1115938-2,Doutorado,25,1981-07-04,Coordenador de Vendas,2022-11-11,Ativo
701,Funcionário 701,37,Tecnologia,Natal,437.654.562-76,8371182-2,Mestrado,17,1987-02-15,DevOps,2023-07-06,Ativo
702,Funcionário 702,56,Produto,Natal,256.053.134-87,6556840-0,Mestrado,33,1968-03-13,Product Owner,2022-03-24,Ativo
703,Funcionário 703,42,Gente & Gestão,Porto Alegre,237.416.787-91,7708806-8,Pós-graduação,27,1982-06-25,Analista de RH,2022-09-18,Ativo
704,Funcionário 704,24,Qualidade,São Paulo,621.102.258-15,6740173-6,MBA,35,2000-11-08,Analista de Qualidade,2022-01-28,Desligado
705,Funcionário 705,30,Vendas,Joinville,906.744.716-10,4134994-3,Graduação,19,1994-10-05,Vendedor,2023-05-23,Ativo
706,Funcionário 706,55,Marketing,Natal,414.363.718-99,3495209-3,Ensino Médio,23,1969-04-28,Analista de Marketing,2023-01-07,Ativo
707,Funcionário 707,44,Marketing,Manaus,126.043.260-27,7833312-8,Mestrado,22,1980-02-28,Especialista em SEO,2023-02-13,Desligado
708,Funcionário 708,36,Vendas,Florianópolis,433.567.086-94,5706947-5,Tecnólogo,32,1988-05-04,Vendedor,2022-04-16,Ativo
709,Funcionário 709,43,Marketing,Porto Alegre,635.020.005-57,2690500-6,Graduação,21,1981-05-16,Especialista em SEO,2023-03-11,Ativo
710,Funcionário 710,41,Vendas,Belém,247.554.110-50,7063033-9,Graduação,27,1983-06-12,Coordenador de Vendas,2022-09-24,Ativo
711,Funcionário 711,28,Qualidade,Manaus,895.343.961-25,3019210-0,Pós-graduação,28,1996-03-21,Coordenador de Qualidade,2022-08-06,Ativo
712,Funcionário 712,33,Suporte,Belo Horizonte,933.711.895-54,4388982-8,Pós-graduação,15,1991-12-16,Técnico de Suporte,2023-09-10,Ativo
713,Funcionário 713,45,Comercial,Fortaleza,202.368.485-42,8316976-1,Doutorado,11,1979-08-21,Vendedor,2024-01-20,Ativo
714,Funcionário 714,22,Marketing,Rio de Janeiro,768.802.942-27,4190874-6,Mestrado,16,2002-01-19,Especialista em SEO,2023-08-17,Desligado
715,Funcionário 715,43,Vendas,Curitiba,788.127.868-47,4088120-0,Ensino Médio,9,1981-07-20,Vendedor,2024-03-10,Ativo
716,Funcionário 716,33,Operações,Recife,293.908.788-10,5504928-8,Graduação,18,1991-05-28,Gerente de Operações,2023-06-15,Ativo
717,Funcionário 717,40,Qualidade,Recife,123.083.402-82,1864361-3,Ensino Médio,17,1984-03-09,Analista de Qualidade,2023-07-23,Ativo
718,Funcionário 718,50,Tecnologia,Florianópolis,381.059.551-99,5947522-5,Mestrado,18,1974-12-05,Tech Lead,2023-06-25,Ativo
719,Funcionário 719,41,Marketing,São Paulo,005.342.408-52,5317535-9,MBA,28,1983-12-24,Analista de Marketing,2022-08-06,Ativo
720,Funcionário 720,59,Tecnologia,Goiânia,837.354.396-16,8279693-5,Ensino Médio,25,1965-08-08,Analista de Sistemas,2022-11-15,Ativo
721,Funcionário 721,29,Produto,Joinville,271.727.223-29,1353115-4,Pós-graduação,2,1995-12-06,Product Manager,2024-10-01,Ativo
722,Funcionário 722,47,Inovação,Porto Alegre,226.931.216-39,2681644-8,MBA,19,1977-08-21,Analista de Inovação,2023-05-18,Ativo
723,Funcionário 723,30,Marketing,Porto Alegre,209.166.010-80,5490530-2,Ensino Médio,33,1994-03-08,Analista de Marketing,2022-03-31,Ativo
724,Funcionário 724,38,Marketing,Porto Alegre,900.185.132-04,6157064-5,Graduação,3,1986-10-15,Gerente de Marketing,2024-09-10,Ativo
725,Funcionário 725,34,Produto,Goiânia,723.084.810-56,9582257-6,Graduação,32,1990-02-18,Analista de Produto,2022-04-02,Ativo
726,Funcionário 726,34,Tecnologia,Brasília,203.036.625-06,2885904-7,Pós-graduação,16,1990-04-22,Tech Lead,2023-08-11,Ativo
727,Funcionário 727,33,Marketing,Brasília,213.145.195-49,3535087-2,MBA,28,1991-06-03,Analista de Marketing,2022-08-31,Ativo
728,Funcionário 728,33,Tecnologia,Belém,685.926.249-40,9376038-5,Tecnólogo,16,1991-06-04,DevOps,2023-08-11,Ativo
729,Funcionário 729,26,Marketing,Salvador,410.225.267-31,5672054-2,Graduação,3,1998-02-04,Especialista em SEO,2024-09-06,Ativo
730,Funcionário 730,44,Inovação,São Paulo,152.265.576-04,6594616-2,Doutorado,3,1980-12-14,Product Manager,2024-09-12,Ativo
731,Funcionário 731,39,Comercial,Joinville,366.878.878-23,8077313-8,Mestrado,20,1985-07-03,Vendedor,2023-04-17,Ativo
732,Funcionário 732,57,Comercial,Porto Alegre,931.350.305-04,6861079-5,Graduação,4,1967-03-04,Gerente Comercial,2024-08-28,Desligado
733,Funcionário 733,49,Marketing,Joinville,247.286.333-06,3400426-6,Ensino Médio,32,1975-12-05,Analista de Marketing,2022-04-25,Desligado
734,Funcionário 734,33,Atendimento,Florianópolis,065.019.179-05,2325287-3,Doutorado,25,1991-01-05,Atendente,2022-11-20,Ativo
735,Funcionário 735,23,Vendas,Recife,109.622.728-25,8448641-0,Tecnólogo,15,2001-08-14,Coordenador de Vendas,2023-09-06,Ativo
736,Funcionário 736,32,Atendimento,Goiânia,412.009.282-88,8621830-8,Tecnólogo,35,1992-07-27,Supervisor de Atendimento,2022-01-23,Ativo
737,Funcionário 737,30,Vendas,Rio de Janeiro,498.436.241-30,7717637-9,Pós-graduação,0,1994-07-05,Coordenador de Vendas,2024-12-04,Ativo
738,Funcionário 738,41,Operações,Fortaleza,036.289.177-00,7383228-2,MBA,14,1983-11-21,Coordenador Operacional,2023-10-04,Ativo
739,Funcionário 739,50,Operações,Florianópolis,056.341.115-52,2786178-1,Mestrado,13,1974-01-08,Gerente de Operações,2023-11-19,Ativo
740,Funcionário 740,23,Tecnologia,Salvador,390.438.303-56,9116934-0,Mestrado,17,2001-02-19,DevOps,2023-07-06,Ativo
741,Funcionário 741,56,Produto,São Paulo,051.405.468-92,6969959-2,Doutorado,22,1968-06-25,Product Manager,2023-02-04,Ativo
742,Funcionário 742,36,Atendimento,Porto Alegre,156.818.209-04,1627606-4,MBA,10,1988-08-19,Analista de Atendimento,2024-02-22,Ativo
743,Funcionário 743,52,Vendas,Rio de Janeiro,227.113.322-09,9779300-5,Ensino Médio,2,1972-09-24,Gerente de Vendas,2024-10-24,Ativo
744,Funcionário 744,49,Gente & Gestão,Belo Horizonte,725.459.606-83,3556871-9,Graduação,19,1975-04-20,Recrutador,2023-05-05,Ativo
745,Funcionário 745,57,Suporte,Belém,710.248.171-30,3709058-1,Doutorado,5,1967-06-06,Analista de Suporte,2024-07-20,Ativo
746,Funcionário 746,59,Atendimento,Goiânia,495.511.274-98,3356313-1,Pós-graduação,4,1965-05-25,Analista de Atendimento,2024-08-27,Ativo
747,Funcionário 747,53,Suporte,Florianópolis,970.546.692-07,6262096-5,Pós-graduação,6,1971-06-17,Coordenador de Suporte,2024-06-21,Ativo
748,Funcionário 748,44,Marketing,Fortaleza,168.740.903-05,7305241-2,Tecnólogo,35,1980-03-28,Gerente de Marketing,2022-01-17,Desligado
749,Funcionário 749,57,Qualidade,São Paulo,961.367.157-91,8798939-1,Doutorado,4,1967-11-18,Coordenador de Qualidade,2024-08-17,Ativo
750,Funcionário 750,49,Gente & Gestão,Rio de Janeiro,121.663.651-67,8989636-1,Pós-graduação,14,1975-06-20,Analista de RH,2023-10-12,Ativo
751,Funcionário 751,22,Tecnologia,Vitória,470.827.235-98,7064842-6,Pós-graduação,33,2002-10-25,Tech Lead,2022-03-06,Ativo
752,Funcionário 752,50,Atendimento,Manaus,730.306.442-78,2370851-4,Tecnólogo,30,1974-03-03,Supervisor de Atendimento,2022-06-21,Ativo
753,Funcionário 753,52,Produto,Goiânia,768.342.016-61,8031349-7,Graduação,12,1972-05-06,Product Manager,2023-12-02,Ativo
754,Funcionário 754,59,Gente & Gestão,Brasília,782.659.608-40,3426274-5,Tecnólogo,22,1965-02-24,Especialista em Folha,2023-02-11,Ativo
755,Funcionário 755,33,Operações,São Paulo,502.727.516-18,8559125-2,Doutorado,18,1991-09-24,Gerente de Operações,2023-06-23,Desligado
756,Funcionário 756,26,Marketing,Brasília,791.033.682-97,4207115-9,Graduação,10,1998-04-12,Gerente de Marketing,2024-02-13,Ativo
757,Funcionário 757,32,Financeiro,Recife,055.044.817-91,8144563-8,Graduação,5,1992-07-14,Contador,2024-07-22,Ativo
758,Funcionário 758,48,Atendimento,Florianópolis,512.765.289-73,8339925-4,Tecnólogo,25,1976-09-14,Analista de Atendimento,2022-11-30,Ativo
759,Funcionário 759,36,Gente & Gestão,Goiânia,911.110.961-04,2672723-7,Tecnólogo,2,1988-12-25,Analista de RH,2024-10-13,Ativo
760,Funcionário 760,58,Atendimento,Manaus,890.463.378-80,3087766-5,MBA,10,1966-02-07,Supervisor de Atendimento,2024-02-20,Ativo
761,Funcionário 761,44,Operações,Joinville,766.053.844-66,7957788-3,Tecnólogo,18,1980-05-27,Gerente de Operações,2023-06-26,Ativo
762,Funcionário 762,30,Tecnologia,Belém,060.002.589-68,8214533-3,MBA,14,1994-06-06,Tech Lead,2023-10-13,Ativo
763,Funcionário 763,38,Operações,Joinville,863.960.962-42,6337250-8,MBA,9,1986-12-06,Analista de Operações,2024-03-10,Ativo
764,Funcionário 764,34,Comercial,Belém,263.128.196-98,4418568-1,Mestrado,18,1990-09-06,Vendedor,2023-06-17,Ativo
765,Funcionário 765,44,Suporte,Florianópolis,106.092.098-09,3190232-7,Tecnólogo,30,1980-10-13,Técnico de Suporte,2022-06-11,Desligado
766,Funcionário 766,53,Suporte,Recife,523.343.836-43,3412052-0,Ensino Médio,18,1971-11-02,Analista de Suporte,2023-06-18,Ativo
767,Funcionário 767,42,Qualidade,Fortaleza,911.791.124-90,7063240-3,Doutorado,18,1982-03-03,Auditor,2023-06-21,Desligado
768,Funcionário 768,22,Qualidade,Vitória,617.061.713-66,8564486-2,MBA,7,2002-07-11,Auditor,2024-05-09,Ativo
769,Funcionário 769,34,Comercial,Fortaleza,240.299.015-57,1084130-2,Pós-graduação,12,1990-08-20,Gerente Comercial,2023-12-12,Ativo
770,Funcionário 770,38,Suporte,Manaus,841.390.808-68,2925830-3,Tecnólogo,1,1986-03-07,Técnico de Suporte,2024-11-14,Ativo
771,Funcionário 771,45,Atendimento,Florianópolis,052.312.447-32,5937884-7,MBA,22,1979-02-12,Supervisor de Atendimento,2023-02-13,Ativo
772,Funcionário 772,42,Marketing,Manaus,768.634.234-48,6227531-2,MBA,9,1982-02-19,Analista de Marketing,2024-03-15,Ativo
773,Funcionário 773,58,Financeiro,Belo Horizonte,376.769.459-09,6920939-5,Graduação,28,1966-10-13,Controller,2022-08-09,Ativo
774,Funcionário 774,48,Gente & Gestão,Curitiba,172.084.964-12,4018292-5,Graduação,0,1976-06-13,Recrutador,2024-12-22,Desligado
775,Funcionário 775,33,Operações,Porto Alegre,625.313.552-00,1182888-5,Mestrado,14,1991-02-01,Supervisor,2023-10-06,Ativo
776,Funcionário 776,49,Gente & Gestão,São Paulo,379.538.164-90,5664879-9,Pós-graduação,21,1975-09-07,Analista de RH,2023-03-11,Desligado
777,Funcionário 777,33,Operações,São Paulo,196.655.330-70,8067188-1,Graduação,2,1991-08-02,Supervisor,2024-10-08,Ativo
778,Funcionário 778,47,Qualidade,Manaus,172.959.639-87,1077963-7,Pós-graduação,34,1977-05-01,Coordenador de Qualidade,2022-02-13,Ativo
779,Funcionário 779,57,Operações,Fortaleza,426.088.050-00,7963867-4,Ensino Médio,31,1967-08-04,Coordenador Operacional,2022-05-23,Ativo
780,Funcionário 780,45,Inovação,Vitória,455.618.579-32,8626616-7,Graduação,32,1979-07-10,Innovation Lead,2022-04-07,Ativo
781,Funcionário 781,38,Suporte,Porto Alegre,159.103.002-10,8309538-3,Mestrado,28,1986-06-28,Coordenador de Suporte,2022-08-04,Ativo
782,Funcionário 782,39,Qualidade,Florianópolis,213.580.040-64,6525223-9,Doutorado,28,1985-01-10,Auditor,2022-08-15,Desligado
783,Funcionário 783,25,Inovação,Belém,642.297.125-70,7933921-7,Graduação,26,1999-10-28,Innovation Lead,2022-10-31,Ativo
784,Funcionário 784,30,Marketing,Joinville,188.397.745-21,5969984-1,MBA,3,1994-04-03,Analista de Marketing,2024-09-15,Ativo
785,Funcionário 785,38,Tecnologia,São Paulo,583.311.703-85,7460238-3,Graduação,35,1986-11-07,Analista de Sistemas,2022-01-27,Ativo
786,Funcionário 786,24,Produto,Porto Alegre,715.398.854-88,2772688-2,MBA,5,2000-11-05,Analista de Produto,2024-07-18,Ativo
787,Funcionário 787,52,Inovação,Natal,356.798.363-60,6153067-9,Tecnólogo,31,1972-05-14,Product Manager,2022-05-21,Ativo
788,Funcionário 788,50,Operações,Fortaleza,127.113.072-63,8594054-5,Graduação,17,1974-01-16,Coordenador Operacional,2023-07-01,Ativo
789,Funcionário 789,31,Atendimento,Natal,418.156.326-07,8404466-4,Mestrado,2,1993-07-17,Atendente,2024-10-25,Ativo
790,Funcionário 790,37,Qualidade,Curitiba,510.663.436-91,9281506-8,Ensino Médio,24,1987-10-09,Auditor,2022-12-28,Ativo
791,Funcionário 791,51,Vendas,Goiânia,610.313.100-61,5621443-3,Doutorado,18,1973-04-03,Coordenador de Vendas,2023-06-30,Ativo
792,Funcionário 792,40,Comercial,Brasília,966.613.473-09,5831479-0,Tecnólogo,24,1984-04-12,Vendedor,2022-12-17,Ativo
793,Funcionário 793,28,Inovação,Florianópolis,128.974.325-86,8637262-2,Ensino Médio,31,1996-03-06,Analista de Inovação,2022-05-23,Ativo
794,Funcionário 794,58,Tecnologia,Vitória,076.502.412-89,1016885-7,MBA,35,1966-10-12,QA Engineer,2022-01-20,Ativo
795,Funcionário 795,29,Gente & Gestão,Manaus,371.009.438-09,2575550-1,Ensino Médio,2,1995-03-25,Gerente de RH,2024-10-27,Desligado
796,Funcionário 796,22,Financeiro,Florianópolis,457.758.474-31,6052190-5,Tecnólogo,11,2002-08-01,Controller,2024-01-17,Ativo
797,Funcionário 797,44,Vendas,Curitiba,897.148.026-28,1518494-3,Mestrado,21,1980-11-05,Gerente de Vendas,2023-03-28,Ativo
798,Funcionário 798,25,Operações,Fortaleza,965.313.614-33,6852648-5,Graduação,5,1999-09-06,Gerente de Operações,2024-07-09,Ativo
799,Funcionário 799,24,Qualidade,Belém,696.443.098-98,8634097-9,MBA,12,2000-10-04,Coordenador de Qualidade,2023-12-05,Ativo
800,Funcionário 800,40,Produto,Belo Horizonte,541.072.728-26,6094327-7,Tecnólogo,16,1984-10-18,Product Manager,2023-08-17,Ativo
801,Funcionário 801,55,Atendimento,Manaus,414.070.349-01,8219619-5,Mestrado,27,1969-01-16,Analista de Atendimento,2022-09-10,Ativo
802,Funcionário 802,23,Atendimento,Belém,004.254.882-92,4300538-6,Doutorado,30,2001-12-09,Supervisor de Atendimento,2022-06-26,Desligado
803,Funcionário 803,55,Inovação,Florianópolis,914.307.536-33,6067099-9,Doutorado,7,1969-07-04,Product Manager,2024-05-15,Ativo
804,Funcionário 804,48,Operações,Belém,429.659.234-38,6116985-1,Doutorado,26,1976-07-18,Analista de Operações,2022-10-05,Ativo
805,Funcionário 805,22,Tecnologia,Salvador,497.826.612-28,6998844-7,Mestrado,0,2002-08-23,QA Engineer,2024-12-14,Ativo
806,Funcionário 806,34,Gente & Gestão,Florianópolis,567.667.080-00,6073262-3,MBA,7,1990-02-25,Gerente de RH,2024-05-12,Desligado
807,Funcionário 807,46,Operações,Vitória,985.298.940-57,8764626-8,Ensino Médio,9,1978-03-13,Supervisor,2024-03-15,Ativo
808,Funcionário 808,44,Atendimento,Recife,701.041.591-97,2021141-1,Pós-graduação,16,1980-10-16,Analista de Atendimento,2023-08-19,Ativo
809,Funcionário 809,41,Comercial,Goiânia,980.382.872-07,6048133-4,Tecnólogo,20,1983-11-21,Analista Comercial,2023-04-03,Ativo
810,Funcionário 810,45,Operações,Goiânia,079.311.029-75,2738237-7,Doutorado,27,1979-09-04,Gerente de Operações,2022-09-05,Ativo
811,Funcionário 811,34,Produto,Rio de Janeiro,087.601.467-88,5366631-9,Tecnólogo,23,1990-04-27,Analista de Produto,2023-01-12,Ativo
812,Funcionário 812,52,Comercial,Curitiba,791.620.223-93,4361332-7,Tecnólogo,24,1972-09-24,Gerente Comercial,2022-12-16,Ativo
813,Funcionário 813,32,Vendas,Manaus,744.197.546-80,7994362-6,Ensino Médio,9,1992-12-26,Coordenador de Vendas,2024-03-01,Desligado
814,Funcionário 814,52,Tecnologia,Recife,204.719.609-42,8457126-0,MBA,15,1972-01-21,Arquiteto,2023-09-13,Ativo
815,Funcionário 815,39,Operações,Belo Horizonte,527.740.258-69,9808972-6,Ensino Médio,2,1985-04-12,Supervisor,2024-10-27,Ativo
816,Funcionário 816,45,Comercial,Brasília,812.259.572-30,2144375-7,Ensino Médio,17,1979-11-10,Executivo de Contas,2023-07-25,Ativo
817,Funcionário 817,26,Qualidade,Salvador,679.298.842-10,7774201-1,MBA,14,1998-10-19,Auditor,2023-10-26,Ativo
818,Funcionário 818,22,Produto,Florianópolis,002.311.775-34,3919201-6,Ensino Médio,20,2002-12-26,Analista de Produto,2023-04-20,Ativo
819,Funcionário 819,55,Qualidade,Joinville,610.941.017-96,3920363-5,Pós-graduação,10,1969-10-21,Coordenador de Qualidade,2024-02-06,Ativo
820,Funcionário 820,36,Suporte,Belém,176.298.334-66,4375454-2,Graduação,2,1988-08-22,Analista de Suporte,2024-10-02,Ativo
821,Funcionário 821,27,Marketing,Manaus,683.190.130-11,2207374-5,Graduação,26,1997-01-12,Analista de Marketing,2022-10-15,Ativo
822,Funcionário 822,38,Atendimento,Rio de Janeiro,287.339.785-30,2126668-7,Tecnólogo,11,1986-10-18,Atendente,2024-01-01,Ativo
823,Funcionário 823,54,Qualidade,Fortaleza,661.912.841-60,6551912-0,Ensino Médio,28,1970-08-08,Auditor,2022-08-30,Desligado
824,Funcionário 824,31,Inovação,Porto Alegre,344.651.241-12,9389396-4,MBA,0,1993-10-08,Innovation Lead,2024-12-30,Ativo
825,Funcionário 825,34,Gente & Gestão,São Paulo,690.819.740-92,6612670-0,Pós-graduação,33,1990-06-14,Gerente de RH,2022-03-08,Ativo
826,Funcionário 826,38,Financeiro,Vitória,238.503.719-05,2352134-8,Ensino Médio,33,1986-06-03,Contador,2022-03-14,Ativo
827,Funcionário 827,30,Gente & Gestão,Joinville,724.010.783-39,4821097-0,Graduação,12,1994-07-16,Gerente de RH,2023-12-19,Ativo
828,Funcionário 828,33,Gente & Gestão,Recife,003.896.087-77,3101134-6,Ensino Médio,32,1991-07-25,Analista de RH,2022-04-17,Ativo
829,Funcionário 829,49,Vendas,Florianópolis,682.171.955-10,4995833-3,Doutorado,22,1975-06-14,Gerente de Vendas,2023-02-01,Ativo
830,Funcionário 830,35,Suporte,Manaus,190.368.900-71,8357746-2,Ensino Médio,19,1989-01-03,Coordenador de Suporte,2023-05-27,Desligado
831,Funcionário 831,34,Comercial,Porto Alegre,405.593.429-77,2288554-1,MBA,9,1990-08-22,Analista Comercial,2024-03-25,Desligado
832,Funcionário 832,52,Comercial,Natal,483.753.745-63,5488496-5,Ensino Médio,16,1972-11-08,Vendedor,2023-08-23,Ativo
833,Funcionário 833,59,Produto,Belo Horizonte,881.056.974-16,9740844-3,Mestrado,30,1965-04-05,Product Manager,2022-06-10,Ativo
834,Funcionário 834,57,Inovação,Belém,483.152.037-38,1566334-4,MBA,5,1967-02-01,Product Manager,2024-07-18,Ativo
835,Funcionário 835,30,Marketing,Brasília,496.410.496-66,8449415-0,Doutorado,2,1994-01-28,Especialista em SEO,2024-10-11,Ativo
836,Funcionário 836,24,Qualidade,Belo Horizonte,336.268.040-20,6640806-4,Pós-graduação,12,2000-01-20,Analista de Qualidade,2023-12-14,Ativo
837,Funcionário 837,49,Marketing,Belo Horizonte,930.596.601-23,9971807-7,Mestrado,9,1975-12-22,Analista de Marketing,2024-03-05,Ativo
838,Funcionário 838,57,Gente & Gestão,Manaus,699.842.673-93,5603547-1,Graduação,27,1967-01-09,Gerente de RH,2022-09-28,Ativo
839,Funcionário 839,34,Vendas,São Paulo,384.596.094-99,1207016-1,Mestrado,11,1990-05-22,Gerente de Vendas,2024-01-11,Ativo
840,Funcionário 840,31,Gente & Gestão,Manaus,495.427.707-82,9056551-8,Doutorado,35,1993-08-02,Analista de RH,2022-01-19,Ativo
841,Funcionário 841,31,Gente & Gestão,Belo Horizonte,360.914.985-09,5632933-4,Tecnólogo,31,1993-08-06,Recrutador,2022-05-12,Ativo
842,Funcionário 842,38,Financeiro,Goiânia,723.229.031-40,8387157-9,Tecnólogo,33,1986-03-22,Controller,2022-03-20,Ativo
843,Funcionário 843,46,Suporte,Vitória,508.304.405-69,2299884-8,Mestrado,32,1978-10-08,Analista de Suporte,2022-04-02,Ativo
844,Funcionário 844,33,Operações,Joinville,718.133.595-20,5749368-2,MBA,7,1991-02-21,Supervisor,2024-05-01,Ativo
845,Funcionário 845,46,Financeiro,Recife,059.556.574-36,3517643-9,Pós-graduação,33,1978-03-12,Contador,2022-03-05,Desligado
846,Funcionário 846,59,Tecnologia,Joinville,019.358.895-16,3517835-6,Doutorado,21,1965-07-27,DevOps,2023-03-17,Ativo
847,Funcionário 847,37,Tecnologia,Brasília,113.989.868-01,8924368-8,Pós-graduação,27,1987-09-26,Arquiteto,2022-09-06,Desligado
848,Funcionário 848,33,Produto,Belo Horizonte,875.439.435-06,2936374-3,MBA,19,1991-06-08,Product Owner,2023-05-13,Ativo
849,Funcionário 849,51,Vendas,Curitiba,765.158.815-09,8027140-3,MBA,3,1973-10-08,Gerente de Vendas,2024-09-18,Ativo
850,Funcionário 850,28,Gente & Gestão,Salvador,928.369.294-21,7853539-6,Ensino Médio,16,1996-06-11,Gerente de RH,2023-08-11,Desligado
851,Funcionário 851,28,Financeiro,Salvador,829.732.702-78,8882947-1,Mestrado,27,1996-07-09,Gerente Financeiro,2022-09-05,Ativo
852,Funcionário 852,37,Produto,Porto Alegre,206.021.288-03,5050605-4,Pós-graduação,9,1987-07-12,Product Manager,2024-03-05,Desligado
853,Funcionário 853,28,Financeiro,Vitória,155.999.101-13,8309667-4,Graduação,12,1996-08-14,Analista Financeiro,2023-12-28,Ativo
854,Funcionário 854,53,Produto,Brasília,722.981.209-78,6376038-7,Ensino Médio,11,1971-11-21,Analista de Produto,2024-01-28,Ativo
855,Funcionário 855,46,Marketing,Brasília,289.413.475-48,9526649-6,MBA,32,1978-10-17,Especialista em SEO,2022-04-09,Ativo
856,Funcionário 856,25,Marketing,Florianópolis,456.522.036-92,6274209-1,MBA,1,1999-05-19,Analista de Marketing,2024-11-29,Ativo
857,Funcionário 857,50,Comercial,Curitiba,542.144.773-16,2780388-3,Pós-graduação,24,1974-05-09,Vendedor,2022-12-13,Ativo
858,Funcionário 858,36,Qualidade,Rio de Janeiro,421.388.209-80,1111821-7,Pós-graduação,33,1988-09-18,Coordenador de Qualidade,2022-03-23,Ativo
859,Funcionário 859,25,Atendimento,Brasília,053.496.782-56,3012269-7,Ensino Médio,5,1999-05-04,Supervisor de Atendimento,2024-07-18,Ativo
860,Funcionário 860,26,Marketing,Natal,674.124.151-58,9507058-5,Pós-graduação,20,1998-12-03,Especialista em SEO,2023-04-01,Ativo
861,Funcionário 861,32,Qualidade,Belo Horizonte,478.150.618-69,1597875-0,Ensino Médio,14,1992-04-27,Analista de Qualidade,2023-10-13,Ativo
862,Funcionário 862,47,Qualidade,Rio de Janeiro,329.633.472-60,3211101-3,Tecnólogo,3,1977-03-24,Analista de Qualidade,2024-09-19,Ativo
863,Funcionário 863,47,Vendas,Recife,183.061.789-39,5413646-9,Graduação,21,1977-12-06,Vendedor,2023-03-04,Desligado
864,Funcionário 864,40,Produto,Belém,693.578.243-08,7580192-9,MBA,16,1984-11-16,Analista de Produto,2023-08-22,Ativo
865,Funcionário 865,52,Qualidade,Fortaleza,587.413.146-97,2943123-2,Graduação,5,1972-06-08,Analista de Qualidade,2024-07-04,Ativo
866,Funcionário 866,59,Marketing,Belo Horizonte,751.562.779-42,5495016-8,Pós-graduação,8,1965-11-08,Analista de Marketing,2024-04-23,Desligado
867,Funcionário 867,52,Vendas,Goiânia,360.854.566-20,1916595-4,Tecnólogo,6,1972-07-13,Gerente de Vendas,2024-06-24,Ativo
868,Funcionário 868,26,Financeiro,Joinville,735.047.639-65,2850788-9,Ensino Médio,24,1998-09-07,Controller,2022-12-08,Ativo
869,Funcionário 869,54,Comercial,Belo Horizonte,952.980.061-40,2064762-0,Graduação,13,1970-06-25,Executivo de Contas,2023-11-14,Ativo
870,Funcionário 870,36,Atendimento,Porto Alegre,835.832.863-08,4617421-8,Mestrado,16,1988-03-12,Atendente,2023-08-18,Ativo
871,Funcionário 871,27,Operações,Goiânia,300.081.867-74,4858847-3,Mestrado,33,1997-03-10,Coordenador Operacional,2022-03-28,Ativo
872,Funcionário 872,39,Atendimento,Goiânia,041.662.411-17,7968920-0,MBA,30,1985-09-24,Supervisor de Atendimento,2022-06-01,Ativo
873,Funcionário 873,51,Suporte,Goiânia,089.219.639-44,1393122-4,Mestrado,14,1973-06-14,Analista de Suporte,2023-10-02,Ativo
874,Funcionário 874,29,Qualidade,Belém,473.149.764-73,5673426-7,Graduação,7,1995-02-08,Analista de Qualidade,2024-05-29,Ativo
875,Funcionário 875,38,Produto,Belém,488.360.765-80,1417616-6,Tecnólogo,28,1986-08-08,Analista de Produto,2022-08-10,Ativo
876,Funcionário 876,52,Qualidade,Manaus,375.791.452-00,9217672-9,Mestrado,30,1972-02-18,Analista de Qualidade,2022-06-21,Ativo
877,Funcionário 877,37,Financeiro,Florianópolis,312.697.893-25,6668492-2,Pós-graduação,31,1987-08-09,Gerente Financeiro,2022-05-01,Ativo
878,Funcionário 878,47,Vendas,Manaus,059.960.438-74,4955049-5,Graduação,3,1977-09-16,Vendedor,2024-09-27,Ativo
879,Funcionário 879,46,Comercial,Florianópolis,778.811.616-55,3038057-2,Doutorado,27,1978-01-06,Gerente Comercial,2022-09-18,Ativo
880,Funcionário 880,59,Operações,Curitiba,371.067.287-21,7700915-0,Tecnólogo,26,1965-12-28,Coordenador Operacional,2022-10-14,Ativo
881,Funcionário 881,25,Qualidade,Florianópolis,416.448.595-72,4430300-9,MBA,24,1999-03-10,Auditor,2022-12-06,Ativo
882,Funcionário 882,55,Tecnologia,Fortaleza,589.477.352-05,1164772-5,Graduação,24,1969-09-23,QA Engineer,2022-12-03,Ativo
883,Funcionário 883,37,Comercial,Curitiba,622.710.433-79,2025218-9,Doutorado,29,1987-09-15,Analista Comercial,2022-07-12,Ativo
884,Funcionário 884,34,Atendimento,Brasília,792.158.350-40,8149873-9,Mestrado,23,1990-05-10,Supervisor de Atendimento,2023-01-30,Ativo
885,Funcionário 885,51,Tecnologia,Fortaleza,459.648.831-25,3991801-4,Doutorado,25,1973-02-24,Desenvolvedor,2022-11-09,Ativo
886,Funcionário 886,41,Marketing,Curitiba,912.896.599-07,8942448-3,Mestrado,17,1983-12-28,Analista de Marketing,2023-07-22,Ativo
887,Funcionário 887,43,Qualidade,Salvador,203.319.222-90,1875589-2,MBA,4,1981-01-11,Coordenador de Qualidade,2024-08-31,Desligado
888,Funcionário 888,57,Gente & Gestão,Manaus,876.754.813-05,8960419-5,Pós-graduação,9,1967-07-25,Recrutador,2024-03-16,Ativo
889,Funcionário 889,42,Marketing,Recife,485.819.324-10,5203347-1,Pós-graduação,26,1982-07-18,Especialista em SEO,2022-10-20,Ativo
890,Funcionário 890,29,Produto,Belo Horizonte,865.205.756-74,4204180-6,MBA,21,1995-10-18,Analista de Produto,2023-03-14,Ativo
891,Funcionário 891,50,Suporte,Manaus,520.375.830-10,5257391-8,MBA,15,1974-06-04,Analista de Suporte,2023-09-28,Ativo
892,Funcionário 892,31,Financeiro,Salvador,094.047.604-55,1510471-7,Mestrado,17,1993-11-02,Gerente Financeiro,2023-07-16,Ativo
893,Funcionário 893,48,Comercial,Florianópolis,977.278.105-09,3968018-2,Ensino Médio,33,1976-10-23,Analista Comercial,2022-03-01,Ativo
894,Funcionário 894,46,Inovação,São Paulo,161.070.518-13,1279750-5,Graduação,17,1978-04-21,Analista de Inovação,2023-07-23,Ativo
895,Funcionário 895,51,Suporte,Florianópolis,529.580.660-02,3474873-4,Ensino Médio,31,1973-04-27,Coordenador de Suporte,2022-05-14,Ativo
896,Funcionário 896,48,Atendimento,Goiânia,127.049.386-87,1054096-4,Ensino Médio,24,1976-11-24,Analista de Atendimento,2022-12-21,Ativo
897,Funcionário 897,50,Financeiro,Porto Alegre,485.157.919-51,4061858-1,Graduação,4,1974-02-04,Contador,2024-08-06,Ativo
898,Funcionário 898,25,Tecnologia,Curitiba,259.020.357-83,4205892-2,Ensino Médio,30,1999-12-08,Arquiteto,2022-06-16,Ativo
899,Funcionário 899,47,Financeiro,Joinville,406.424.295-53,4342434-2,Doutorado,8,1977-04-27,Contador,2024-04-27,Ativo
900,Funcionário 900,32,Vendas,Salvador,447.417.595-63,3860089-0,MBA,12,1992-11-17,Gerente de Vendas,2023-12-16,Ativo
901,Funcionário 901,22,Tecnologia,Belo Horizonte,962.893.654-95,5512234-1,Tecnólogo,21,2002-06-23,QA Engineer,2023-03-01,Ativo
902,Funcionário 902,50,Financeiro,Porto Alegre,834.374.018-15,6418889-5,Graduação,23,1974-08-05,Gerente Financeiro,2023-01-17,Ativo
903,Funcionário 903,42,Suporte,Manaus,969.051.502-07,2681206-2,Tecnólogo,7,1982-08-11,Coordenador de Suporte,2024-05-13,Ativo
904,Funcionário 904,40,Qualidade,Rio de Janeiro,542.782.079-56,7699704-7,Doutorado,5,1984-10-19,Auditor,2024-07-23,Ativo
905,Funcionário 905,28,Atendimento,Brasília,345.957.640-57,5519127-9,MBA,20,1996-09-04,Atendente,2023-04-25,Ativo
906,Funcionário 906,35,Financeiro,Rio de Janeiro,690.282.498-34,6589281-0,Tecnólogo,22,1989-10-25,Gerente Financeiro,2023-02-11,Desligado
907,Funcionário 907,36,Comercial,Joinville,142.576.270-00,2348473-2,MBA,26,1988-04-06,Vendedor,2022-10-30,Ativo
908,Funcionário 908,29,Vendas,Natal,336.132.850-02,7611016-3,Graduação,3,1995-03-12,Coordenador de Vendas,2024-09-04,Desligado
909,Funcionário 909,49,Vendas,Fortaleza,767.316.252-05,8123479-9,Pós-graduação,9,1975-06-10,Gerente de Vendas,2024-03-29,Ativo
910,Funcionário 910,36,Suporte,Porto Alegre,681.579.039-80,9413034-0,Ensino Médio,24,1988-04-12,Coordenador de Suporte,2022-12-31,Ativo
911,Funcionário 911,45,Produto,Brasília,996.132.730-69,7443567-2,Doutorado,21,1979-05-14,Product Manager,2023-03-09,Desligado
912,Funcionário 912,57,Comercial,Belém,624.467.046-97,2785608-7,Tecnólogo,23,1967-03-13,Analista Comercial,2023-01-03,Ativo
913,Funcionário 913,24,Comercial,Salvador,151.602.529-67,9156065-6,Ensino Médio,1,2000-07-22,Gerente Comercial,2024-11-04,Ativo
914,Funcionário 914,44,Gente & Gestão,Vitória,604.641.978-64,9976215-5,Mestrado,10,1980-08-23,Analista de RH,2024-02-03,Ativo
915,Funcionário 915,27,Gente & Gestão,Salvador,126.861.205-76,8633454-6,Tecnólogo,18,1997-04-17,Especialista em Folha,2023-06-13,Ativo
916,Funcionário 916,28,Inovação,Belo Horizonte,074.017.750-85,5968479-0,MBA,11,1996-05-14,Analista de Inovação,2024-01-27,Ativo
917,Funcionário 917,41,Suporte,Natal,842.456.075-21,6993567-0,Graduação,15,1983-11-02,Técnico de Suporte,2023-09-02,Ativo
918,Funcionário 918,25,Qualidade,Manaus,863.218.122-00,8684482-9,Mestrado,2,1999-07-09,Auditor,2024-10-07,Ativo
919,Funcionário 919,57,Vendas,Porto Alegre,389.701.550-15,2696557-6,MBA,26,1967-10-24,Coordenador de Vendas,2022-10-28,Ativo
920,Funcionário 920,51,Gente & Gestão,Salvador,815.466.024-53,5378446-4,Graduação,30,1973-07-04,Gerente de RH,2022-06-12,Ativo
921,Funcionário 921,35,Vendas,Goiânia,988.305.973-68,4115755-4,Graduação,6,1989-05-24,Coordenador de Vendas,2024-06-13,Ativo
922,Funcionário 922,57,Inovação,Natal,809.624.406-04,3177128-4,Mestrado,21,1967-01-26,Analista de Inovação,2023-03-01,Ativo
923,Funcionário 923,42,Marketing,São Paulo,479.513.305-07,8728326-9,Graduação,21,1982-02-20,Gerente de Marketing,2023-03-29,Ativo
924,Funcionário 924,52,Atendimento,Recife,695.867.805-20,3546422-7,Graduação,13,1972-06-12,Analista de Atendimento,2023-11-29,Ativo
925,Funcionário 925,30,Tecnologia,Fortaleza,738.264.609-28,6793159-1,Tecnólogo,30,1994-11-16,Analista de Sistemas,2022-06-10,Ativo
926,Funcionário 926,38,Financeiro,Natal,385.445.770-75,6899311-9,Pós-graduação,25,1986-10-19,Controller,2022-11-16,Ativo
927,Funcionário 927,46,Produto,Porto Alegre,660.487.368-43,3071885-1,MBA,27,1978-07-20,Product Owner,2022-09-27,Ativo
928,Funcionário 928,22,Vendas,Florianópolis,633.194.226-26,5678825-5,Pós-graduação,8,2002-06-25,Vendedor,2024-04-16,Ativo
929,Funcionário 929,45,Comercial,Brasília,515.888.636-97,8540619-2,Doutorado,2,1979-08-10,Analista Comercial,2024-10-10,Ativo
930,Funcionário 930,27,Tecnologia,Vitória,264.085.721-54,8017399-6,Doutorado,10,1997-10-21,Arquiteto,2024-02-25,Ativo
931,Funcionário 931,38,Comercial,Fortaleza,309.329.981-00,3792716-9,Ensino Médio,8,1986-01-11,Vendedor,2024-04-17,Ativo
932,Funcionário 932,30,Operações,Belo Horizonte,715.096.883-07,5015044-2,Pós-graduação,25,1994-08-12,Gerente de Operações,2022-11-27,Ativo
933,Funcionário 933,24,Tecnologia,Vitória,735.241.039-28,8443265-3,Ensino Médio,4,2000-08-08,DevOps,2024-08-02,Ativo
934,Funcionário 934,22,Tecnologia,Florianópolis,278.195.237-00,7817366-8,Tecnólogo,31,2002-01-24,DevOps,2022-05-24,Desligado
935,Funcionário 935,53,Financeiro,Curitiba,761.648.198-14,2003047-4,Ensino Médio,34,1971-08-16,Controller,2022-02-18,Ativo
936,Funcionário 936,56,Marketing,Goiânia,605.687.611-03,2875419-2,Tecnólogo,26,1968-05-25,Analista de Marketing,2022-10-26,Ativo
937,Funcionário 937,35,Comercial,Belém,565.237.341-53,9247292-3,Doutorado,13,1989-11-23,Analista Comercial,2023-11-07,Desligado
938,Funcionário 938,45,Produto,Belém,454.757.494-42,1435209-3,Graduação,33,1979-03-05,Product Owner,2022-03-15,Ativo
939,Funcionário 939,54,Tecnologia,Brasília,595.442.947-24,3156762-2,Graduação,6,1970-11-10,QA Engineer,2024-06-19,Ativo
940,Funcionário 940,22,Gente & Gestão,Fortaleza,946.430.394-85,9532750-8,Mestrado,26,2002-10-01,Especialista em Folha,2022-10-31,Ativo
941,Funcionário 941,34,Suporte,Florianópolis,679.252.985-02,9141073-2,Pós-graduação,0,1990-06-13,Coordenador de Suporte,2024-12-07,Ativo
942,Funcionário 942,31,Vendas,Joinville,872.760.153-60,3006411-3,Doutorado,15,1993-04-08,Coordenador de Vendas,2023-09-26,Ativo
943,Funcionário 943,23,Marketing,Belo Horizonte,577.908.335-53,6528345-8,Graduação,33,2001-07-21,Analista de Marketing,2022-03-09,Desligado
944,Funcionário 944,58,Marketing,Rio de Janeiro,148.881.079-63,4064939-3,Mestrado,0,1966-04-08,Gerente de Marketing,2024-12-06,Ativo
945,Funcionário 945,24,Comercial,Natal,372.094.841-24,3223802-8,Doutorado,23,2000-12-27,Gerente Comercial,2023-01-25,Ativo
946,Funcionário 946,39,Financeiro,Natal,403.339.977-19,2225651-3,Pós-graduação,29,1985-09-26,Analista Financeiro,2022-07-21,Desligado
947,Funcionário 947,33,Gente & Gestão,Fortaleza,717.173.189-83,1161102-9,MBA,21,1991-10-16,Gerente de RH,2023-03-17,Ativo
948,Funcionário 948,33,Tecnologia,Belo Horizonte,617.399.704-54,3961713-5,Ensino Médio,8,1991-10-09,QA Engineer,2024-04-13,Ativo
949,Funcionário 949,49,Gente & Gestão,Belo Horizonte,878.444.835-04,8382709-1,Graduação,17,1975-11-18,Analista de RH,2023-07-18,Ativo
950,Funcionário 950,40,Operações,Porto Alegre,270.587.722-31,8435634-5,Graduação,31,1984-07-22,Coordenador Operacional,2022-05-15,Ativo
951,Funcionário 951,51,Inovação,Joinville,823.133.484-07,6034195-9,Ensino Médio,14,1973-09-16,Analista de Inovação,2023-10-18,Desligado
952,Funcionário 952,41,Operações,Rio de Janeiro,392.523.622-82,7994575-4,Doutorado,25,1983-06-17,Supervisor,2022-11-18,Ativo
953,Funcionário 953,35,Inovação,Florianópolis,347.452.455-05,7602542-6,Mestrado,14,1989-08-10,Analista de Inovação,2023-10-08,Ativo
954,Funcionário 954,41,Marketing,Curitiba,060.652.740-03,5945871-5,Doutorado,22,1983-04-22,Especialista em SEO,2023-02-19,Ativo
955,Funcionário 955,29,Atendimento,Goiânia,056.658.833-10,2248676-3,MBA,2,1995-08-28,Analista de Atendimento,2024-10-27,Ativo
956,Funcionário 956,38,Comercial,Belo Horizonte,257.970.673-90,2701879-0,Tecnólogo,17,1986-10-19,Vendedor,2023-07-28,Ativo
957,Funcionário 957,49,Vendas,Porto Alegre,548.574.172-00,3546321-2,Tecnólogo,30,1975-06-25,Gerente de Vendas,2022-06-01,Ativo
958,Funcionário 958,41,Vendas,São Paulo,949.381.735-06,1366612-2,Graduação,18,1983-09-17,Vendedor,2023-06-18,Ativo
959,Funcionário 959,33,Inovação,Fortaleza,155.732.573-15,5345732-4,Graduação,4,1991-06-11,Product Manager,2024-08-01,Ativo
960,Funcionário 960,55,Vendas,Florianópolis,902.166.670-70,8335114-0,Tecnólogo,0,1969-01-17,Gerente de Vendas,2024-12-18,Ativo
961,Funcionário 961,59,Operações,Recife,858.749.511-99,3654556-8,Graduação,29,1965-09-25,Supervisor,2022-07-08,Desligado
962,Funcionário 962,48,Operações,Joinville,197.931.647-35,2225169-2,Graduação,5,1976-12-05,Analista de Operações,2024-07-13,Ativo
963,Funcionário 963,41,Qualidade,Florianópolis,957.860.694-00,1143242-3,Pós-graduação,35,1983-10-27,Auditor,2022-01-14,Ativo
964,Funcionário 964,23,Gente & Gestão,Curitiba,562.439.587-60,3560283-3,Mestrado,22,2001-10-12,Gerente de RH,2023-02-15,Ativo
965,Funcionário 965,27,Produto,Recife,234.210.890-78,6493884-5,Ensino Médio,27,1997-09-12,Product Manager,2022-09-18,Ativo
966,Funcionário 966,53,Operações,Salvador,333.426.433-58,8375951-1,Graduação,12,1971-01-05,Gerente de Operações,2023-12-29,Ativo
967,Funcionário 967,23,Financeiro,São Paulo,607.360.776-85,3091268-1,Graduação,22,2001-04-25,Contador,2023-02-11,Ativo
968,Funcionário 968,46,Atendimento,Porto Alegre,289.812.317-02,4528709-1,Doutorado,11,1978-12-11,Supervisor de Atendimento,2024-01-04,Ativo
969,Funcionário 969,43,Suporte,Natal,857.481.700-78,2678829-5,MBA,10,1981-07-13,Coordenador de Suporte,2024-02-18,Ativo
970,Funcionário 970,43,Financeiro,Curitiba,541.643.167-99,6423586-0,Mestrado,34,1981-05-24,Analista Financeiro,2022-02-02,Ativo
971,Funcionário 971,49,Tecnologia,São Paulo,232.902.822-95,4520289-4,MBA,4,1975-01-02,DevOps,2024-08-20,Ativo
972,Funcionário 972,28,Tecnologia,Salvador,596.262.282-02,1502983-7,Pós-graduação,23,1996-06-04,Tech Lead,2023-01-07,Ativo
973,Funcionário 973,22,Atendimento,Joinville,346.549.500-44,3421636-6,Ensino Médio,13,2002-01-16,Atendente,2023-11-11,Desligado
974,Funcionário 974,53,Operações,Natal,086.982.210-17,2112761-1,Mestrado,12,1971-04-03,Analista de Operações,2023-12-16,Ativo
975,Funcionário 975,31,Comercial,Fortaleza,776.872.904-88,7133460-9,Mestrado,3,1993-08-09,Executivo de Contas,2024-09-02,Desligado
976,Funcionário 976,56,Financeiro,Fortaleza,177.932.382-49,2590298-6,MBA,26,1968-04-22,Controller,2022-10-20,Desligado
977,Funcionário 977,46,Qualidade,Vitória,491.334.245-27,5474917-2,Doutorado,4,1978-11-19,Analista de Qualidade,2024-08-04,Ativo
978,Funcionário 978,30,Produto,Recife,565.290.603-08,4990114-2,Graduação,23,1994-01-05,Product Manager,2023-01-09,Ativo
979,Funcionário 979,41,Marketing,Rio de Janeiro,650.977.539-50,5409130-8,Ensino Médio,8,1983-08-07,Analista de Marketing,2024-04-10,Ativo
980,Funcionário 980,44,Financeiro,Vitória,714.855.245-12,6744099-8,Doutorado,3,1980-09-15,Analista Financeiro,2024-09-25,Ativo
981,Funcionário 981,26,Produto,Natal,415.608.213-02,5961248-2,Tecnólogo,5,1998-02-04,Analista de Produto,2024-07-25,Ativo
982,Funcionário 982,24,Atendimento,São Paulo,547.681.826-07,4722144-0,Graduação,1,2000-04-05,Analista de Atendimento,2024-11-12,Ativo
983,Funcionário 983,51,Inovação,Recife,358.929.880-40,9906521-2,Tecnólogo,0,1973-06-18,Product Manager,2024-12-27,Ativo
984,Funcionário 984,40,Financeiro,Fortaleza,521.293.289-03,7725530-4,Doutorado,7,1984-04-09,Analista Financeiro,2024-05-18,Desligado
985,Funcionário 985,24,Atendimento,Belo Horizonte,686.775.240-37,6227870-3,Ensino Médio,30,2000-05-23,Supervisor de Atendimento,2022-06-03,Ativo
986,Funcionário 986,48,Marketing,Florianópolis,991.062.272-60,8029809-6,Mestrado,19,1976-07-26,Especialista em SEO,2023-05-12,Ativo
987,Funcionário 987,38,Vendas,Belém,933.513.426-08,3547556-3,Mestrado,27,1986-12-24,Coordenador de Vendas,2022-09-10,Ativo
988,Funcionário 988,46,Inovação,São Paulo,724.501.848-05,8352983-4,Pós-graduação,29,1978-11-20,Analista de Inovação,2022-07-30,Ativo
989,Funcionário 989,58,Vendas,Curitiba,189.721.540-16,8145593-9,Graduação,10,1966-05-04,Vendedor,2024-02-21,Ativo
990,Funcionário 990,23,Atendimento,Fortaleza,274.381.199-47,9296866-6,Graduação,11,2001-04-28,Analista de Atendimento,2024-01-13,Ativo
991,Funcionário 991,57,Comercial,Manaus,601.444.856-05,9146156-3,Graduação,19,1967-06-03,Vendedor,2023-05-30,Desligado
992,Funcionário 992,36,Qualidade,Curitiba,973.964.178-48,7418748-0,Tecnólogo,10,1988-10-17,Auditor,2024-02-09,Ativo
993,Funcionário 993,43,Produto,Recife,919.191.135-41,6826801-7,Ensino Médio,7,1981-07-23,Product Manager,2024-05-13,Ativo
994,Funcionário 994,25,Operações,Natal,798.066.039-07,2657659-4,Doutorado,23,1999-01-21,Analista de Operações,2023-01-06,Ativo
995,Funcionário 995,45,Financeiro,Manaus,607.455.534-60,5415321-2,Doutorado,5,1979-01-11,Analista Financeiro,2024-07-02,Ativo
996,Funcionário 996,24,Operações,Curitiba,388.565.271-46,4818006-5,Ensino Médio,13,2000-06-20,Analista de Operações,2023-11-15,Ativo
997,Funcionário 997,59,Operações,Porto Alegre,411.659.726-03,6881989-5,MBA,22,1965-05-28,Analista de Operações,2023-02-19,Ativo
998,Funcionário 998,31,Qualidade,Porto Alegre,752.250.139-37,5969473-8,Tecnólogo,15,1993-09-23,Auditor,2023-09-28,Ativo
999,Funcionário 999,24,Financeiro,Florianópolis,826.913.119-96,9939366-5,Graduação,8,2000-05-05,Gerente Financeiro,2024-04-08,Ativo
1000,Funcionário 1000,26,Tecnologia,Joinville,626.149.915-20,3600666-4,Pós-graduação,20,1998-08-27,DevOps,2023-04-06,Desligado
1001,Funcionário 1001,48,Marketing,Recife,073.333.732-58,9107980-7,Doutorado,35,1976-05-08,Analista de Marketing,2022-01-26,Ativo
1002,Funcionário 1002,42,Atendimento,Joinville,688.936.289-61,7494523-4,Ensino Médio,9,1982-11-19,Atendente,2024-03-29,Ativo
1003,Funcionário 1003,53,Inovação,Natal,546.553.585-72,5142216-8,MBA,30,1971-12-05,Product Manager,2022-06-07,Ativo
1004,Funcionário 1004,37,Tecnologia,São Paulo,921.878.519-23,4757489-7,MBA,20,1987-12-12,QA Engineer,2023-04-12,Ativo
1005,Funcionário 1005,30,Operações,Florianópolis,490.797.796-44,1965457-5,MBA,31,1994-03-01,Supervisor,2022-05-13,Ativo
1006,Funcionário 1006,43,Vendas,Belo Horizonte,721.514.940-47,3237355-6,MBA,2,1981-07-23,Gerente de Vendas,2024-10-02,Ativo
1007,Funcionário 1007,44,Tecnologia,Manaus,374.845.398-13,6275739-0,Doutorado,8,1980-03-25,Tech Lead,2024-04-13,Ativo
1008,Funcionário 1008,51,Vendas,Vitória,905.911.918-57,5174163-9,Mestrado,8,1973-12-06,Vendedor,2024-04-27,Ativo
1009,Funcionário 1009,50,Gente & Gestão,Rio de Janeiro,220.715.116-62,3323803-5,MBA,9,1974-07-13,Especialista em Folha,2024-03-04,Ativo
1010,Funcionário 1010,44,Tecnologia,Rio de Janeiro,214.526.471-00,6892169-1,MBA,23,1980-05-13,Arquiteto,2023-01-13,Ativo
1011,Funcionário 1011,58,Operações,Manaus,571.840.908-02,1029006-8,Tecnólogo,31,1966-11-12,Coordenador Operacional,2022-05-02,Desligado
1012,Funcionário 1012,43,Operações,São Paulo,005.640.995-89,9358431-2,Mestrado,31,1981-03-07,Analista de Operações,2022-05-23,Ativo
1013,Funcionário 1013,53,Atendimento,Florianópolis,835.129.592-29,3977821-8,Mestrado,6,1971-12-28,Analista de Atendimento,2024-06-21,Ativo
1014,Funcionário 1014,31,Qualidade,Florianópolis,270.908.144-08,9698799-2,Pós-graduação,28,1993-06-22,Coordenador de Qualidade,2022-08-09,Ativo
1015,Funcionário 1015,30,Atendimento,Manaus,173.929.578-13,2098296-5,Graduação,9,1994-08-04,Analista de Atendimento,2024-03-07,Ativo
1016,Funcionário 1016,40,Operações,Vitória,352.373.605-64,2657259-8,Mestrado,31,1984-08-26,Gerente de Operações,2022-05-01,Ativo
1017,Funcionário 1017,45,Marketing,Fortaleza,158.998.868-03,4322585-4,MBA,22,1979-05-11,Analista de Marketing,2023-02-16,Desligado
1018,Funcionário 1018,54,Tecnologia,Florianópolis,666.617.071-78,6132109-7,Graduação,14,1970-09-16,Arquiteto,2023-10-21,Ativo
1019,Funcionário 1019,22,Comercial,Curitiba,408.031.499-05,9963934-0,Graduação,24,2002-11-11,Vendedor,2022-12-22,Ativo
1020,Funcionário 1020,22,Comercial,Belém,046.358.068-04,1750288-3,Doutorado,0,2002-03-17,Vendedor,2024-12-09,Ativo
1021,Funcionário 1021,50,Inovação,Natal,172.351.373-39,2951710-4,Tecnólogo,34,1974-01-13,Analista de Inovação,2022-02-01,Ativo
1022,Funcionário 1022,28,Gente & Gestão,Recife,035.263.560-68,5331630-6,Ensino Médio,25,1996-03-20,Gerente de RH,2022-11-16,Ativo
1023,Funcionário 1023,28,Atendimento,São Paulo,943.460.666-74,5251774-9,Doutorado,17,1996-04-27,Atendente,2023-07-24,Ativo
1024,Funcionário 1024,22,Tecnologia,Goiânia,060.723.111-48,6492500-2,Ensino Médio,25,2002-08-03,Tech Lead,2022-11-22,Ativo
1025,Funcionário 1025,46,Produto,Belém,464.844.941-00,4391113-1,Graduação,27,1978-07-27,Analista de Produto,2022-09-02,Ativo
1026,Funcionário 1026,50,Gente & Gestão,Fortaleza,873.280.771-66,4095032-1,Tecnólogo,28,1974-04-02,Especialista em Folha,2022-08-17,Ativo
1027,Funcionário 1027,37,Vendas,Belo Horizonte,136.957.279-42,4170380-3,Pós-graduação,33,1987-11-17,Vendedor,2022-03-26,Ativo
1028,Funcionário 1028,22,Vendas,Belo Horizonte,509.025.425-75,7375918-2,Ensino Médio,4,2002-04-21,Coordenador de Vendas,2024-08-04,Desligado
1029,Funcionário 1029,28,Suporte,Florianópolis,481.323.570-00,9867708-4,Tecnólogo,6,1996-02-27,Analista de Suporte,2024-06-21,Ativo
1030,Funcionário 1030,36,Suporte,Fortaleza,822.850.116-10,3850704-5,MBA,1,1988-09-01,Técnico de Suporte,2024-11-26,Ativo
1031,Funcionário 1031,51,Vendas,Brasília,502.130.609-06,4766788-0,Tecnólogo,32,1973-07-25,Coordenador de Vendas,2022-04-30,Ativo
1032,Funcionário 1032,23,Marketing,Belo Horizonte,981.079.649-85,9230270-9,Mestrado,9,2001-08-24,Gerente de Marketing,2024-03-03,Ativo
1033,Funcionário 1033,57,Qualidade,Joinville,457.727.853-70,7517139-4,Ensino Médio,26,1967-05-21,Analista de Qualidade,2022-10-23,Ativo
1034,Funcionário 1034,39,Comercial,Belém,250.642.076-20,6921373-3,MBA,20,1985-07-05,Executivo de Contas,2023-04-10,Ativo
1035,Funcionário 1035,36,Financeiro,Natal,666.777.675-90,9890863-3,MBA,13,1988-06-22,Controller,2023-11-23,Ativo
1036,Funcionário 1036,50,Suporte,Florianópolis,333.939.578-05,7590586-2,Graduação,8,1974-06-21,Técnico de Suporte,2024-04-16,Ativo
1037,Funcionário 1037,35,Marketing,Fortaleza,718.749.603-64,7447324-8,Doutorado,21,1989-06-18,Especialista em SEO,2023-03-21,Ativo
1038,Funcionário 1038,25,Produto,Manaus,627.036.924-04,4318696-2,Pós-graduação,25,1999-11-13,Analista de Produto,2022-11-16,Ativo
1039,Funcionário 1039,52,Produto,Natal,657.327.599-30,2628473-1,Graduação,0,1972-12-21,Product Owner,2024-12-22,Ativo
1040,Funcionário 1040,23,Tecnologia,Salvador,100.051.553-20,7089123-9,Pós-graduação,25,2001-04-10,DevOps,2022-11-05,Ativo
1041,Funcionário 1041,55,Marketing,Vitória,597.752.441-29,9930598-9,Ensino Médio,25,1969-03-06,Analista de Marketing,2022-11-24,Ativo
1042,Funcionário 1042,58,Inovação,Natal,628.874.312-77,7391266-7,Tecnólogo,6,1966-02-25,Analista de Inovação,2024-06-30,Desligado
1043,Funcionário 1043,56,Gente & Gestão,Florianópolis,672.095.799-66,6768490-5,Pós-graduação,23,1968-08-01,Analista de RH,2023-01-08,Ativo
1044,Funcionário 1044,28,Qualidade,Salvador,151.229.462-48,6380429-4,Doutorado,28,1996-11-07,Coordenador de Qualidade,2022-08-16,Ativo
1045,Funcionário 1045,50,Atendimento,São Paulo,159.709.962-70,9731393-0,Doutorado,11,1974-05-07,Supervisor de Atendimento,2024-01-18,Ativo
1046,Funcionário 1046,24,Gente & Gestão,Natal,752.034.476-24,8685433-1,Tecnólogo,13,2000-01-09,Especialista em Folha,2023-11-23,Ativo
1047,Funcionário 1047,58,Gente & Gestão,Belo Horizonte,580.290.904-80,1603697-4,Mestrado,10,1966-04-16,Recrutador,2024-02-19,Ativo
1048,Funcionário 1048,33,Atendimento,Belém,655.866.525-52,5474022-1,MBA,18,1991-09-07,Supervisor de Atendimento,2023-06-20,Ativo
1049,Funcionário 1049,37,Marketing,Brasília,715.810.213-05,4975282-1,Graduação,30,1987-03-12,Analista de Marketing,2022-06-02,Desligado
1050,Funcionário 1050,23,Qualidade,Recife,100.591.297-19,1942316-2,Pós-graduação,13,2001-11-04,Auditor,2023-11-09,Ativo
1051,Funcionário 1051,36,Tecnologia,Recife,312.110.633-30,9880742-3,Tecnólogo,32,1988-12-03,Arquiteto,2022-04-13,Ativo
1052,Funcionário 1052,33,Suporte,Recife,737.927.490-25,3950288-3,Doutorado,6,1991-03-17,Técnico de Suporte,2024-06-25,Desligado
1053,Funcionário 1053,53,Tecnologia,Natal,428.931.132-65,5978127-9,Mestrado,14,1971-04-06,Analista de Sistemas,2023-10-21,Ativo
1054,Funcionário 1054,24,Operações,Florianópolis,684.364.538-08,3705563-1,Mestrado,35,2000-11-22,Analista de Operações,2022-01-15,Ativo
1055,Funcionário 1055,22,Qualidade,Porto Alegre,017.509.617-17,7064624-9,Tecnólogo,35,2002-12-22,Coordenador de Qualidade,2022-01-25,Desligado
1056,Funcionário 1056,34,Produto,Joinville,194.575.757-41,4192453-3,Doutorado,15,1990-08-11,Product Owner,2023-09-07,Ativo
1057,Funcionário 1057,31,Inovação,Porto Alegre,920.567.756-62,7468693-6,Doutorado,4,1993-08-15,Innovation Lead,2024-08-07,Ativo
1058,Funcionário 1058,25,Inovação,Rio de Janeiro,025.626.506-20,4640551-1,Mestrado,24,1999-03-19,Product Manager,2022-12-20,Ativo
1059,Funcionário 1059,58,Financeiro,Manaus,067.245.307-09,5658522-3,Ensino Médio,9,1966-03-10,Gerente Financeiro,2024-03-14,Ativo
1060,Funcionário 1060,29,Tecnologia,Porto Alegre,379.766.270-07,8997703-9,Doutorado,12,1995-02-03,Analista de Sistemas,2023-12-25,Ativo
1061,Funcionário 1061,27,Gente & Gestão,Natal,423.873.670-22,6211203-9,Graduação,15,1997-11-06,Gerente de RH,2023-09-23,Ativo
1062,Funcionário 1062,26,Qualidade,Brasília,691.928.455-33,2059061-0,Mestrado,27,1998-06-19,Coordenador de Qualidade,2022-09-20,Ativo
1063,Funcionário 1063,27,Vendas,Brasília,756.335.357-74,6554277-3,Mestrado,17,1997-09-11,Coordenador de Vendas,2023-07-29,Ativo
1064,Funcionário 1064,50,Inovação,Brasília,259.399.337-50,2603610-6,MBA,4,1974-01-11,Product Manager,2024-08-20,Ativo
1065,Funcionário 1065,39,Comercial,Brasília,295.187.794-30,5634040-2,Graduação,31,1985-08-13,Vendedor,2022-05-18,Ativo
1066,Funcionário 1066,59,Produto,Joinville,507.330.559-07,6369307-7,Pós-graduação,3,1965-09-05,Analista de Produto,2024-09-15,Ativo
1067,Funcionário 1067,52,Produto,Natal,598.339.914-40,9457885-4,MBA,31,1972-12-07,Product Owner,2022-05-05,Ativo
1068,Funcionário 1068,24,Produto,Florianópolis,366.044.324-75,8070308-1,Doutorado,34,2000-01-21,Analista de Produto,2022-02-21,Ativo
1069,Funcionário 1069,37,Tecnologia,Florianópolis,572.768.297-58,4318209-9,Pós-graduação,14,1987-02-09,Tech Lead,2023-10-06,Ativo
1070,Funcionário 1070,42,Suporte,Belo Horizonte,742.925.010-68,6289331-6,Graduação,14,1982-09-16,Técnico de Suporte,2023-10-31,Ativo
1071,Funcionário 1071,56,Operações,Belo Horizonte,806.562.590-86,1660711-8,Doutorado,16,1968-06-19,Coordenador Operacional,2023-08-03,Ativo
1072,Funcionário 1072,45,Comercial,São Paulo,027.112.218-81,7045114-5,Pós-graduação,24,1979-12-08,Analista Comercial,2022-12-01,Desligado
1073,Funcionário 1073,36,Produto,Recife,516.517.680-05,3600200-8,Graduação,0,1988-07-21,Analista de Produto,2024-12-10,Ativo
1074,Funcionário 1074,37,Gente & Gestão,Porto Alegre,137.214.330-09,4783595-7,MBA,34,1987-01-21,Recrutador,2022-02-19,Ativo
1075,Funcionário 1075,40,Vendas,Joinville,003.322.855-88,9560523-4,MBA,9,1984-11-22,Vendedor,2024-03-04,Ativo
1076,Funcionário 1076,40,Produto,Curitiba,706.810.390-19,6861649-1,Tecnólogo,21,1984-04-19,Product Manager,2023-03-04,Ativo
1077,Funcionário 1077,46,Financeiro,Natal,958.263.280-10,7516602-2,Graduação,17,1978-05-18,Controller,2023-07-31,Ativo
1078,Funcionário 1078,45,Produto,Goiânia,394.535.461-78,9586664-6,Tecnólogo,16,1979-08-01,Analista de Produto,2023-08-08,Ativo
1079,Funcionário 1079,49,Gente & Gestão,Vitória,321.061.339-79,6089714-5,Graduação,15,1975-12-22,Analista de RH,2023-09-04,Ativo
1080,Funcionário 1080,42,Qualidade,Curitiba,703.943.804-60,6602449-3,Pós-graduação,35,1982-04-27,Coordenador de Qualidade,2022-01-26,Ativo
1081,Funcionário 1081,41,Operações,Salvador,765.769.277-46,2303155-9,Mestrado,16,1983-11-28,Supervisor,2023-08-08,Ativo
1082,Funcionário 1082,53,Produto,Belém,100.900.404-22,3675751-1,Tecnólogo,6,1971-07-24,Analista de Produto,2024-06-30,Ativo
1083,Funcionário 1083,39,Marketing,Rio de Janeiro,053.365.146-83,3014549-4,Graduação,34,1985-05-25,Analista de Marketing,2022-02-15,Desligado
1084,Funcionário 1084,26,Inovação,Salvador,247.310.720-34,5582437-4,Graduação,28,1998-02-24,Innovation Lead,2022-08-19,Ativo
1085,Funcionário 1085,46,Vendas,Belo Horizonte,097.123.166-45,8813176-6,Tecnólogo,33,1978-01-16,Gerente de Vendas,2022-03-03,Ativo
1086,Funcionário 1086,40,Tecnologia,Natal,209.014.473-40,4155287-3,Doutorado,17,1984-01-22,DevOps,2023-07-02,Ativo
1087,Funcionário 1087,22,Marketing,Manaus,700.968.730-78,8654730-7,Mestrado,16,2002-06-03,Especialista em SEO,2023-08-10,Ativo
1088,Funcionário 1088,38,Comercial,Joinville,825.588.255-34,8843082-5,Tecnólogo,8,1986-03-19,Analista Comercial,2024-04-13,Ativo
1089,Funcionário 1089,54,Inovação,Fortaleza,427.865.619-06,8827496-7,Graduação,18,1970-03-11,Innovation Lead,2023-06-03,Ativo
1090,Funcionário 1090,33,Marketing,Belo Horizonte,820.582.958-62,4452965-6,Pós-graduação,25,1991-10-05,Especialista em SEO,2022-11-23,Ativo
1091,Funcionário 1091,59,Suporte,Manaus,161.880.819-20,3763239-3,Tecnólogo,35,1965-05-18,Técnico de Suporte,2022-01-09,Ativo
1092,Funcionário 1092,34,Comercial,Porto Alegre,571.558.686-04,2785542-3,Ensino Médio,21,1990-10-12,Executivo de Contas,2023-03-25,Ativo
1093,Funcionário 1093,23,Financeiro,Belo Horizonte,723.081.721-85,4510532-8,Tecnólogo,15,2001-04-25,Controller,2023-09-20,Ativo
1094,Funcionário 1094,29,Qualidade,Brasília,130.004.132-35,2995699-6,Graduação,31,1995-02-09,Coordenador de Qualidade,2022-05-27,Ativo
1095,Funcionário 1095,41,Marketing,Belém,560.945.653-39,9026882-9,Tecnólogo,15,1983-07-20,Especialista em SEO,2023-09-15,Ativo
1096,Funcionário 1096,38,Financeiro,Joinville,907.075.504-16,2644281-6,Doutorado,4,1986-07-25,Gerente Financeiro,2024-08-27,Ativo
1097,Funcionário 1097,28,Produto,Vitória,995.706.071-65,5116952-1,Graduação,4,1996-05-18,Product Manager,2024-08-30,Desligado
1098,Funcionário 1098,44,Marketing,Natal,765.397.054-09,1172703-2,Doutorado,5,1980-04-20,Analista de Marketing,2024-07-13,Ativo
1099,Funcionário 1099,56,Suporte,Joinville,908.718.274-09,5248063-9,MBA,9,1968-09-21,Técnico de Suporte,2024-03-05,Ativo
1100,Funcionário 1100,38,Inovação,Salvador,187.274.204-18,2288836-3,Doutorado,13,1986-07-04,Innovation Lead,2023-11-10,Ativo
1101,Funcionário 1101,51,Financeiro,Manaus,773.062.604-72,9277057-3,Doutorado,23,1973-04-11,Analista Financeiro,2023-01-10,Ativo
1102,Funcionário 1102,33,Tecnologia,São Paulo,711.222.990-10,8213757-0,Tecnólogo,6,1991-08-12,Analista de Sistemas,2024-06-16,Ativo
1103,Funcionário 1103,50,Suporte,Goiânia,858.167.046-64,7000246-7,Graduação,7,1974-02-03,Técnico de Suporte,2024-05-14,Desligado
1104,Funcionário 1104,28,Qualidade,Recife,683.210.219-48,7263217-8,Tecnólogo,23,1996-11-07,Auditor,2023-01-18,Ativo
1105,Funcionário 1105,41,Comercial,Belo Horizonte,471.296.180-51,7555022-0,Tecnólogo,20,1983-04-05,Analista Comercial,2023-04-21,Ativo
1106,Funcionário 1106,36,Gente & Gestão,Joinville,508.018.498-10,5088207-7,Graduação,35,1988-05-26,Analista de RH,2022-01-19,Desligado
1107,Funcionário 1107,29,Marketing,Manaus,337.773.126-14,9554163-2,Doutorado,31,1995-03-22,Gerente de Marketing,2022-05-26,Desligado
1108,Funcionário 1108,29,Marketing,Manaus,178.192.365-58,8245593-0,Tecnólogo,20,1995-05-14,Gerente de Marketing,2023-04-07,Desligado
1109,Funcionário 1109,49,Tecnologia,Joinville,560.356.793-74,9548784-6,MBA,27,1975-08-20,QA Engineer,2022-09-18,Ativo
1110,Funcionário 1110,53,Financeiro,Porto Alegre,239.847.169-15,3442155-0,Tecnólogo,33,1971-07-03,Contador,2022-03-05,Ativo
1111,Funcionário 1111,25,Comercial,Natal,546.475.489-02,9580538-7,Mestrado,13,1999-05-28,Gerente Comercial,2023-11-01,Ativo
1112,Funcionário 1112,45,Marketing,Rio de Janeiro,698.999.275-11,9937879-8,Mestrado,29,1979-12-16,Especialista em SEO,2022-07-06,Ativo
1113,Funcionário 1113,52,Inovação,Fortaleza,914.444.983-63,6847081-4,Pós-graduação,14,1972-06-08,Product Manager,2023-10-04,Ativo
1114,Funcionário 1114,53,Gente & Gestão,Natal,358.644.963-16,7064744-8,Mestrado,26,1971-12-10,Recrutador,2022-10-13,Ativo
1115,Funcionário 1115,45,Suporte,Manaus,853.798.214-80,6660164-2,Pós-graduação,19,1979-04-20,Técnico de Suporte,2023-05-21,Ativo
1116,Funcionário 1116,44,Tecnologia,São Paulo,753.674.978-37,5236845-1,Doutorado,12,1980-03-09,Arquiteto,2023-12-01,Ativo
1117,Funcionário 1117,55,Vendas,Belo Horizonte,686.013.477-11,5457726-0,MBA,17,1969-09-19,Vendedor,2023-07-22,Ativo
1118,Funcionário 1118,39,Suporte,Manaus,679.176.651-43,1914394-0,Ensino Médio,26,1985-03-04,Coordenador de Suporte,2022-10-14,Ativo
1119,Funcionário 1119,36,Inovação,Rio de Janeiro,141.884.216-81,1165357-1,MBA,22,1988-01-22,Analista de Inovação,2023-02-24,Ativo
1120,Funcionário 1120,53,Vendas,Brasília,594.463.339-54,3545152-0,Pós-graduação,17,1971-09-12,Gerente de Vendas,2023-07-01,Ativo
1121,Funcionário 1121,48,Gente & Gestão,Curitiba,895.326.389-11,5525304-7,MBA,34,1976-03-03,Especialista em Folha,2022-02-05,Ativo
1122,Funcionário 1122,30,Qualidade,Manaus,113.633.792-08,5005908-4,Mestrado,24,1994-04-09,Auditor,2022-12-22,Desligado
1123,Funcionário 1123,28,Vendas,Florianópolis,699.673.311-19,7450428-9,Tecnólogo,8,1996-12-15,Coordenador de Vendas,2024-04-16,Ativo
1124,Funcionário 1124,25,Produto,Salvador,608.437.685-17,7507893-7,Mestrado,14,1999-01-16,Product Manager,2023-10-22,Ativo
1125,Funcionário 1125,38,Tecnologia,Porto Alegre,935.219.626-01,5599335-3,Mestrado,21,1986-04-11,Tech Lead,2023-03-01,Ativo
1126,Funcionário 1126,34,Vendas,Manaus,436.970.931-85,6791229-5,Tecnólogo,5,1990-12-26,Gerente de Vendas,2024-07-15,Desligado
1127,Funcionário 1127,52,Operações,Joinville,607.676.164-48,5359712-7,Pós-graduação,12,1972-04-09,Supervisor,2023-12-15,Ativo
1128,Funcionário 1128,29,Vendas,Belém,223.989.830-56,2509488-2,Graduação,10,1995-06-02,Gerente de Vendas,2024-02-21,Ativo
1129,Funcionário 1129,59,Marketing,Manaus,198.041.847-02,5672680-2,MBA,25,1965-05-05,Especialista em SEO,2022-11-02,Ativo
1130,Funcionário 1130,24,Qualidade,Florianópolis,364.281.319-43,3951849-4,MBA,32,2000-10-21,Coordenador de Qualidade,2022-04-17,Ativo
1131,Funcionário 1131,55,Operações,Natal,876.230.391-05,3998601-8,MBA,31,1969-02-09,Coordenador Operacional,2022-05-18,Ativo
1132,Funcionário 1132,29,Inovação,Brasília,178.522.823-42,5569064-8,Mestrado,35,1995-06-28,Analista de Inovação,2022-01-18,Ativo
1133,Funcionário 1133,27,Suporte,Recife,088.062.207-56,7160440-9,Graduação,25,1997-03-08,Coordenador de Suporte,2022-11-16,Ativo
1134,Funcionário 1134,33,Tecnologia,Fortaleza,473.721.329-24,5818458-7,Doutorado,33,1991-02-13,QA Engineer,2022-03-28,Desligado
1135,Funcionário 1135,26,Financeiro,Salvador,876.886.878-29,7798104-4,Doutorado,12,1998-10-19,Analista Financeiro,2023-12-26,Ativo
1136,Funcionário 1136,52,Gente & Gestão,Recife,862.872.031-61,7919142-6,Pós-graduação,11,1972-05-04,Gerente de RH,2024-01-23,Ativo
1137,Funcionário 1137,43,Financeiro,Belém,645.057.303-10,3346211-4,MBA,6,1981-11-25,Controller,2024-06-10,Desligado
1138,Funcionário 1138,41,Financeiro,Belém,632.037.476-42,4434168-7,Ensino Médio,4,1983-12-15,Contador,2024-08-13,Ativo
1139,Funcionário 1139,57,Tecnologia,São Paulo,260.321.450-00,8270949-1,Doutorado,12,1967-08-13,QA Engineer,2023-12-19,Ativo
1140,Funcionário 1140,38,Marketing,Recife,945.887.071-24,9501309-2,Tecnólogo,12,1986-06-07,Gerente de Marketing,2023-12-23,Ativo
1141,Funcionário 1141,44,Marketing,Brasília,012.840.083-80,6604276-9,Graduação,0,1980-06-01,Especialista em SEO,2024-12-03,Ativo
1142,Funcionário 1142,34,Inovação,Porto Alegre,759.545.089-68,9623013-0,Ensino Médio,27,1990-08-25,Analista de Inovação,2022-09-10,Ativo
1143,Funcionário 1143,37,Inovação,Curitiba,898.126.574-79,2563462-9,Mestrado,26,1987-03-25,Product Manager,2022-10-22,Ativo
1144,Funcionário 1144,38,Inovação,Belém,646.300.402-26,3544205-6,Tecnólogo,22,1986-07-19,Analista de Inovação,2023-02-03,Ativo
1145,Funcionário 1145,51,Comercial,Belém,894.301.204-76,3778372-7,Graduação,3,1973-02-08,Vendedor,2024-09-15,Ativo
1146,Funcionário 1146,51,Gente & Gestão,Natal,117.595.749-61,3610506-9,Doutorado,13,1973-11-22,Analista de RH,2023-11-09,Ativo
1147,Funcionário 1147,40,Financeiro,Vitória,849.330.674-65,7789891-0,Ensino Médio,13,1984-09-10,Gerente Financeiro,2023-11-04,Ativo
1148,Funcionário 1148,31,Qualidade,Vitória,944.128.333-99,9486648-5,MBA,4,1993-03-04,Auditor,2024-08-08,Ativo
1149,Funcionário 1149,51,Tecnologia,Salvador,666.954.132-58,1954674-6,Pós-graduação,3,1973-11-03,Desenvolvedor,2024-09-12,Ativo
1150,Funcionário 1150,22,Qualidade,Florianópolis,662.670.551-24,9252054-6,Graduação,15,2002-04-16,Coordenador de Qualidade,2023-09-23,Ativo
1151,Funcionário 1151,37,Vendas,Natal,936.634.392-91,7322454-1,Doutorado,13,1987-03-20,Vendedor,2023-11-20,Ativo
1152,Funcionário 1152,35,Vendas,Salvador,111.028.671-60,1548357-2,Graduação,25,1989-01-01,Gerente de Vendas,2022-11-08,Ativo
1153,Funcionário 1153,33,Tecnologia,Fortaleza,455.910.245-72,1662930-9,Tecnólogo,29,1991-01-19,Analista de Sistemas,2022-07-24,Desligado
1154,Funcionário 1154,32,Inovação,Fortaleza,032.671.494-44,3325590-1,Doutorado,0,1992-02-27,Analista de Inovação,2024-12-13,Ativo
1155,Funcionário 1155,54,Atendimento,Belém,794.281.793-88,3731440-7,MBA,16,1970-01-13,Atendente,2023-08-05,Ativo
1156,Funcionário 1156,44,Marketing,Belo Horizonte,758.446.634-62,3604144-0,Mestrado,14,1980-04-08,Especialista em SEO,2023-10-31,Ativo
1157,Funcionário 1157,59,Gente & Gestão,Belém,109.121.722-07,6367876-9,Graduação,31,1965-05-25,Recrutador,2022-05-31,Ativo
1158,Funcionário 1158,29,Vendas,São Paulo,376.618.943-35,7556440-3,Graduação,4,1995-11-02,Coordenador de Vendas,2024-08-27,Ativo
1159,Funcionário 1159,32,Marketing,São Paulo,510.046.277-93,3229746-5,MBA,9,1992-12-28,Gerente de Marketing,2024-03-25,Ativo
1160,Funcionário 1160,23,Marketing,Florianópolis,659.202.461-54,3354531-3,Doutorado,3,2001-06-05,Gerente de Marketing,2024-09-24,Desligado
1161,Funcionário 1161,38,Operações,Florianópolis,897.432.600-05,7258302-5,Mestrado,11,1986-12-11,Gerente de Operações,2024-01-09,Ativo
1162,Funcionário 1162,23,Operações,Rio de Janeiro,017.833.258-52,4299424-6,MBA,17,2001-09-13,Supervisor,2023-07-15,Ativo
1163,Funcionário 1163,25,Operações,Recife,079.848.704-62,2053583-7,Ensino Médio,13,1999-01-14,Supervisor,2023-11-13,Ativo
1164,Funcionário 1164,57,Atendimento,Belém,679.935.937-35,4849916-9,Pós-graduação,18,1967-05-21,Analista de Atendimento,2023-06-27,Ativo
1165,Funcionário 1165,53,Tecnologia,Salvador,464.083.037-81,2276841-4,Pós-graduação,19,1971-07-01,DevOps,2023-05-05,Ativo
1166,Funcionário 1166,40,Atendimento,Manaus,886.084.907-14,2944003-3,Graduação,21,1984-09-22,Analista de Atendimento,2023-03-14,Ativo
1167,Funcionário 1167,49,Tecnologia,Recife,685.283.061-60,1347135-1,Tecnólogo,13,1975-11-08,Desenvolvedor,2023-11-05,Ativo
1168,Funcionário 1168,33,Marketing,Brasília,242.446.263-10,5844899-4,Tecnólogo,24,1991-06-04,Especialista em SEO,2022-12-02,Ativo
1169,Funcionário 1169,48,Vendas,Vitória,881.121.031-35,6662811-1,Pós-graduação,17,1976-03-04,Coordenador de Vendas,2023-07-08,Ativo
1170,Funcionário 1170,45,Inovação,Goiânia,887.817.941-85,4175929-8,MBA,12,1979-02-12,Analista de Inovação,2023-12-31,Ativo
1171,Funcionário 1171,55,Suporte,Recife,409.112.252-34,6895221-0,Mestrado,0,1969-12-18,Técnico de Suporte,2024-12-05,Ativo
1172,Funcionário 1172,30,Atendimento,Joinville,566.186.323-31,4804253-7,Tecnólogo,3,1994-10-24,Supervisor de Atendimento,2024-09-17,Ativo
1173,Funcionário 1173,24,Marketing,Porto Alegre,876.553.007-12,7250140-5,Graduação,23,2000-01-19,Especialista em SEO,2023-01-21,Ativo
1174,Funcionário 1174,48,Tecnologia,Vitória,605.712.198-88,6716053-1,Graduação,28,1976-10-05,DevOps,2022-08-27,Ativo
1175,Funcionário 1175,47,Comercial,Rio de Janeiro,905.348.640-23,3297127-4,Doutorado,28,1977-01-10,Executivo de Contas,2022-08-07,Ativo
1176,Funcionário 1176,41,Qualidade,Rio de Janeiro,624.561.851-70,1381383-0,Pós-graduação,2,1983-05-24,Auditor,2024-10-17,Ativo
1177,Funcionário 1177,22,Operações,Salvador,452.128.991-68,6599985-5,Tecnólogo,11,2002-02-04,Coordenador Operacional,2024-01-13,Ativo
1178,Funcionário 1178,24,Atendimento,Porto Alegre,129.391.304-93,2336525-8,Ensino Médio,15,2000-09-25,Atendente,2023-09-30,Ativo
1179,Funcionário 1179,43,Gente & Gestão,Goiânia,984.841.604-83,1873312-2,MBA,7,1981-02-22,Analista de RH,2024-05-10,Ativo
1180,Funcionário 1180,59,Atendimento,Recife,119.017.075-20,5153632-1,Mestrado,8,1965-09-04,Supervisor de Atendimento,2024-04-11,Ativo
1181,Funcionário 1181,46,Gente & Gestão,Brasília,522.910.732-49,9551086-3,Ensino Médio,24,1978-12-27,Recrutador,2022-12-13,Ativo
1182,Funcionário 1182,26,Operações,São Paulo,608.493.783-70,7516960-3,Graduação,31,1998-07-07,Gerente de Operações,2022-05-02,Ativo
1183,Funcionário 1183,44,Financeiro,Fortaleza,845.269.694-94,3091259-6,Tecnólogo,17,1980-04-20,Analista Financeiro,2023-07-06,Ativo
1184,Funcionário 1184,49,Suporte,Belo Horizonte,497.016.934-93,3012883-3,Doutorado,27,1975-10-06,Coordenador de Suporte,2022-09-20,Ativo
1185,Funcionário 1185,31,Vendas,Joinville,203.301.623-49,4526654-1,Ensino Médio,17,1993-02-19,Coordenador de Vendas,2023-07-21,Desligado
1186,Funcionário 1186,32,Gente & Gestão,Recife,061.537.221-05,9705125-4,MBA,11,1992-06-14,Analista de RH,2024-01-26,Ativo
1187,Funcionário 1187,58,Marketing,Fortaleza,732.365.337-14,1051294-6,MBA,3,1966-05-14,Especialista em SEO,2024-09-28,Desligado
1188,Funcionário 1188,50,Gente & Gestão,Salvador,720.078.436-25,3970575-6,Graduação,28,1974-05-05,Especialista em Folha,2022-08-15,Ativo
1189,Funcionário 1189,23,Tecnologia,Brasília,078.197.543-38,8999967-6,Pós-graduação,5,2001-04-23,Tech Lead,2024-07-09,Ativo
1190,Funcionário 1190,51,Produto,Manaus,427.372.037-08,3427531-1,Pós-graduação,10,1973-04-18,Analista de Produto,2024-02-27,Ativo
1191,Funcionário 1191,47,Produto,Brasília,458.414.846-56,2797161-3,Doutorado,34,1977-02-19,Product Manager,2022-02-11,Ativo
1192,Funcionário 1192,49,Atendimento,Goiânia,443.899.827-10,6492469-8,Ensino Médio,0,1975-01-05,Supervisor de Atendimento,2024-12-18,Ativo
1193,Funcionário 1193,52,Atendimento,Porto Alegre,695.073.214-70,4346496-6,Doutorado,7,1972-05-23,Analista de Atendimento,2024-05-20,Ativo
1194,Funcionário 1194,52,Financeiro,Salvador,999.516.793-07,6987463-7,Pós-graduação,19,1972-06-02,Analista Financeiro,2023-05-17,Ativo
1195,Funcionário 1195,43,Marketing,Porto Alegre,385.736.801-21,1736129-3,Doutorado,29,1981-10-05,Analista de Marketing,2022-07-31,Ativo
1196,Funcionário 1196,22,Vendas,Vitória,768.118.723-57,5302626-0,Tecnólogo,21,2002-04-12,Gerente de Vendas,2023-03-16,Desligado
1197,Funcionário 1197,42,Tecnologia,Belo Horizonte,961.497.315-37,5199616-9,Mestrado,20,1982-10-04,Tech Lead,2023-04-30,Desligado
1198,Funcionário 1198,37,Marketing,Goiânia,830.748.207-05,9450691-9,Doutorado,21,1987-07-11,Analista de Marketing,2023-03-20,Desligado
1199,Funcionário 1199,38,Operações,Recife,394.065.578-35,1358384-4,MBA,24,1986-01-24,Analista de Operações,2022-12-03,Desligado
1200,Funcionário 1200,59,Tecnologia,Natal,322.302.333-00,8540805-3,Mestrado,27,1965-05-15,QA Engineer,2022-09-29,Desligado
1201,Funcionário 1201,27,Suporte,Goiânia,920.135.462-20,3875197-5,Mestrado,31,1997-03-16,Coordenador de Suporte,2022-05-10,Ativo
1202,Funcionário 1202,29,Operações,Belém,082.611.231-54,3788191-4,Graduação,25,1995-07-04,Analista de Operações,2022-11-11,Ativo
1203,Funcionário 1203,52,Gente & Gestão,Brasília,888.995.729-84,8533952-6,Graduação,0,1972-11-19,Especialista em Folha,2024-12-27,Ativo
1204,Funcionário 1204,27,Gente & Gestão,Belo Horizonte,297.454.930-66,9983322-7,Tecnólogo,22,1997-07-10,Analista de RH,2023-02-06,Ativo
1205,Funcionário 1205,44,Vendas,Curitiba,191.203.818-83,3268584-0,Tecnólogo,3,1980-07-21,Coordenador de Vendas,2024-09-08,Ativo
1206,Funcionário 1206,26,Atendimento,Joinville,828.323.089-10,6689354-8,Mestrado,30,1998-04-18,Analista de Atendimento,2022-06-01,Ativo
1207,Funcionário 1207,39,Financeiro,São Paulo,814.458.220-91,3343985-3,Ensino Médio,7,1985-08-28,Contador,2024-05-25,Ativo
1208,Funcionário 1208,35,Inovação,Natal,182.971.681-66,6665355-0,Pós-graduação,14,1989-08-06,Innovation Lead,2023-10-22,Ativo
1209,Funcionário 1209,36,Suporte,Vitória,000.001.529-60,2648539-7,Graduação,30,1988-02-23,Coordenador de Suporte,2022-06-16,Ativo
1210,Funcionário 1210,56,Tecnologia,Florianópolis,850.902.556-87,5901261-4,Graduação,28,1968-09-21,DevOps,2022-08-24,Ativo
1211,Funcionário 1211,57,Suporte,Natal,218.299.874-88,3948175-4,Tecnólogo,2,1967-09-25,Analista de Suporte,2024-10-02,Desligado
1212,Funcionário 1212,38,Inovação,Fortaleza,890.567.086-51,1046902-4,Tecnólogo,4,1986-01-02,Analista de Inovação,2024-08-15,Ativo
1213,Funcionário 1213,56,Financeiro,Belém,365.515.848-37,4956097-6,Mestrado,25,1968-07-13,Contador,2022-11-04,Ativo
1214,Funcionário 1214,35,Gente & Gestão,Natal,248.355.054-17,1660619-7,Doutorado,24,1989-10-13,Gerente de RH,2022-12-15,Ativo
1215,Funcionário 1215,25,Marketing,Fortaleza,063.369.987-03,9821826-2,Pós-graduação,12,1999-01-25,Especialista em SEO,2023-12-29,Ativo
1216,Funcionário 1216,25,Atendimento,Manaus,210.401.648-70,5389050-4,MBA,27,1999-09-17,Analista de Atendimento,2022-09-12,Ativo
1217,Funcionário 1217,52,Suporte,Belo Horizonte,287.738.363-62,5063897-2,Doutorado,0,1972-11-03,Coordenador de Suporte,2024-12-18,Ativo
1218,Funcionário 1218,52,Vendas,Rio de Janeiro,126.942.894-28,8043070-2,MBA,8,1972-05-06,Gerente de Vendas,2024-04-14,Desligado
1219,Funcionário 1219,29,Inovação,Brasília,586.314.417-32,7541115-2,Pós-graduação,33,1995-07-10,Innovation Lead,2022-03-25,Ativo
1220,Funcionário 1220,37,Suporte,Goiânia,554.026.355-36,1390306-1,Tecnólogo,23,1987-05-07,Técnico de Suporte,2023-01-18,Ativo
1221,Funcionário 1221,39,Comercial,Porto Alegre,764.644.898-28,2828132-5,MBA,2,1985-01-25,Vendedor,2024-10-31,Ativo
1222,Funcionário 1222,55,Produto,Goiânia,388.824.527-35,5860295-0,MBA,31,1969-11-23,Analista de Produto,2022-05-07,Ativo
1223,Funcionário 1223,26,Operações,Brasília,433.335.384-07,4722508-2,Tecnólogo,14,1998-12-04,Analista de Operações,2023-10-08,Ativo
1224,Funcionário 1224,25,Inovação,Belo Horizonte,111.978.718-10,2533751-3,Tecnólogo,32,1999-10-07,Product Manager,2022-04-09,Ativo
1225,Funcionário 1225,36,Marketing,Recife,732.653.060-20,9470588-7,Ensino Médio,30,1988-02-25,Analista de Marketing,2022-06-07,Ativo
1226,Funcionário 1226,31,Financeiro,Belo Horizonte,561.786.880-24,1493220-9,Graduação,35,1993-03-07,Controller,2022-01-22,Ativo
1227,Funcionário 1227,24,Atendimento,Fortaleza,156.182.980-31,9344176-4,Graduação,19,2000-12-13,Atendente,2023-05-16,Ativo
1228,Funcionário 1228,53,Financeiro,Vitória,491.609.365-84,2189717-1,Pós-graduação,12,1971-03-02,Analista Financeiro,2023-12-10,Desligado
1229,Funcionário 1229,40,Gente & Gestão,Natal,894.184.336-72,3336959-6,Mestrado,0,1984-08-11,Especialista em Folha,2024-12-21,Ativo
1230,Funcionário 1230,27,Suporte,Belo Horizonte,322.399.821-79,8017389-1,Ensino Médio,19,1997-08-09,Técnico de Suporte,2023-05-07,Ativo
1231,Funcionário 1231,32,Produto,Recife,140.428.860-00,6662173-3,Graduação,11,1992-11-01,Product Manager,2024-01-22,Ativo
1232,Funcionário 1232,33,Inovação,Goiânia,766.608.112-06,1929247-8,Ensino Médio,7,1991-01-02,Product Manager,2024-05-23,Ativo
1233,Funcionário 1233,30,Inovação,Recife,356.691.062-70,4571088-1,Graduação,5,1994-02-11,Analista de Inovação,2024-07-22,Ativo
1234,Funcionário 1234,26,Financeiro,Natal,234.550.688-12,9141482-6,Doutorado,23,1998-07-19,Contador,2023-01-11,Desligado
1235,Funcionário 1235,46,Qualidade,Curitiba,829.384.401-97,9855180-7,MBA,19,1978-05-18,Auditor,2023-05-11,Desligado
1236,Funcionário 1236,46,Atendimento,Goiânia,354.378.826-45,3082675-0,Tecnólogo,32,1978-04-08,Atendente,2022-04-05,Ativo
1237,Funcionário 1237,51,Inovação,Vitória,157.090.859-10,1264631-7,Ensino Médio,31,1973-05-10,Analista de Inovação,2022-05-13,Ativo
1238,Funcionário 1238,35,Suporte,Joinville,492.699.969-21,8653803-1,Tecnólogo,10,1989-11-10,Técnico de Suporte,2024-02-09,Ativo
1239,Funcionário 1239,56,Produto,Fortaleza,842.859.693-00,1356907-8,MBA,26,1968-06-19,Product Manager,2022-10-28,Desligado
1240,Funcionário 1240,43,Inovação,Rio de Janeiro,499.323.123-71,7781554-9,Ensino Médio,16,1981-03-25,Product Manager,2023-08-26,Ativo
1241,Funcionário 1241,23,Qualidade,Salvador,806.908.726-90,1512046-7,Tecnólogo,28,2001-08-25,Coordenador de Qualidade,2022-08-30,Ativo
1242,Funcionário 1242,32,Tecnologia,Florianópolis,234.838.935-55,9727650-2,Tecnólogo,11,1992-11-08,Tech Lead,2024-01-11,Ativo
1243,Funcionário 1243,47,Operações,Salvador,804.056.129-90,3470317-6,Pós-graduação,6,1977-06-01,Supervisor,2024-06-08,Ativo
1244,Funcionário 1244,33,Qualidade,Belém,958.264.186-05,4634483-0,Pós-graduação,10,1991-06-14,Auditor,2024-02-14,Ativo
1245,Funcionário 1245,23,Atendimento,Fortaleza,876.123.859-70,5480306-6,Graduação,13,2001-02-09,Supervisor de Atendimento,2023-11-21,Ativo
1246,Funcionário 1246,36,Marketing,Rio de Janeiro,823.948.400-05,1109275-8,Doutorado,24,1988-08-25,Gerente de Marketing,2022-12-03,Ativo
1247,Funcionário 1247,33,Produto,São Paulo,696.610.168-01,6617699-0,Doutorado,22,1991-02-03,Product Manager,2023-02-18,Ativo
1248,Funcionário 1248,38,Marketing,Joinville,016.809.414-29,7841598-2,MBA,31,1986-12-11,Analista de Marketing,2022-05-30,Desligado
1249,Funcionário 1249,47,Financeiro,Manaus,839.762.053-20,8392872-7,Mestrado,17,1977-05-01,Analista Financeiro,2023-07-28,Ativo
1250,Funcionário 1250,33,Gente & Gestão,Goiânia,946.207.266-30,2544670-7,Doutorado,27,1991-10-05,Especialista em Folha,2022-09-24,Ativo
1251,Funcionário 1251,35,Atendimento,Rio de Janeiro,760.299.140-06,2126725-3,MBA,9,1989-09-22,Atendente,2024-03-24,Ativo
1252,Funcionário 1252,58,Suporte,Vitória,337.312.552-94,2327930-7,Pós-graduação,22,1966-06-13,Coordenador de Suporte,2023-02-19,Desligado
1253,Funcionário 1253,40,Atendimento,Porto Alegre,032.119.206-09,9611651-5,MBA,28,1984-04-25,Supervisor de Atendimento,2022-08-19,Ativo
1254,Funcionário 1254,50,Financeiro,Salvador,277.895.613-16,5978272-4,Mestrado,21,1974-08-03,Controller,2023-03-23,Ativo
1255,Funcionário 1255,57,Comercial,Belo Horizonte,490.295.026-06,2585719-6,Tecnólogo,16,1967-09-02,Vendedor,2023-08-26,Ativo
1256,Funcionário 1256,57,Suporte,Rio de Janeiro,440.373.416-20,8771291-7,Tecnólogo,4,1967-09-04,Analista de Suporte,2024-08-21,Ativo
1257,Funcionário 1257,50,Financeiro,Belo Horizonte,822.102.179-20,9714496-6,Pós-graduação,23,1974-02-21,Gerente Financeiro,2023-01-09,Ativo
1258,Funcionário 1258,57,Vendas,Rio de Janeiro,298.579.736-55,9645304-2,Graduação,20,1967-09-08,Coordenador de Vendas,2023-04-20,Ativo
1259,Funcionário 1259,59,Operações,Joinville,856.053.970-01,8192211-6,Doutorado,2,1965-12-19,Supervisor,2024-10-06,Ativo
1260,Funcionário 1260,41,Vendas,Natal,177.067.368-73,7310193-8,Pós-graduação,26,1983-01-12,Gerente de Vendas,2022-10-28,Ativo
1261,Funcionário 1261,39,Gente & Gestão,Joinville,212.235.521-28,1248842-5,Doutorado,9,1985-11-28,Recrutador,2024-03-16,Ativo
1262,Funcionário 1262,32,Gente & Gestão,Belo Horizonte,871.469.218-08,7676164-7,Tecnólogo,24,1992-02-19,Especialista em Folha,2022-12-23,Desligado
1263,Funcionário 1263,50,Qualidade,Curitiba,908.984.369-82,3656453-2,MBA,16,1974-09-28,Coordenador de Qualidade,2023-08-15,Desligado
1264,Funcionário 1264,30,Atendimento,Vitória,050.938.694-65,6666017-9,Doutorado,1,1994-05-21,Supervisor de Atendimento,2024-11-05,Desligado
1265,Funcionário 1265,51,Suporte,Salvador,881.145.788-23,2537895-5,MBA,5,1973-01-23,Analista de Suporte,2024-07-26,Ativo
1266,Funcionário 1266,52,Suporte,Vitória,238.676.738-88,7382863-1,MBA,23,1972-01-20,Técnico de Suporte,2023-01-18,Ativo
1267,Funcionário 1267,31,Comercial,Curitiba,917.798.768-31,9486008-7,Pós-graduação,25,1993-10-19,Analista Comercial,2022-11-04,Ativo
1268,Funcionário 1268,38,Inovação,Porto Alegre,225.893.708-65,4124541-3,Doutorado,14,1986-11-17,Innovation Lead,2023-10-14,Desligado
1269,Funcionário 1269,45,Tecnologia,Fortaleza,504.056.695-69,3094224-2,Doutorado,5,1979-10-02,QA Engineer,2024-07-24,Desligado
1270,Funcionário 1270,25,Inovação,Recife,482.554.428-20,3354752-5,Doutorado,9,1999-08-19,Product Manager,2024-03-16,Ativo
1271,Funcionário 1271,33,Tecnologia,São Paulo,942.328.946-08,2729774-5,Graduação,20,1991-04-18,DevOps,2023-04-01,Ativo
1272,Funcionário 1272,53,Tecnologia,Vitória,624.152.857-22,3883285-6,Pós-graduação,24,1971-06-13,QA Engineer,2022-12-31,Ativo
1273,Funcionário 1273,28,Comercial,Recife,933.589.513-08,7194675-5,Pós-graduação,2,1996-02-18,Analista Comercial,2024-10-30,Ativo
1274,Funcionário 1274,40,Atendimento,Fortaleza,078.468.509-62,5390715-3,Tecnólogo,14,1984-08-25,Supervisor de Atendimento,2023-10-19,Ativo
1275,Funcionário 1275,32,Suporte,Manaus,034.918.911-08,4341145-8,Graduação,3,1992-10-16,Técnico de Suporte,2024-09-12,Ativo
1276,Funcionário 1276,48,Tecnologia,Belo Horizonte,593.401.536-26,2803930-5,Tecnólogo,15,1976-02-11,Desenvolvedor,2023-09-22,Ativo
1277,Funcionário 1277,37,Comercial,Manaus,531.325.936-99,2633729-3,Mestrado,3,1987-12-28,Executivo de Contas,2024-09-01,Ativo
1278,Funcionário 1278,41,Operações,Manaus,675.009.421-09,3975015-7,Ensino Médio,16,1983-02-02,Gerente de Operações,2023-08-04,Ativo
1279,Funcionário 1279,31,Qualidade,Recife,698.198.780-55,3177278-3,Ensino Médio,27,1993-08-01,Analista de Qualidade,2022-09-27,Ativo
1280,Funcionário 1280,58,Operações,Natal,888.562.258-59,9496643-6,MBA,7,1966-07-02,Coordenador Operacional,2024-05-26,Ativo
1281,Funcionário 1281,41,Comercial,Fortaleza,787.442.275-90,5691140-8,Graduação,1,1983-06-24,Vendedor,2024-11-10,Ativo
1282,Funcionário 1282,37,Comercial,Natal,596.559.428-30,2392137-6,Tecnólogo,27,1987-05-20,Vendedor,2022-09-21,Ativo
1283,Funcionário 1283,23,Qualidade,Brasília,502.000.245-31,2220511-3,Ensino Médio,20,2001-10-21,Coordenador de Qualidade,2023-04-16,Ativo
1284,Funcionário 1284,30,Atendimento,Natal,215.513.055-42,8141772-8,Ensino Médio,3,1994-01-17,Analista de Atendimento,2024-09-11,Ativo
1285,Funcionário 1285,41,Inovação,Manaus,214.448.896-72,9231395-2,Tecnólogo,9,1983-10-20,Analista de Inovação,2024-03-01,Ativo
1286,Funcionário 1286,57,Marketing,Belo Horizonte,736.774.620-02,3813689-5,Graduação,27,1967-06-28,Especialista em SEO,2022-09-23,Ativo
1287,Funcionário 1287,52,Vendas,Goiânia,431.832.812-01,3402708-0,Tecnólogo,23,1972-02-05,Vendedor,2023-01-25,Ativo
1288,Funcionário 1288,36,Qualidade,Porto Alegre,491.060.183-00,8770973-5,Pós-graduação,8,1988-05-16,Analista de Qualidade,2024-04-30,Ativo
1289,Funcionário 1289,45,Gente & Gestão,Recife,082.768.172-03,5367791-5,Mestrado,23,1979-06-16,Recrutador,2023-01-06,Ativo
1290,Funcionário 1290,58,Comercial,Brasília,847.262.905-84,8609696-6,Mestrado,26,1966-10-03,Executivo de Contas,2022-10-19,Ativo
1291,Funcionário 1291,33,Operações,Brasília,831.608.271-35,4608251-3,Mestrado,4,1991-03-03,Gerente de Operações,2024-08-18,Ativo
1292,Funcionário 1292,57,Operações,Goiânia,739.920.522-14,4591976-6,Doutorado,25,1967-10-19,Gerente de Operações,2022-11-14,Ativo
1293,Funcionário 1293,57,Marketing,Salvador,216.591.438-88,7101744-3,Ensino Médio,26,1967-04-06,Analista de Marketing,2022-10-22,Ativo
1294,Funcionário 1294,57,Financeiro,Curitiba,983.584.461-52,9272875-3,Mestrado,3,1967-12-21,Controller,2024-09-28,Ativo
1295,Funcionário 1295,44,Produto,Natal,264.309.544-80,4027624-7,Graduação,2,1980-10-23,Product Manager,2024-10-17,Ativo
1296,Funcionário 1296,25,Gente & Gestão,Brasília,997.029.271-45,8860310-8,Graduação,25,1999-01-11,Recrutador,2022-11-28,Ativo
1297,Funcionário 1297,52,Operações,Manaus,713.752.988-79,2653502-2,Ensino Médio,19,1972-03-05,Analista de Operações,2023-05-13,Desligado
1298,Funcionário 1298,44,Inovação,Goiânia,560.832.004-23,8811505-8,Doutorado,3,1980-10-26,Analista de Inovação,2024-09-28,Ativo
1299,Funcionário 1299,55,Gente & Gestão,Belém,889.753.585-26,2021413-0,Graduação,23,1969-04-21,Especialista em Folha,2023-01-14,Ativo
1300,Funcionário 1300,44,Marketing,Natal,304.436.199-05,3734765-3,Graduação,14,1980-02-15,Especialista em SEO,2023-10-19,Desligado
1301,Funcionário 1301,36,Produto,São Paulo,910.292.950-34,9579549-3,MBA,29,1988-05-07,Analista de Produto,2022-07-09,Ativo
1302,Funcionário 1302,56,Tecnologia,Manaus,093.096.713-51,3435784-6,Graduação,2,1968-02-20,Analista de Sistemas,2024-10-20,Ativo
1303,Funcionário 1303,44,Marketing,Belém,022.132.176-45,2497141-1,Graduação,4,1980-11-05,Gerente de Marketing,2024-08-13,Desligado
1304,Funcionário 1304,26,Vendas,Belém,166.122.019-32,9877751-7,Mestrado,33,1998-08-05,Coordenador de Vendas,2022-03-07,Ativo
1305,Funcionário 1305,46,Operações,Curitiba,339.304.936-40,4000398-7,MBA,10,1978-06-07,Analista de Operações,2024-02-18,Ativo
1306,Funcionário 1306,48,Vendas,Brasília,481.242.114-42,9804957-2,Doutorado,34,1976-09-22,Vendedor,2022-02-16,Ativo
1307,Funcionário 1307,41,Qualidade,Rio de Janeiro,509.522.946-30,4248973-5,Graduação,27,1983-01-27,Auditor,2022-09-21,Ativo
1308,Funcionário 1308,45,Produto,Belém,561.039.952-13,8612398-1,Mestrado,2,1979-01-25,Product Owner,2024-10-13,Desligado
1309,Funcionário 1309,37,Suporte,Joinville,243.658.585-72,4556981-0,Mestrado,9,1987-05-25,Coordenador de Suporte,2024-03-04,Ativo
1310,Funcionário 1310,22,Atendimento,Porto Alegre,412.027.061-00,9302324-4,Doutorado,11,2002-10-06,Atendente,2024-01-12,Ativo
1311,Funcionário 1311,38,Comercial,Belém,029.907.166-96,5721088-8,Pós-graduação,34,1986-07-08,Executivo de Contas,2022-02-15,Desligado
1312,Funcionário 1312,29,Suporte,São Paulo,155.420.340-63,7093262-6,Graduação,19,1995-01-04,Coordenador de Suporte,2023-05-27,Desligado
1313,Funcionário 1313,26,Produto,Manaus,797.564.915-58,6839010-5,Pós-graduação,6,1998-10-22,Product Manager,2024-06-25,Ativo
1314,Funcionário 1314,41,Vendas,Rio de Janeiro,462.347.124-10,1996541-1,Pós-graduação,4,1983-07-01,Coordenador de Vendas,2024-08-03,Desligado
1315,Funcionário 1315,40,Operações,Fortaleza,810.306.831-40,2509625-7,MBA,5,1984-07-09,Supervisor,2024-07-09,Ativo
1316,Funcionário 1316,34,Qualidade,Salvador,268.080.815-06,2814986-5,Mestrado,5,1990-02-05,Auditor,2024-07-06,Ativo
1317,Funcionário 1317,43,Produto,Florianópolis,071.380.671-00,6572372-1,Pós-graduação,19,1981-01-15,Product Owner,2023-05-20,Ativo
1318,Funcionário 1318,47,Suporte,Recife,045.847.436-30,1292420-9,Doutorado,24,1977-02-23,Coordenador de Suporte,2022-12-25,Ativo
1319,Funcionário 1319,34,Qualidade,Salvador,625.885.766-30,1091715-5,Pós-graduação,18,1990-08-01,Auditor,2023-06-04,Ativo
1320,Funcionário 1320,33,Inovação,Goiânia,339.627.466-09,2074992-8,Graduação,6,1991-03-03,Product Manager,2024-06-13,Ativo
1321,Funcionário 1321,48,Produto,Belo Horizonte,327.000.466-41,1418312-1,Tecnólogo,7,1976-02-10,Analista de Produto,2024-05-21,Ativo
1322,Funcionário 1322,40,Operações,Goiânia,107.977.140-90,4958617-8,Pós-graduação,34,1984-12-21,Coordenador Operacional,2022-02-10,Ativo
1323,Funcionário 1323,49,Tecnologia,Florianópolis,819.490.531-13,9419411-0,Graduação,14,1975-03-02,DevOps,2023-10-11,Ativo
1324,Funcionário 1324,28,Produto,Rio de Janeiro,949.769.873-96,3017928-6,MBA,31,1996-04-15,Product Manager,2022-05-14,Ativo
1325,Funcionário 1325,33,Atendimento,Belo Horizonte,698.416.612-84,9137308-7,Mestrado,21,1991-08-10,Supervisor de Atendimento,2023-03-19,Ativo
1326,Funcionário 1326,58,Gente & Gestão,Brasília,943.325.623-99,2911569-9,Ensino Médio,1,1966-11-19,Analista de RH,2024-11-21,Ativo
1327,Funcionário 1327,46,Operações,Belo Horizonte,701.426.203-35,3877765-1,Ensino Médio,4,1978-01-17,Gerente de Operações,2024-08-14,Ativo
1328,Funcionário 1328,25,Produto,Natal,160.204.181-46,9605960-9,Ensino Médio,20,1999-06-22,Analista de Produto,2023-04-27,Ativo
1329,Funcionário 1329,32,Qualidade,Belo Horizonte,897.211.708-01,9526474-0,Ensino Médio,2,1992-11-19,Auditor,2024-10-28,Ativo
1330,Funcionário 1330,44,Comercial,Manaus,186.448.221-44,4911403-9,Graduação,5,1980-06-17,Gerente Comercial,2024-07-13,Ativo
1331,Funcionário 1331,47,Vendas,Belo Horizonte,785.708.200-70,6372033-7,MBA,18,1977-09-02,Coordenador de Vendas,2023-06-16,Ativo
1332,Funcionário 1332,54,Financeiro,Goiânia,123.691.496-12,3647964-8,Mestrado,29,1970-11-22,Controller,2022-07-07,Desligado
1333,Funcionário 1333,51,Qualidade,São Paulo,794.296.882-00,9005008-0,Graduação,4,1973-12-25,Coordenador de Qualidade,2024-08-06,Ativo
1334,Funcionário 1334,51,Financeiro,Belém,409.531.419-26,9293908-8,MBA,7,1973-02-12,Controller,2024-05-17,Ativo
1335,Funcionário 1335,46,Suporte,Belo Horizonte,327.488.356-54,7679985-2,Tecnólogo,12,1978-02-25,Coordenador de Suporte,2023-12-27,Ativo
1336,Funcionário 1336,59,Inovação,Salvador,409.649.668-59,8202597-0,Tecnólogo,19,1965-12-09,Innovation Lead,2023-05-25,Ativo
1337,Funcionário 1337,43,Tecnologia,Curitiba,478.421.702-90,6965497-9,Ensino Médio,13,1981-02-13,Desenvolvedor,2023-11-24,Desligado
1338,Funcionário 1338,31,Atendimento,Salvador,364.882.089-34,9418954-3,Doutorado,21,1993-05-18,Atendente,2023-03-31,Ativo
1339,Funcionário 1339,59,Produto,Joinville,906.246.728-83,1370018-9,Ensino Médio,6,1965-10-19,Product Manager,2024-06-30,Desligado
1340,Funcionário 1340,55,Financeiro,São Paulo,114.131.935-79,4903200-3,Pós-graduação,24,1969-04-23,Controller,2022-12-01,Ativo
1341,Funcionário 1341,47,Financeiro,São Paulo,760.523.045-10,1367938-2,Doutorado,1,1977-02-13,Contador,2024-11-12,Ativo
1342,Funcionário 1342,30,Suporte,Brasília,544.724.191-06,4242173-4,MBA,7,1994-06-21,Coordenador de Suporte,2024-05-28,Desligado
1343,Funcionário 1343,57,Comercial,Joinville,409.661.771-77,1701806-8,Graduação,1,1967-03-23,Gerente Comercial,2024-11-22,Ativo
1344,Funcionário 1344,48,Vendas,Curitiba,806.782.141-07,2754666-3,Pós-graduação,6,1976-05-14,Vendedor,2024-06-25,Ativo
1345,Funcionário 1345,37,Suporte,Vitória,592.664.869-65,8387790-4,Graduação,19,1987-12-19,Coordenador de Suporte,2023-05-25,Ativo
1346,Funcionário 1346,52,Financeiro,Porto Alegre,869.415.594-03,3261026-9,Ensino Médio,14,1972-11-02,Controller,2023-10-05,Desligado
1347,Funcionário 1347,47,Inovação,Salvador,207.536.051-04,2037958-3,Pós-graduação,31,1977-08-03,Product Manager,2022-05-25,Ativo
1348,Funcionário 1348,51,Operações,Fortaleza,988.636.536-66,6497119-5,Tecnólogo,27,1973-02-17,Gerente de Operações,2022-09-15,Ativo
1349,Funcionário 1349,33,Financeiro,Curitiba,906.700.099-03,5197957-2,Tecnólogo,15,1991-03-10,Analista Financeiro,2023-09-09,Ativo
1350,Funcionário 1350,28,Tecnologia,Vitória,046.648.966-89,8311577-4,Tecnólogo,2,1996-07-02,Arquiteto,2024-10-15,Ativo
1351,Funcionário 1351,44,Atendimento,Belém,204.565.775-21,6176130-5,Mestrado,33,1980-10-15,Analista de Atendimento,2022-03-01,Ativo
1352,Funcionário 1352,29,Marketing,Belo Horizonte,338.906.235-14,4092466-6,Graduação,18,1995-07-13,Analista de Marketing,2023-06-13,Ativo
1353,Funcionário 1353,39,Gente & Gestão,Goiânia,540.165.995-47,8138632-2,Ensino Médio,20,1985-01-01,Recrutador,2023-04-14,Ativo
1354,Funcionário 1354,54,Atendimento,Porto Alegre,212.242.767-10,6301688-9,Pós-graduação,4,1970-05-13,Analista de Atendimento,2024-08-28,Desligado
1355,Funcionário 1355,51,Produto,Rio de Janeiro,160.112.411-23,9949116-8,Ensino Médio,10,1973-09-27,Product Owner,2024-02-02,Ativo
1356,Funcionário 1356,42,Qualidade,Rio de Janeiro,600.801.798-60,3145003-3,MBA,9,1982-08-23,Analista de Qualidade,2024-03-22,Ativo
1357,Funcionário 1357,36,Comercial,Joinville,129.957.047-00,3753307-6,Doutorado,26,1988-12-14,Vendedor,2022-10-04,Ativo
1358,Funcionário 1358,39,Suporte,Rio de Janeiro,121.203.843-63,7473815-8,Graduação,3,1985-06-08,Técnico de Suporte,2024-09-07,Ativo
1359,Funcionário 1359,59,Gente & Gestão,Recife,078.525.482-02,4901721-8,Ensino Médio,15,1965-03-04,Especialista em Folha,2023-09-27,Ativo
1360,Funcionário 1360,52,Atendimento,Fortaleza,545.400.644-01,3443467-3,Pós-graduação,11,1972-05-21,Supervisor de Atendimento,2024-01-23,Ativo
1361,Funcionário 1361,39,Financeiro,São Paulo,112.327.489-43,2423828-7,Tecnólogo,2,1985-11-20,Analista Financeiro,2024-10-03,Ativo
1362,Funcionário 1362,45,Operações,Curitiba,763.342.720-55,3847361-1,Pós-graduação,23,1979-09-18,Supervisor,2023-01-28,Ativo
1363,Funcionário 1363,27,Atendimento,Salvador,750.801.963-60,4260851-0,Doutorado,33,1997-05-11,Atendente,2022-03-27,Ativo
1364,Funcionário 1364,42,Inovação,Fortaleza,693.588.249-48,6126843-0,Doutorado,20,1982-06-28,Product Manager,2023-04-15,Ativo
1365,Funcionário 1365,49,Qualidade,Florianópolis,018.167.784-94,3889875-4,Doutorado,1,1975-02-27,Analista de Qualidade,2024-11-19,Ativo
1366,Funcionário 1366,30,Atendimento,Belém,445.446.083-33,4648083-7,Mestrado,0,1994-06-23,Atendente,2024-12-31,Desligado
1367,Funcionário 1367,44,Gente & Gestão,Recife,810.539.128-70,7475947-9,MBA,5,1980-09-17,Especialista em Folha,2024-07-23,Ativo
1368,Funcionário 1368,31,Produto,Rio de Janeiro,996.988.290-24,3228767-7,Tecnólogo,15,1993-06-16,Analista de Produto,2023-09-19,Ativo
1369,Funcionário 1369,28,Produto,Vitória,147.246.301-32,3217967-3,Graduação,10,1996-12-09,Analista de Produto,2024-02-20,Ativo
1370,Funcionário 1370,31,Qualidade,Belém,839.728.339-03,9388090-0,Doutorado,29,1993-03-04,Auditor,2022-07-31,Ativo
1371,Funcionário 1371,27,Qualidade,Vitória,629.328.809-26,2962480-0,Mestrado,21,1997-03-05,Analista de Qualidade,2023-03-11,Desligado
1372,Funcionário 1372,50,Suporte,Florianópolis,232.001.867-04,1499969-8,Doutorado,6,1974-07-04,Técnico de Suporte,2024-06-07,Desligado
1373,Funcionário 1373,41,Financeiro,Florianópolis,987.610.814-00,5844654-0,MBA,23,1983-06-13,Controller,2023-01-23,Ativo
1374,Funcionário 1374,29,Inovação,Natal,384.531.980-12,3319495-3,MBA,3,1995-05-14,Innovation Lead,2024-09-15,Ativo
1375,Funcionário 1375,30,Qualidade,Goiânia,546.951.003-47,4059819-0,MBA,34,1994-08-27,Analista de Qualidade,2022-02-04,Ativo
1376,Funcionário 1376,28,Inovação,Belo Horizonte,545.967.150-76,7542007-6,Tecnólogo,32,1996-07-14,Analista de Inovação,2022-04-05,Ativo
1377,Funcionário 1377,43,Marketing,São Paulo,411.065.411-46,6434660-1,MBA,20,1981-05-01,Analista de Marketing,2023-04-06,Ativo
1378,Funcionário 1378,31,Produto,Natal,699.497.089-23,4265640-6,Mestrado,35,1993-06-25,Product Manager,2022-01-31,Ativo
1379,Funcionário 1379,46,Comercial,Manaus,683.482.689-01,1258815-8,Ensino Médio,8,1978-03-13,Vendedor,2024-04-09,Ativo
1380,Funcionário 1380,47,Vendas,Joinville,386.888.917-53,2218828-5,Ensino Médio,0,1977-11-22,Coordenador de Vendas,2024-12-19,Ativo
1381,Funcionário 1381,27,Gente & Gestão,Fortaleza,059.625.719-83,4971964-2,Ensino Médio,5,1997-07-01,Recrutador,2024-07-19,Ativo
1382,Funcionário 1382,34,Produto,Goiânia,012.657.898-27,2319684-8,Pós-graduação,23,1990-07-01,Product Owner,2023-01-18,Ativo
1383,Funcionário 1383,49,Suporte,Brasília,095.217.558-49,5878601-1,Graduação,14,1975-02-15,Coordenador de Suporte,2023-10-06,Ativo
1384,Funcionário 1384,30,Marketing,Natal,274.692.118-96,7758079-2,Pós-graduação,26,1994-05-03,Analista de Marketing,2022-10-24,Ativo
1385,Funcionário 1385,25,Vendas,Curitiba,642.229.758-00,5434785-5,Graduação,30,1999-08-02,Gerente de Vendas,2022-06-02,Ativo
1386,Funcionário 1386,29,Operações,Natal,421.854.570-71,1048421-9,Doutorado,14,1995-07-25,Coordenador Operacional,2023-10-16,Ativo
1387,Funcionário 1387,34,Gente & Gestão,Salvador,225.709.001-25,7878805-4,Pós-graduação,9,1990-04-23,Recrutador,2024-03-28,Ativo
1388,Funcionário 1388,39,Comercial,Curitiba,072.324.728-54,5697596-0,Tecnólogo,25,1985-09-20,Gerente Comercial,2022-11-30,Ativo
1389,Funcionário 1389,33,Comercial,Vitória,017.882.247-79,2216146-6,Ensino Médio,19,1991-02-05,Gerente Comercial,2023-05-08,Ativo
1390,Funcionário 1390,32,Suporte,Florianópolis,850.710.580-73,1017208-9,Doutorado,29,1992-02-19,Analista de Suporte,2022-07-07,Ativo
1391,Funcionário 1391,47,Operações,Belém,271.152.610-08,8391855-0,Pós-graduação,11,1977-04-27,Gerente de Operações,2024-01-13,Ativo
1392,Funcionário 1392,22,Suporte,Fortaleza,923.007.169-25,9117939-4,Doutorado,14,2002-11-01,Técnico de Suporte,2023-10-05,Desligado
1393,Funcionário 1393,44,Marketing,Belo Horizonte,189.485.432-29,4579226-6,Graduação,0,1980-08-14,Especialista em SEO,2024-12-04,Ativo
1394,Funcionário 1394,33,Inovação,Manaus,529.447.161-23,6215275-8,Pós-graduação,1,1991-03-16,Innovation Lead,2024-11-20,Ativo
1395,Funcionário 1395,54,Suporte,Manaus,131.045.025-01,8856301-4,Graduação,8,1970-04-22,Analista de Suporte,2024-04-05,Ativo
1396,Funcionário 1396,58,Atendimento,Florianópolis,357.483.526-48,8305164-0,Tecnólogo,0,1966-01-13,Supervisor de Atendimento,2024-12-21,Ativo
1397,Funcionário 1397,56,Marketing,Natal,673.983.448-21,3967499-5,Mestrado,2,1968-04-18,Analista de Marketing,2024-10-27,Ativo
1398,Funcionário 1398,44,Qualidade,Belo Horizonte,364.628.055-79,5642259-0,Mestrado,32,1980-08-27,Auditor,2022-04-19,Ativo
1399,Funcionário 1399,29,Qualidade,Rio de Janeiro,657.955.156-98,1163295-9,Doutorado,25,1995-04-19,Coordenador de Qualidade,2022-11-23,Ativo
1400,Funcionário 1400,42,Atendimento,Brasília,085.510.740-59,2679685-7,MBA,29,1982-04-04,Atendente,2022-07-28,Ativo
1401,Funcionário 1401,22,Operações,Rio de Janeiro,861.902.547-30,3821761-0,Graduação,9,2002-01-22,Gerente de Operações,2024-03-07,Ativo
1402,Funcionário 1402,44,Produto,Fortaleza,695.354.120-27,6263801-9,Doutorado,30,1980-11-05,Product Owner,2022-06-19,Ativo
1403,Funcionário 1403,34,Produto,Curitiba,500.260.151-02,4071787-5,Doutorado,13,1990-04-28,Analista de Produto,2023-11-22,Ativo
1404,Funcionário 1404,54,Gente & Gestão,Salvador,947.950.740-46,4208857-2,Doutorado,2,1970-02-25,Gerente de RH,2024-10-05,Ativo
1405,Funcionário 1405,48,Qualidade,Curitiba,798.059.503-36,5829248-9,Graduação,31,1976-01-01,Auditor,2022-05-15,Ativo
1406,Funcionário 1406,28,Comercial,Natal,340.391.045-87,9497362-9,Pós-graduação,27,1996-01-07,Gerente Comercial,2022-09-16,Ativo
1407,Funcionário 1407,27,Produto,Salvador,411.849.135-44,5087449-5,MBA,24,1997-09-12,Product Manager,2022-12-23,Ativo
1408,Funcionário 1408,52,Gente & Gestão,Recife,952.056.100-50,1218912-0,MBA,8,1972-08-19,Analista de RH,2024-04-14,Ativo
1409,Funcionário 1409,44,Financeiro,Porto Alegre,696.801.867-50,5053977-7,Mestrado,3,1980-05-02,Analista Financeiro,2024-09-04,Ativo
1410,Funcionário 1410,49,Tecnologia,Manaus,842.339.449-27,9233863-7,Ensino Médio,10,1975-04-01,Arquiteto,2024-02-07,Desligado
1411,Funcionário 1411,46,Atendimento,Curitiba,625.503.250-79,6253006-4,Ensino Médio,31,1978-08-07,Analista de Atendimento,2022-05-30,Ativo
1412,Funcionário 1412,32,Vendas,Belém,262.417.842-26,3507382-3,Mestrado,31,1992-11-06,Gerente de Vendas,2022-05-06,Ativo
1413,Funcionário 1413,32,Comercial,Brasília,345.110.090-82,1094264-8,Graduação,7,1992-11-02,Gerente Comercial,2024-05-13,Ativo
1414,Funcionário 1414,56,Tecnologia,Brasília,868.430.211-74,3283061-9,Graduação,10,1968-07-15,Arquiteto,2024-02-26,Ativo
1415,Funcionário 1415,45,Suporte,Goiânia,045.759.887-58,3868768-9,Ensino Médio,14,1979-10-28,Analista de Suporte,2023-10-25,Ativo
1416,Funcionário 1416,55,Vendas,Natal,964.260.336-50,7208308-5,Tecnólogo,23,1969-01-23,Vendedor,2023-01-02,Desligado
1417,Funcionário 1417,40,Inovação,Florianópolis,821.477.092-04,6775594-2,Ensino Médio,35,1984-08-04,Product Manager,2022-01-03,Desligado
1418,Funcionário 1418,30,Tecnologia,Recife,380.236.219-55,9798524-1,Graduação,24,1994-02-12,Desenvolvedor,2022-12-17,Ativo
1419,Funcionário 1419,55,Qualidade,Brasília,897.059.161-36,7231534-5,Doutorado,28,1969-09-14,Coordenador de Qualidade,2022-08-18,Ativo
1420,Funcionário 1420,55,Vendas,Belém,881.959.772-19,1844630-5,MBA,29,1969-07-18,Gerente de Vendas,2022-07-12,Ativo
1421,Funcionário 1421,42,Atendimento,Belo Horizonte,378.931.869-84,3892027-8,Ensino Médio,25,1982-09-19,Supervisor de Atendimento,2022-11-13,Ativo
1422,Funcionário 1422,52,Atendimento,Recife,454.018.227-74,4586154-9,Mestrado,25,1972-01-02,Atendente,2022-11-29,Ativo
1423,Funcionário 1423,39,Qualidade,Brasília,482.322.041-25,4547081-2,Pós-graduação,17,1985-05-16,Analista de Qualidade,2023-07-23,Ativo
1424,Funcionário 1424,30,Financeiro,Vitória,811.659.930-58,3140448-0,Ensino Médio,27,1994-12-21,Analista Financeiro,2022-09-17,Ativo
1425,Funcionário 1425,30,Atendimento,Joinville,304.232.277-77,5088595-5,Ensino Médio,11,1994-03-23,Supervisor de Atendimento,2024-01-06,Ativo
1426,Funcionário 1426,56,Vendas,Joinville,302.816.506-67,1963702-5,MBA,18,1968-07-07,Coordenador de Vendas,2023-06-04,Desligado
1427,Funcionário 1427,26,Financeiro,Vitória,937.775.691-00,1384496-2,Tecnólogo,20,1998-03-25,Controller,2023-04-05,Desligado
1428,Funcionário 1428,23,Financeiro,Recife,916.174.690-84,4660281-1,MBA,25,2001-10-24,Contador,2022-11-22,Ativo
1429,Funcionário 1429,52,Vendas,Brasília,043.841.966-95,4406178-1,Graduação,25,1972-03-19,Coordenador de Vendas,2022-11-29,Desligado
1430,Funcionário 1430,30,Gente & Gestão,Fortaleza,670.805.685-28,1680808-6,Graduação,7,1994-07-15,Analista de RH,2024-05-05,Ativo
1431,Funcionário 1431,34,Financeiro,Brasília,362.198.655-37,5273756-4,MBA,31,1990-05-19,Gerente Financeiro,2022-05-04,Ativo
1432,Funcionário 1432,58,Atendimento,Manaus,076.634.933-03,7323816-2,Ensino Médio,7,1966-06-01,Supervisor de Atendimento,2024-05-03,Ativo
1433,Funcionário 1433,23,Operações,Brasília,732.262.611-77,7894356-2,Pós-graduação,16,2001-03-09,Supervisor,2023-08-29,Ativo
1434,Funcionário 1434,42,Inovação,Belém,585.421.880-12,2645611-9,Mestrado,0,1982-12-16,Product Manager,2024-12-29,Ativo
1435,Funcionário 1435,26,Inovação,Vitória,623.419.964-00,5016833-2,Ensino Médio,21,1998-04-18,Innovation Lead,2023-03-28,Ativo
1436,Funcionário 1436,41,Qualidade,Rio de Janeiro,472.505.833-52,1582747-3,Ensino Médio,19,1983-05-07,Analista de Qualidade,2023-05-18,Ativo
1437,Funcionário 1437,23,Vendas,Belém,115.876.054-06,5505739-7,Tecnólogo,11,2001-08-25,Coordenador de Vendas,2024-01-28,Ativo
1438,Funcionário 1438,49,Atendimento,Rio de Janeiro,576.945.353-26,5544184-6,Mestrado,6,1975-06-19,Supervisor de Atendimento,2024-06-13,Ativo
1439,Funcionário 1439,56,Comercial,Fortaleza,698.616.342-82,1371212-8,Mestrado,30,1968-03-11,Analista Comercial,2022-06-11,Ativo
1440,Funcionário 1440,26,Suporte,Belo Horizonte,095.948.152-48,7227966-9,Graduação,9,1998-10-05,Coordenador de Suporte,2024-03-28,Ativo
1441,Funcionário 1441,37,Marketing,Salvador,664.721.307-44,2990842-4,Pós-graduação,17,1987-03-08,Gerente de Marketing,2023-07-20,Ativo
1442,Funcionário 1442,46,Qualidade,Rio de Janeiro,261.404.893-34,6049898-5,Graduação,19,1978-03-14,Auditor,2023-05-23,Ativo
1443,Funcionário 1443,35,Tecnologia,Florianópolis,430.796.373-30,3046517-7,Mestrado,28,1989-11-01,DevOps,2022-08-02,Desligado
1444,Funcionário 1444,28,Suporte,São Paulo,852.211.587-79,4508371-5,Ensino Médio,29,1996-09-09,Coordenador de Suporte,2022-07-09,Ativo
1445,Funcionário 1445,29,Comercial,Manaus,426.874.470-30,3744763-0,Pós-graduação,28,1995-08-07,Gerente Comercial,2022-08-19,Ativo
1446,Funcionário 1446,38,Inovação,Fortaleza,865.237.772-35,4159154-3,Tecnólogo,7,1986-07-22,Product Manager,2024-05-30,Ativo
1447,Funcionário 1447,57,Vendas,Belo Horizonte,701.400.527-80,9709790-0,Tecnólogo,31,1967-01-12,Coordenador de Vendas,2022-05-09,Ativo
1448,Funcionário 1448,27,Vendas,Rio de Janeiro,002.722.142-30,4269335-1,Ensino Médio,14,1997-08-22,Gerente de Vendas,2023-10-17,Ativo
1449,Funcionário 1449,45,Produto,Recife,609.439.136-59,3759489-0,Doutorado,0,1979-11-23,Analista de Produto,2024-12-19,Desligado
1450,Funcionário 1450,55,Qualidade,Florianópolis,313.695.528-58,4128733-9,Graduação,9,1969-03-24,Coordenador de Qualidade,2024-03-11,Desligado
1451,Funcionário 1451,35,Suporte,Recife,735.259.533-30,8427171-3,MBA,26,1989-03-05,Técnico de Suporte,2022-10-31,Ativo
1452,Funcionário 1452,51,Produto,Brasília,938.992.045-06,4725540-5,Graduação,4,1973-12-23,Product Owner,2024-08-28,Ativo
1453,Funcionário 1453,28,Vendas,Belém,323.661.850-73,8702666-0,Ensino Médio,4,1996-07-03,Vendedor,2024-08-19,Ativo
1454,Funcionário 1454,29,Marketing,Belo Horizonte,826.971.823-81,3091804-2,Pós-graduação,10,1995-01-04,Gerente de Marketing,2024-02-20,Desligado
1455,Funcionário 1455,24,Operações,Belém,615.838.821-11,8293757-4,Doutorado,2,2000-11-26,Supervisor,2024-10-06,Ativo
1456,Funcionário 1456,22,Produto,Natal,846.735.742-81,3562992-2,Mestrado,26,2002-04-07,Analista de Produto,2022-10-25,Ativo
1457,Funcionário 1457,44,Vendas,Fortaleza,280.194.425-45,4089229-2,Graduação,25,1980-12-27,Gerente de Vendas,2022-11-12,Ativo
1458,Funcionário 1458,54,Comercial,Vitória,560.629.535-03,9032737-3,Pós-graduação,32,1970-07-08,Vendedor,2022-04-11,Ativo
1459,Funcionário 1459,38,Suporte,Natal,118.046.741-84,4843914-8,MBA,20,1986-01-16,Coordenador de Suporte,2023-04-29,Ativo
1460,Funcionário 1460,56,Financeiro,Goiânia,418.520.136-21,5812104-6,Doutorado,24,1968-07-22,Gerente Financeiro,2022-12-24,Desligado
1461,Funcionário 1461,52,Tecnologia,Manaus,397.561.547-80,2220063-2,Pós-graduação,32,1972-06-11,Arquiteto,2022-04-03,Ativo
1462,Funcionário 1462,35,Comercial,Vitória,151.641.195-10,2532162-9,Doutorado,13,1989-07-09,Executivo de Contas,2023-11-07,Desligado
1463,Funcionário 1463,48,Comercial,Joinville,693.957.875-70,3299952-0,Doutorado,23,1976-01-16,Analista Comercial,2023-01-14,Ativo
1464,Funcionário 1464,36,Suporte,Goiânia,426.201.971-39,6158675-1,Doutorado,26,1988-12-22,Analista de Suporte,2022-10-06,Desligado
1465,Funcionário 1465,55,Marketing,Brasília,393.696.789-05,9778172-7,MBA,5,1969-07-02,Especialista em SEO,2024-07-18,Ativo
1466,Funcionário 1466,34,Tecnologia,Curitiba,312.677.319-23,1475103-7,Mestrado,23,1990-03-15,DevOps,2023-01-15,Ativo
1467,Funcionário 1467,35,Vendas,Belém,598.897.865-75,6180257-3,Tecnólogo,19,1989-11-07,Gerente de Vendas,2023-05-01,Ativo
1468,Funcionário 1468,28,Inovação,Vitória,191.654.308-16,1766394-2,MBA,13,1996-03-08,Analista de Inovação,2023-11-17,Desligado
1469,Funcionário 1469,59,Marketing,Fortaleza,191.505.764-70,5766279-7,Mestrado,16,1965-10-21,Especialista em SEO,2023-08-03,Ativo
1470,Funcionário 1470,38,Gente & Gestão,Goiânia,000.268.764-00,9328408-6,Ensino Médio,15,1986-09-22,Especialista em Folha,2023-09-26,Ativo
1471,Funcionário 1471,51,Financeiro,Porto Alegre,497.974.163-05,1566645-4,MBA,10,1973-06-14,Analista Financeiro,2024-02-29,Ativo
1472,Funcionário 1472,43,Suporte,Porto Alegre,500.635.537-91,5570107-9,Tecnólogo,22,1981-01-19,Técnico de Suporte,2023-02-12,Ativo
1473,Funcionário 1473,38,Atendimento,Rio de Janeiro,692.771.195-35,6387100-3,Tecnólogo,26,1986-10-23,Atendente,2022-10-09,Ativo
1474,Funcionário 1474,55,Operações,São Paulo,059.702.551-73,4462315-6,Doutorado,25,1969-09-06,Analista de Operações,2022-11-27,Ativo
1475,Funcionário 1475,26,Gente & Gestão,Joinville,431.594.898-50,5726023-6,Graduação,13,1998-10-13,Analista de RH,2023-11-18,Ativo
1476,Funcionário 1476,58,Marketing,Salvador,634.544.344-16,5103508-9,MBA,31,1966-05-20,Especialista em SEO,2022-05-30,Desligado
1477,Funcionário 1477,23,Vendas,Fortaleza,344.974.394-53,3874563-2,Pós-graduação,8,2001-05-01,Gerente de Vendas,2024-04-19,Ativo
1478,Funcionário 1478,43,Operações,Curitiba,309.586.297-06,9764165-9,Doutorado,21,1981-10-22,Analista de Operações,2023-03-24,Ativo
1479,Funcionário 1479,59,Produto,Goiânia,413.210.972-04,9031877-0,Ensino Médio,31,1965-12-06,Product Owner,2022-05-06,Desligado
1480,Funcionário 1480,28,Tecnologia,Vitória,754.853.465-53,3108240-0,Ensino Médio,13,1996-08-26,Desenvolvedor,2023-11-21,Ativo
1481,Funcionário 1481,45,Financeiro,Joinville,300.449.646-17,1916164-0,MBA,31,1979-03-24,Contador,2022-05-12,Ativo
1482,Funcionário 1482,48,Produto,Fortaleza,251.213.756-20,4192948-5,Ensino Médio,12,1976-09-23,Product Owner,2023-12-31,Ativo
1483,Funcionário 1483,57,Qualidade,Belo Horizonte,957.086.199-10,6005392-3,Mestrado,21,1967-02-09,Coordenador de Qualidade,2023-03-24,Ativo
1484,Funcionário 1484,44,Comercial,Recife,456.631.138-43,4079746-3,Ensino Médio,11,1980-01-07,Vendedor,2024-01-30,Ativo
1485,Funcionário 1485,39,Operações,Belém,622.033.474-49,2808272-0,Ensino Médio,23,1985-05-14,Analista de Operações,2023-01-11,Ativo
1486,Funcionário 1486,38,Comercial,Rio de Janeiro,437.968.680-96,6264565-2,Mestrado,33,1986-09-26,Gerente Comercial,2022-03-08,Ativo
1487,Funcionário 1487,51,Atendimento,Curitiba,946.902.177-00,1629814-4,Tecnólogo,16,1973-02-15,Supervisor de Atendimento,2023-08-09,Ativo
1488,Funcionário 1488,28,Marketing,Curitiba,350.238.502-50,8082070-6,Tecnólogo,25,1996-09-20,Gerente de Marketing,2022-11-28,Ativo
1489,Funcionário 1489,27,Operações,Recife,527.523.328-07,3286603-0,Ensino Médio,25,1997-10-26,Gerente de Operações,2022-11-10,Ativo
1490,Funcionário 1490,50,Gente & Gestão,Recife,256.913.303-57,8859220-7,Mestrado,34,1974-04-07,Analista de RH,2022-02-14,Ativo
1491,Funcionário 1491,33,Atendimento,Florianópolis,116.750.762-27,6287988-3,Graduação,3,1991-10-20,Analista de Atendimento,2024-09-06,Ativo
1492,Funcionário 1492,41,Marketing,Fortaleza,024.530.123-20,4637045-4,Mestrado,18,1983-08-06,Analista de Marketing,2023-06-14,Ativo
1493,Funcionário 1493,45,Inovação,Florianópolis,202.847.190-56,3741507-2,Mestrado,29,1979-08-23,Innovation Lead,2022-07-06,Ativo
1494,Funcionário 1494,56,Operações,Fortaleza,405.076.487-30,9307947-5,Pós-graduação,29,1968-08-21,Coordenador Operacional,2022-07-28,Ativo
1495,Funcionário 1495,50,Suporte,Salvador,461.992.406-77,8393823-2,Tecnólogo,11,1974-11-18,Técnico de Suporte,2024-01-07,Ativo
1496,Funcionário 1496,22,Comercial,Rio de Janeiro,725.812.259-12,7463881-6,Tecnólogo,33,2002-10-26,Vendedor,2022-03-24,Ativo
1497,Funcionário 1497,59,Inovação,Salvador,844.823.733-11,4125710-1,Doutorado,5,1965-10-25,Product Manager,2024-07-13,Ativo
1498,Funcionário 1498,43,Suporte,Brasília,211.018.780-88,7978124-9,Doutorado,20,1981-12-12,Coordenador de Suporte,2023-04-28,Ativo
1499,Funcionário 1499,55,Suporte,Curitiba,017.074.039-02,5224824-5,MBA,25,1969-06-04,Analista de Suporte,2022-11-06,Ativo
1500,Funcionário 1500,42,Operações,Porto Alegre,295.171.222-76,4696222-8,Ensino Médio,2,1982-07-24,Supervisor,2024-10-05,Ativo
1501,Funcionário 1501,22,Produto,Porto Alegre,722.054.221-62,5373368-9,MBA,10,2002-03-13,Analista de Produto,2024-02-09,Ativo
1502,Funcionário 1502,47,Qualidade,São Paulo,633.083.344-37,9425574-8,Pós-graduação,15,1977-08-27,Coordenador de Qualidade,2023-09-11,Desligado
1503,Funcionário 1503,38,Vendas,Fortaleza,789.950.470-89,7333787-8,Doutorado,24,1986-01-28,Coordenador de Vendas,2022-12-07,Ativo
1504,Funcionário 1504,28,Qualidade,Vitória,519.537.749-97,4509845-2,Tecnólogo,23,1996-07-14,Coordenador de Qualidade,2023-01-08,Ativo
1505,Funcionário 1505,25,Inovação,Natal,956.342.777-79,3577164-0,Graduação,14,1999-03-06,Product Manager,2023-10-16,Ativo
1506,Funcionário 1506,31,Comercial,Belém,616.581.292-96,3645228-2,Ensino Médio,34,1993-11-12,Vendedor,2022-02-26,Ativo
1507,Funcionário 1507,33,Operações,Belo Horizonte,941.156.302-30,7748185-3,Ensino Médio,14,1991-06-25,Gerente de Operações,2023-10-13,Ativo
1508,Funcionário 1508,22,Operações,Vitória,637.262.942-95,5348804-9,MBA,33,2002-07-13,Coordenador Operacional,2022-03-29,Desligado
1509,Funcionário 1509,27,Suporte,Curitiba,808.513.313-00,4765638-2,Mestrado,33,1997-01-09,Analista de Suporte,2022-03-24,Ativo
1510,Funcionário 1510,54,Inovação,Rio de Janeiro,112.212.154-77,3577881-6,Tecnólogo,1,1970-11-04,Analista de Inovação,2024-11-13,Ativo
1511,Funcionário 1511,28,Qualidade,Fortaleza,868.764.019-60,1981259-6,Tecnólogo,28,1996-09-11,Analista de Qualidade,2022-08-13,Ativo
1512,Funcionário 1512,36,Financeiro,Belém,442.006.298-36,5102900-5,Doutorado,2,1988-08-21,Gerente Financeiro,2024-10-16,Ativo
1513,Funcionário 1513,48,Vendas,Porto Alegre,856.646.419-24,4024807-1,MBA,6,1976-12-05,Gerente de Vendas,2024-06-10,Ativo
1514,Funcionário 1514,54,Inovação,Belo Horizonte,926.221.320-42,3736282-9,Doutorado,15,1970-12-03,Product Manager,2023-09-18,Desligado
1515,Funcionário 1515,50,Atendimento,Florianópolis,483.147.891-19,3574031-6,Doutorado,29,1974-08-28,Supervisor de Atendimento,2022-07-04,Ativo
1516,Funcionário 1516,44,Comercial,São Paulo,999.949.812-42,1333906-0,Ensino Médio,1,1980-12-07,Vendedor,2024-11-18,Desligado
1517,Funcionário 1517,44,Inovação,Florianópolis,366.602.000-37,6648226-3,Tecnólogo,12,1980-04-24,Innovation Lead,2023-12-14,Ativo
1518,Funcionário 1518,39,Produto,Rio de Janeiro,863.105.052-03,1032061-5,Ensino Médio,17,1985-04-17,Product Manager,2023-07-08,Ativo
1519,Funcionário 1519,35,Financeiro,Natal,826.929.900-64,3751699-7,Mestrado,5,1989-07-18,Controller,2024-07-12,Ativo
1520,Funcionário 1520,31,Inovação,Recife,633.283.896-52,2397572-8,Tecnólogo,22,1993-04-27,Product Manager,2023-02-22,Ativo
1521,Funcionário 1521,57,Gente & Gestão,Goiânia,518.626.713-97,2823015-0,Pós-graduação,6,1967-09-10,Analista de RH,2024-06-07,Ativo
1522,Funcionário 1522,54,Atendimento,Florianópolis,132.823.392-83,4754837-5,Doutorado,29,1970-11-18,Supervisor de Atendimento,2022-07-23,Ativo
1523,Funcionário 1523,33,Marketing,Natal,279.187.506-91,1728949-6,Ensino Médio,3,1991-08-13,Gerente de Marketing,2024-09-14,Desligado
1524,Funcionário 1524,48,Qualidade,São Paulo,592.088.143-78,8459060-6,Mestrado,30,1976-10-05,Auditor,2022-06-03,Ativo
1525,Funcionário 1525,23,Financeiro,Curitiba,178.159.698-01,9346305-2,Doutorado,19,2001-09-23,Analista Financeiro,2023-05-21,Ativo
1526,Funcionário 1526,36,Vendas,Rio de Janeiro,026.656.862-95,6430328-7,Pós-graduação,12,1988-10-27,Gerente de Vendas,2023-12-26,Desligado
1527,Funcionário 1527,47,Tecnologia,Fortaleza,349.899.255-48,1151539-7,Tecnólogo,20,1977-10-09,Desenvolvedor,2023-04-03,Ativo
1528,Funcionário 1528,58,Produto,Porto Alegre,429.907.472-65,6108877-1,Mestrado,8,1966-07-19,Product Manager,2024-04-23,Ativo
1529,Funcionário 1529,45,Marketing,Goiânia,799.670.808-84,5276681-8,Ensino Médio,5,1979-05-22,Analista de Marketing,2024-07-25,Ativo
1530,Funcionário 1530,45,Gente & Gestão,Salvador,599.464.183-98,5069009-4,Tecnólogo,2,1979-05-04,Especialista em Folha,2024-10-29,Ativo
1531,Funcionário 1531,45,Vendas,Joinville,785.369.881-00,1468996-4,Ensino Médio,10,1979-05-25,Vendedor,2024-02-19,Ativo
1532,Funcionário 1532,51,Marketing,Recife,450.928.605-88,1526788-2,Graduação,24,1973-02-27,Analista de Marketing,2022-12-17,Ativo
1533,Funcionário 1533,42,Comercial,Rio de Janeiro,627.066.489-61,5539236-8,MBA,31,1982-01-27,Analista Comercial,2022-05-06,Ativo
1534,Funcionário 1534,31,Tecnologia,Curitiba,458.130.889-54,9094463-4,Tecnólogo,23,1993-11-26,DevOps,2023-01-25,Desligado
1535,Funcionário 1535,58,Comercial,São Paulo,883.997.418-09,3506135-7,Ensino Médio,12,1966-07-28,Executivo de Contas,2023-12-13,Ativo
1536,Funcionário 1536,50,Financeiro,Curitiba,500.030.566-35,6970859-3,Graduação,29,1974-10-28,Gerente Financeiro,2022-07-28,Ativo
1537,Funcionário 1537,30,Produto,Vitória,056.418.493-40,5935684-6,Pós-graduação,6,1994-09-22,Product Manager,2024-06-16,Ativo
1538,Funcionário 1538,40,Atendimento,Joinville,790.870.187-62,1523952-1,Tecnólogo,25,1984-07-21,Atendente,2022-11-28,Ativo
1539,Funcionário 1539,47,Atendimento,Goiânia,365.103.444-59,1725880-6,Pós-graduação,18,1977-03-20,Atendente,2023-06-01,Ativo
1540,Funcionário 1540,39,Gente & Gestão,Florianópolis,745.686.524-80,3114701-1,Tecnólogo,33,1985-07-05,Analista de RH,2022-03-21,Ativo
1541,Funcionário 1541,40,Tecnologia,Manaus,559.967.256-57,1132781-5,Ensino Médio,23,1984-03-28,DevOps,2023-01-01,Ativo
1542,Funcionário 1542,24,Produto,São Paulo,334.704.747-88,6464008-5,Doutorado,9,2000-05-18,Product Owner,2024-03-07,Ativo
1543,Funcionário 1543,56,Marketing,Joinville,939.652.138-81,2372974-2,Pós-graduação,20,1968-06-01,Analista de Marketing,2023-04-07,Ativo
1544,Funcionário 1544,28,Financeiro,Natal,455.312.900-04,2533514-1,MBA,19,1996-07-05,Contador,2023-05-26,Ativo
1545,Funcionário 1545,22,Tecnologia,Salvador,732.772.648-90,6389326-8,Tecnólogo,19,2002-10-12,Analista de Sistemas,2023-05-20,Ativo
1546,Funcionário 1546,37,Atendimento,Brasília,522.942.525-35,6497755-7,MBA,29,1987-07-04,Supervisor de Atendimento,2022-07-27,Ativo
1547,Funcionário 1547,49,Operações,Natal,591.710.508-17,5333997-7,Pós-graduação,32,1975-06-10,Gerente de Operações,2022-04-07,Ativo
1548,Funcionário 1548,28,Vendas,Goiânia,744.735.352-31,5962643-1,Graduação,15,1996-08-28,Gerente de Vendas,2023-09-02,Ativo
1549,Funcionário 1549,47,Inovação,São Paulo,715.949.734-15,4881711-7,Tecnólogo,16,1977-10-07,Analista de Inovação,2023-08-16,Desligado
1550,Funcionário 1550,41,Suporte,Joinville,880.331.836-40,9743708-9,Pós-graduação,30,1983-02-23,Analista de Suporte,2022-06-20,Ativo
1551,Funcionário 1551,47,Produto,Curitiba,260.878.828-98,8972832-3,Mestrado,31,1977-06-26,Product Owner,2022-05-20,Ativo
1552,Funcionário 1552,33,Atendimento,Manaus,048.625.152-74,6481363-3,Ensino Médio,27,1991-08-23,Atendente,2022-09-08,Ativo
1553,Funcionário 1553,35,Marketing,Goiânia,537.801.891-94,5907962-4,Tecnólogo,12,1989-07-22,Especialista em SEO,2023-12-31,Ativo
1554,Funcionário 1554,42,Qualidade,Natal,671.776.296-96,7644679-2,Pós-graduação,31,1982-05-08,Coordenador de Qualidade,2022-05-14,Ativo
1555,Funcionário 1555,30,Inovação,Vitória,999.466.450-68,9929941-9,MBA,33,1994-12-02,Innovation Lead,2022-03-01,Desligado
1556,Funcionário 1556,38,Qualidade,Curitiba,857.390.835-16,7871926-8,Pós-graduação,24,1986-02-23,Auditor,2022-12-02,Desligado
1557,Funcionário 1557,24,Inovação,Manaus,442.464.884-29,7223260-7,Tecnólogo,5,2000-10-12,Product Manager,2024-07-26,Ativo
1558,Funcionário 1558,37,Suporte,Curitiba,595.828.190-90,8763837-8,Pós-graduação,23,1987-03-03,Analista de Suporte,2023-01-02,Ativo
1559,Funcionário 1559,27,Financeiro,Belo Horizonte,912.488.397-22,9877175-4,Tecnólogo,30,1997-08-01,Gerente Financeiro,2022-06-17,Ativo
1560,Funcionário 1560,51,Gente & Gestão,Florianópolis,451.436.728-13,4651356-0,Doutorado,9,1973-09-04,Especialista em Folha,2024-03-12,Desligado
1561,Funcionário 1561,40,Operações,Joinville,388.568.119-60,2338593-4,Graduação,19,1984-10-16,Analista de Operações,2023-05-19,Ativo
1562,Funcionário 1562,58,Inovação,Fortaleza,590.099.217-94,3479789-8,MBA,4,1966-10-02,Innovation Lead,2024-08-16,Ativo
1563,Funcionário 1563,36,Suporte,Recife,669.335.158-18,1199459-5,MBA,34,1988-12-15,Coordenador de Suporte,2022-02-12,Ativo
1564,Funcionário 1564,58,Vendas,Vitória,326.011.939-64,9936187-2,Graduação,30,1966-01-08,Vendedor,2022-06-13,Ativo
1565,Funcionário 1565,27,Tecnologia,Recife,974.255.136-76,6504438-8,MBA,33,1997-10-02,QA Engineer,2022-03-28,Ativo
1566,Funcionário 1566,32,Operações,Brasília,181.045.024-17,2169016-5,Tecnólogo,21,1992-12-15,Gerente de Operações,2023-03-11,Ativo
1567,Funcionário 1567,56,Inovação,Goiânia,873.662.713-57,5116223-3,Doutorado,12,1968-09-24,Product Manager,2023-12-16,Ativo
1568,Funcionário 1568,31,Qualidade,Belo Horizonte,539.005.856-95,8555833-3,Pós-graduação,29,1993-06-21,Auditor,2022-07-05,Ativo
1569,Funcionário 1569,55,Vendas,Recife,156.639.792-80,2698894-6,Tecnólogo,11,1969-06-26,Vendedor,2024-01-02,Ativo
1570,Funcionário 1570,38,Suporte,Goiânia,436.902.837-01,3657644-8,Doutorado,3,1986-03-15,Coordenador de Suporte,2024-09-22,Desligado
1571,Funcionário 1571,22,Qualidade,Rio de Janeiro,966.605.342-02,5302093-1,Pós-graduação,0,2002-02-13,Coordenador de Qualidade,2024-12-03,Ativo
1572,Funcionário 1572,34,Comercial,Recife,610.197.535-52,7263018-1,MBA,15,1990-07-27,Executivo de Contas,2023-09-06,Ativo
1573,Funcionário 1573,25,Comercial,Porto Alegre,038.802.730-49,8083687-2,Graduação,18,1999-03-16,Executivo de Contas,2023-06-25,Ativo
1574,Funcionário 1574,33,Tecnologia,Recife,814.447.189-08,1362517-9,Tecnólogo,20,1991-10-11,Analista de Sistemas,2023-04-16,Ativo
1575,Funcionário 1575,29,Suporte,Fortaleza,690.676.490-07,5667750-9,Doutorado,24,1995-03-17,Analista de Suporte,2022-12-22,Ativo
1576,Funcionário 1576,33,Vendas,Curitiba,874.551.358-90,8608681-4,Tecnólogo,5,1991-03-28,Coordenador de Vendas,2024-07-18,Ativo
1577,Funcionário 1577,57,Atendimento,Porto Alegre,306.881.164-34,9453649-8,Pós-graduação,33,1967-04-10,Atendente,2022-03-13,Ativo
1578,Funcionário 1578,33,Operações,Curitiba,187.387.758-75,5764136-7,MBA,20,1991-12-08,Coordenador Operacional,2023-04-01,Ativo
1579,Funcionário 1579,42,Qualidade,Curitiba,704.130.909-65,8031853-0,Mestrado,28,1982-06-07,Auditor,2022-08-19,Ativo
1580,Funcionário 1580,41,Marketing,Rio de Janeiro,282.625.420-02,4903114-1,Doutorado,18,1983-02-21,Analista de Marketing,2023-06-21,Ativo
1581,Funcionário 1581,22,Atendimento,Belo Horizonte,905.772.044-24,9300492-9,Mestrado,31,2002-01-02,Analista de Atendimento,2022-05-16,Ativo
1582,Funcionário 1582,43,Qualidade,Recife,419.324.538-14,6193662-1,Doutorado,30,1981-01-20,Coordenador de Qualidade,2022-06-04,Ativo
1583,Funcionário 1583,27,Tecnologia,Florianópolis,224.870.987-08,7826210-3,Tecnólogo,25,1997-12-13,Analista de Sistemas,2022-11-06,Ativo
1584,Funcionário 1584,45,Suporte,Recife,225.174.224-78,4590071-2,MBA,35,1979-05-27,Técnico de Suporte,2022-01-29,Ativo
1585,Funcionário 1585,42,Vendas,Goiânia,611.890.034-57,7400214-3,Doutorado,10,1982-09-14,Vendedor,2024-02-23,Desligado
1586,Funcionário 1586,39,Marketing,Manaus,070.286.720-93,4966900-6,Ensino Médio,25,1985-01-02,Especialista em SEO,2022-11-07,Ativo
1587,Funcionário 1587,48,Atendimento,Goiânia,621.953.689-42,6251075-0,Ensino Médio,33,1976-01-11,Analista de Atendimento,2022-03-05,Ativo
1588,Funcionário 1588,53,Atendimento,Recife,017.325.900-60,4179392-0,Ensino Médio,4,1971-04-20,Supervisor de Atendimento,2024-08-02,Ativo
1589,Funcionário 1589,44,Comercial,Salvador,722.113.869-97,2267862-6,Pós-graduação,33,1980-12-17,Analista Comercial,2022-03-26,Ativo
1590,Funcionário 1590,44,Inovação,Brasília,722.104.546-11,2147606-7,Ensino Médio,28,1980-08-04,Analista de Inovação,2022-08-18,Ativo
1591,Funcionário 1591,23,Comercial,Vitória,074.436.023-40,3210308-2,Ensino Médio,15,2001-05-28,Vendedor,2023-09-10,Ativo
1592,Funcionário 1592,55,Financeiro,Florianópolis,521.602.523-52,1285508-9,Graduação,17,1969-02-05,Contador,2023-07-07,Ativo
1593,Funcionário 1593,39,Marketing,Brasília,447.726.903-01,6298350-1,MBA,23,1985-07-21,Especialista em SEO,2023-01-10,Ativo
1594,Funcionário 1594,31,Inovação,Joinville,327.617.948-26,6787240-5,Ensino Médio,34,1993-11-05,Innovation Lead,2022-02-19,Ativo
1595,Funcionário 1595,23,Atendimento,Recife,985.160.211-65,2525364-2,Pós-graduação,28,2001-06-18,Atendente,2022-08-15,Ativo
1596,Funcionário 1596,34,Marketing,Salvador,686.498.647-08,4588544-7,Pós-graduação,7,1990-09-22,Especialista em SEO,2024-05-26,Ativo
1597,Funcionário 1597,40,Comercial,Porto Alegre,600.884.474-21,2485970-9,Mestrado,34,1984-09-24,Gerente Comercial,2022-02-18,Ativo
1598,Funcionário 1598,44,Produto,Belo Horizonte,190.749.921-02,9876598-3,Ensino Médio,6,1980-05-02,Product Owner,2024-06-14,Desligado
1599,Funcionário 1599,29,Comercial,Salvador,692.353.484-47,1655531-8,MBA,1,1995-07-09,Executivo de Contas,2024-11-10,Ativo
1600,Funcionário 1600,51,Operações,Belém,213.986.546-47,3821467-1,Graduação,23,1973-03-23,Analista de Operações,2023-01-19,Ativo
1601,Funcionário 1601,24,Atendimento,Brasília,237.205.503-89,9707327-6,Graduação,21,2000-01-02,Analista de Atendimento,2023-03-23,Desligado
1602,Funcionário 1602,33,Comercial,Fortaleza,346.739.190-76,2509635-1,Pós-graduação,35,1991-09-17,Analista Comercial,2022-01-07,Ativo
1603,Funcionário 1603,39,Gente & Gestão,Belo Horizonte,416.009.169-53,4381305-7,Pós-graduação,25,1985-04-05,Recrutador,2022-11-08,Ativo
1604,Funcionário 1604,58,Inovação,Recife,989.790.608-82,2379095-8,Tecnólogo,13,1966-05-18,Innovation Lead,2023-11-21,Ativo
1605,Funcionário 1605,30,Gente & Gestão,Belém,674.630.009-90,8290741-1,MBA,1,1994-05-22,Gerente de RH,2024-11-20,Ativo
1606,Funcionário 1606,31,Financeiro,Belém,137.118.151-97,3374338-9,Ensino Médio,11,1993-12-09,Analista Financeiro,2024-01-27,Ativo
1607,Funcionário 1607,36,Atendimento,Brasília,420.340.153-47,1502835-7,Doutorado,14,1988-04-09,Supervisor de Atendimento,2023-10-26,Ativo
1608,Funcionário 1608,49,Suporte,Vitória,569.994.494-06,1900408-1,Doutorado,8,1975-07-15,Analista de Suporte,2024-04-08,Desligado
1609,Funcionário 1609,27,Tecnologia,Joinville,082.402.818-00,8495025-9,Graduação,25,1997-03-21,DevOps,2022-11-08,Ativo
1610,Funcionário 1610,47,Gente & Gestão,Rio de Janeiro,402.620.858-36,3280748-7,MBA,31,1977-08-09,Analista de RH,2022-05-24,Ativo
1611,Funcionário 1611,48,Inovação,Brasília,353.642.357-42,2588823-8,MBA,34,1976-01-10,Innovation Lead,2022-02-05,Desligado
1612,Funcionário 1612,37,Financeiro,Brasília,285.181.612-82,7670331-1,Doutorado,13,1987-06-19,Analista Financeiro,2023-11-02,Desligado
1613,Funcionário 1613,46,Qualidade,Manaus,007.923.046-67,5065168-8,Tecnólogo,8,1978-01-02,Analista de Qualidade,2024-04-16,Desligado
1614,Funcionário 1614,54,Qualidade,Salvador,271.012.329-06,1492664-4,Pós-graduação,7,1970-02-12,Analista de Qualidade,2024-05-24,Desligado
1615,Funcionário 1615,49,Marketing,Florianópolis,850.766.534-92,6124793-2,MBA,14,1975-07-24,Especialista em SEO,2023-10-02,Desligado
1616,Funcionário 1616,55,Inovação,Recife,276.346.019-42,9375531-3,MBA,30,1969-06-08,Product Manager,2022-06-30,Desligado
1617,Funcionário 1617,35,Produto,Recife,472.435.861-04,6332643-1,Mestrado,2,1989-07-18,Product Manager,2024-10-02,Ativo
1618,Funcionário 1618,54,Inovação,Brasília,272.670.866-83,3560920-2,Ensino Médio,9,1970-06-23,Analista de Inovação,2024-03-04,Ativo
1619,Funcionário 1619,31,Produto,Salvador,419.768.784-20,3678376-9,Doutorado,16,1993-08-15,Product Owner,2023-08-24,Ativo
1620,Funcionário 1620,36,Gente & Gestão,Belém,035.006.184-05,3442333-2,Graduação,2,1988-10-16,Recrutador,2024-10-22,Ativo
1621,Funcionário 1621,31,Qualidade,Belo Horizonte,354.340.466-09,8261575-4,Pós-graduação,25,1993-02-05,Auditor,2022-11-09,Desligado
1622,Funcionário 1622,39,Marketing,Joinville,952.549.206-02,3075757-1,Ensino Médio,17,1985-05-21,Gerente de Marketing,2023-07-21,Ativo
1623,Funcionário 1623,33,Comercial,Joinville,973.881.827-30,4917508-4,MBA,19,1991-01-28,Gerente Comercial,2023-05-26,Ativo
1624,Funcionário 1624,30,Gente & Gestão,Curitiba,359.488.218-70,1389216-6,Graduação,1,1994-05-19,Gerente de RH,2024-11-24,Ativo
1625,Funcionário 1625,55,Vendas,Goiânia,640.511.021-49,5680271-1,Pós-graduação,25,1969-06-10,Vendedor,2022-11-26,Ativo
1626,Funcionário 1626,36,Qualidade,Recife,230.160.498-56,9332761-2,Pós-graduação,7,1988-01-27,Analista de Qualidade,2024-05-18,Ativo
1627,Funcionário 1627,55,Atendimento,São Paulo,186.003.203-64,1830449-1,Doutorado,28,1969-10-15,Analista de Atendimento,2022-08-04,Ativo
1628,Funcionário 1628,38,Produto,Fortaleza,140.034.713-00,8828832-8,Graduação,28,1986-12-16,Product Owner,2022-08-08,Ativo
1629,Funcionário 1629,47,Tecnologia,Goiânia,601.625.908-06,8829244-8,Mestrado,18,1977-02-19,Analista de Sistemas,2023-06-14,Ativo
1630,Funcionário 1630,25,Tecnologia,Fortaleza,550.113.753-40,1379732-7,Ensino Médio,13,1999-09-06,DevOps,2023-11-23,Ativo
1631,Funcionário 1631,28,Inovação,Curitiba,288.780.727-70,7970962-1,Ensino Médio,32,1996-12-08,Innovation Lead,2022-04-26,Ativo
1632,Funcionário 1632,52,Marketing,Natal,608.819.722-66,7445760-4,Graduação,22,1972-11-20,Gerente de Marketing,2023-02-20,Ativo
1633,Funcionário 1633,55,Inovação,Brasília,771.837.530-77,1117006-2,Ensino Médio,5,1969-07-18,Product Manager,2024-07-05,Ativo
1634,Funcionário 1634,37,Vendas,Vitória,480.855.780-00,5918412-3,MBA,35,1987-03-21,Coordenador de Vendas,2022-01-31,Ativo
1635,Funcionário 1635,48,Financeiro,Natal,236.221.690-01,6912485-7,Mestrado,10,1976-10-22,Gerente Financeiro,2024-02-27,Ativo
1636,Funcionário 1636,51,Financeiro,Florianópolis,467.067.516-85,7118266-2,Mestrado,28,1973-04-19,Analista Financeiro,2022-08-31,Ativo
1637,Funcionário 1637,43,Comercial,Salvador,150.164.261-80,7106548-0,Tecnólogo,35,1981-08-01,Gerente Comercial,2022-01-10,Ativo
1638,Funcionário 1638,33,Inovação,Porto Alegre,842.431.983-49,9445469-1,Pós-graduação,26,1991-05-18,Innovation Lead,2022-10-08,Ativo
1639,Funcionário 1639,52,Atendimento,Rio de Janeiro,300.416.910-08,7179064-1,Mestrado,14,1972-04-02,Atendente,2023-10-10,Desligado
1640,Funcionário 1640,41,Inovação,Manaus,675.864.633-52,2568206-0,MBA,13,1983-04-10,Analista de Inovação,2023-11-07,Ativo
1641,Funcionário 1641,36,Tecnologia,Curitiba,501.476.427-44,3051509-5,MBA,1,1988-10-26,QA Engineer,2024-11-01,Ativo
1642,Funcionário 1642,40,Comercial,Goiânia,738.551.281-03,3247918-3,Mestrado,5,1984-08-11,Analista Comercial,2024-07-08,Ativo
1643,Funcionário 1643,57,Financeiro,Joinville,959.781.554-02,1765283-9,Graduação,25,1967-07-28,Analista Financeiro,2022-11-13,Ativo
1644,Funcionário 1644,28,Vendas,Manaus,723.602.446-55,8861196-2,MBA,11,1996-05-14,Coordenador de Vendas,2024-01-28,Ativo
1645,Funcionário 1645,55,Comercial,Porto Alegre,051.710.730-90,5422045-7,Doutorado,2,1969-08-04,Executivo de Contas,2024-10-21,Ativo
1646,Funcionário 1646,53,Atendimento,Salvador,837.031.754-51,8420570-4,MBA,20,1971-09-01,Supervisor de Atendimento,2023-04-13,Ativo
1647,Funcionário 1647,26,Atendimento,Recife,148.572.602-63,7617390-8,Tecnólogo,24,1998-06-09,Analista de Atendimento,2022-12-20,Ativo
1648,Funcionário 1648,48,Qualidade,Natal,627.288.407-92,8471222-6,Graduação,7,1976-07-09,Analista de Qualidade,2024-05-03,Desligado
1649,Funcionário 1649,29,Tecnologia,Manaus,327.135.386-70,3103533-3,Ensino Médio,3,1995-07-23,Analista de Sistemas,2024-09-01,Desligado
1650,Funcionário 1650,42,Gente & Gestão,São Paulo,868.790.604-80,4921774-2,Ensino Médio,1,1982-09-13,Analista de RH,2024-11-24,Ativo
1651,Funcionário 1651,26,Atendimento,Salvador,055.340.508-02,2406064-5,Mestrado,26,1998-08-07,Supervisor de Atendimento,2022-10-24,Ativo
1652,Funcionário 1652,59,Produto,Vitória,976.405.356-46,8774115-7,Graduação,5,1965-01-24,Product Owner,2024-07-11,Ativo
1653,Funcionário 1653,54,Marketing,São Paulo,554.261.903-72,9000330-3,Mestrado,0,1970-05-05,Analista de Marketing,2024-12-15,Ativo
1654,Funcionário 1654,57,Atendimento,Manaus,627.320.222-25,8797857-5,Tecnólogo,3,1967-02-04,Supervisor de Atendimento,2024-09-14,Ativo
1655,Funcionário 1655,27,Vendas,São Paulo,769.171.620-60,7240267-1,Doutorado,16,1997-03-20,Gerente de Vendas,2023-08-27,Ativo
1656,Funcionário 1656,48,Gente & Gestão,Manaus,448.698.305-07,1131929-3,Doutorado,24,1976-02-27,Especialista em Folha,2022-12-26,Ativo
1657,Funcionário 1657,44,Financeiro,Joinville,922.026.980-51,5506991-7,Mestrado,29,1980-05-06,Contador,2022-07-15,Ativo
1658,Funcionário 1658,46,Qualidade,Porto Alegre,106.801.770-86,8476736-0,MBA,21,1978-02-13,Coordenador de Qualidade,2023-03-19,Ativo
1659,Funcionário 1659,27,Vendas,Belém,500.493.326-00,7320566-9,Graduação,5,1997-03-09,Vendedor,2024-07-28,Ativo
1660,Funcionário 1660,22,Suporte,Recife,317.294.763-76,1545449-6,MBA,35,2002-09-08,Coordenador de Suporte,2022-01-11,Ativo
1661,Funcionário 1661,24,Vendas,Vitória,540.259.985-80,4772631-2,MBA,28,2000-12-20,Gerente de Vendas,2022-08-11,Ativo
1662,Funcionário 1662,41,Financeiro,Manaus,727.281.291-50,6007414-9,MBA,9,1983-04-12,Contador,2024-03-04,Ativo
1663,Funcionário 1663,42,Marketing,Rio de Janeiro,602.667.652-03,6970972-3,Doutorado,5,1982-03-18,Especialista em SEO,2024-07-18,Ativo
1664,Funcionário 1664,34,Tecnologia,Rio de Janeiro,974.995.070-41,1046795-6,Ensino Médio,1,1990-09-14,Desenvolvedor,2024-11-01,Ativo
1665,Funcionário 1665,23,Suporte,Florianópolis,756.020.801-04,2304501-5,Doutorado,24,2001-10-02,Técnico de Suporte,2022-12-18,Ativo
1666,Funcionário 1666,41,Vendas,São Paulo,439.044.890-03,4228414-3,Graduação,20,1983-03-06,Coordenador de Vendas,2023-04-07,Ativo
1667,Funcionário 1667,23,Financeiro,Florianópolis,320.235.102-87,1996223-1,Ensino Médio,10,2001-11-26,Analista Financeiro,2024-02-06,Ativo
1668,Funcionário 1668,39,Gente & Gestão,Belo Horizonte,935.450.369-10,4492198-9,Graduação,2,1985-09-26,Gerente de RH,2024-10-29,Ativo
1669,Funcionário 1669,38,Inovação,Joinville,333.243.629-54,1447151-5,MBA,7,1986-03-01,Product Manager,2024-05-23,Ativo
1670,Funcionário 1670,46,Gente & Gestão,Goiânia,983.124.412-55,7590456-5,Pós-graduação,32,1978-08-25,Especialista em Folha,2022-04-28,Ativo
1671,Funcionário 1671,45,Vendas,Joinville,999.201.237-49,6183992-9,Graduação,8,1979-04-03,Gerente de Vendas,2024-04-02,Ativo
1672,Funcionário 1672,26,Comercial,Recife,542.106.294-56,6736093-9,Ensino Médio,29,1998-10-07,Gerente Comercial,2022-07-10,Ativo
1673,Funcionário 1673,33,Comercial,São Paulo,192.267.131-20,3149309-6,Mestrado,3,1991-06-08,Analista Comercial,2024-09-13,Ativo
1674,Funcionário 1674,32,Suporte,Rio de Janeiro,475.286.461-48,8142454-1,Ensino Médio,26,1992-12-01,Analista de Suporte,2022-10-18,Ativo
1675,Funcionário 1675,36,Qualidade,Salvador,730.099.284-67,3788630-1,Doutorado,14,1988-03-09,Analista de Qualidade,2023-10-08,Desligado
1676,Funcionário 1676,56,Operações,Fortaleza,153.550.514-13,2762739-4,Graduação,21,1968-12-25,Analista de Operações,2023-03-06,Desligado
1677,Funcionário 1677,33,Financeiro,São Paulo,308.779.724-35,5216521-2,MBA,4,1991-10-05,Analista Financeiro,2024-08-12,Ativo
1678,Funcionário 1678,22,Atendimento,Vitória,218.834.581-96,9105115-7,Graduação,23,2002-12-01,Supervisor de Atendimento,2023-01-05,Ativo
1679,Funcionário 1679,53,Inovação,Manaus,067.693.332-79,1958982-2,Mestrado,7,1971-06-04,Product Manager,2024-05-30,Ativo
1680,Funcionário 1680,53,Produto,Manaus,578.464.085-26,4222994-8,Tecnólogo,2,1971-06-24,Analista de Produto,2024-10-28,Ativo
1681,Funcionário 1681,50,Comercial,Manaus,256.726.208-33,3823299-5,Mestrado,18,1974-07-16,Gerente Comercial,2023-06-30,Desligado
1682,Funcionário 1682,55,Inovação,Joinville,435.519.628-39,1144667-1,Tecnólogo,25,1969-03-06,Product Manager,2022-11-22,Ativo
1683,Funcionário 1683,30,Produto,Salvador,825.624.728-29,4024598-0,Mestrado,8,1994-04-19,Analista de Produto,2024-04-22,Ativo
1684,Funcionário 1684,56,Comercial,Porto Alegre,122.341.499-08,8004579-6,Mestrado,24,1968-10-01,Analista Comercial,2022-12-25,Ativo
1685,Funcionário 1685,51,Financeiro,Rio de Janeiro,270.266.045-20,4105656-1,Pós-graduação,32,1973-10-12,Gerente Financeiro,2022-04-18,Ativo
1686,Funcionário 1686,46,Qualidade,Manaus,740.039.101-17,3980247-2,Tecnólogo,21,1978-04-12,Auditor,2023-03-26,Ativo
1687,Funcionário 1687,35,Operações,Vitória,247.119.360-92,3408640-7,Doutorado,32,1989-07-01,Gerente de Operações,2022-04-06,Ativo
1688,Funcionário 1688,41,Operações,Rio de Janeiro,705.646.160-36,5720776-3,Pós-graduação,4,1983-07-28,Supervisor,2024-08-28,Desligado
1689,Funcionário 1689,45,Vendas,São Paulo,850.095.372-14,8140562-2,Doutorado,22,1979-05-14,Vendedor,2023-02-14,Desligado
1690,Funcionário 1690,52,Qualidade,Recife,313.361.094-59,6027633-2,MBA,16,1972-12-03,Coordenador de Qualidade,2023-08-03,Ativo
1691,Funcionário 1691,59,Qualidade,Manaus,316.544.137-55,7515624-8,Doutorado,23,1965-08-16,Coordenador de Qualidade,2023-01-01,Ativo
1692,Funcionário 1692,23,Atendimento,Vitória,576.063.494-10,8190159-1,Mestrado,23,2001-10-02,Analista de Atendimento,2023-01-04,Ativo
1693,Funcionário 1693,38,Financeiro,Rio de Janeiro,755.188.701-67,3892988-4,Mestrado,2,1986-10-20,Analista Financeiro,2024-10-09,Ativo
1694,Funcionário 1694,52,Suporte,Manaus,202.483.744-19,4674617-4,Graduação,17,1972-02-25,Coordenador de Suporte,2023-07-02,Ativo
1695,Funcionário 1695,55,Operações,Curitiba,565.386.947-30,9993698-5,Mestrado,35,1969-03-12,Analista de Operações,2022-01-23,Ativo
1696,Funcionário 1696,55,Qualidade,Vitória,362.689.047-37,5466437-1,Mestrado,24,1969-04-17,Coordenador de Qualidade,2022-12-21,Ativo
1697,Funcionário 1697,58,Comercial,Natal,009.538.557-67,5672909-3,Graduação,17,1966-03-03,Gerente Comercial,2023-07-03,Ativo
1698,Funcionário 1698,43,Operações,Recife,599.009.378-05,6112432-7,Graduação,30,1981-05-22,Supervisor,2022-06-09,Ativo
1699,Funcionário 1699,33,Tecnologia,Rio de Janeiro,614.378.844-82,7294416-1,MBA,21,1991-08-02,Arquiteto,2023-03-11,Ativo
1700,Funcionário 1700,25,Atendimento,Rio de Janeiro,875.646.726-50,2126482-5,Ensino Médio,20,1999-07-18,Analista de Atendimento,2023-04-24,Ativo
1701,Funcionário 1701,40,Gente & Gestão,Natal,418.589.900-92,3800740-9,Tecnólogo,25,1984-08-16,Analista de RH,2022-11-02,Ativo
1702,Funcionário 1702,48,Suporte,Porto Alegre,108.450.786-23,8187437-0,Mestrado,34,1976-05-08,Coordenador de Suporte,2022-02-11,Ativo
1703,Funcionário 1703,56,Suporte,Joinville,503.374.698-73,8382505-3,Ensino Médio,19,1968-04-01,Analista de Suporte,2023-05-19,Ativo
1704,Funcionário 1704,56,Marketing,Manaus,067.182.226-82,2363690-9,Ensino Médio,8,1968-08-19,Analista de Marketing,2024-04-20,Ativo
1705,Funcionário 1705,25,Produto,Belo Horizonte,087.886.538-11,1783342-6,Ensino Médio,13,1999-11-20,Product Manager,2023-11-06,Ativo
1706,Funcionário 1706,56,Tecnologia,Salvador,739.634.289-96,6283356-5,Tecnólogo,2,1968-08-13,Desenvolvedor,2024-10-28,Desligado
1707,Funcionário 1707,34,Financeiro,Curitiba,049.221.704-13,7735594-7,Pós-graduação,7,1990-12-25,Gerente Financeiro,2024-05-15,Desligado
1708,Funcionário 1708,47,Operações,Vitória,066.320.162-43,3974790-8,Graduação,35,1977-08-07,Supervisor,2022-01-31,Ativo
1709,Funcionário 1709,24,Suporte,Manaus,919.827.182-26,4423785-3,Tecnólogo,7,2000-12-11,Analista de Suporte,2024-05-07,Ativo
1710,Funcionário 1710,41,Inovação,Rio de Janeiro,717.086.494-09,1506789-3,MBA,24,1983-07-19,Analista de Inovação,2022-12-18,Ativo
1711,Funcionário 1711,33,Marketing,Recife,983.135.490-76,8022049-7,Ensino Médio,28,1991-05-12,Analista de Marketing,2022-08-20,Ativo
1712,Funcionário 1712,37,Suporte,Florianópolis,069.219.587-44,9900345-2,MBA,23,1987-01-12,Técnico de Suporte,2023-01-24,Ativo
1713,Funcionário 1713,32,Inovação,Porto Alegre,438.843.021-83,8910054-8,Tecnólogo,4,1992-12-18,Product Manager,2024-08-12,Desligado
1714,Funcionário 1714,55,Suporte,Brasília,066.431.589-58,5237886-9,Doutorado,32,1969-02-13,Coordenador de Suporte,2022-04-17,Ativo
1715,Funcionário 1715,28,Comercial,Belo Horizonte,281.503.701-70,7916680-4,Ensino Médio,3,1996-01-20,Gerente Comercial,2024-09-01,Ativo
1716,Funcionário 1716,53,Financeiro,Salvador,070.308.808-46,9869982-2,Tecnólogo,31,1971-08-06,Contador,2022-05-15,Ativo
1717,Funcionário 1717,37,Vendas,Manaus,968.244.850-63,6685447-9,Doutorado,34,1987-08-05,Coordenador de Vendas,2022-02-09,Ativo
1718,Funcionário 1718,38,Produto,Belo Horizonte,274.116.806-72,7457188-1,MBA,28,1986-12-20,Analista de Produto,2022-08-19,Ativo
1719,Funcionário 1719,48,Operações,Belo Horizonte,276.620.808-97,8655267-0,Tecnólogo,26,1976-01-08,Gerente de Operações,2022-10-01,Ativo
1720,Funcionário 1720,43,Financeiro,Salvador,263.444.359-50,5246007-5,Doutorado,10,1981-11-21,Gerente Financeiro,2024-02-21,Ativo
1721,Funcionário 1721,50,Marketing,Porto Alegre,870.120.424-60,1311508-9,Ensino Médio,25,1974-11-12,Analista de Marketing,2022-11-29,Ativo
1722,Funcionário 1722,43,Comercial,Vitória,123.753.028-85,1986479-3,MBA,18,1981-10-15,Gerente Comercial,2023-06-30,Ativo
1723,Funcionário 1723,39,Operações,Belo Horizonte,967.024.365-30,6953559-3,MBA,27,1985-12-10,Analista de Operações,2022-09-30,Desligado
1724,Funcionário 1724,51,Suporte,Vitória,648.187.540-48,9556729-8,Tecnólogo,19,1973-07-27,Coordenador de Suporte,2023-05-13,Ativo
1725,Funcionário 1725,39,Inovação,São Paulo,215.977.385-90,4314934-2,Mestrado,17,1985-12-13,Product Manager,2023-07-21,Ativo
1726,Funcionário 1726,56,Comercial,Manaus,360.667.998-00,7255103-9,Tecnólogo,8,1968-05-19,Executivo de Contas,2024-04-15,Desligado
1727,Funcionário 1727,34,Vendas,Natal,497.220.429-04,7890888-9,Graduação,0,1990-07-06,Vendedor,2024-12-10,Ativo
1728,Funcionário 1728,49,Gente & Gestão,Rio de Janeiro,920.666.179-54,7324261-9,MBA,8,1975-03-07,Especialista em Folha,2024-04-15,Ativo
1729,Funcionário 1729,45,Produto,Goiânia,992.998.335-08,9311973-7,Tecnólogo,3,1979-07-18,Product Manager,2024-09-04,Ativo
1730,Funcionário 1730,48,Atendimento,Natal,925.604.134-00,5218944-9,Doutorado,0,1976-03-02,Analista de Atendimento,2024-12-11,Ativo
1731,Funcionário 1731,59,Gente & Gestão,Rio de Janeiro,315.398.391-76,1074138-1,Pós-graduação,25,1965-03-13,Recrutador,2022-11-13,Desligado
1732,Funcionário 1732,36,Atendimento,Natal,440.762.914-25,2186433-3,Doutorado,20,1988-01-28,Supervisor de Atendimento,2023-04-10,Ativo
1733,Funcionário 1733,30,Operações,Belém,410.389.752-04,8294376-5,Tecnólogo,4,1994-03-02,Supervisor,2024-08-20,Ativo
1734,Funcionário 1734,25,Suporte,Brasília,642.240.592-82,4894453-0,MBA,32,1999-09-06,Coordenador de Suporte,2022-04-24,Ativo
1735,Funcionário 1735,54,Operações,Recife,976.691.948-80,1569674-5,Graduação,9,1970-03-19,Supervisor,2024-03-31,Ativo
1736,Funcionário 1736,54,Gente & Gestão,Rio de Janeiro,682.017.530-20,9828041-6,Doutorado,5,1970-10-14,Recrutador,2024-07-07,Ativo
1737,Funcionário 1737,23,Produto,Joinville,957.240.434-24,6334947-3,Graduação,2,2001-05-04,Analista de Produto,2024-10-02,Ativo
1738,Funcionário 1738,39,Produto,São Paulo,137.956.100-01,3844715-1,Doutorado,2,1985-08-16,Analista de Produto,2024-10-13,Ativo
1739,Funcionário 1739,56,Qualidade,Rio de Janeiro,750.361.920-10,2190891-9,Ensino Médio,26,1968-12-11,Analista de Qualidade,2022-10-28,Ativo
1740,Funcionário 1740,59,Financeiro,Florianópolis,387.337.034-42,5614769-7,Doutorado,23,1965-05-28,Controller,2023-01-12,Ativo
1741,Funcionário 1741,23,Comercial,Goiânia,489.047.607-55,4783139-5,Pós-graduação,0,2001-07-28,Vendedor,2024-12-30,Desligado
1742,Funcionário 1742,31,Gente & Gestão,Salvador,107.651.917-25,6994162-1,Tecnólogo,33,1993-12-18,Recrutador,2022-03-11,Ativo
1743,Funcionário 1743,59,Atendimento,Curitiba,732.895.145-10,2231020-8,Pós-graduação,10,1965-04-09,Analista de Atendimento,2024-02-25,Desligado
1744,Funcionário 1744,42,Tecnologia,Vitória,580.558.115-98,7583389-5,Mestrado,5,1982-05-09,Desenvolvedor,2024-07-14,Ativo
1745,Funcionário 1745,24,Atendimento,Porto Alegre,391.607.700-74,1211417-4,Mestrado,16,2000-01-19,Analista de Atendimento,2023-08-07,Ativo
1746,Funcionário 1746,42,Atendimento,Belo Horizonte,541.840.398-20,1404895-3,Doutorado,25,1982-03-03,Analista de Atendimento,2022-11-03,Ativo
1747,Funcionário 1747,29,Gente & Gestão,Goiânia,966.203.858-26,1353022-7,Doutorado,9,1995-11-09,Gerente de RH,2024-03-28,Ativo
1748,Funcionário 1748,37,Tecnologia,Natal,880.265.295-37,4466954-3,MBA,29,1987-07-10,Tech Lead,2022-07-05,Ativo
1749,Funcionário 1749,52,Marketing,Natal,356.230.397-15,9509886-0,Doutorado,15,1972-05-28,Gerente de Marketing,2023-09-07,Desligado
1750,Funcionário 1750,42,Comercial,Belo Horizonte,670.898.709-01,2554516-8,Graduação,24,1982-01-22,Executivo de Contas,2022-12-11,Ativo
1751,Funcionário 1751,47,Atendimento,Goiânia,431.132.661-06,6679143-8,Graduação,29,1977-06-18,Analista de Atendimento,2022-07-17,Ativo
1752,Funcionário 1752,46,Produto,Brasília,052.632.119-96,3666440-2,Ensino Médio,8,1978-01-10,Product Manager,2024-04-05,Ativo
1753,Funcionário 1753,28,Operações,Porto Alegre,053.970.774-02,1951354-8,Graduação,11,1996-12-09,Coordenador Operacional,2024-01-15,Ativo
1754,Funcionário 1754,42,Marketing,Joinville,231.714.619-19,8066975-7,Tecnólogo,13,1982-12-08,Especialista em SEO,2023-11-26,Ativo
1755,Funcionário 1755,52,Comercial,Salvador,662.623.596-64,3313039-6,MBA,35,1972-06-08,Analista Comercial,2022-01-06,Ativo
1756,Funcionário 1756,30,Atendimento,Recife,184.025.787-30,1812330-5,MBA,35,1994-04-13,Analista de Atendimento,2022-01-13,Ativo
1757,Funcionário 1757,37,Financeiro,Joinville,063.066.360-21,2471865-6,MBA,11,1987-01-05,Contador,2024-01-30,Ativo
1758,Funcionário 1758,58,Operações,Rio de Janeiro,409.891.039-00,1984860-3,Doutorado,33,1966-10-04,Analista de Operações,2022-03-31,Ativo
1759,Funcionário 1759,50,Operações,Manaus,025.209.452-22,8843195-9,Mestrado,22,1974-08-25,Supervisor,2023-02-14,Ativo
1760,Funcionário 1760,35,Gente & Gestão,São Paulo,531.926.009-18,8775711-5,Ensino Médio,0,1989-07-02,Analista de RH,2024-12-28,Desligado
1761,Funcionário 1761,48,Marketing,Belém,745.449.205-31,5723052-4,Tecnólogo,16,1976-12-18,Analista de Marketing,2023-08-09,Ativo
1762,Funcionário 1762,49,Qualidade,Brasília,538.118.081-09,4546055-4,Doutorado,9,1975-06-21,Analista de Qualidade,2024-03-08,Ativo
1763,Funcionário 1763,26,Atendimento,Rio de Janeiro,456.622.952-12,6283100-6,Tecnólogo,27,1998-08-20,Atendente,2022-09-10,Ativo
1764,Funcionário 1764,48,Atendimento,Goiânia,603.616.248-08,8531455-2,Tecnólogo,7,1976-01-15,Atendente,2024-05-16,Desligado
1765,Funcionário 1765,30,Gente & Gestão,Fortaleza,660.235.158-35,4339467-0,Ensino Médio,11,1994-01-03,Gerente de RH,2024-01-18,Ativo
1766,Funcionário 1766,31,Atendimento,Joinville,173.167.156-34,2037475-5,Ensino Médio,32,1993-06-17,Analista de Atendimento,2022-04-21,Ativo
1767,Funcionário 1767,24,Operações,Belém,224.413.395-83,7297767-4,Tecnólogo,15,2000-08-19,Coordenador Operacional,2023-09-22,Ativo
1768,Funcionário 1768,23,Atendimento,Recife,531.579.057-67,9803220-9,Tecnólogo,27,2001-10-24,Supervisor de Atendimento,2022-09-10,Desligado
1769,Funcionário 1769,23,Qualidade,Belo Horizonte,866.469.365-01,6406778-9,MBA,9,2001-02-18,Auditor,2024-03-06,Ativo
1770,Funcionário 1770,45,Financeiro,São Paulo,748.768.057-68,9024017-7,Ensino Médio,32,1979-03-08,Analista Financeiro,2022-04-11,Ativo
1771,Funcionário 1771,22,Gente & Gestão,Joinville,184.301.922-12,5058333-3,MBA,34,2002-10-12,Recrutador,2022-02-22,Ativo
1772,Funcionário 1772,24,Inovação,Fortaleza,329.732.396-56,3237600-5,Mestrado,16,2000-05-02,Analista de Inovação,2023-08-16,Ativo
1773,Funcionário 1773,47,Tecnologia,Brasília,326.769.924-06,3675188-3,Doutorado,24,1977-08-16,Arquiteto,2022-12-05,Ativo
1774,Funcionário 1774,56,Marketing,Manaus,852.023.209-49,2094858-6,Pós-graduação,29,1968-05-23,Gerente de Marketing,2022-07-12,Ativo
1775,Funcionário 1775,38,Suporte,Belo Horizonte,933.284.423-24,9812589-2,Doutorado,15,1986-08-22,Coordenador de Suporte,2023-09-01,Desligado
1776,Funcionário 1776,55,Produto,São Paulo,907.551.545-68,8425018-5,Doutorado,27,1969-07-02,Product Owner,2022-09-17,Ativo
1777,Funcionário 1777,25,Produto,Porto Alegre,699.913.831-15,5770534-3,Graduação,33,1999-01-23,Product Manager,2022-03-02,Ativo
1778,Funcionário 1778,31,Produto,Curitiba,322.622.777-70,7948577-8,Tecnólogo,4,1993-04-07,Analista de Produto,2024-08-14,Ativo
1779,Funcionário 1779,44,Inovação,Fortaleza,066.470.703-38,1579706-5,Doutorado,11,1980-01-08,Innovation Lead,2024-01-11,Ativo
1780,Funcionário 1780,33,Inovação,São Paulo,952.984.241-47,5991409-0,Tecnólogo,33,1991-11-16,Analista de Inovação,2022-03-18,Ativo
1781,Funcionário 1781,58,Comercial,Salvador,274.067.582-86,1040606-6,Doutorado,7,1966-08-14,Gerente Comercial,2024-05-26,Desligado
1782,Funcionário 1782,53,Financeiro,Joinville,200.363.856-38,8513116-4,Tecnólogo,18,1971-07-24,Analista Financeiro,2023-06-22,Desligado
1783,Funcionário 1783,57,Qualidade,Belém,597.931.839-93,5660649-9,Ensino Médio,3,1967-12-19,Auditor,2024-09-19,Ativo
1784,Funcionário 1784,51,Operações,Joinville,149.860.995-31,4481895-2,Ensino Médio,14,1973-01-28,Supervisor,2023-10-05,Ativo
1785,Funcionário 1785,46,Atendimento,Florianópolis,664.322.394-60,9953454-1,Ensino Médio,10,1978-02-05,Atendente,2024-02-20,Desligado
1786,Funcionário 1786,43,Marketing,Fortaleza,159.485.340-14,8556961-6,MBA,35,1981-12-03,Analista de Marketing,2022-01-09,Ativo
1787,Funcionário 1787,57,Financeiro,Joinville,223.984.742-59,9455980-7,Pós-graduação,25,1967-06-13,Gerente Financeiro,2022-11-27,Ativo
1788,Funcionário 1788,39,Comercial,Natal,188.822.378-26,5867457-1,Ensino Médio,3,1985-01-11,Executivo de Contas,2024-09-16,Ativo
1789,Funcionário 1789,43,Comercial,Porto Alegre,680.613.495-58,5546937-6,Pós-graduação,9,1981-05-15,Analista Comercial,2024-03-31,Ativo
1790,Funcionário 1790,50,Operações,Recife,058.679.496-48,1062198-9,MBA,23,1974-11-18,Analista de Operações,2023-01-30,Ativo
1791,Funcionário 1791,37,Qualidade,Vitória,723.610.809-07,3221445-0,Graduação,26,1987-07-03,Analista de Qualidade,2022-10-16,Ativo
1792,Funcionário 1792,52,Tecnologia,Porto Alegre,165.557.864-26,7687351-5,Tecnólogo,13,1972-08-22,DevOps,2023-11-08,Ativo
1793,Funcionário 1793,35,Produto,São Paulo,557.512.476-20,9787484-7,Graduação,17,1989-01-01,Product Owner,2023-07-17,Desligado
1794,Funcionário 1794,41,Comercial,Florianópolis,586.824.051-05,2786964-2,Ensino Médio,8,1983-07-12,Gerente Comercial,2024-04-29,Ativo
1795,Funcionário 1795,58,Comercial,Natal,244.418.997-34,4384241-3,Pós-graduação,16,1966-01-05,Analista Comercial,2023-08-30,Ativo
1796,Funcionário 1796,50,Inovação,Goiânia,868.608.357-96,5112941-6,Doutorado,33,1974-12-03,Innovation Lead,2022-03-27,Ativo
1797,Funcionário 1797,26,Tecnologia,Recife,309.442.386-88,6583198-0,Tecnólogo,31,1998-03-02,Arquiteto,2022-05-05,Ativo
1798,Funcionário 1798,38,Gente & Gestão,Belém,898.309.413-37,8268869-1,Tecnólogo,17,1986-11-19,Analista de RH,2023-07-06,Desligado
1799,Funcionário 1799,54,Financeiro,Joinville,979.797.245-34,7083058-6,Tecnólogo,25,1970-09-09,Analista Financeiro,2022-11-10,Desligado
1800,Funcionário 1800,50,Comercial,Goiânia,948.045.073-96,6018990-8,Ensino Médio,12,1974-07-25,Gerente Comercial,2023-12-26,Ativo
1801,Funcionário 1801,27,Marketing,Recife,095.739.405-58,1018283-2,MBA,32,1997-03-22,Gerente de Marketing,2022-04-03,Ativo
1802,Funcionário 1802,50,Financeiro,Curitiba,944.203.158-90,1294645-7,Tecnólogo,26,1974-06-17,Analista Financeiro,2022-10-14,Ativo
1803,Funcionário 1803,37,Produto,Goiânia,342.031.977-08,7082985-9,Graduação,4,1987-05-18,Analista de Produto,2024-08-22,Ativo
1804,Funcionário 1804,59,Atendimento,Curitiba,514.186.482-05,3166549-9,Tecnólogo,22,1965-01-17,Supervisor de Atendimento,2023-02-17,Ativo
1805,Funcionário 1805,41,Atendimento,Natal,586.841.962-60,8203514-0,Ensino Médio,19,1983-11-25,Atendente,2023-05-17,Ativo
1806,Funcionário 1806,59,Financeiro,Rio de Janeiro,586.942.767-39,8439899-3,Mestrado,16,1965-09-07,Analista Financeiro,2023-08-23,Desligado
1807,Funcionário 1807,49,Financeiro,Porto Alegre,066.293.151-38,3509558-4,Pós-graduação,0,1975-02-15,Contador,2024-12-20,Ativo
1808,Funcionário 1808,26,Operações,Porto Alegre,265.594.698-75,8720341-2,Doutorado,34,1998-07-05,Analista de Operações,2022-02-17,Ativo
1809,Funcionário 1809,30,Atendimento,Natal,371.798.902-27,1949825-0,Ensino Médio,24,1994-04-16,Analista de Atendimento,2022-12-17,Ativo
1810,Funcionário 1810,24,Comercial,Manaus,654.870.847-42,2184493-7,MBA,5,2000-10-11,Gerente Comercial,2024-07-03,Ativo
1811,Funcionário 1811,47,Vendas,Belém,675.539.818-77,9626648-1,Mestrado,33,1977-08-24,Vendedor,2022-03-23,Ativo
1812,Funcionário 1812,47,Comercial,Goiânia,591.579.089-58,7553290-2,Graduação,15,1977-06-17,Executivo de Contas,2023-09-12,Ativo
1813,Funcionário 1813,25,Vendas,Florianópolis,683.848.876-08,1283437-7,MBA,22,1999-09-01,Coordenador de Vendas,2023-02-25,Ativo
1814,Funcionário 1814,56,Inovação,Rio de Janeiro,612.396.121-76,2480014-8,Ensino Médio,34,1968-11-28,Product Manager,2022-02-27,Ativo
1815,Funcionário 1815,52,Qualidade,Vitória,812.988.618-96,1118159-6,Tecnólogo,26,1972-01-21,Coordenador de Qualidade,2022-10-02,Ativo
1816,Funcionário 1816,34,Gente & Gestão,Recife,690.107.923-07,7503221-8,Tecnólogo,3,1990-03-19,Especialista em Folha,2024-09-12,Ativo
1817,Funcionário 1817,31,Marketing,Fortaleza,933.486.497-49,8058562-7,Doutorado,32,1993-04-23,Analista de Marketing,2022-04-05,Ativo
1818,Funcionário 1818,55,Gente & Gestão,Goiânia,578.968.335-57,9167792-7,Doutorado,12,1969-12-15,Gerente de RH,2023-12-27,Desligado
1819,Funcionário 1819,27,Operações,Rio de Janeiro,312.315.550-17,6997458-2,Graduação,14,1997-08-22,Analista de Operações,2023-10-14,Ativo
1820,Funcionário 1820,24,Atendimento,Salvador,187.993.844-85,9541294-8,Mestrado,18,2000-01-10,Atendente,2023-06-24,Ativo
1821,Funcionário 1821,27,Produto,Manaus,311.414.701-10,1825767-3,Tecnólogo,25,1997-04-21,Product Manager,2022-11-09,Ativo
1822,Funcionário 1822,33,Tecnologia,Joinville,687.156.891-31,8555354-9,Tecnólogo,33,1991-10-21,Tech Lead,2022-03-18,Ativo
1823,Funcionário 1823,55,Atendimento,Curitiba,780.234.456-50,8936104-9,MBA,1,1969-05-09,Analista de Atendimento,2024-11-15,Ativo
1824,Funcionário 1824,43,Gente & Gestão,Fortaleza,403.664.016-02,4667999-7,Mestrado,21,1981-03-20,Recrutador,2023-03-23,Ativo
1825,Funcionário 1825,51,Marketing,Curitiba,831.597.572-26,9540340-6,Ensino Médio,26,1973-11-15,Gerente de Marketing,2022-10-29,Ativo
1826,Funcionário 1826,30,Suporte,Joinville,830.291.585-86,4804546-3,Ensino Médio,15,1994-11-06,Coordenador de Suporte,2023-09-16,Ativo
1827,Funcionário 1827,26,Produto,Vitória,241.651.854-26,1402082-7,Graduação,19,1998-10-14,Analista de Produto,2023-05-22,Ativo
1828,Funcionário 1828,48,Marketing,Natal,344.674.621-80,5755257-1,Tecnólogo,12,1976-12-21,Gerente de Marketing,2023-12-09,Ativo
1829,Funcionário 1829,40,Comercial,Recife,749.161.705-04,2577785-6,MBA,35,1984-03-06,Gerente Comercial,2022-01-27,Desligado
1830,Funcionário 1830,54,Suporte,Porto Alegre,981.413.447-30,5280631-8,Graduação,9,1970-12-02,Analista de Suporte,2024-03-02,Ativo
1831,Funcionário 1831,37,Inovação,Rio de Janeiro,377.402.928-85,5049416-3,Tecnólogo,8,1987-05-22,Analista de Inovação,2024-04-09,Ativo
1832,Funcionário 1832,49,Gente & Gestão,Porto Alegre,026.509.962-50,8590346-7,Ensino Médio,28,1975-09-07,Recrutador,2022-08-27,Ativo
1833,Funcionário 1833,26,Operações,Vitória,196.666.102-99,5662134-2,MBA,14,1998-12-13,Gerente de Operações,2023-10-04,Ativo
1834,Funcionário 1834,54,Produto,Rio de Janeiro,022.234.998-05,8103082-8,Ensino Médio,33,1970-02-07,Analista de Produto,2022-03-23,Ativo
1835,Funcionário 1835,39,Comercial,Porto Alegre,367.590.177-73,5631823-6,Mestrado,31,1985-06-05,Executivo de Contas,2022-05-28,Ativo
1836,Funcionário 1836,37,Inovação,São Paulo,144.092.335-30,7048127-6,Tecnólogo,31,1987-08-10,Analista de Inovação,2022-05-09,Ativo
1837,Funcionário 1837,59,Comercial,São Paulo,426.018.637-06,6984503-6,Mestrado,27,1965-07-07,Executivo de Contas,2022-09-20,Desligado
1838,Funcionário 1838,59,Atendimento,Brasília,955.922.776-95,1441673-3,Tecnólogo,18,1965-02-10,Supervisor de Atendimento,2023-06-23,Ativo
1839,Funcionário 1839,29,Qualidade,Recife,850.255.134-56,7699648-7,Ensino Médio,16,1995-11-09,Auditor,2023-08-14,Ativo
1840,Funcionário 1840,50,Atendimento,Belo Horizonte,228.839.047-66,7059883-4,Mestrado,19,1974-04-03,Analista de Atendimento,2023-05-09,Ativo
1841,Funcionário 1841,27,Atendimento,Rio de Janeiro,615.749.325-94,8683770-8,Pós-graduação,29,1997-02-09,Supervisor de Atendimento,2022-07-10,Ativo
1842,Funcionário 1842,35,Operações,Florianópolis,879.531.204-88,8395602-7,Doutorado,35,1989-10-11,Gerente de Operações,2022-01-29,Ativo
1843,Funcionário 1843,28,Marketing,Curitiba,661.830.858-55,9991137-7,Ensino Médio,32,1996-01-04,Analista de Marketing,2022-04-16,Ativo
1844,Funcionário 1844,42,Vendas,Recife,314.391.511-05,7921487-2,MBA,19,1982-04-14,Coordenador de Vendas,2023-05-28,Ativo
1845,Funcionário 1845,30,Financeiro,Curitiba,107.818.710-00,6053168-2,Ensino Médio,8,1994-11-17,Analista Financeiro,2024-04-10,Ativo
1846,Funcionário 1846,55,Suporte,Recife,570.680.269-66,7245951-4,Tecnólogo,22,1969-04-26,Coordenador de Suporte,2023-02-10,Ativo
1847,Funcionário 1847,59,Suporte,Vitória,230.600.230-42,6622669-0,Tecnólogo,23,1965-09-14,Coordenador de Suporte,2023-01-14,Ativo
1848,Funcionário 1848,27,Inovação,Natal,522.411.420-93,6285445-1,Ensino Médio,8,1997-07-16,Innovation Lead,2024-04-06,Desligado
1849,Funcionário 1849,24,Comercial,Rio de Janeiro,459.920.166-94,3359707-2,Ensino Médio,19,2000-04-28,Analista Comercial,2023-05-27,Ativo
1850,Funcionário 1850,33,Gente & Gestão,Florianópolis,224.005.392-51,7338108-2,Graduação,23,1991-11-06,Analista de RH,2023-01-13,Desligado
1851,Funcionário 1851,51,Financeiro,Porto Alegre,019.011.348-06,4228659-3,Ensino Médio,15,1973-04-08,Controller,2023-09-21,Ativo
1852,Funcionário 1852,49,Comercial,Manaus,252.861.323-75,5753123-5,MBA,18,1975-06-27,Vendedor,2023-06-05,Ativo
1853,Funcionário 1853,23,Gente & Gestão,Belém,234.286.449-30,5424300-9,Graduação,6,2001-07-26,Recrutador,2024-06-25,Desligado
1854,Funcionário 1854,57,Produto,Rio de Janeiro,866.342.095-10,8944908-3,Tecnólogo,19,1967-07-25,Product Owner,2023-05-22,Ativo
1855,Funcionário 1855,50,Suporte,Natal,498.529.735-68,7436550-6,Mestrado,8,1974-02-11,Coordenador de Suporte,2024-04-08,Ativo
1856,Funcionário 1856,52,Atendimento,Salvador,559.147.625-29,7988644-6,Graduação,19,1972-11-17,Analista de Atendimento,2023-05-20,Desligado
1857,Funcionário 1857,53,Suporte,Curitiba,414.753.369-85,5543184-6,Doutorado,11,1971-03-10,Técnico de Suporte,2024-01-30,Ativo
1858,Funcionário 1858,59,Suporte,Brasília,653.538.962-62,4398191-6,Tecnólogo,13,1965-12-08,Analista de Suporte,2023-11-26,Ativo
1859,Funcionário 1859,24,Atendimento,Goiânia,792.415.712-33,4296986-8,Ensino Médio,5,2000-11-23,Atendente,2024-07-26,Ativo
1860,Funcionário 1860,24,Operações,Recife,354.346.858-81,7928298-1,Tecnólogo,7,2000-04-22,Analista de Operações,2024-05-28,Ativo
1861,Funcionário 1861,59,Inovação,Porto Alegre,682.497.939-27,4768219-8,Ensino Médio,30,1965-07-04,Analista de Inovação,2022-06-08,Ativo
1862,Funcionário 1862,42,Produto,Recife,116.837.103-12,3194438-6,Graduação,34,1982-08-26,Product Owner,2022-02-17,Ativo
1863,Funcionário 1863,57,Qualidade,Belém,072.014.896-07,3347769-6,Ensino Médio,3,1967-09-23,Auditor,2024-09-14,Desligado
1864,Funcionário 1864,24,Qualidade,Rio de Janeiro,493.121.463-00,5663582-2,Pós-graduação,15,2000-08-13,Coordenador de Qualidade,2023-09-02,Ativo
1865,Funcionário 1865,43,Inovação,Goiânia,926.456.339-35,6042815-0,MBA,28,1981-08-05,Analista de Inovação,2022-08-11,Ativo
1866,Funcionário 1866,42,Produto,Porto Alegre,369.481.126-50,2483629-9,Graduação,10,1982-12-10,Analista de Produto,2024-02-24,Ativo
1867,Funcionário 1867,23,Marketing,Vitória,670.683.353-30,2802479-2,Ensino Médio,28,2001-01-04,Gerente de Marketing,2022-08-16,Ativo
1868,Funcionário 1868,51,Gente & Gestão,Florianópolis,590.163.994-45,5566344-4,Pós-graduação,33,1973-02-07,Especialista em Folha,2022-03-11,Ativo
1869,Funcionário 1869,52,Produto,Rio de Janeiro,376.734.814-48,5451032-1,Ensino Médio,32,1972-10-18,Product Owner,2022-04-04,Ativo
1870,Funcionário 1870,48,Suporte,Curitiba,016.793.014-11,5746706-9,Doutorado,29,1976-02-13,Analista de Suporte,2022-07-06,Desligado
1871,Funcionário 1871,42,Atendimento,Porto Alegre,910.042.028-06,1553318-1,Pós-graduação,7,1982-07-04,Atendente,2024-05-04,Ativo
1872,Funcionário 1872,42,Financeiro,Vitória,990.342.134-63,5381086-2,MBA,2,1982-12-11,Contador,2024-10-24,Ativo
1873,Funcionário 1873,41,Comercial,Salvador,035.316.079-28,2672509-3,Tecnólogo,29,1983-08-27,Vendedor,2022-07-16,Ativo
1874,Funcionário 1874,53,Atendimento,Belo Horizonte,860.157.117-44,2640158-9,Ensino Médio,28,1971-04-05,Atendente,2022-08-26,Ativo
1875,Funcionário 1875,24,Tecnologia,São Paulo,402.470.288-27,9952619-7,Graduação,30,2000-05-03,QA Engineer,2022-06-30,Desligado
1876,Funcionário 1876,34,Suporte,Manaus,452.719.367-83,8192447-3,Ensino Médio,1,1990-06-16,Analista de Suporte,2024-11-10,Ativo
1877,Funcionário 1877,56,Qualidade,Goiânia,913.810.749-01,5802780-2,MBA,28,1968-11-13,Coordenador de Qualidade,2022-08-16,Desligado
1878,Funcionário 1878,43,Inovação,Belém,321.540.131-20,8270280-2,Ensino Médio,13,1981-04-11,Innovation Lead,2023-11-19,Desligado
1879,Funcionário 1879,24,Qualidade,Porto Alegre,616.845.525-67,2259160-0,Pós-graduação,24,2000-11-16,Auditor,2022-12-26,Ativo
1880,Funcionário 1880,26,Marketing,Brasília,254.717.989-02,7021142-6,Mestrado,17,1998-09-17,Analista de Marketing,2023-07-20,Ativo
1881,Funcionário 1881,29,Marketing,Curitiba,694.899.300-16,6716553-6,Pós-graduação,11,1995-02-19,Especialista em SEO,2024-01-27,Ativo
1882,Funcionário 1882,33,Atendimento,Rio de Janeiro,756.355.842-09,8645121-2,Ensino Médio,23,1991-08-21,Analista de Atendimento,2023-01-13,Ativo
1883,Funcionário 1883,53,Marketing,Natal,662.565.046-31,2392561-4,Doutorado,35,1971-08-01,Analista de Marketing,2022-01-17,Ativo
1884,Funcionário 1884,44,Comercial,Belém,413.068.624-00,2721466-0,Pós-graduação,33,1980-12-17,Gerente Comercial,2022-03-24,Ativo
1885,Funcionário 1885,53,Comercial,Vitória,066.890.417-86,7839128-2,Pós-graduação,26,1971-09-05,Vendedor,2022-10-05,Desligado
1886,Funcionário 1886,26,Operações,Natal,381.152.232-98,5763194-0,Ensino Médio,26,1998-03-06,Coordenador Operacional,2022-10-31,Ativo
1887,Funcionário 1887,45,Comercial,São Paulo,847.528.359-40,1654541-8,Tecnólogo,15,1979-01-01,Gerente Comercial,2023-09-01,Ativo
1888,Funcionário 1888,25,Atendimento,Porto Alegre,479.135.113-46,6275068-3,Pós-graduação,12,1999-11-01,Supervisor de Atendimento,2023-12-12,Ativo
1889,Funcionário 1889,37,Suporte,Natal,572.289.206-86,7029466-7,Tecnólogo,16,1987-02-21,Técnico de Suporte,2023-08-16,Ativo
1890,Funcionário 1890,50,Inovação,Porto Alegre,809.783.028-00,2716756-9,Mestrado,34,1974-02-01,Innovation Lead,2022-02-05,Ativo
1891,Funcionário 1891,54,Vendas,Porto Alegre,453.419.528-12,7878497-7,Ensino Médio,29,1970-11-09,Coordenador de Vendas,2022-07-15,Ativo
1892,Funcionário 1892,38,Atendimento,Goiânia,428.021.889-76,6777282-7,MBA,20,1986-01-13,Analista de Atendimento,2023-04-03,Ativo
1893,Funcionário 1893,40,Gente & Gestão,Rio de Janeiro,803.789.121-60,8459700-4,MBA,21,1984-11-20,Recrutador,2023-03-31,Ativo
1894,Funcionário 1894,44,Tecnologia,Rio de Janeiro,369.905.585-04,6134852-0,Tecnólogo,12,1980-08-26,Desenvolvedor,2023-12-07,Ativo
1895,Funcionário 1895,54,Operações,São Paulo,842.906.969-02,3570708-8,Graduação,32,1970-12-10,Supervisor,2022-04-11,Ativo
1896,Funcionário 1896,27,Suporte,Brasília,986.061.065-77,5586361-5,MBA,7,1997-08-08,Técnico de Suporte,2024-05-10,Ativo
1897,Funcionário 1897,41,Vendas,Joinville,701.652.761-18,6013718-9,Tecnólogo,20,1983-07-22,Gerente de Vendas,2023-04-02,Ativo
1898,Funcionário 1898,45,Gente & Gestão,Fortaleza,802.530.843-00,3696585-9,Graduação,3,1979-12-13,Especialista em Folha,2024-09-07,Ativo
1899,Funcionário 1899,47,Tecnologia,Natal,644.477.250-88,3362879-4,Doutorado,0,1977-05-22,Tech Lead,2024-12-24,Ativo
1900,Funcionário 1900,37,Marketing,Goiânia,234.800.417-87,6737942-3,Pós-graduação,27,1987-05-04,Gerente de Marketing,2022-09-16,Ativo
1901,Funcionário 1901,42,Comercial,Fortaleza,691.585.574-23,7355605-0,Pós-graduação,34,1982-07-06,Analista Comercial,2022-02-28,Ativo
1902,Funcionário 1902,38,Vendas,Belo Horizonte,242.570.333-04,5884127-5,Graduação,26,1986-10-26,Vendedor,2022-10-23,Ativo
1903,Funcionário 1903,23,Vendas,Manaus,231.582.863-51,3345814-9,MBA,32,2001-05-01,Vendedor,2022-04-05,Ativo
1904,Funcionário 1904,59,Suporte,Joinville,662.991.721-93,3198183-0,Mestrado,3,1965-05-06,Coordenador de Suporte,2024-09-21,Ativo
1905,Funcionário 1905,54,Inovação,São Paulo,416.782.153-25,8966477-0,MBA,24,1970-07-13,Product Manager,2022-12-27,Ativo
1906,Funcionário 1906,55,Atendimento,Salvador,632.503.139-39,7011139-0,Mestrado,25,1969-09-02,Analista de Atendimento,2022-11-18,Ativo
1907,Funcionário 1907,28,Atendimento,Vitória,220.619.019-21,4786498-7,Graduação,19,1996-11-08,Supervisor de Atendimento,2023-05-06,Ativo
1908,Funcionário 1908,50,Atendimento,Natal,971.900.002-32,4090461-5,Ensino Médio,12,1974-07-04,Analista de Atendimento,2023-12-01,Ativo
1909,Funcionário 1909,57,Atendimento,Natal,647.185.594-05,3392875-3,MBA,35,1967-12-15,Supervisor de Atendimento,2022-01-06,Ativo
1910,Funcionário 1910,48,Vendas,Fortaleza,045.323.167-58,6561607-6,Pós-graduação,4,1976-09-25,Gerente de Vendas,2024-08-11,Desligado
1911,Funcionário 1911,39,Gente & Gestão,Recife,474.370.194-50,2751710-1,Ensino Médio,12,1985-04-22,Especialista em Folha,2023-12-24,Ativo
1912,Funcionário 1912,56,Marketing,Joinville,776.665.052-56,3097514-0,Mestrado,4,1968-11-25,Especialista em SEO,2024-08-22,Ativo
1913,Funcionário 1913,43,Suporte,Goiânia,928.157.806-90,3215354-3,MBA,30,1981-12-20,Coordenador de Suporte,2022-06-01,Desligado
1914,Funcionário 1914,32,Tecnologia,Natal,116.787.067-01,3536188-3,Doutorado,7,1992-04-11,DevOps,2024-05-25,Ativo
1915,Funcionário 1915,51,Inovação,Florianópolis,718.592.126-03,7167879-6,Pós-graduação,1,1973-12-10,Innovation Lead,2024-11-24,Ativo
1916,Funcionário 1916,52,Produto,Porto Alegre,371.142.943-28,5107753-7,MBA,34,1972-01-01,Analista de Produto,2022-02-14,Ativo
1917,Funcionário 1917,50,Comercial,Fortaleza,539.892.313-75,9425599-6,Tecnólogo,26,1974-05-14,Analista Comercial,2022-10-21,Ativo
1918,Funcionário 1918,23,Financeiro,Vitória,693.278.417-35,2200885-5,Pós-graduação,22,2001-11-16,Gerente Financeiro,2023-02-18,Ativo
1919,Funcionário 1919,43,Comercial,Belo Horizonte,382.011.406-80,5912991-2,Doutorado,12,1981-03-23,Gerente Comercial,2023-12-25,Ativo
1920,Funcionário 1920,47,Suporte,Fortaleza,673.512.724-25,5175968-7,Pós-graduação,14,1977-06-08,Técnico de Suporte,2023-10-10,Ativo
1921,Funcionário 1921,29,Produto,Porto Alegre,565.697.648-37,3680038-2,Tecnólogo,6,1995-09-10,Analista de Produto,2024-06-22,Ativo
1922,Funcionário 1922,35,Operações,Recife,494.510.462-08,8026409-5,Graduação,14,1989-01-14,Analista de Operações,2023-10-07,Ativo
1923,Funcionário 1923,56,Produto,Vitória,685.120.627-70,4882500-5,Pós-graduação,7,1968-12-16,Analista de Produto,2024-05-05,Ativo
1924,Funcionário 1924,35,Marketing,Manaus,097.934.421-23,7228508-0,Graduação,27,1989-10-04,Gerente de Marketing,2022-09-26,Ativo
1925,Funcionário 1925,46,Gente & Gestão,Recife,223.477.804-25,3297477-5,Graduação,12,1978-08-24,Gerente de RH,2023-12-08,Ativo
1926,Funcionário 1926,40,Operações,Porto Alegre,184.070.339-36,3416225-3,Pós-graduação,0,1984-03-03,Gerente de Operações,2024-12-20,Ativo
1927,Funcionário 1927,53,Comercial,Rio de Janeiro,372.094.516-25,1197144-6,MBA,3,1971-07-25,Vendedor,2024-09-26,Ativo
1928,Funcionário 1928,25,Qualidade,Goiânia,363.286.301-66,1454102-0,Ensino Médio,31,1999-03-26,Analista de Qualidade,2022-05-18,Ativo
1929,Funcionário 1929,56,Gente & Gestão,Porto Alegre,848.426.483-17,7392549-0,Tecnólogo,22,1968-04-14,Recrutador,2023-02-24,Ativo
1930,Funcionário 1930,54,Marketing,Florianópolis,828.967.136-97,5798959-6,Ensino Médio,35,1970-06-21,Analista de Marketing,2022-01-18,Ativo
1931,Funcionário 1931,52,Comercial,Belo Horizonte,920.856.490-84,7200711-1,Mestrado,28,1972-04-05,Executivo de Contas,2022-08-21,Ativo
1932,Funcionário 1932,24,Qualidade,Joinville,935.001.154-97,9901929-0,Pós-graduação,9,2000-02-16,Analista de Qualidade,2024-03-12,Ativo
1933,Funcionário 1933,23,Comercial,Vitória,803.889.044-29,5059923-1,Doutorado,31,2001-01-10,Vendedor,2022-05-20,Desligado
1934,Funcionário 1934,38,Inovação,Goiânia,566.851.353-01,9641131-3,Pós-graduação,0,1986-11-21,Product Manager,2024-12-05,Desligado
1935,Funcionário 1935,51,Tecnologia,Natal,747.558.030-04,6331147-6,Mestrado,35,1973-02-13,Analista de Sistemas,2022-01-25,Ativo
1936,Funcionário 1936,45,Operações,Fortaleza,471.778.401-41,2723145-6,Tecnólogo,33,1979-03-15,Gerente de Operações,2022-03-18,Ativo
1937,Funcionário 1937,58,Marketing,Brasília,988.371.611-74,9679845-6,Mestrado,11,1966-09-13,Especialista em SEO,2024-01-20,Ativo
1938,Funcionário 1938,36,Produto,Belo Horizonte,119.976.759-00,7942801-1,Mestrado,0,1988-04-22,Product Manager,2024-12-03,Ativo
1939,Funcionário 1939,39,Qualidade,Manaus,705.058.353-71,6834738-6,Ensino Médio,18,1985-06-21,Auditor,2023-06-08,Ativo
1940,Funcionário 1940,49,Marketing,Manaus,572.853.533-02,7713901-2,Doutorado,1,1975-03-10,Gerente de Marketing,2024-11-08,Ativo
1941,Funcionário 1941,42,Comercial,Fortaleza,177.580.158-67,4489954-0,Mestrado,17,1982-07-14,Executivo de Contas,2023-07-03,Ativo
1942,Funcionário 1942,56,Financeiro,Belém,302.853.272-75,4724182-4,Tecnólogo,3,1968-07-14,Gerente Financeiro,2024-09-07,Ativo
1943,Funcionário 1943,39,Comercial,Manaus,515.025.285-92,1074124-8,Tecnólogo,15,1985-07-04,Executivo de Contas,2023-09-07,Ativo
1944,Funcionário 1944,29,Financeiro,Fortaleza,730.897.207-01,3800406-7,Pós-graduação,20,1995-09-28,Analista Financeiro,2023-04-04,Ativo
1945,Funcionário 1945,54,Tecnologia,Curitiba,777.118.425-11,9454950-6,Mestrado,27,1970-12-24,Arquiteto,2022-09-20,Ativo
1946,Funcionário 1946,58,Comercial,Rio de Janeiro,309.007.121-55,3362438-3,Doutorado,32,1966-03-23,Analista Comercial,2022-04-09,Ativo
1947,Funcionário 1947,49,Inovação,Goiânia,447.305.777-10,8167112-1,Doutorado,29,1975-10-27,Innovation Lead,2022-07-12,Ativo
1948,Funcionário 1948,35,Gente & Gestão,Curitiba,997.165.965-45,5965982-0,Mestrado,9,1989-07-25,Especialista em Folha,2024-03-27,Ativo
1949,Funcionário 1949,39,Qualidade,Natal,996.833.440-54,3709132-4,Ensino Médio,34,1985-10-23,Auditor,2022-02-05,Ativo
1950,Funcionário 1950,59,Qualidade,Porto Alegre,265.379.322-97,5091581-9,Graduação,30,1965-10-03,Auditor,2022-06-30,Ativo
1951,Funcionário 1951,41,Suporte,Natal,070.547.360-01,2917457-1,Pós-graduação,28,1983-06-16,Coordenador de Suporte,2022-08-22,Ativo
1952,Funcionário 1952,24,Inovação,Rio de Janeiro,501.016.260-10,6849360-8,Doutorado,33,2000-09-02,Analista de Inovação,2022-03-04,Desligado
1953,Funcionário 1953,28,Comercial,Recife,934.759.783-00,4473152-5,Graduação,21,1996-06-10,Executivo de Contas,2023-03-28,Ativo
1954,Funcionário 1954,30,Suporte,Curitiba,719.214.967-54,9478488-6,Ensino Médio,29,1994-05-13,Analista de Suporte,2022-07-06,Ativo
1955,Funcionário 1955,46,Financeiro,Goiânia,643.203.172-97,9698108-2,Pós-graduação,8,1978-07-12,Analista Financeiro,2024-04-14,Desligado
1956,Funcionário 1956,40,Inovação,Rio de Janeiro,468.549.272-26,3369785-0,Doutorado,16,1984-01-02,Innovation Lead,2023-08-18,Ativo
1957,Funcionário 1957,31,Financeiro,Florianópolis,860.146.051-85,4497571-2,Graduação,34,1993-09-25,Controller,2022-02-19,Ativo
1958,Funcionário 1958,49,Gente & Gestão,Fortaleza,716.303.356-73,4368402-0,Doutorado,21,1975-07-20,Recrutador,2023-03-21,Ativo
1959,Funcionário 1959,54,Atendimento,Florianópolis,100.090.899-26,2911898-0,Mestrado,20,1970-02-18,Analista de Atendimento,2023-04-26,Ativo
1960,Funcionário 1960,24,Gente & Gestão,Salvador,480.283.541-81,1848463-9,Tecnólogo,13,2000-09-20,Gerente de RH,2023-11-18,Ativo
1961,Funcionário 1961,23,Qualidade,Belo Horizonte,304.376.613-00,1414943-8,Mestrado,7,2001-07-06,Auditor,2024-05-05,Ativo
1962,Funcionário 1962,50,Produto,Goiânia,122.681.594-42,1062845-5,Tecnólogo,5,1974-12-09,Product Manager,2024-07-28,Ativo
1963,Funcionário 1963,23,Tecnologia,Recife,311.058.330-54,9453001-4,Tecnólogo,6,2001-08-07,DevOps,2024-06-05,Ativo
1964,Funcionário 1964,29,Gente & Gestão,Belo Horizonte,218.914.269-58,6972324-0,Pós-graduação,20,1995-08-14,Analista de RH,2023-04-22,Ativo
1965,Funcionário 1965,27,Qualidade,Vitória,167.671.877-04,4636360-6,MBA,9,1997-03-22,Auditor,2024-03-26,Ativo
1966,Funcionário 1966,53,Produto,São Paulo,368.850.162-41,4088273-6,Graduação,5,1971-07-06,Product Manager,2024-07-30,Ativo
1967,Funcionário 1967,53,Gente & Gestão,São Paulo,667.880.937-84,6450324-2,Mestrado,9,1971-02-13,Especialista em Folha,2024-03-24,Ativo
1968,Funcionário 1968,55,Vendas,Brasília,289.890.749-91,3274639-5,Doutorado,19,1969-06-19,Coordenador de Vendas,2023-05-11,Ativo
1969,Funcionário 1969,28,Gente & Gestão,Belo Horizonte,597.772.659-72,4153461-8,Pós-graduação,2,1996-07-10,Recrutador,2024-10-12,Desligado
1970,Funcionário 1970,46,Suporte,Manaus,580.501.417-30,4162018-9,Mestrado,28,1978-07-11,Coordenador de Suporte,2022-08-12,Ativo
1971,Funcionário 1971,45,Comercial,Goiânia,129.565.188-28,6173587-8,Mestrado,6,1979-02-21,Gerente Comercial,2024-06-22,Desligado
1972,Funcionário 1972,29,Inovação,Fortaleza,600.500.924-99,9772017-7,Graduação,17,1995-10-23,Analista de Inovação,2023-07-07,Ativo
1973,Funcionário 1973,59,Marketing,Belo Horizonte,875.703.029-40,3515332-5,MBA,22,1965-01-04,Gerente de Marketing,2023-02-06,Desligado
1974,Funcionário 1974,49,Marketing,Curitiba,018.607.429-80,6781924-2,Doutorado,34,1975-07-22,Gerente de Marketing,2022-02-17,Ativo
1975,Funcionário 1975,38,Tecnologia,Vitória,223.369.318-34,1228842-7,Mestrado,34,1986-07-06,DevOps,2022-02-02,Ativo
1976,Funcionário 1976,37,Vendas,São Paulo,302.426.624-04,5836541-0,Pós-graduação,5,1987-06-08,Vendedor,2024-07-13,Ativo
1977,Funcionário 1977,50,Gente & Gestão,Recife,571.446.956-90,9270275-3,MBA,2,1974-05-02,Analista de RH,2024-10-12,Ativo
1978,Funcionário 1978,31,Operações,Brasília,544.534.514-90,8026853-5,Graduação,10,1993-11-14,Analista de Operações,2024-02-19,Ativo
1979,Funcionário 1979,34,Tecnologia,Joinville,834.834.835-27,9296726-3,Ensino Médio,7,1990-11-06,Analista de Sistemas,2024-05-28,Ativo
1980,Funcionário 1980,29,Atendimento,Salvador,664.853.207-68,9521022-9,Ensino Médio,4,1995-06-17,Atendente,2024-08-26,Ativo
1981,Funcionário 1981,24,Produto,Manaus,432.698.344-20,6657553-8,Tecnólogo,19,2000-12-14,Product Manager,2023-05-15,Ativo
1982,Funcionário 1982,46,Produto,Goiânia,050.450.509-23,3771343-0,Mestrado,24,1978-09-09,Analista de Produto,2022-12-25,Ativo
1983,Funcionário 1983,47,Inovação,Brasília,073.429.390-99,9221210-2,Ensino Médio,4,1977-08-08,Product Manager,2024-08-15,Ativo
1984,Funcionário 1984,25,Qualidade,Brasília,954.503.801-27,6891556-1,Graduação,7,1999-03-11,Analista de Qualidade,2024-05-13,Ativo
1985,Funcionário 1985,52,Operações,Fortaleza,502.045.028-61,2085992-2,Doutorado,29,1972-05-07,Gerente de Operações,2022-07-12,Ativo
1986,Funcionário 1986,37,Inovação,Belo Horizonte,794.337.953-50,2873601-2,MBA,30,1987-12-24,Innovation Lead,2022-06-11,Ativo
1987,Funcionário 1987,54,Atendimento,Belém,359.042.652-71,7380445-2,Graduação,4,1970-05-05,Supervisor de Atendimento,2024-08-01,Ativo
1988,Funcionário 1988,33,Inovação,Natal,510.857.383-96,2346321-4,Graduação,12,1991-06-10,Innovation Lead,2023-12-18,Ativo
1989,Funcionário 1989,47,Marketing,Salvador,609.193.511-90,6997504-5,Ensino Médio,3,1977-11-10,Especialista em SEO,2024-09-03,Ativo
1990,Funcionário 1990,34,Inovação,Rio de Janeiro,370.627.281-44,5197320-6,Pós-graduação,7,1990-08-07,Analista de Inovação,2024-05-01,Ativo
1991,Funcionário 1991,45,Qualidade,São Paulo,121.575.626-72,1482300-8,Tecnólogo,18,1979-02-06,Analista de Qualidade,2023-06-12,Ativo
1992,Funcionário 1992,52,Comercial,Manaus,481.876.209-19,8239156-3,Pós-graduação,31,1972-07-19,Gerente Comercial,2022-05-02,Ativo
1993,Funcionário 1993,36,Marketing,Vitória,039.951.670-04,3396435-2,Ensino Médio,15,1988-06-02,Especialista em SEO,2023-09-29,Ativo
1994,Funcionário 1994,33,Gente & Gestão,Salvador,673.123.438-99,2517524-4,Doutorado,0,1991-01-10,Especialista em Folha,2024-12-22,Ativo
1995,Funcionário 1995,53,Produto,Salvador,202.593.645-17,4985367-1,MBA,32,1971-11-05,Analista de Produto,2022-04-05,Ativo
1996,Funcionário 1996,42,Gente & Gestão,Natal,342.755.767-72,6557208-4,Tecnólogo,23,1982-10-20,Gerente de RH,2023-01-14,Desligado
1997,Funcionário 1997,26,Qualidade,Fortaleza,904.431.834-90,2418621-0,Ensino Médio,19,1998-07-20,Auditor,2023-05-25,Ativo
1998,Funcionário 1998,56,Inovação,Rio de Janeiro,297.711.506-42,8846695-9,Mestrado,26,1968-11-19,Innovation Lead,2022-10-29,Desligado
1999,Funcionário 1999,58,Inovação,Curitiba,265.173.281-81,1898842-8,Mestrado,7,1966-03-22,Product Manager,2024-05-25,Ativo
2000,Funcionário 2000,29,Tecnologia,Joinville,739.221.983-92,8426494-3,Graduação,9,1995-10-03,Desenvolvedor,2024-03-24,Ativo
2001,Funcionário 2001,38,Atendimento,Manaus,767.105.298-19,5899240-5,Mestrado,5,1986-08-01,Analista de Atendimento,2024-07-13,Ativo
2002,Funcionário 2002,48,Marketing,Rio de Janeiro,991.530.445-50,1098623-2,Pós-graduação,32,1976-01-26,Especialista em SEO,2022-04-15,Ativo
2003,Funcionário 2003,50,Comercial,Joinville,683.878.903-59,3853821-9,Ensino Médio,15,1974-11-12,Analista Comercial,2023-09-27,Ativo
2004,Funcionário 2004,40,Marketing,Brasília,586.760.304-05,4451332-4,Mestrado,35,1984-10-25,Especialista em SEO,2022-01-18,Ativo
2005,Funcionário 2005,50,Vendas,Joinville,675.418.236-94,5086710-8,Tecnólogo,2,1974-02-02,Coordenador de Vendas,2024-10-31,Desligado
2006,Funcionário 2006,33,Inovação,São Paulo,272.105.133-45,6209399-2,Doutorado,17,1991-07-02,Analista de Inovação,2023-07-30,Desligado
2007,Funcionário 2007,33,Vendas,Rio de Janeiro,201.388.253-00,4304891-1,Tecnólogo,24,1991-01-25,Coordenador de Vendas,2022-12-22,Ativo
2008,Funcionário 2008,53,Operações,Recife,681.636.038-95,5119360-6,Pós-graduação,30,1971-11-23,Supervisor,2022-06-26,Ativo
2009,Funcionário 2009,56,Comercial,Belo Horizonte,907.894.767-54,3170997-1,Mestrado,23,1968-01-02,Vendedor,2023-01-13,Desligado
2010,Funcionário 2010,26,Comercial,Natal,410.707.163-40,1462791-8,Ensino Médio,17,1998-09-12,Analista Comercial,2023-07-05,Ativo
2011,Funcionário 2011,47,Financeiro,Belo Horizonte,951.237.085-96,2350621-9,Doutorado,30,1977-02-25,Controller,2022-06-15,Ativo
2012,Funcionário 2012,31,Marketing,Salvador,445.456.972-08,2927428-9,Pós-graduação,9,1993-06-11,Analista de Marketing,2024-03-20,Ativo
2013,Funcionário 2013,49,Operações,Fortaleza,276.713.771-12,8141340-3,Pós-graduação,2,1975-09-14,Analista de Operações,2024-10-23,Ativo
2014,Funcionário 2014,44,Vendas,Recife,956.126.678-41,4480823-7,Graduação,21,1980-01-12,Vendedor,2023-03-25,Ativo
2015,Funcionário 2015,37,Operações,Goiânia,138.874.022-27,5843410-6,Mestrado,21,1987-11-21,Gerente de Operações,2023-03-22,Ativo
2016,Funcionário 2016,29,Produto,Joinville,144.662.763-23,2853043-1,Graduação,21,1995-01-10,Product Owner,2023-03-24,Ativo
2017,Funcionário 2017,58,Comercial,Curitiba,761.421.524-93,9923201-6,Graduação,1,1966-04-04,Executivo de Contas,2024-11-13,Ativo
2018,Funcionário 2018,54,Produto,Belo Horizonte,364.704.656-68,1366539-3,Pós-graduação,9,1970-10-17,Product Owner,2024-03-04,Ativo
2019,Funcionário 2019,28,Atendimento,São Paulo,688.300.483-13,4822476-6,Mestrado,3,1996-11-20,Analista de Atendimento,2024-09-23,Ativo
2020,Funcionário 2020,44,Marketing,Rio de Janeiro,315.922.912-28,4742228-4,Mestrado,3,1980-01-13,Analista de Marketing,2024-09-15,Ativo
2021,Funcionário 2021,24,Produto,Belo Horizonte,104.062.911-36,5710468-7,Pós-graduação,5,2000-03-05,Product Owner,2024-07-14,Ativo
2022,Funcionário 2022,51,Tecnologia,Fortaleza,183.018.179-33,9060755-5,Tecnólogo,9,1973-11-02,Tech Lead,2024-03-31,Ativo
2023,Funcionário 2023,41,Comercial,Belém,789.849.749-00,3704989-2,Pós-graduação,5,1983-10-20,Gerente Comercial,2024-07-08,Desligado
2024,Funcionário 2024,57,Inovação,Natal,171.148.656-60,9968045-1,Tecnólogo,12,1967-09-24,Innovation Lead,2023-12-30,Desligado
2025,Funcionário 2025,59,Operações,Fortaleza,061.735.631-93,8734268-5,Ensino Médio,8,1965-04-27,Coordenador Operacional,2024-04-15,Desligado
2026,Funcionário 2026,55,Financeiro,Porto Alegre,572.616.949-24,9508004-1,Ensino Médio,8,1969-04-16,Gerente Financeiro,2024-04-20,Ativo
2027,Funcionário 2027,33,Gente & Gestão,Brasília,193.899.906-10,4475928-0,Graduação,0,1991-03-23,Gerente de RH,2024-12-22,Desligado
2028,Funcionário 2028,39,Gente & Gestão,Florianópolis,716.753.216-98,3022230-3,Graduação,21,1985-12-07,Gerente de RH,2023-03-31,Ativo
2029,Funcionário 2029,27,Marketing,Natal,179.854.900-00,5071370-7,Tecnólogo,15,1997-12-20,Gerente de Marketing,2023-09-28,Ativo
2030,Funcionário 2030,33,Atendimento,Rio de Janeiro,295.458.583-89,4932915-9,Mestrado,12,1991-12-14,Supervisor de Atendimento,2023-12-01,Ativo
2031,Funcionário 2031,22,Tecnologia,Joinville,981.274.392-82,6738239-1,MBA,26,2002-06-25,QA Engineer,2022-10-25,Ativo
2032,Funcionário 2032,45,Inovação,Salvador,741.925.814-77,2783312-2,Doutorado,2,1979-07-06,Innovation Lead,2024-10-07,Ativo
2033,Funcionário 2033,38,Inovação,São Paulo,360.186.399-55,4488137-8,Doutorado,18,1986-06-09,Product Manager,2023-06-19,Desligado
2034,Funcionário 2034,45,Produto,Salvador,453.156.309-35,7709927-8,Pós-graduação,19,1979-01-25,Analista de Produto,2023-05-12,Ativo
2035,Funcionário 2035,25,Financeiro,Manaus,590.964.598-65,1538723-8,Ensino Médio,4,1999-03-21,Analista Financeiro,2024-08-09,Ativo
2036,Funcionário 2036,44,Suporte,Recife,992.177.351-83,4459390-3,MBA,7,1980-07-17,Coordenador de Suporte,2024-05-07,Desligado
2037,Funcionário 2037,45,Tecnologia,Manaus,973.670.721-02,1187991-2,Tecnólogo,3,1979-11-08,Tech Lead,2024-09-07,Ativo
2038,Funcionário 2038,52,Comercial,Rio de Janeiro,422.241.983-45,4100890-3,Doutorado,31,1972-07-22,Vendedor,2022-05-06,Ativo
2039,Funcionário 2039,32,Comercial,Rio de Janeiro,654.018.144-29,5542450-2,Pós-graduação,17,1992-03-10,Gerente Comercial,2023-07-04,Ativo
2040,Funcionário 2040,50,Comercial,Belém,024.350.947-28,2524400-1,Doutorado,8,1974-06-23,Vendedor,2024-04-22,Ativo
2041,Funcionário 2041,58,Tecnologia,Porto Alegre,861.564.099-80,4228028-9,Pós-graduação,16,1966-02-10,DevOps,2023-08-07,Ativo
2042,Funcionário 2042,40,Inovação,Belo Horizonte,891.370.542-79,1936211-8,MBA,15,1984-06-03,Analista de Inovação,2023-09-07,Ativo
2043,Funcionário 2043,23,Vendas,Goiânia,261.103.565-22,3943200-0,Graduação,17,2001-03-24,Gerente de Vendas,2023-07-02,Ativo
2044,Funcionário 2044,47,Inovação,Salvador,237.666.969-39,4887495-8,Doutorado,24,1977-03-19,Innovation Lead,2022-12-21,Ativo
2045,Funcionário 2045,27,Produto,Belém,619.411.839-30,6126173-2,Graduação,34,1997-10-26,Analista de Produto,2022-02-03,Ativo
2046,Funcionário 2046,23,Suporte,Joinville,424.066.283-45,6031620-8,Tecnólogo,17,2001-07-07,Técnico de Suporte,2023-07-08,Ativo
2047,Funcionário 2047,58,Qualidade,Goiânia,893.343.751-75,5268154-0,Doutorado,0,1966-07-14,Analista de Qualidade,2024-12-14,Ativo
2048,Funcionário 2048,46,Tecnologia,Vitória,865.424.382-11,6763400-0,Ensino Médio,10,1978-10-05,Tech Lead,2024-02-25,Ativo
2049,Funcionário 2049,27,Comercial,Recife,743.509.528-10,9046423-0,Pós-graduação,0,1997-10-12,Gerente Comercial,2024-12-07,Ativo
2050,Funcionário 2050,54,Tecnologia,Belém,396.964.535-23,5338827-7,MBA,29,1970-08-13,DevOps,2022-07-16,Ativo
2051,Funcionário 2051,22,Financeiro,Florianópolis,188.300.995-20,8639157-3,Tecnólogo,17,2002-03-18,Analista Financeiro,2023-07-16,Ativo
2052,Funcionário 2052,35,Produto,São Paulo,449.668.667-82,2786634-7,Doutorado,18,1989-08-01,Product Owner,2023-06-13,Ativo
2053,Funcionário 2053,50,Financeiro,Porto Alegre,069.014.971-99,9784541-4,Tecnólogo,30,1974-01-25,Analista Financeiro,2022-06-15,Ativo
2054,Funcionário 2054,38,Operações,Belém,715.675.665-61,9475567-6,Ensino Médio,35,1986-11-11,Coordenador Operacional,2022-01-01,Desligado
2055,Funcionário 2055,43,Gente & Gestão,Joinville,016.744.923-08,7172964-9,Pós-graduação,16,1981-12-07,Recrutador,2023-08-05,Ativo
2056,Funcionário 2056,42,Operações,Porto Alegre,698.504.505-76,4847454-7,Doutorado,8,1982-07-28,Analista de Operações,2024-04-17,Ativo
2057,Funcionário 2057,47,Inovação,Rio de Janeiro,540.242.861-10,6555491-7,Pós-graduação,4,1977-12-18,Analista de Inovação,2024-08-23,Ativo
2058,Funcionário 2058,35,Marketing,Joinville,140.250.385-79,7314811-4,Ensino Médio,2,1989-07-24,Analista de Marketing,2024-10-01,Ativo
2059,Funcionário 2059,37,Marketing,Joinville,816.384.936-34,9592433-5,MBA,32,1987-11-13,Gerente de Marketing,2022-04-17,Ativo
2060,Funcionário 2060,46,Suporte,São Paulo,301.012.789-85,4496308-0,Tecnólogo,10,1978-10-11,Coordenador de Suporte,2024-02-12,Desligado
2061,Funcionário 2061,43,Qualidade,Recife,485.277.586-95,7961771-2,Tecnólogo,4,1981-01-07,Coordenador de Qualidade,2024-08-30,Ativo
2062,Funcionário 2062,48,Tecnologia,Porto Alegre,036.344.439-44,7333733-3,Tecnólogo,18,1976-07-17,QA Engineer,2023-06-13,Ativo
2063,Funcionário 2063,48,Vendas,Natal,318.123.357-92,1802238-7,Mestrado,7,1976-02-16,Coordenador de Vendas,2024-05-13,Ativo
2064,Funcionário 2064,51,Suporte,Natal,317.445.776-92,7511643-3,Doutorado,24,1973-11-14,Técnico de Suporte,2022-12-21,Ativo
2065,Funcionário 2065,33,Qualidade,Manaus,678.508.989-15,7280278-9,MBA,3,1991-08-09,Auditor,2024-09-27,Ativo
2066,Funcionário 2066,38,Marketing,São Paulo,443.485.295-74,5257217-0,MBA,23,1986-08-24,Analista de Marketing,2023-01-25,Ativo
2067,Funcionário 2067,44,Financeiro,Natal,376.768.740-25,9053373-6,Graduação,18,1980-03-01,Analista Financeiro,2023-06-28,Ativo
2068,Funcionário 2068,55,Atendimento,Recife,751.497.534-91,4484579-3,Graduação,30,1969-02-11,Analista de Atendimento,2022-06-30,Ativo
2069,Funcionário 2069,57,Marketing,Manaus,099.000.940-85,9493308-2,Graduação,8,1967-06-13,Gerente de Marketing,2024-04-17,Ativo
2070,Funcionário 2070,44,Produto,Recife,344.538.565-39,3183280-6,Ensino Médio,19,1980-06-06,Product Manager,2023-05-19,Ativo
2071,Funcionário 2071,58,Operações,São Paulo,600.047.091-60,6161760-9,Mestrado,31,1966-01-24,Coordenador Operacional,2022-05-24,Ativo
2072,Funcionário 2072,43,Vendas,Brasília,561.199.899-27,2707959-5,Ensino Médio,9,1981-06-03,Vendedor,2024-03-28,Desligado
2073,Funcionário 2073,36,Atendimento,Brasília,837.466.144-57,9568572-6,Graduação,4,1988-08-14,Analista de Atendimento,2024-08-21,Ativo
2074,Funcionário 2074,27,Operações,Florianópolis,870.479.666-76,7255618-2,Tecnólogo,26,1997-12-20,Analista de Operações,2022-10-29,Desligado
2075,Funcionário 2075,57,Atendimento,Manaus,565.995.089-28,4903562-3,Mestrado,31,1967-05-23,Supervisor de Atendimento,2022-05-19,Ativo
2076,Funcionário 2076,33,Atendimento,Curitiba,029.276.405-72,9976312-6,Doutorado,17,1991-08-22,Supervisor de Atendimento,2023-07-24,Ativo
2077,Funcionário 2077,32,Financeiro,Joinville,221.405.131-77,9129458-4,Doutorado,0,1992-07-13,Analista Financeiro,2024-12-25,Desligado
2078,Funcionário 2078,34,Comercial,Salvador,733.891.478-88,6074194-2,Tecnólogo,13,1990-03-09,Analista Comercial,2023-11-27,Ativo
2079,Funcionário 2079,45,Vendas,Natal,035.944.102-50,6995317-1,Doutorado,20,1979-09-16,Coordenador de Vendas,2023-04-08,Ativo
2080,Funcionário 2080,31,Qualidade,Curitiba,866.477.413-72,4152413-0,Mestrado,29,1993-04-12,Auditor,2022-07-04,Desligado
2081,Funcionário 2081,24,Produto,Vitória,258.534.658-72,9845421-8,Mestrado,30,2000-06-07,Analista de Produto,2022-06-10,Ativo
2082,Funcionário 2082,32,Financeiro,Manaus,521.789.559-40,2274669-2,Tecnólogo,32,1992-10-17,Contador,2022-04-29,Ativo
2083,Funcionário 2083,28,Comercial,Curitiba,865.581.675-22,2629082-9,Pós-graduação,24,1996-04-18,Vendedor,2022-12-31,Ativo
2084,Funcionário 2084,45,Comercial,Brasília,348.918.003-80,7462239-3,Pós-graduação,0,1979-02-27,Executivo de Contas,2024-12-27,Ativo
2085,Funcionário 2085,47,Inovação,Belo Horizonte,429.242.195-15,1872786-9,Mestrado,4,1977-12-27,Product Manager,2024-08-06,Ativo
2086,Funcionário 2086,26,Produto,São Paulo,121.852.734-00,2478426-3,Tecnólogo,29,1998-02-10,Product Manager,2022-07-05,Ativo
2087,Funcionário 2087,40,Comercial,Porto Alegre,315.553.015-41,6155837-4,Pós-graduação,20,1984-01-07,Vendedor,2023-04-03,Desligado
2088,Funcionário 2088,44,Gente & Gestão,Brasília,077.811.096-60,6248954-5,Pós-graduação,11,1980-10-18,Gerente de RH,2024-01-09,Ativo
2089,Funcionário 2089,33,Operações,Joinville,766.345.418-92,7821777-9,Tecnólogo,23,1991-10-19,Analista de Operações,2023-01-12,Desligado
2090,Funcionário 2090,51,Tecnologia,Brasília,945.206.419-69,7416366-6,Mestrado,29,1973-01-14,DevOps,2022-07-30,Ativo
2091,Funcionário 2091,26,Produto,Brasília,910.082.242-60,9446620-2,Pós-graduação,27,1998-07-18,Analista de Produto,2022-09-10,Desligado
2092,Funcionário 2092,34,Marketing,Belém,217.562.699-71,5546458-7,Mestrado,10,1990-03-01,Especialista em SEO,2024-02-21,Ativo
2093,Funcionário 2093,23,Operações,Goiânia,910.059.325-73,8648146-0,Ensino Médio,2,2001-03-25,Analista de Operações,2024-10-05,Desligado
2094,Funcionário 2094,32,Suporte,Florianópolis,322.007.485-58,4210732-8,Graduação,2,1992-12-05,Analista de Suporte,2024-10-07,Ativo
2095,Funcionário 2095,58,Tecnologia,Recife,712.951.452-35,1387017-2,Mestrado,32,1966-06-22,Arquiteto,2022-04-02,Ativo
2096,Funcionário 2096,49,Produto,Florianópolis,860.604.802-09,7016513-4,Pós-graduação,23,1975-05-01,Product Owner,2023-01-08,Ativo
2097,Funcionário 2097,35,Qualidade,Vitória,747.695.090-90,9473491-5,Tecnólogo,18,1989-02-21,Coordenador de Qualidade,2023-06-11,Ativo
2098,Funcionário 2098,53,Atendimento,Natal,664.301.655-07,9256688-8,Tecnólogo,6,1971-03-08,Supervisor de Atendimento,2024-06-02,Ativo
2099,Funcionário 2099,22,Marketing,Belém,887.656.993-60,1880247-6,Tecnólogo,30,2002-04-13,Especialista em SEO,2022-06-01,Ativo
2100,Funcionário 2100,23,Tecnologia,Goiânia,229.011.386-75,5648869-7,Doutorado,35,2001-05-16,DevOps,2022-01-19,Ativo
2101,Funcionário 2101,48,Vendas,Belo Horizonte,199.038.035-24,9741858-9,Tecnólogo,27,1976-12-24,Gerente de Vendas,2022-09-06,Ativo
2102,Funcionário 2102,22,Vendas,Joinville,538.294.419-91,1801609-5,MBA,27,2002-05-15,Coordenador de Vendas,2022-09-07,Ativo
2103,Funcionário 2103,57,Qualidade,Brasília,347.283.951-11,6559653-3,MBA,8,1967-08-07,Analista de Qualidade,2024-04-17,Ativo
2104,Funcionário 2104,43,Comercial,Manaus,267.084.886-98,6565483-6,Tecnólogo,0,1981-12-25,Gerente Comercial,2024-12-18,Ativo
2105,Funcionário 2105,30,Operações,Florianópolis,292.582.282-78,5118292-5,Mestrado,35,1994-02-17,Supervisor,2022-01-04,Ativo
2106,Funcionário 2106,28,Gente & Gestão,Natal,306.885.684-16,9428568-0,Ensino Médio,7,1996-08-14,Gerente de RH,2024-05-15,Ativo
2107,Funcionário 2107,58,Inovação,Florianópolis,964.583.744-88,2331262-3,Mestrado,14,1966-10-16,Analista de Inovação,2023-10-29,Ativo
2108,Funcionário 2108,38,Atendimento,Belo Horizonte,531.755.592-20,8673126-4,Mestrado,2,1986-12-20,Atendente,2024-10-27,Ativo
2109,Funcionário 2109,54,Comercial,Goiânia,114.862.675-13,9271499-6,Doutorado,27,1970-12-21,Analista Comercial,2022-09-04,Desligado
2110,Funcionário 2110,39,Produto,Salvador,453.496.551-67,2872209-9,Tecnólogo,11,1985-11-14,Product Manager,2024-01-04,Ativo
2111,Funcionário 2111,25,Vendas,Belém,678.963.009-07,4081730-0,Tecnólogo,22,1999-06-24,Vendedor,2023-02-28,Ativo
2112,Funcionário 2112,45,Comercial,Natal,163.015.972-73,5710444-8,Ensino Médio,24,1979-05-05,Executivo de Contas,2022-12-20,Desligado
2113,Funcionário 2113,40,Vendas,Manaus,349.276.680-37,1827363-1,Graduação,1,1984-05-14,Vendedor,2024-11-30,Ativo
2114,Funcionário 2114,31,Tecnologia,Recife,804.033.480-21,5060267-5,MBA,31,1993-06-28,Desenvolvedor,2022-05-28,Ativo
2115,Funcionário 2115,36,Suporte,Salvador,866.715.544-63,3587735-6,MBA,7,1988-01-12,Analista de Suporte,2024-05-03,Ativo
2116,Funcionário 2116,43,Vendas,Rio de Janeiro,096.746.272-00,7628472-4,Doutorado,32,1981-11-11,Coordenador de Vendas,2022-04-09,Ativo
2117,Funcionário 2117,46,Produto,Salvador,991.192.856-04,3576374-8,Mestrado,6,1978-12-21,Analista de Produto,2024-06-29,Ativo
2118,Funcionário 2118,55,Vendas,Manaus,502.155.383-66,6369138-8,MBA,34,1969-11-16,Vendedor,2022-02-10,Ativo
2119,Funcionário 2119,54,Suporte,Manaus,212.626.439-45,5479431-4,Mestrado,11,1970-07-16,Analista de Suporte,2024-01-30,Ativo
2120,Funcionário 2120,52,Comercial,Salvador,607.890.751-48,9108000-5,Mestrado,29,1972-10-17,Vendedor,2022-07-24,Desligado
2121,Funcionário 2121,35,Financeiro,Joinville,512.944.149-41,8204875-4,MBA,24,1989-06-07,Controller,2022-12-05,Ativo
2122,Funcionário 2122,29,Atendimento,Joinville,982.838.597-06,7362513-5,MBA,17,1995-08-15,Analista de Atendimento,2023-07-12,Ativo
2123,Funcionário 2123,37,Operações,Manaus,907.055.494-10,8246236-8,Graduação,21,1987-11-27,Gerente de Operações,2023-03-07,Ativo
2124,Funcionário 2124,59,Atendimento,Porto Alegre,771.569.220-41,9168438-6,MBA,18,1965-10-28,Supervisor de Atendimento,2023-06-29,Ativo
2125,Funcionário 2125,39,Atendimento,Recife,341.535.977-83,3064760-5,Doutorado,27,1985-01-22,Analista de Atendimento,2022-09-13,Desligado
2126,Funcionário 2126,22,Inovação,Porto Alegre,477.349.431-01,3901599-5,Ensino Médio,18,2002-12-18,Innovation Lead,2023-06-22,Ativo
2127,Funcionário 2127,25,Qualidade,Belém,578.564.135-65,6184505-1,Pós-graduação,17,1999-11-24,Coordenador de Qualidade,2023-07-08,Ativo
2128,Funcionário 2128,44,Vendas,Curitiba,685.573.952-05,7255876-5,Pós-graduação,19,1980-03-18,Gerente de Vendas,2023-05-02,Ativo
2129,Funcionário 2129,54,Comercial,Rio de Janeiro,809.579.475-93,1743420-2,MBA,2,1970-02-21,Executivo de Contas,2024-10-24,Ativo
2130,Funcionário 2130,41,Tecnologia,Belém,841.362.334-00,2707282-4,Ensino Médio,6,1983-01-10,QA Engineer,2024-06-28,Desligado
2131,Funcionário 2131,37,Tecnologia,Manaus,697.147.973-49,6357665-9,Doutorado,16,1987-02-18,QA Engineer,2023-08-19,Ativo
2132,Funcionário 2132,38,Tecnologia,Curitiba,508.374.560-70,7514659-1,MBA,27,1986-08-01,Analista de Sistemas,2022-09-09,Ativo
2133,Funcionário 2133,32,Qualidade,Recife,017.590.017-59,5524988-9,Graduação,33,1992-07-15,Analista de Qualidade,2022-03-14,Ativo
2134,Funcionário 2134,52,Tecnologia,Vitória,078.692.855-79,7126456-9,Ensino Médio,29,1972-07-23,Arquiteto,2022-07-20,Ativo
2135,Funcionário 2135,29,Gente & Gestão,Belém,389.676.353-97,6973457-8,Graduação,7,1995-08-08,Recrutador,2024-05-27,Ativo
2136,Funcionário 2136,26,Operações,Goiânia,960.707.228-68,4584136-3,Doutorado,21,1998-05-25,Analista de Operações,2023-03-16,Desligado
2137,Funcionário 2137,32,Financeiro,Natal,513.901.430-07,6196843-9,Ensino Médio,4,1992-05-06,Contador,2024-08-16,Ativo
2138,Funcionário 2138,58,Tecnologia,Joinville,366.357.967-03,1374915-3,Pós-graduação,31,1966-12-09,Analista de Sistemas,2022-05-09,Ativo
2139,Funcionário 2139,46,Suporte,Salvador,007.356.582-26,6749638-2,Mestrado,9,1978-01-17,Coordenador de Suporte,2024-03-09,Ativo
2140,Funcionário 2140,33,Atendimento,Curitiba,637.941.288-34,3118220-2,Graduação,9,1991-07-19,Analista de Atendimento,2024-03-10,Desligado
2141,Funcionário 2141,51,Operações,Belo Horizonte,321.425.261-52,3462001-5,Tecnólogo,28,1973-10-16,Coordenador Operacional,2022-08-10,Ativo
2142,Funcionário 2142,51,Comercial,Natal,946.574.465-41,6318806-4,Tecnólogo,21,1973-03-12,Analista Comercial,2023-03-16,Ativo
2143,Funcionário 2143,33,Tecnologia,Porto Alegre,411.818.513-00,1306860-5,Tecnólogo,10,1991-08-07,QA Engineer,2024-02-22,Ativo
2144,Funcionário 2144,36,Gente & Gestão,Manaus,203.881.937-86,5688532-7,Tecnólogo,7,1988-09-10,Recrutador,2024-05-28,Ativo
2145,Funcionário 2145,26,Comercial,Florianópolis,146.220.148-23,2001012-1,Doutorado,19,1998-04-08,Executivo de Contas,2023-05-15,Ativo
2146,Funcionário 2146,32,Gente & Gestão,Fortaleza,127.283.603-75,7625199-4,Pós-graduação,35,1992-09-16,Especialista em Folha,2022-01-04,Ativo
2147,Funcionário 2147,42,Comercial,Salvador,770.906.761-10,7260863-0,Tecnólogo,19,1982-08-13,Executivo de Contas,2023-05-01,Desligado
2148,Funcionário 2148,55,Atendimento,Goiânia,767.162.172-23,9659485-6,Ensino Médio,33,1969-05-18,Analista de Atendimento,2022-03-27,Ativo
2149,Funcionário 2149,52,Atendimento,Rio de Janeiro,804.186.930-05,5989091-5,Pós-graduação,20,1972-11-06,Atendente,2023-04-09,Ativo
2150,Funcionário 2150,27,Financeiro,Recife,649.674.199-92,4870352-9,Doutorado,30,1997-07-02,Gerente Financeiro,2022-06-20,Ativo
2151,Funcionário 2151,38,Suporte,Belém,064.909.703-33,2920868-9,Graduação,15,1986-03-11,Analista de Suporte,2023-09-04,Ativo
2152,Funcionário 2152,27,Produto,Natal,701.815.891-50,7564250-7,Mestrado,23,1997-07-18,Product Manager,2023-01-20,Desligado
2153,Funcionário 2153,32,Inovação,Recife,074.215.319-39,6719824-2,Mestrado,19,1992-11-13,Analista de Inovação,2023-05-25,Ativo
2154,Funcionário 2154,40,Atendimento,Recife,602.216.908-91,9630184-0,Ensino Médio,1,1984-08-12,Supervisor de Atendimento,2024-11-10,Ativo
2155,Funcionário 2155,34,Vendas,Curitiba,293.358.384-46,2387188-0,Tecnólogo,23,1990-11-27,Vendedor,2023-01-29,Ativo
2156,Funcionário 2156,49,Suporte,Salvador,657.351.745-84,6790843-1,MBA,18,1975-07-19,Coordenador de Suporte,2023-06-04,Ativo
2157,Funcionário 2157,42,Operações,Curitiba,021.401.283-20,9610523-9,Graduação,23,1982-02-19,Analista de Operações,2023-01-23,Ativo
2158,Funcionário 2158,23,Operações,Natal,799.035.971-50,1450060-3,Mestrado,2,2001-08-03,Gerente de Operações,2024-10-06,Ativo
2159,Funcionário 2159,49,Gente & Gestão,Salvador,056.870.941-13,6535803-1,Ensino Médio,27,1975-05-23,Analista de RH,2022-09-23,Ativo
2160,Funcionário 2160,31,Inovação,Joinville,648.389.533-05,8609231-6,Graduação,5,1993-07-18,Product Manager,2024-07-06,Ativo
2161,Funcionário 2161,31,Produto,Goiânia,776.006.434-99,8634413-3,Mestrado,14,1993-11-27,Product Manager,2023-10-27,Ativo
2162,Funcionário 2162,38,Suporte,Curitiba,173.033.249-84,8569691-5,Graduação,7,1986-12-27,Analista de Suporte,2024-05-10,Ativo
2163,Funcionário 2163,24,Comercial,Joinville,745.104.848-95,8361659-3,Doutorado,33,2000-10-10,Executivo de Contas,2022-03-30,Ativo
2164,Funcionário 2164,55,Tecnologia,Belo Horizonte,181.560.542-10,7037761-9,Doutorado,3,1969-01-15,Arquiteto,2024-09-17,Ativo
2165,Funcionário 2165,39,Vendas,Vitória,476.111.079-17,7074314-4,MBA,4,1985-07-10,Coordenador de Vendas,2024-08-26,Ativo
2166,Funcionário 2166,29,Qualidade,Brasília,565.728.972-22,5966782-8,Doutorado,24,1995-07-22,Auditor,2022-12-07,Ativo
2167,Funcionário 2167,24,Qualidade,Vitória,540.390.984-20,7993789-0,Mestrado,10,2000-09-28,Analista de Qualidade,2024-02-18,Ativo
2168,Funcionário 2168,57,Tecnologia,Goiânia,669.926.138-04,1566566-9,Graduação,27,1967-07-26,Desenvolvedor,2022-09-28,Ativo
2169,Funcionário 2169,51,Gente & Gestão,Manaus,777.795.703-12,8859049-9,MBA,8,1973-03-13,Especialista em Folha,2024-04-12,Ativo
2170,Funcionário 2170,32,Financeiro,Florianópolis,271.107.351-33,4144576-0,MBA,27,1992-09-20,Controller,2022-09-24,Ativo
2171,Funcionário 2171,32,Financeiro,Brasília,682.432.333-00,4855156-4,Pós-graduação,32,1992-03-07,Controller,2022-04-17,Ativo
2172,Funcionário 2172,59,Qualidade,Natal,460.606.943-06,3189674-3,Graduação,35,1965-07-20,Analista de Qualidade,2022-01-05,Ativo
2173,Funcionário 2173,41,Qualidade,Joinville,578.652.941-07,1814704-0,Graduação,26,1983-09-11,Analista de Qualidade,2022-10-07,Ativo
2174,Funcionário 2174,30,Financeiro,Manaus,644.885.487-84,9728885-0,Ensino Médio,13,1994-04-04,Analista Financeiro,2023-11-29,Desligado
2175,Funcionário 2175,47,Operações,Recife,425.542.805-09,6078183-2,MBA,19,1977-08-14,Supervisor,2023-05-23,Ativo
2176,Funcionário 2176,49,Atendimento,Florianópolis,550.786.887-57,4836695-9,Graduação,9,1975-01-22,Atendente,2024-03-23,Ativo
2177,Funcionário 2177,34,Atendimento,Manaus,221.317.019-34,4503879-9,MBA,14,1990-09-13,Analista de Atendimento,2023-10-30,Ativo
2178,Funcionário 2178,31,Operações,Belém,928.798.728-98,2279911-4,Tecnólogo,2,1993-04-27,Analista de Operações,2024-10-14,Ativo
2179,Funcionário 2179,54,Financeiro,Vitória,249.562.917-28,1139955-3,Ensino Médio,9,1970-05-10,Analista Financeiro,2024-03-14,Desligado
2180,Funcionário 2180,45,Produto,Vitória,328.880.700-90,9842784-7,Tecnólogo,14,1979-02-23,Product Manager,2023-10-26,Desligado
2181,Funcionário 2181,53,Produto,Brasília,451.202.201-50,5556540-1,Pós-graduação,3,1971-06-10,Analista de Produto,2024-09-28,Ativo
2182,Funcionário 2182,33,Financeiro,Natal,648.792.104-12,6360957-0,Mestrado,8,1991-07-05,Gerente Financeiro,2024-04-11,Ativo
2183,Funcionário 2183,54,Produto,Manaus,152.697.442-87,1929494-7,Doutorado,32,1970-04-28,Product Owner,2022-04-15,Ativo
2184,Funcionário 2184,49,Inovação,Goiânia,854.833.095-37,4626686-6,Mestrado,1,1975-08-05,Analista de Inovação,2024-11-05,Ativo
2185,Funcionário 2185,36,Inovação,Vitória,806.014.579-78,2266299-4,Pós-graduação,25,1988-04-05,Product Manager,2022-11-11,Ativo
2186,Funcionário 2186,59,Marketing,Salvador,858.197.015-00,9327395-9,Mestrado,32,1965-12-04,Gerente de Marketing,2022-04-01,Ativo
2187,Funcionário 2187,50,Vendas,Joinville,720.925.192-80,6919532-2,Mestrado,32,1974-02-28,Vendedor,2022-04-05,Ativo
2188,Funcionário 2188,40,Comercial,Belo Horizonte,332.970.493-40,2730412-5,Pós-graduação,3,1984-10-11,Vendedor,2024-09-03,Ativo
2189,Funcionário 2189,29,Vendas,Goiânia,855.116.397-37,1325432-7,Ensino Médio,30,1995-05-20,Gerente de Vendas,2022-06-20,Ativo
2190,Funcionário 2190,44,Gente & Gestão,Rio de Janeiro,574.142.487-20,3185837-5,MBA,19,1980-10-14,Analista de RH,2023-05-03,Ativo
2191,Funcionário 2191,29,Operações,Natal,918.831.249-64,8285393-7,MBA,4,1995-12-15,Gerente de Operações,2024-08-20,Ativo
2192,Funcionário 2192,36,Tecnologia,Belo Horizonte,724.434.354-07,7314805-5,Graduação,4,1988-09-16,Analista de Sistemas,2024-08-05,Ativo
2193,Funcionário 2193,35,Financeiro,Curitiba,715.643.802-62,1314787-4,Doutorado,32,1989-04-09,Analista Financeiro,2022-04-07,Ativo
2194,Funcionário 2194,39,Suporte,Recife,247.960.009-25,6944782-7,Ensino Médio,16,1985-01-20,Coordenador de Suporte,2023-08-11,Desligado
2195,Funcionário 2195,22,Produto,Salvador,376.242.662-70,1554536-3,Graduação,27,2002-06-09,Analista de Produto,2022-09-15,Ativo
2196,Funcionário 2196,26,Inovação,Florianópolis,693.091.401-00,2906711-7,Ensino Médio,13,1998-03-15,Analista de Inovação,2023-11-12,Ativo
2197,Funcionário 2197,36,Suporte,Vitória,226.414.756-34,5460981-2,MBA,35,1988-01-21,Coordenador de Suporte,2022-01-27,Desligado
2198,Funcionário 2198,33,Financeiro,Porto Alegre,933.598.474-40,5066077-5,Graduação,24,1991-03-19,Analista Financeiro,2022-12-02,Ativo
2199,Funcionário 2199,47,Comercial,Rio de Janeiro,966.771.539-67,3743507-4,Doutorado,34,1977-03-06,Gerente Comercial,2022-02-10,Ativo
2200,Funcionário 2200,42,Vendas,Belém,736.500.329-45,1932848-6,Pós-graduação,34,1982-10-02,Coordenador de Vendas,2022-02-02,Ativo
2201,Funcionário 2201,38,Operações,Joinville,476.144.278-66,6450683-5,Ensino Médio,3,1986-04-27,Coordenador Operacional,2024-09-28,Ativo
2202,Funcionário 2202,30,Marketing,Rio de Janeiro,404.231.697-26,8262318-7,MBA,26,1994-12-23,Gerente de Marketing,2022-10-22,Ativo
2203,Funcionário 2203,25,Tecnologia,Brasília,549.393.439-60,4556965-9,Pós-graduação,9,1999-10-01,Tech Lead,2024-03-30,Ativo
2204,Funcionário 2204,31,Financeiro,Joinville,252.878.357-44,9572172-1,Mestrado,22,1993-04-27,Analista Financeiro,2023-02-10,Ativo
2205,Funcionário 2205,32,Qualidade,Goiânia,330.734.533-85,2702398-2,Tecnólogo,32,1992-03-08,Coordenador de Qualidade,2022-04-14,Ativo
2206,Funcionário 2206,58,Financeiro,Salvador,247.409.853-49,6819022-0,Pós-graduação,5,1966-03-02,Analista Financeiro,2024-07-28,Ativo
2207,Funcionário 2207,46,Produto,Natal,516.023.251-62,6980989-5,Ensino Médio,34,1978-08-23,Product Owner,2022-02-28,Desligado
2208,Funcionário 2208,46,Suporte,Joinville,870.940.422-80,2320303-9,Ensino Médio,15,1978-06-13,Técnico de Suporte,2023-09-05,Ativo
2209,Funcionário 2209,22,Tecnologia,Salvador,925.512.538-96,2528959-3,Graduação,33,2002-08-25,QA Engineer,2022-03-14,Ativo
2210,Funcionário 2210,26,Vendas,Florianópolis,505.349.419-31,6269035-5,Graduação,4,1998-02-11,Coordenador de Vendas,2024-08-21,Ativo
2211,Funcionário 2211,30,Operações,Goiânia,716.632.824-04,8223988-1,Tecnólogo,8,1994-04-01,Gerente de Operações,2024-04-18,Ativo
2212,Funcionário 2212,54,Comercial,Goiânia,621.856.352-98,2227380-5,Mestrado,35,1970-01-15,Vendedor,2022-01-19,Ativo
2213,Funcionário 2213,47,Atendimento,Salvador,042.059.868-58,8472447-7,Doutorado,11,1977-11-21,Analista de Atendimento,2024-01-05,Ativo
2214,Funcionário 2214,37,Marketing,Vitória,143.360.809-09,5773614-6,Doutorado,33,1987-02-02,Gerente de Marketing,2022-03-19,Desligado
2215,Funcionário 2215,40,Marketing,Curitiba,103.927.888-45,5715196-6,Tecnólogo,29,1984-09-20,Gerente de Marketing,2022-07-21,Ativo
2216,Funcionário 2216,31,Suporte,Rio de Janeiro,163.881.687-52,6926067-6,Ensino Médio,12,1993-02-17,Coordenador de Suporte,2023-12-23,Ativo
2217,Funcionário 2217,25,Gente & Gestão,Recife,905.096.568-70,1575036-0,MBA,25,1999-07-16,Analista de RH,2022-11-25,Ativo
2218,Funcionário 2218,25,Tecnologia,São Paulo,727.208.147-33,6900629-6,Tecnólogo,25,1999-11-07,Desenvolvedor,2022-11-13,Ativo
2219,Funcionário 2219,44,Financeiro,Vitória,407.830.830-92,9731347-9,MBA,9,1980-10-15,Gerente Financeiro,2024-03-30,Ativo
2220,Funcionário 2220,23,Qualidade,Florianópolis,995.145.498-48,5365638-6,MBA,22,2001-07-15,Auditor,2023-02-23,Ativo
2221,Funcionário 2221,43,Atendimento,Salvador,749.066.886-75,6664429-7,Graduação,5,1981-06-03,Atendente,2024-07-09,Ativo
2222,Funcionário 2222,49,Tecnologia,São Paulo,116.456.059-06,5176583-1,Doutorado,11,1975-07-07,DevOps,2024-01-19,Ativo
2223,Funcionário 2223,31,Gente & Gestão,Goiânia,807.392.002-67,8189410-5,MBA,12,1993-09-27,Recrutador,2023-12-17,Ativo
2224,Funcionário 2224,59,Inovação,São Paulo,337.773.031-19,2816391-9,Mestrado,10,1965-08-23,Analista de Inovação,2024-02-15,Ativo
2225,Funcionário 2225,35,Qualidade,Rio de Janeiro,261.548.720-54,3323572-5,Tecnólogo,29,1989-03-09,Coordenador de Qualidade,2022-07-31,Ativo
2226,Funcionário 2226,41,Inovação,Recife,455.005.490-57,4502761-9,Ensino Médio,1,1983-12-24,Product Manager,2024-11-04,Desligado
2227,Funcionário 2227,31,Inovação,Manaus,767.388.724-02,4392317-4,Mestrado,10,1993-02-13,Analista de Inovação,2024-02-13,Ativo
2228,Funcionário 2228,24,Comercial,Fortaleza,383.000.914-32,4792077-0,Doutorado,20,2000-06-06,Vendedor,2023-04-03,Ativo
2229,Funcionário 2229,58,Marketing,Manaus,741.799.654-02,9330403-3,Pós-graduação,8,1966-07-05,Gerente de Marketing,2024-04-26,Ativo
2230,Funcionário 2230,30,Inovação,Recife,518.962.252-50,1070088-2,MBA,5,1994-06-21,Innovation Lead,2024-07-15,Ativo
2231,Funcionário 2231,43,Marketing,Florianópolis,230.234.056-62,2712694-2,Tecnólogo,4,1981-08-28,Especialista em SEO,2024-08-16,Ativo
2232,Funcionário 2232,51,Tecnologia,Natal,515.890.418-95,7925932-6,Mestrado,24,1973-09-01,Desenvolvedor,2022-12-06,Ativo
2233,Funcionário 2233,39,Inovação,Curitiba,608.123.927-60,9152287-9,Tecnólogo,0,1985-09-10,Product Manager,2024-12-15,Ativo
2234,Funcionário 2234,51,Inovação,Rio de Janeiro,098.636.152-69,5728628-4,Mestrado,4,1973-07-20,Product Manager,2024-08-28,Ativo
2235,Funcionário 2235,30,Inovação,Salvador,420.224.824-41,8742508-3,MBA,9,1994-04-24,Product Manager,2024-03-15,Desligado
2236,Funcionário 2236,24,Suporte,São Paulo,714.503.118-30,7386221-9,MBA,33,2000-12-05,Coordenador de Suporte,2022-03-06,Ativo
2237,Funcionário 2237,55,Vendas,Florianópolis,141.939.606-41,2552142-8,Doutorado,30,1969-01-09,Gerente de Vendas,2022-06-24,Ativo
2238,Funcionário 2238,42,Tecnologia,Natal,911.992.569-78,4547011-4,Pós-graduação,26,1982-05-24,Tech Lead,2022-10-20,Ativo
2239,Funcionário 2239,54,Qualidade,Vitória,103.414.131-78,2737594-4,MBA,1,1970-02-04,Coordenador de Qualidade,2024-11-22,Ativo
2240,Funcionário 2240,55,Suporte,Fortaleza,051.325.179-00,9427666-5,Mestrado,35,1969-05-10,Coordenador de Suporte,2022-01-05,Ativo
2241,Funcionário 2241,27,Financeiro,Salvador,609.406.714-25,1365423-3,MBA,2,1997-08-17,Gerente Financeiro,2024-10-27,Ativo
2242,Funcionário 2242,55,Operações,Recife,145.645.722-53,5509601-0,Tecnólogo,5,1969-06-22,Gerente de Operações,2024-07-26,Ativo
2243,Funcionário 2243,30,Produto,Porto Alegre,740.337.449-59,4853231-3,Graduação,0,1994-08-01,Product Owner,2024-12-11,Ativo
2244,Funcionário 2244,35,Qualidade,Recife,913.694.126-30,1283893-3,MBA,15,1989-02-01,Analista de Qualidade,2023-09-08,Ativo
2245,Funcionário 2245,33,Suporte,Florianópolis,267.531.805-16,1607430-1,MBA,3,1991-07-08,Coordenador de Suporte,2024-09-28,Desligado
2246,Funcionário 2246,40,Marketing,Recife,089.654.612-86,5842247-0,MBA,14,1984-04-13,Especialista em SEO,2023-10-22,Desligado
2247,Funcionário 2247,39,Qualidade,Joinville,047.486.794-33,9704445-9,Tecnólogo,10,1985-11-21,Analista de Qualidade,2024-02-15,Ativo
2248,Funcionário 2248,38,Financeiro,Manaus,484.817.036-21,8650324-7,MBA,28,1986-01-02,Analista Financeiro,2022-08-07,Ativo
2249,Funcionário 2249,50,Financeiro,Recife,017.737.594-93,1620291-7,Ensino Médio,22,1974-04-27,Controller,2023-02-09,Ativo
2250,Funcionário 2250,24,Comercial,Salvador,811.171.960-46,2557354-4,Ensino Médio,33,2000-05-20,Vendedor,2022-03-16,Desligado
2251,Funcionário 2251,27,Atendimento,Brasília,441.559.674-64,9707087-4,Graduação,20,1997-04-08,Supervisor de Atendimento,2023-04-11,Ativo
2252,Funcionário 2252,46,Comercial,Belo Horizonte,965.523.917-90,5090337-0,Ensino Médio,34,1978-04-24,Vendedor,2022-02-24,Ativo
2253,Funcionário 2253,24,Inovação,Joinville,049.992.665-04,9013176-7,Ensino Médio,21,2000-12-13,Analista de Inovação,2023-03-16,Ativo
2254,Funcionário 2254,36,Marketing,Belo Horizonte,317.394.624-32,4289611-8,Tecnólogo,1,1988-08-23,Gerente de Marketing,2024-11-03,Ativo
2255,Funcionário 2255,47,Inovação,Recife,586.539.276-03,2312664-3,Mestrado,5,1977-11-03,Product Manager,2024-07-17,Ativo
2256,Funcionário 2256,40,Gente & Gestão,Rio de Janeiro,493.179.670-27,2698997-7,Doutorado,7,1984-01-12,Gerente de RH,2024-05-31,Ativo
2257,Funcionário 2257,40,Financeiro,Recife,357.921.162-53,4153748-5,Doutorado,13,1984-01-13,Gerente Financeiro,2023-11-26,Ativo
2258,Funcionário 2258,55,Vendas,Rio de Janeiro,464.639.897-46,6497182-5,MBA,34,1969-02-10,Gerente de Vendas,2022-02-01,Ativo
2259,Funcionário 2259,59,Vendas,Joinville,703.934.271-53,3531940-5,Graduação,9,1965-07-24,Coordenador de Vendas,2024-03-20,Ativo
2260,Funcionário 2260,26,Vendas,São Paulo,529.050.926-70,2863712-0,Pós-graduação,32,1998-01-02,Coordenador de Vendas,2022-04-20,Ativo
2261,Funcionário 2261,48,Vendas,Vitória,156.161.973-60,9628019-1,Mestrado,18,1976-05-25,Vendedor,2023-06-13,Ativo
2262,Funcionário 2262,32,Qualidade,Belém,213.008.823-60,1859563-8,Tecnólogo,0,1992-05-22,Coordenador de Qualidade,2024-12-23,Ativo
2263,Funcionário 2263,49,Marketing,Belém,672.331.044-68,8821602-3,Ensino Médio,0,1975-02-16,Especialista em SEO,2024-12-19,Ativo
2264,Funcionário 2264,25,Tecnologia,Goiânia,655.619.221-06,1352174-6,Tecnólogo,0,1999-09-05,Tech Lead,2024-12-22,Ativo
2265,Funcionário 2265,37,Tecnologia,Belém,318.641.761-99,5392248-1,Doutorado,20,1987-01-05,DevOps,2023-04-03,Ativo
2266,Funcionário 2266,31,Vendas,Fortaleza,693.683.599-62,5595532-0,Doutorado,31,1993-07-28,Vendedor,2022-05-16,Ativo
2267,Funcionário 2267,24,Operações,Rio de Janeiro,323.919.325-61,7749788-7,Mestrado,26,2000-09-05,Coordenador Operacional,2022-10-14,Ativo
2268,Funcionário 2268,46,Comercial,Brasília,126.937.949-60,7953724-4,Mestrado,14,1978-03-06,Analista Comercial,2023-10-20,Ativo
2269,Funcionário 2269,28,Financeiro,Curitiba,448.436.868-40,4733985-3,Graduação,28,1996-02-03,Analista Financeiro,2022-08-20,Ativo
2270,Funcionário 2270,59,Produto,Rio de Janeiro,064.098.058-96,6322807-5,Doutorado,2,1965-08-03,Analista de Produto,2024-10-20,Ativo
2271,Funcionário 2271,47,Tecnologia,Brasília,906.278.790-80,3549198-0,Pós-graduação,24,1977-06-19,QA Engineer,2022-12-18,Desligado
2272,Funcionário 2272,22,Produto,Curitiba,463.721.626-52,4192063-5,Mestrado,9,2002-12-01,Product Owner,2024-03-20,Ativo
2273,Funcionário 2273,32,Atendimento,Fortaleza,841.802.955-20,8639889-9,Mestrado,3,1992-08-25,Atendente,2024-09-29,Ativo
2274,Funcionário 2274,57,Marketing,Vitória,395.795.519-01,2431740-1,Tecnólogo,26,1967-05-24,Analista de Marketing,2022-10-27,Ativo
2275,Funcionário 2275,34,Vendas,Fortaleza,173.670.386-21,8768126-6,Graduação,26,1990-06-13,Gerente de Vendas,2022-10-31,Ativo
2276,Funcionário 2276,22,Operações,Belo Horizonte,112.584.233-40,7676035-3,MBA,33,2002-01-18,Coordenador Operacional,2022-03-04,Desligado
2277,Funcionário 2277,52,Operações,Porto Alegre,082.924.828-57,2856073-0,Doutorado,4,1972-04-27,Supervisor,2024-08-13,Ativo
2278,Funcionário 2278,35,Atendimento,Porto Alegre,788.312.736-55,4085195-0,Tecnólogo,12,1989-05-18,Analista de Atendimento,2023-12-25,Ativo
2279,Funcionário 2279,28,Atendimento,Natal,720.197.084-42,2163579-6,Tecnólogo,26,1996-09-16,Analista de Atendimento,2022-10-10,Ativo
2280,Funcionário 2280,38,Gente & Gestão,Manaus,279.636.512-30,1326890-0,MBA,13,1986-06-11,Analista de RH,2023-11-02,Desligado
2281,Funcionário 2281,22,Tecnologia,Belo Horizonte,510.819.484-69,4489513-0,Ensino Médio,27,2002-03-14,Arquiteto,2022-09-21,Ativo
2282,Funcionário 2282,34,Produto,Manaus,036.072.235-05,4874090-0,Ensino Médio,33,1990-03-24,Product Manager,2022-03-20,Ativo
2283,Funcionário 2283,51,Vendas,São Paulo,342.437.539-03,1505595-9,Ensino Médio,28,1973-07-25,Coordenador de Vendas,2022-08-23,Ativo
2284,Funcionário 2284,22,Qualidade,Porto Alegre,166.316.696-00,5172984-3,Mestrado,4,2002-12-22,Analista de Qualidade,2024-08-23,Ativo
2285,Funcionário 2285,22,Vendas,São Paulo,045.441.061-17,1071876-0,Tecnólogo,6,2002-07-09,Gerente de Vendas,2024-06-11,Ativo
2286,Funcionário 2286,24,Tecnologia,Florianópolis,844.580.151-17,7926878-2,Pós-graduação,3,2000-07-10,Tech Lead,2024-09-30,Desligado
2287,Funcionário 2287,50,Comercial,Curitiba,809.241.150-68,7844188-9,Ensino Médio,14,1974-01-21,Analista Comercial,2023-10-13,Ativo
2288,Funcionário 2288,38,Qualidade,Goiânia,961.315.255-52,3234039-8,Pós-graduação,25,1986-12-08,Analista de Qualidade,2022-11-24,Ativo
2289,Funcionário 2289,38,Tecnologia,Manaus,058.837.743-00,6134876-7,Pós-graduação,12,1986-05-24,DevOps,2023-12-18,Desligado
2290,Funcionário 2290,24,Produto,Salvador,625.395.011-84,6446284-5,Tecnólogo,28,2000-06-25,Product Manager,2022-08-26,Ativo
2291,Funcionário 2291,58,Atendimento,Vitória,862.778.882-00,8468246-4,Ensino Médio,8,1966-01-08,Supervisor de Atendimento,2024-04-03,Desligado
2292,Funcionário 2292,41,Operações,Brasília,890.304.588-28,2975230-8,MBA,35,1983-12-25,Gerente de Operações,2022-01-15,Ativo
2293,Funcionário 2293,37,Comercial,São Paulo,614.229.355-07,4037459-0,Ensino Médio,16,1987-11-24,Executivo de Contas,2023-08-28,Ativo
2294,Funcionário 2294,33,Tecnologia,Goiânia,559.675.779-98,8536542-9,Ensino Médio,30,1991-02-22,DevOps,2022-06-30,Ativo
2295,Funcionário 2295,36,Suporte,Fortaleza,830.457.627-94,2746171-1,Mestrado,19,1988-06-25,Técnico de Suporte,2023-05-28,Ativo
2296,Funcionário 2296,52,Produto,Manaus,608.958.970-59,3816672-2,Mestrado,28,1972-06-22,Analista de Produto,2022-08-12,Ativo
2297,Funcionário 2297,53,Vendas,Fortaleza,133.689.600-08,2180243-2,MBA,1,1971-04-09,Coordenador de Vendas,2024-11-18,Ativo
2298,Funcionário 2298,42,Atendimento,Natal,898.993.074-08,5134187-9,Doutorado,9,1982-02-24,Supervisor de Atendimento,2024-03-10,Desligado
2299,Funcionário 2299,46,Produto,Natal,979.927.156-83,9149532-8,Pós-graduação,32,1978-04-07,Product Owner,2022-04-10,Ativo
2300,Funcionário 2300,38,Produto,Goiânia,852.858.986-25,5331921-3,Graduação,1,1986-11-04,Product Manager,2024-11-15,Ativo
2301,Funcionário 2301,59,Operações,Porto Alegre,976.309.007-59,5986002-4,Graduação,19,1965-08-19,Gerente de Operações,2023-05-01,Ativo
2302,Funcionário 2302,48,Gente & Gestão,Goiânia,574.441.076-70,6760621-4,Ensino Médio,24,1976-12-14,Gerente de RH,2022-12-15,Desligado
2303,Funcionário 2303,25,Gente & Gestão,Recife,347.591.604-50,9646852-3,Ensino Médio,19,1999-06-19,Especialista em Folha,2023-05-26,Ativo
2304,Funcionário 2304,40,Atendimento,São Paulo,985.907.996-03,9512476-3,MBA,11,1984-09-28,Analista de Atendimento,2024-01-16,Ativo
2305,Funcionário 2305,43,Inovação,Recife,756.816.784-40,4531870-0,Doutorado,21,1981-05-22,Analista de Inovação,2023-03-23,Desligado
2306,Funcionário 2306,57,Produto,Porto Alegre,717.761.350-16,7507952-9,Tecnólogo,35,1967-08-17,Product Manager,2022-01-06,Ativo
2307,Funcionário 2307,59,Gente & Gestão,Belém,223.385.403-95,6705386-2,Ensino Médio,23,1965-07-19,Analista de RH,2023-01-23,Ativo
2308,Funcionário 2308,32,Produto,Curitiba,850.231.265-01,6553502-1,Tecnólogo,22,1992-03-15,Analista de Produto,2023-02-05,Ativo
2309,Funcionário 2309,34,Vendas,São Paulo,497.249.032-22,2255549-4,Doutorado,27,1990-04-09,Coordenador de Vendas,2022-09-20,Ativo
2310,Funcionário 2310,51,Financeiro,Belém,695.093.555-26,1702992-2,Graduação,12,1973-12-15,Controller,2023-12-07,Ativo
2311,Funcionário 2311,30,Suporte,Belém,006.174.136-14,5598546-7,Mestrado,15,1994-05-26,Técnico de Suporte,2023-09-26,Ativo
2312,Funcionário 2312,39,Inovação,Curitiba,612.189.391-50,1239396-6,Tecnólogo,26,1985-08-22,Product Manager,2022-10-30,Ativo
2313,Funcionário 2313,32,Tecnologia,Goiânia,507.612.228-47,7118277-6,Graduação,19,1992-11-23,Desenvolvedor,2023-05-01,Ativo
2314,Funcionário 2314,28,Qualidade,Porto Alegre,446.853.045-60,6586260-0,Graduação,11,1996-06-26,Auditor,2024-01-28,Ativo
2315,Funcionário 2315,38,Produto,Recife,263.560.777-00,9189942-6,Mestrado,14,1986-04-08,Analista de Produto,2023-10-01,Ativo
2316,Funcionário 2316,30,Comercial,São Paulo,399.046.008-05,7716043-9,Doutorado,24,1994-12-24,Analista Comercial,2022-12-31,Ativo
2317,Funcionário 2317,44,Operações,Belo Horizonte,626.902.220-78,7717783-1,Mestrado,6,1980-06-11,Analista de Operações,2024-06-28,Ativo
2318,Funcionário 2318,57,Produto,Joinville,790.670.151-80,4502832-4,Graduação,24,1967-01-02,Product Owner,2022-12-20,Ativo
2319,Funcionário 2319,45,Inovação,Salvador,490.769.721-09,4248696-3,Ensino Médio,10,1979-03-24,Innovation Lead,2024-02-23,Desligado
2320,Funcionário 2320,47,Financeiro,Rio de Janeiro,391.929.692-32,1417593-7,MBA,28,1977-01-28,Gerente Financeiro,2022-08-19,Ativo
2321,Funcionário 2321,22,Gente & Gestão,Florianópolis,122.600.822-46,5693061-2,MBA,1,2002-04-21,Especialista em Folha,2024-11-12,Ativo
2322,Funcionário 2322,39,Produto,Joinville,705.498.578-85,2042527-6,Graduação,6,1985-03-18,Product Manager,2024-06-30,Ativo
2323,Funcionário 2323,53,Atendimento,Natal,322.801.269-74,8031100-5,Doutorado,32,1971-05-09,Atendente,2022-04-19,Ativo
2324,Funcionário 2324,25,Atendimento,Manaus,895.247.609-32,8156941-4,MBA,7,1999-12-27,Supervisor de Atendimento,2024-05-03,Desligado
2325,Funcionário 2325,25,Tecnologia,Manaus,724.525.737-01,9998338-4,Graduação,4,1999-12-09,Arquiteto,2024-08-11,Ativo
2326,Funcionário 2326,44,Comercial,São Paulo,070.946.577-73,9622635-8,Graduação,5,1980-01-14,Analista Comercial,2024-07-27,Desligado
2327,Funcionário 2327,52,Produto,Manaus,972.842.680-18,7728564-1,Ensino Médio,26,1972-09-26,Analista de Produto,2022-10-07,Ativo
2328,Funcionário 2328,24,Gente & Gestão,Florianópolis,641.700.537-29,1558268-5,MBA,30,2000-11-17,Analista de RH,2022-06-02,Ativo
2329,Funcionário 2329,54,Financeiro,Belém,668.803.166-38,7168683-1,MBA,15,1970-08-28,Contador,2023-09-18,Ativo
2330,Funcionário 2330,47,Financeiro,São Paulo,279.831.242-60,5530803-1,Mestrado,11,1977-04-12,Contador,2024-01-10,Ativo
2331,Funcionário 2331,48,Tecnologia,Belo Horizonte,601.991.984-62,2988097-7,Graduação,34,1976-09-15,QA Engineer,2022-02-10,Desligado
2332,Funcionário 2332,44,Financeiro,Porto Alegre,086.715.207-90,1919627-7,MBA,4,1980-11-04,Controller,2024-08-15,Ativo
2333,Funcionário 2333,52,Gente & Gestão,Recife,404.336.895-01,3544537-4,Ensino Médio,6,1972-10-13,Recrutador,2024-06-25,Ativo
2334,Funcionário 2334,56,Operações,Brasília,610.511.090-19,2780654-7,Graduação,32,1968-11-16,Analista de Operações,2022-04-15,Desligado
2335,Funcionário 2335,50,Inovação,Manaus,850.205.025-70,4852779-9,Graduação,16,1974-10-16,Analista de Inovação,2023-08-15,Ativo
2336,Funcionário 2336,40,Tecnologia,Belo Horizonte,201.029.759-81,6599609-3,Mestrado,4,1984-05-21,Desenvolvedor,2024-08-27,Ativo
2337,Funcionário 2337,35,Qualidade,Natal,965.974.425-04,5327097-2,Ensino Médio,25,1989-07-22,Analista de Qualidade,2022-11-06,Ativo
2338,Funcionário 2338,59,Tecnologia,Manaus,041.641.537-76,7146970-1,Doutorado,16,1965-01-26,Tech Lead,2023-08-21,Ativo
2339,Funcionário 2339,59,Inovação,São Paulo,337.937.669-85,7320381-0,Ensino Médio,5,1965-07-18,Analista de Inovação,2024-07-05,Desligado
2340,Funcionário 2340,26,Operações,Vitória,855.717.490-08,7559647-8,Doutorado,11,1998-09-10,Analista de Operações,2024-01-14,Ativo
2341,Funcionário 2341,54,Financeiro,Recife,814.499.080-39,5752003-0,Tecnólogo,21,1970-06-17,Analista Financeiro,2023-03-10,Ativo
2342,Funcionário 2342,52,Suporte,Fortaleza,574.450.999-21,5085025-5,Tecnólogo,6,1972-04-06,Técnico de Suporte,2024-06-13,Ativo
2343,Funcionário 2343,49,Suporte,Rio de Janeiro,279.111.108-59,9962927-4,MBA,10,1975-12-28,Analista de Suporte,2024-02-01,Desligado
2344,Funcionário 2344,54,Comercial,São Paulo,668.985.932-00,7913049-1,MBA,30,1970-04-12,Analista Comercial,2022-06-06,Ativo
2345,Funcionário 2345,24,Qualidade,Rio de Janeiro,830.734.800-56,5440882-2,Doutorado,25,2000-03-22,Coordenador de Qualidade,2022-11-16,Ativo
2346,Funcionário 2346,44,Qualidade,Curitiba,597.205.548-19,9124696-8,MBA,24,1980-10-17,Auditor,2022-12-02,Ativo
2347,Funcionário 2347,54,Gente & Gestão,São Paulo,192.147.498-09,5944034-2,Pós-graduação,17,1970-08-10,Analista de RH,2023-07-28,Ativo
2348,Funcionário 2348,29,Financeiro,Joinville,937.178.472-52,4072940-7,Tecnólogo,30,1995-05-14,Analista Financeiro,2022-06-15,Desligado
2349,Funcionário 2349,54,Vendas,Porto Alegre,580.452.926-95,9698482-9,Mestrado,5,1970-07-20,Gerente de Vendas,2024-07-02,Ativo
2350,Funcionário 2350,47,Tecnologia,Joinville,798.877.544-80,5947785-1,Doutorado,13,1977-09-09,Analista de Sistemas,2023-11-06,Ativo
2351,Funcionário 2351,47,Tecnologia,São Paulo,340.192.936-43,8297488-2,Pós-graduação,35,1977-12-11,QA Engineer,2022-01-07,Ativo
2352,Funcionário 2352,47,Inovação,Curitiba,751.934.638-27,9858132-4,Mestrado,34,1977-02-05,Innovation Lead,2022-02-25,Ativo
2353,Funcionário 2353,33,Tecnologia,Recife,479.365.611-02,3283431-2,Ensino Médio,11,1991-07-18,Tech Lead,2024-01-08,Ativo
2354,Funcionário 2354,47,Vendas,Recife,307.065.948-94,1589269-2,Graduação,33,1977-06-08,Gerente de Vendas,2022-03-03,Desligado
2355,Funcionário 2355,35,Suporte,Curitiba,274.330.372-76,3717088-4,Ensino Médio,2,1989-02-18,Técnico de Suporte,2024-10-04,Ativo
2356,Funcionário 2356,45,Vendas,Belém,475.631.121-03,4120697-8,Tecnólogo,21,1979-09-23,Coordenador de Vendas,2023-03-06,Desligado
2357,Funcionário 2357,42,Suporte,Salvador,780.661.545-85,4886388-5,Doutorado,1,1982-06-17,Técnico de Suporte,2024-11-11,Ativo
2358,Funcionário 2358,32,Tecnologia,Natal,654.180.288-20,3874873-8,MBA,24,1992-06-05,DevOps,2022-12-27,Desligado
2359,Funcionário 2359,29,Atendimento,Porto Alegre,866.905.946-02,3622599-8,Ensino Médio,0,1995-05-06,Atendente,2024-12-13,Ativo
2360,Funcionário 2360,46,Tecnologia,Curitiba,470.520.313-53,8722075-1,Graduação,24,1978-10-18,Analista de Sistemas,2022-12-10,Ativo
2361,Funcionário 2361,41,Atendimento,Salvador,232.036.686-53,9061958-8,Tecnólogo,16,1983-03-26,Atendente,2023-08-24,Ativo
2362,Funcionário 2362,27,Tecnologia,Manaus,626.852.728-36,5080234-2,Ensino Médio,4,1997-12-13,Analista de Sistemas,2024-08-05,Ativo
2363,Funcionário 2363,25,Financeiro,Florianópolis,087.783.471-73,4817755-3,Doutorado,35,1999-07-06,Controller,2022-01-15,Ativo
2364,Funcionário 2364,39,Atendimento,Brasília,455.735.623-04,1613218-0,Pós-graduação,27,1985-08-16,Atendente,2022-09-22,Ativo
2365,Funcionário 2365,52,Gente & Gestão,Belém,453.585.973-60,3123388-2,Ensino Médio,31,1972-03-25,Analista de RH,2022-05-05,Ativo
2366,Funcionário 2366,48,Financeiro,Belo Horizonte,857.042.402-75,7887795-8,Tecnólogo,13,1976-06-11,Gerente Financeiro,2023-11-10,Ativo
2367,Funcionário 2367,45,Suporte,Porto Alegre,939.770.411-77,2160153-5,Doutorado,7,1979-08-18,Analista de Suporte,2024-05-01,Ativo
2368,Funcionário 2368,52,Inovação,Belém,964.673.865-66,5673083-8,Pós-graduação,10,1972-10-01,Innovation Lead,2024-02-18,Ativo
2369,Funcionário 2369,45,Marketing,Natal,467.332.291-61,6909762-8,Ensino Médio,25,1979-05-18,Especialista em SEO,2022-11-30,Ativo
2370,Funcionário 2370,43,Comercial,Florianópolis,770.062.394-51,5681638-2,Pós-graduação,14,1981-10-27,Analista Comercial,2023-10-03,Ativo
2371,Funcionário 2371,35,Tecnologia,Recife,640.760.895-37,1791859-3,Mestrado,22,1989-01-03,DevOps,2023-02-27,Desligado
2372,Funcionário 2372,48,Qualidade,Belém,398.013.871-22,6970234-6,Graduação,10,1976-03-18,Auditor,2024-02-09,Ativo
2373,Funcionário 2373,54,Suporte,Porto Alegre,890.581.080-23,8667763-4,Mestrado,28,1970-06-27,Analista de Suporte,2022-08-28,Ativo
2374,Funcionário 2374,30,Vendas,Fortaleza,356.702.772-79,7391642-5,Ensino Médio,1,1994-08-03,Vendedor,2024-11-13,Ativo
2375,Funcionário 2375,29,Comercial,Belém,969.579.457-23,7221890-5,Graduação,13,1995-10-11,Vendedor,2023-11-29,Ativo
2376,Funcionário 2376,22,Qualidade,Belo Horizonte,055.362.917-42,5802058-1,Ensino Médio,28,2002-05-17,Auditor,2022-08-23,Ativo
2377,Funcionário 2377,26,Produto,Natal,839.525.252-86,9399071-2,Tecnólogo,31,1998-08-22,Product Manager,2022-05-07,Ativo
2378,Funcionário 2378,39,Tecnologia,Florianópolis,165.119.214-68,6363163-2,Mestrado,10,1985-08-10,QA Engineer,2024-02-06,Ativo
2379,Funcionário 2379,29,Suporte,Recife,030.276.947-15,3373918-4,Ensino Médio,22,1995-01-17,Técnico de Suporte,2023-02-19,Ativo
2380,Funcionário 2380,26,Inovação,Brasília,035.321.244-08,4360057-6,Graduação,35,1998-12-23,Product Manager,2022-01-20,Ativo
2381,Funcionário 2381,52,Tecnologia,Vitória,340.941.218-20,3764314-5,Tecnólogo,33,1972-06-23,QA Engineer,2022-03-21,Ativo
2382,Funcionário 2382,37,Operações,Salvador,795.990.047-79,4970610-2,Doutorado,18,1987-02-05,Coordenador Operacional,2023-06-02,Ativo
2383,Funcionário 2383,46,Operações,Belo Horizonte,546.018.911-08,4912839-4,Graduação,22,1978-05-24,Gerente de Operações,2023-02-22,Ativo
2384,Funcionário 2384,50,Qualidade,São Paulo,857.133.996-13,2462708-2,MBA,24,1974-08-14,Auditor,2022-12-27,Ativo
2385,Funcionário 2385,46,Marketing,Brasília,734.211.202-00,2402290-3,MBA,30,1978-12-23,Analista de Marketing,2022-06-26,Ativo
2386,Funcionário 2386,24,Suporte,São Paulo,014.948.029-61,9863265-1,Ensino Médio,0,2000-10-02,Técnico de Suporte,2024-12-12,Ativo
2387,Funcionário 2387,30,Vendas,Curitiba,966.452.319-46,1605663-8,Tecnólogo,28,1994-11-19,Vendedor,2022-08-09,Ativo
2388,Funcionário 2388,48,Financeiro,Belém,213.356.831-00,7688948-7,Ensino Médio,6,1976-03-08,Gerente Financeiro,2024-06-24,Ativo
2389,Funcionário 2389,55,Suporte,Porto Alegre,041.710.389-10,9038528-4,Mestrado,29,1969-10-04,Coordenador de Suporte,2022-07-08,Ativo
2390,Funcionário 2390,44,Inovação,Goiânia,050.133.203-05,1466674-7,Tecnólogo,17,1980-05-19,Analista de Inovação,2023-07-12,Ativo
2391,Funcionário 2391,44,Produto,Belo Horizonte,148.765.077-91,8704605-2,Tecnólogo,12,1980-12-05,Product Manager,2023-12-12,Ativo
2392,Funcionário 2392,34,Vendas,Curitiba,316.316.037-95,1920570-5,Doutorado,2,1990-12-03,Vendedor,2024-10-28,Desligado
2393,Funcionário 2393,43,Tecnologia,Rio de Janeiro,703.996.306-00,5713314-6,Mestrado,9,1981-08-01,DevOps,2024-03-28,Desligado
2394,Funcionário 2394,30,Financeiro,Curitiba,966.932.337-16,6339778-8,Tecnólogo,31,1994-01-16,Analista Financeiro,2022-05-02,Desligado
2395,Funcionário 2395,43,Produto,Belém,009.714.086-45,4615365-0,Graduação,22,1981-04-06,Product Manager,2023-02-10,Ativo
2396,Funcionário 2396,38,Qualidade,Joinville,658.744.888-71,8853755-5,MBA,23,1986-10-21,Analista de Qualidade,2023-01-30,Ativo
2397,Funcionário 2397,52,Vendas,Fortaleza,909.722.858-14,6665078-4,Mestrado,26,1972-11-12,Coordenador de Vendas,2022-10-17,Ativo
2398,Funcionário 2398,44,Marketing,Vitória,551.391.960-50,4946131-6,MBA,21,1980-05-17,Analista de Marketing,2023-03-16,Ativo
2399,Funcionário 2399,38,Vendas,Belo Horizonte,788.387.369-52,1545956-4,Ensino Médio,23,1986-03-08,Coordenador de Vendas,2023-01-30,Ativo
2400,Funcionário 2400,37,Gente & Gestão,Curitiba,364.758.466-51,5458527-1,Tecnólogo,17,1987-09-14,Especialista em Folha,2023-07-15,Ativo
2401,Funcionário 2401,58,Marketing,Fortaleza,637.120.631-13,8419974-7,Tecnólogo,5,1966-06-12,Especialista em SEO,2024-07-25,Ativo
2402,Funcionário 2402,31,Tecnologia,Belém,601.458.408-08,5245664-1,MBA,29,1993-02-24,QA Engineer,2022-07-31,Ativo
2403,Funcionário 2403,22,Inovação,Brasília,572.814.361-06,2710898-4,Graduação,31,2002-07-18,Innovation Lead,2022-05-29,Ativo
2404,Funcionário 2404,28,Financeiro,Florianópolis,603.611.892-90,6584255-5,Doutorado,9,1996-12-24,Gerente Financeiro,2024-03-29,Desligado
2405,Funcionário 2405,24,Inovação,Curitiba,546.542.683-75,4883491-7,Graduação,10,2000-09-25,Innovation Lead,2024-02-17,Ativo
2406,Funcionário 2406,59,Marketing,São Paulo,714.034.454-00,8113394-0,MBA,13,1965-10-12,Especialista em SEO,2023-11-24,Ativo
2407,Funcionário 2407,49,Vendas,Vitória,030.119.622-27,7315065-9,Graduação,2,1975-03-08,Coordenador de Vendas,2024-10-13,Ativo
2408,Funcionário 2408,57,Produto,Vitória,742.173.683-21,1928699-9,Ensino Médio,0,1967-06-22,Product Manager,2024-12-31,Ativo
2409,Funcionário 2409,47,Financeiro,São Paulo,570.934.099-54,7051732-0,Pós-graduação,30,1977-07-22,Analista Financeiro,2022-06-24,Ativo
2410,Funcionário 2410,54,Gente & Gestão,Porto Alegre,811.364.034-77,4167864-7,Mestrado,0,1970-11-09,Gerente de RH,2024-12-16,Ativo
2411,Funcionário 2411,44,Marketing,Joinville,700.627.959-37,4040742-9,Doutorado,13,1980-12-04,Gerente de Marketing,2023-11-18,Ativo
2412,Funcionário 2412,25,Suporte,Vitória,544.966.954-21,8985604-5,Doutorado,26,1999-02-24,Analista de Suporte,2022-10-11,Ativo
2413,Funcionário 2413,34,Inovação,Manaus,627.528.001-85,8496547-3,Mestrado,8,1990-12-23,Product Manager,2024-04-29,Ativo
2414,Funcionário 2414,31,Gente & Gestão,Rio de Janeiro,447.945.923-53,4571174-8,Graduação,14,1993-11-04,Recrutador,2023-10-04,Ativo
2415,Funcionário 2415,47,Comercial,Belém,326.489.710-50,2735432-2,MBA,32,1977-02-15,Vendedor,2022-04-19,Desligado
2416,Funcionário 2416,40,Tecnologia,Brasília,945.761.304-04,5838878-2,Mestrado,15,1984-09-10,QA Engineer,2023-09-10,Desligado
2417,Funcionário 2417,23,Marketing,Belo Horizonte,355.283.372-24,7801205-7,Doutorado,0,2001-08-23,Gerente de Marketing,2024-12-31,Ativo
2418,Funcionário 2418,38,Inovação,Florianópolis,981.302.656-13,8924770-1,Graduação,17,1986-11-15,Product Manager,2023-07-15,Ativo
2419,Funcionário 2419,25,Produto,Brasília,158.821.870-87,1034042-7,Ensino Médio,0,1999-10-09,Product Owner,2024-12-04,Desligado
2420,Funcionário 2420,23,Operações,Porto Alegre,911.611.464-74,2729246-9,MBA,18,2001-07-23,Coordenador Operacional,2023-06-06,Ativo
2421,Funcionário 2421,40,Qualidade,Brasília,830.975.424-85,9660068-8,Mestrado,3,1984-04-24,Analista de Qualidade,2024-09-29,Ativo
2422,Funcionário 2422,47,Marketing,Florianópolis,523.774.877-50,3030037-2,Tecnólogo,35,1977-01-16,Analista de Marketing,2022-01-10,Ativo
2423,Funcionário 2423,23,Vendas,Joinville,532.512.180-42,2013391-9,Pós-graduação,24,2001-03-13,Vendedor,2022-12-01,Ativo
2424,Funcionário 2424,23,Atendimento,São Paulo,666.028.653-58,8707020-1,Pós-graduação,21,2001-10-21,Atendente,2023-03-17,Ativo
2425,Funcionário 2425,33,Vendas,Joinville,646.821.003-86,1355257-7,Ensino Médio,4,1991-01-27,Coordenador de Vendas,2024-08-25,Ativo
2426,Funcionário 2426,49,Operações,São Paulo,037.808.866-18,1589264-9,Tecnólogo,20,1975-03-02,Analista de Operações,2023-04-06,Ativo
2427,Funcionário 2427,43,Vendas,Belém,834.849.267-40,3952830-9,Tecnólogo,15,1981-09-15,Gerente de Vendas,2023-09-16,Ativo
2428,Funcionário 2428,39,Financeiro,Natal,650.744.565-76,7047357-4,Doutorado,6,1985-03-14,Gerente Financeiro,2024-06-23,Ativo
2429,Funcionário 2429,29,Inovação,Fortaleza,198.281.794-15,1677097-3,Pós-graduação,2,1995-08-19,Analista de Inovação,2024-10-17,Ativo
2430,Funcionário 2430,28,Tecnologia,Curitiba,452.202.626-96,7525330-4,Mestrado,20,1996-01-07,Tech Lead,2023-04-08,Desligado
2431,Funcionário 2431,34,Inovação,Goiânia,525.733.090-37,7393751-3,Mestrado,4,1990-05-25,Analista de Inovação,2024-08-03,Ativo
2432,Funcionário 2432,43,Tecnologia,Belém,516.852.247-50,3099574-5,MBA,9,1981-12-16,Arquiteto,2024-03-29,Ativo
2433,Funcionário 2433,56,Inovação,Recife,837.990.053-74,4504190-3,Graduação,9,1968-12-25,Analista de Inovação,2024-03-29,Ativo
2434,Funcionário 2434,28,Suporte,Belém,276.334.228-07,9718036-3,MBA,12,1996-12-13,Técnico de Suporte,2023-12-28,Ativo
2435,Funcionário 2435,23,Operações,Brasília,723.722.593-69,8911046-0,Pós-graduação,29,2001-01-08,Analista de Operações,2022-07-28,Ativo
2436,Funcionário 2436,28,Inovação,Florianópolis,089.423.403-00,4912808-3,Mestrado,5,1996-01-09,Product Manager,2024-07-01,Ativo
2437,Funcionário 2437,34,Gente & Gestão,São Paulo,188.384.561-00,1212086-4,Graduação,27,1990-06-21,Gerente de RH,2022-09-19,Ativo
2438,Funcionário 2438,54,Financeiro,Recife,737.198.517-61,1277872-6,Graduação,7,1970-10-22,Controller,2024-05-12,Ativo
2439,Funcionário 2439,56,Qualidade,Belo Horizonte,455.442.157-07,8299367-4,Mestrado,20,1968-08-20,Auditor,2023-04-01,Ativo
2440,Funcionário 2440,44,Tecnologia,Natal,053.273.968-00,3227787-8,Doutorado,0,1980-06-20,QA Engineer,2024-12-20,Ativo
2441,Funcionário 2441,34,Qualidade,Porto Alegre,839.039.799-45,4652279-3,MBA,4,1990-11-22,Auditor,2024-08-17,Ativo
2442,Funcionário 2442,49,Qualidade,Goiânia,150.321.985-28,2353874-0,Tecnólogo,7,1975-06-26,Auditor,2024-05-11,Ativo
2443,Funcionário 2443,56,Atendimento,Salvador,250.666.860-88,5993978-7,Doutorado,8,1968-11-15,Atendente,2024-04-05,Ativo
2444,Funcionário 2444,39,Tecnologia,Salvador,671.499.863-58,2493623-0,Doutorado,26,1985-09-19,QA Engineer,2022-10-19,Ativo
2445,Funcionário 2445,23,Tecnologia,Rio de Janeiro,385.242.762-23,7718285-3,MBA,25,2001-02-11,Tech Lead,2022-11-09,Ativo
2446,Funcionário 2446,53,Comercial,São Paulo,743.963.994-48,6836228-5,Tecnólogo,13,1971-10-10,Gerente Comercial,2023-11-21,Desligado
2447,Funcionário 2447,28,Atendimento,Belo Horizonte,465.653.170-70,3510157-1,MBA,1,1996-08-07,Supervisor de Atendimento,2024-11-17,Desligado
2448,Funcionário 2448,51,Qualidade,Florianópolis,027.366.325-91,4118675-2,Graduação,9,1973-11-26,Analista de Qualidade,2024-03-10,Ativo
2449,Funcionário 2449,25,Vendas,Natal,348.749.391-80,2611253-9,Pós-graduação,7,1999-11-13,Gerente de Vendas,2024-05-22,Desligado
2450,Funcionário 2450,52,Financeiro,Belo Horizonte,109.048.866-11,3587917-6,Mestrado,34,1972-12-15,Analista Financeiro,2022-02-16,Ativo
2451,Funcionário 2451,22,Suporte,Porto Alegre,447.893.785-00,8226710-0,Mestrado,11,2002-11-09,Técnico de Suporte,2024-01-14,Desligado
2452,Funcionário 2452,38,Vendas,Goiânia,909.371.645-00,9234969-3,Graduação,28,1986-01-10,Gerente de Vendas,2022-08-09,Ativo
2453,Funcionário 2453,34,Suporte,Fortaleza,466.944.733-54,6462358-2,Tecnólogo,6,1990-09-02,Coordenador de Suporte,2024-06-21,Ativo
2454,Funcionário 2454,34,Suporte,Belo Horizonte,890.566.518-70,6082538-7,Tecnólogo,23,1990-08-18,Coordenador de Suporte,2023-01-27,Ativo
2455,Funcionário 2455,57,Vendas,Goiânia,719.888.374-56,7765860-8,Tecnólogo,19,1967-05-12,Vendedor,2023-05-18,Desligado
2456,Funcionário 2456,28,Qualidade,Brasília,593.806.250-06,7542015-4,Graduação,25,1996-04-02,Auditor,2022-11-03,Ativo
2457,Funcionário 2457,58,Comercial,Recife,692.434.354-69,2880692-2,Doutorado,0,1966-07-20,Vendedor,2024-12-18,Ativo
2458,Funcionário 2458,52,Atendimento,Belém,156.038.710-67,6206664-6,Pós-graduação,0,1972-09-02,Atendente,2024-12-03,Ativo
2459,Funcionário 2459,27,Qualidade,Natal,946.604.903-86,8710067-6,Pós-graduação,3,1997-07-09,Coordenador de Qualidade,2024-09-03,Ativo
2460,Funcionário 2460,39,Financeiro,Vitória,911.612.215-14,7795786-5,Ensino Médio,32,1985-04-24,Controller,2022-04-01,Ativo
2461,Funcionário 2461,29,Produto,Rio de Janeiro,586.819.004-12,4604707-3,Ensino Médio,27,1995-06-17,Analista de Produto,2022-09-09,Ativo
2462,Funcionário 2462,38,Comercial,Vitória,528.660.138-32,1434732-2,Mestrado,14,1986-06-24,Vendedor,2023-10-05,Desligado
2463,Funcionário 2463,43,Financeiro,Salvador,957.380.101-91,8813111-1,Pós-graduação,23,1981-05-26,Contador,2023-01-13,Ativo
2464,Funcionário 2464,59,Atendimento,Fortaleza,815.806.194-01,7269263-0,Tecnólogo,28,1965-04-13,Atendente,2022-08-26,Ativo
2465,Funcionário 2465,45,Qualidade,Florianópolis,551.919.396-70,9262026-1,Doutorado,0,1979-08-03,Analista de Qualidade,2024-12-26,Ativo
2466,Funcionário 2466,56,Produto,Curitiba,708.049.293-94,7134426-0,Doutorado,25,1968-09-23,Product Manager,2022-11-30,Ativo
2467,Funcionário 2467,48,Inovação,Florianópolis,719.612.933-40,6922598-2,Pós-graduação,26,1976-02-25,Analista de Inovação,2022-10-15,Ativo
2468,Funcionário 2468,56,Qualidade,Rio de Janeiro,209.400.371-06,6851164-6,MBA,4,1968-08-12,Coordenador de Qualidade,2024-08-22,Ativo
2469,Funcionário 2469,30,Qualidade,Vitória,274.806.611-18,3202986-0,MBA,23,1994-07-26,Auditor,2023-01-07,Ativo
2470,Funcionário 2470,54,Suporte,Florianópolis,306.951.657-20,8241409-0,Doutorado,29,1970-03-04,Coordenador de Suporte,2022-07-11,Desligado
2471,Funcionário 2471,34,Qualidade,São Paulo,181.123.993-52,9522296-7,Graduação,22,1990-01-06,Analista de Qualidade,2023-02-05,Ativo
2472,Funcionário 2472,45,Vendas,Rio de Janeiro,920.623.145-66,2769249-0,Doutorado,7,1979-09-22,Coordenador de Vendas,2024-05-31,Ativo
2473,Funcionário 2473,37,Produto,Brasília,961.968.045-61,3365281-0,Mestrado,33,1987-06-06,Analista de Produto,2022-03-05,Desligado
2474,Funcionário 2474,24,Tecnologia,Rio de Janeiro,360.816.418-99,7829497-0,Ensino Médio,35,2000-05-09,Desenvolvedor,2022-01-28,Ativo
2475,Funcionário 2475,53,Vendas,Belém,819.714.083-95,5705832-9,Tecnólogo,17,1971-07-19,Coordenador de Vendas,2023-07-14,Ativo
2476,Funcionário 2476,50,Financeiro,Belo Horizonte,506.095.806-04,7683619-6,Ensino Médio,27,1974-12-15,Controller,2022-09-27,Ativo
2477,Funcionário 2477,33,Operações,Joinville,983.985.907-26,2311542-4,Doutorado,18,1991-03-20,Supervisor,2023-06-13,Ativo
2478,Funcionário 2478,38,Financeiro,Florianópolis,290.495.776-60,9953228-4,Ensino Médio,23,1986-06-28,Contador,2023-01-02,Ativo
2479,Funcionário 2479,48,Gente & Gestão,Vitória,766.919.530-45,9310913-2,Ensino Médio,29,1976-07-28,Especialista em Folha,2022-07-16,Ativo
2480,Funcionário 2480,35,Financeiro,Porto Alegre,861.746.859-93,7499837-2,Doutorado,35,1989-03-26,Analista Financeiro,2022-01-30,Ativo
2481,Funcionário 2481,36,Operações,São Paulo,976.116.628-72,6174789-9,Doutorado,9,1988-07-01,Supervisor,2024-03-28,Ativo
2482,Funcionário 2482,34,Operações,Vitória,824.689.670-97,9348957-7,Doutorado,27,1990-07-12,Gerente de Operações,2022-09-13,Ativo
2483,Funcionário 2483,31,Operações,Salvador,402.157.231-71,4407101-5,Ensino Médio,26,1993-06-05,Analista de Operações,2022-10-30,Ativo
2484,Funcionário 2484,38,Tecnologia,Brasília,256.008.589-57,8593639-2,Pós-graduação,15,1986-10-13,QA Engineer,2023-09-25,Ativo
2485,Funcionário 2485,51,Qualidade,Goiânia,150.520.535-25,9640862-4,Tecnólogo,22,1973-02-07,Auditor,2023-02-12,Ativo
2486,Funcionário 2486,40,Comercial,Joinville,560.599.342-93,3073320-0,Graduação,19,1984-03-05,Gerente Comercial,2023-05-12,Ativo
2487,Funcionário 2487,47,Marketing,Belo Horizonte,912.944.314-80,9144961-8,Graduação,30,1977-05-28,Especialista em SEO,2022-06-03,Desligado
2488,Funcionário 2488,37,Comercial,Vitória,343.779.824-35,8165282-8,Pós-graduação,32,1987-03-04,Gerente Comercial,2022-04-03,Ativo
2489,Funcionário 2489,51,Produto,Recife,231.379.981-66,1715290-9,Mestrado,2,1973-02-21,Analista de Produto,2024-10-25,Desligado
2490,Funcionário 2490,57,Marketing,Joinville,624.265.789-98,9454622-7,Doutorado,6,1967-04-22,Analista de Marketing,2024-06-10,Ativo
2491,Funcionário 2491,26,Inovação,Belém,745.263.488-80,9287783-2,Mestrado,0,1998-03-07,Product Manager,2024-12-27,Ativo
2492,Funcionário 2492,50,Atendimento,Florianópolis,544.225.351-02,4130061-8,Tecnólogo,31,1974-08-17,Atendente,2022-05-19,Ativo
2493,Funcionário 2493,48,Suporte,Porto Alegre,050.345.538-56,3664856-0,Mestrado,0,1976-03-17,Coordenador de Suporte,2024-12-15,Ativo
2494,Funcionário 2494,28,Tecnologia,Salvador,476.766.608-23,6020214-5,Ensino Médio,27,1996-09-18,QA Engineer,2022-09-21,Ativo
2495,Funcionário 2495,34,Operações,Vitória,871.207.531-00,4180661-1,MBA,21,1990-12-13,Analista de Operações,2023-03-17,Ativo
2496,Funcionário 2496,56,Produto,Fortaleza,526.210.741-97,3043149-0,Pós-graduação,18,1968-05-08,Product Owner,2023-06-11,Desligado
2497,Funcionário 2497,34,Suporte,Belém,614.452.996-90,5550332-3,Mestrado,15,1990-06-23,Analista de Suporte,2023-09-19,Ativo
2498,Funcionário 2498,52,Vendas,Goiânia,319.971.153-79,8565242-2,Mestrado,20,1972-04-09,Vendedor,2023-04-11,Ativo
2499,Funcionário 2499,33,Produto,Curitiba,969.701.003-08,9327109-5,Tecnólogo,15,1991-04-10,Product Manager,2023-09-12,Ativo
2500,Funcionário 2500,23,Comercial,Florianópolis,858.618.881-67,3195026-1,Graduação,3,2001-09-13,Analista Comercial,2024-09-02,Desligado
2501,Funcionário 2501,44,Vendas,Curitiba,599.279.437-92,5839656-9,Pós-graduação,6,1980-04-17,Vendedor,2024-06-14,Desligado
2502,Funcionário 2502,51,Comercial,Recife,033.122.239-62,8364726-0,Graduação,14,1973-05-18,Vendedor,2023-10-21,Desligado
2503,Funcionário 2503,38,Atendimento,Brasília,473.148.368-92,9327698-4,Ensino Médio,4,1986-05-15,Supervisor de Atendimento,2024-08-06,Ativo
2504,Funcionário 2504,41,Comercial,Brasília,070.366.656-88,7335498-2,Doutorado,35,1983-01-22,Gerente Comercial,2022-01-26,Ativo
2505,Funcionário 2505,23,Vendas,Goiânia,282.128.219-27,3768794-7,Pós-graduação,21,2001-09-14,Vendedor,2023-03-12,Ativo
2506,Funcionário 2506,34,Financeiro,Florianópolis,847.264.393-08,7042367-9,Pós-graduação,22,1990-01-10,Contador,2023-02-09,Ativo
2507,Funcionário 2507,29,Comercial,Belo Horizonte,692.066.604-97,5234141-4,Doutorado,12,1995-04-04,Executivo de Contas,2023-12-23,Ativo
2508,Funcionário 2508,31,Qualidade,Porto Alegre,358.498.118-26,5385367-2,Tecnólogo,15,1993-07-12,Coordenador de Qualidade,2023-09-26,Desligado
2509,Funcionário 2509,44,Suporte,Natal,106.378.170-10,4783677-6,Pós-graduação,15,1980-09-23,Técnico de Suporte,2023-09-21,Ativo
2510,Funcionário 2510,50,Vendas,Joinville,481.165.955-47,5139676-7,Graduação,10,1974-10-09,Gerente de Vendas,2024-02-02,Ativo
2511,Funcionário 2511,55,Gente & Gestão,Joinville,931.363.659-09,8175107-8,MBA,2,1969-03-16,Analista de RH,2024-10-13,Ativo
2512,Funcionário 2512,29,Inovação,Belo Horizonte,777.593.586-36,2498185-7,Graduação,31,1995-04-27,Product Manager,2022-05-28,Ativo
2513,Funcionário 2513,50,Vendas,Vitória,491.953.808-17,3185690-3,MBA,15,1974-03-14,Gerente de Vendas,2023-09-02,Ativo
2514,Funcionário 2514,24,Comercial,Brasília,399.076.150-13,2782784-5,Doutorado,33,2000-02-03,Executivo de Contas,2022-03-09,Desligado
2515,Funcionário 2515,31,Produto,Manaus,480.442.364-81,5388055-9,Doutorado,2,1993-10-06,Product Manager,2024-10-19,Ativo
2516,Funcionário 2516,22,Atendimento,Curitiba,901.086.164-36,2502609-5,Tecnólogo,5,2002-12-20,Supervisor de Atendimento,2024-07-31,Desligado
2517,Funcionário 2517,54,Gente & Gestão,Vitória,738.067.996-10,4045186-0,Doutorado,4,1970-11-08,Gerente de RH,2024-08-03,Ativo
2518,Funcionário 2518,22,Marketing,Manaus,961.023.726-62,7104111-8,Graduação,15,2002-04-22,Especialista em SEO,2023-09-18,Ativo
2519,Funcionário 2519,40,Vendas,Salvador,699.724.597-80,7107511-5,Doutorado,28,1984-11-28,Coordenador de Vendas,2022-08-01,Ativo
2520,Funcionário 2520,34,Qualidade,São Paulo,793.277.011-43,8827322-7,Graduação,13,1990-05-22,Coordenador de Qualidade,2023-11-19,Ativo
2521,Funcionário 2521,29,Financeiro,Porto Alegre,326.096.856-37,8048125-1,Ensino Médio,1,1995-09-23,Contador,2024-11-07,Ativo
2522,Funcionário 2522,49,Inovação,Rio de Janeiro,085.973.586-96,4263962-6,Pós-graduação,3,1975-10-10,Product Manager,2024-09-07,Ativo
2523,Funcionário 2523,42,Gente & Gestão,Brasília,447.026.327-36,6882933-9,Ensino Médio,9,1982-08-22,Recrutador,2024-03-21,Ativo
2524,Funcionário 2524,28,Tecnologia,Natal,645.876.694-74,6932142-3,Ensino Médio,18,1996-08-24,DevOps,2023-06-27,Desligado
2525,Funcionário 2525,44,Comercial,Fortaleza,474.502.405-30,1093283-8,Tecnólogo,19,1980-08-16,Vendedor,2023-05-10,Ativo
2526,Funcionário 2526,47,Comercial,Belém,489.653.945-11,6861919-4,Doutorado,34,1977-04-15,Gerente Comercial,2022-02-25,Ativo
2527,Funcionário 2527,43,Atendimento,Curitiba,807.805.383-58,7759768-9,Pós-graduação,22,1981-12-18,Supervisor de Atendimento,2023-02-11,Ativo
2528,Funcionário 2528,31,Atendimento,Belém,329.136.964-57,1489484-7,Ensino Médio,0,1993-01-23,Supervisor de Atendimento,2024-12-10,Ativo
2529,Funcionário 2529,38,Qualidade,Salvador,373.041.506-96,5321271-0,Tecnólogo,21,1986-03-26,Analista de Qualidade,2023-03-24,Ativo
2530,Funcionário 2530,37,Financeiro,Natal,510.265.838-70,4390524-4,Graduação,5,1987-11-19,Analista Financeiro,2024-07-14,Ativo
2531,Funcionário 2531,52,Operações,Recife,674.646.603-58,8961410-4,Pós-graduação,21,1972-03-16,Coordenador Operacional,2023-03-24,Ativo
2532,Funcionário 2532,43,Financeiro,Goiânia,159.209.410-49,8318400-0,MBA,29,1981-01-06,Contador,2022-07-01,Ativo
2533,Funcionário 2533,47,Produto,Brasília,781.951.648-89,8874095-3,MBA,18,1977-10-15,Analista de Produto,2023-06-22,Ativo
2534,Funcionário 2534,31,Qualidade,Goiânia,833.061.443-39,5522997-7,Doutorado,14,1993-08-28,Analista de Qualidade,2023-10-21,Ativo
2535,Funcionário 2535,47,Atendimento,Manaus,893.505.260-42,9855976-7,Mestrado,23,1977-08-01,Atendente,2023-01-16,Ativo
2536,Funcionário 2536,29,Produto,Joinville,567.071.812-70,2591366-3,Pós-graduação,23,1995-04-24,Analista de Produto,2023-01-09,Ativo
2537,Funcionário 2537,31,Suporte,Salvador,912.377.459-26,4474585-3,Tecnólogo,0,1993-05-22,Técnico de Suporte,2024-12-02,Desligado
2538,Funcionário 2538,47,Gente & Gestão,Curitiba,768.705.807-07,7785754-5,Mestrado,31,1977-01-21,Recrutador,2022-05-16,Ativo
2539,Funcionário 2539,37,Operações,Fortaleza,106.407.078-74,8404917-8,Tecnólogo,22,1987-09-22,Analista de Operações,2023-02-24,Ativo
2540,Funcionário 2540,43,Financeiro,Florianópolis,483.034.857-76,5777283-0,Tecnólogo,21,1981-07-28,Controller,2023-03-13,Ativo
2541,Funcionário 2541,30,Qualidade,Florianópolis,449.272.809-00,9490111-3,Mestrado,35,1994-04-04,Analista de Qualidade,2022-01-21,Ativo
2542,Funcionário 2542,39,Inovação,Porto Alegre,643.167.859-15,1698704-8,MBA,2,1985-05-09,Innovation Lead,2024-10-26,Ativo
2543,Funcionário 2543,25,Vendas,Vitória,895.930.320-88,6742471-2,Mestrado,4,1999-11-12,Vendedor,2024-08-02,Ativo
2544,Funcionário 2544,47,Vendas,Belém,699.015.230-36,7747887-6,Pós-graduação,27,1977-10-20,Coordenador de Vendas,2022-09-24,Ativo
2545,Funcionário 2545,55,Vendas,Manaus,330.923.565-35,2968629-5,Tecnólogo,18,1969-01-08,Gerente de Vendas,2023-06-27,Desligado
2546,Funcionário 2546,26,Gente & Gestão,Joinville,402.732.012-39,6475377-0,Mestrado,11,1998-04-03,Analista de RH,2024-01-02,Ativo
2547,Funcionário 2547,25,Vendas,Belém,042.318.206-43,6049211-8,Mestrado,1,1999-03-26,Coordenador de Vendas,2024-11-25,Ativo
2548,Funcionário 2548,31,Atendimento,Belém,109.305.484-00,9143886-9,Tecnólogo,5,1993-04-17,Atendente,2024-07-07,Ativo
2549,Funcionário 2549,31,Operações,Goiânia,739.824.553-08,9988965-2,Ensino Médio,0,1993-02-12,Analista de Operações,2024-12-13,Ativo
2550,Funcionário 2550,27,Produto,Brasília,723.826.429-39,7078997-5,Graduação,12,1997-02-17,Analista de Produto,2023-12-29,Ativo
2551,Funcionário 2551,46,Produto,Florianópolis,768.815.590-89,8100485-9,Tecnólogo,19,1978-01-17,Product Manager,2023-05-15,Desligado
2552,Funcionário 2552,25,Marketing,Fortaleza,544.876.150-03,2931538-5,Graduação,16,1999-09-18,Gerente de Marketing,2023-08-26,Ativo
2553,Funcionário 2553,31,Comercial,Joinville,089.244.640-43,7928542-9,Mestrado,19,1993-06-01,Gerente Comercial,2023-05-02,Ativo
2554,Funcionário 2554,37,Produto,Porto Alegre,555.935.588-76,3249897-2,Graduação,30,1987-01-17,Product Owner,2022-06-09,Ativo
2555,Funcionário 2555,46,Tecnologia,Salvador,775.477.774-65,5762579-1,Ensino Médio,10,1978-10-28,Analista de Sistemas,2024-02-02,Ativo
2556,Funcionário 2556,52,Suporte,Goiânia,238.724.937-28,2042271-4,Graduação,4,1972-10-02,Analista de Suporte,2024-08-20,Desligado
2557,Funcionário 2557,22,Financeiro,Manaus,559.484.967-08,8321189-6,Tecnólogo,18,2002-12-28,Contador,2023-06-28,Ativo
2558,Funcionário 2558,40,Inovação,Rio de Janeiro,239.567.125-87,1501172-2,Pós-graduação,11,1984-10-08,Analista de Inovação,2024-01-16,Ativo
2559,Funcionário 2559,27,Tecnologia,Brasília,767.490.641-83,9097950-6,Ensino Médio,25,1997-03-16,Tech Lead,2022-11-14,Desligado
2560,Funcionário 2560,42,Marketing,Salvador,531.451.341-24,6687221-4,Doutorado,2,1982-11-27,Gerente de Marketing,2024-10-13,Desligado
2561,Funcionário 2561,40,Gente & Gestão,Recife,558.345.595-06,3064034-6,Pós-graduação,11,1984-07-26,Analista de RH,2024-01-15,Ativo
2562,Funcionário 2562,28,Tecnologia,Belém,833.576.680-09,2537762-0,MBA,12,1996-01-10,Arquiteto,2023-12-31,Ativo
2563,Funcionário 2563,31,Qualidade,Belo Horizonte,860.431.715-54,3662134-1,Ensino Médio,13,1993-11-16,Coordenador de Qualidade,2023-11-07,Ativo
2564,Funcionário 2564,58,Comercial,Goiânia,979.336.860-87,1604765-8,Tecnólogo,19,1966-02-22,Vendedor,2023-05-12,Ativo
2565,Funcionário 2565,37,Marketing,Brasília,988.850.105-47,2557506-1,MBA,10,1987-09-07,Analista de Marketing,2024-02-01,Ativo
2566,Funcionário 2566,53,Marketing,Natal,532.026.400-38,4642895-9,Graduação,23,1971-11-22,Especialista em SEO,2023-01-24,Ativo
2567,Funcionário 2567,56,Tecnologia,Curitiba,637.902.038-15,2053339-8,MBA,5,1968-09-06,QA Engineer,2024-07-05,Ativo
2568,Funcionário 2568,31,Gente & Gestão,Recife,893.844.781-21,5579661-2,Mestrado,8,1993-08-14,Analista de RH,2024-04-24,Ativo
2569,Funcionário 2569,22,Vendas,Curitiba,083.481.242-84,3498115-6,Doutorado,8,2002-07-10,Gerente de Vendas,2024-04-08,Ativo
2570,Funcionário 2570,41,Inovação,Brasília,440.478.327-23,6490541-8,MBA,6,1983-07-08,Analista de Inovação,2024-06-08,Ativo
2571,Funcionário 2571,33,Tecnologia,Natal,187.744.992-03,2481631-4,Pós-graduação,15,1991-07-17,Arquiteto,2023-09-30,Ativo
2572,Funcionário 2572,40,Atendimento,Vitória,469.399.531-24,6216915-2,Pós-graduação,13,1984-06-26,Atendente,2023-11-01,Ativo
2573,Funcionário 2573,55,Inovação,Belém,394.026.908-59,7519642-6,Graduação,10,1969-05-25,Innovation Lead,2024-02-08,Ativo
2574,Funcionário 2574,22,Atendimento,Florianópolis,681.182.292-97,3288452-4,Ensino Médio,19,2002-11-25,Analista de Atendimento,2023-05-13,Ativo
2575,Funcionário 2575,36,Operações,Fortaleza,687.220.373-06,5527187-0,Mestrado,20,1988-08-23,Gerente de Operações,2023-04-17,Ativo
2576,Funcionário 2576,36,Marketing,Porto Alegre,613.867.485-52,5454272-5,Doutorado,2,1988-09-08,Analista de Marketing,2024-10-12,Desligado
2577,Funcionário 2577,50,Gente & Gestão,Fortaleza,596.576.578-90,6915004-5,Mestrado,10,1974-09-22,Analista de RH,2024-02-29,Desligado
2578,Funcionário 2578,25,Operações,Curitiba,126.764.494-00,1611042-5,Graduação,21,1999-07-08,Analista de Operações,2023-03-16,Ativo
2579,Funcionário 2579,45,Comercial,Belém,614.653.442-09,9558084-6,Mestrado,33,1979-01-10,Executivo de Contas,2022-03-28,Ativo
2580,Funcionário 2580,36,Gente & Gestão,Florianópolis,747.152.035-37,9853023-5,MBA,30,1988-11-19,Analista de RH,2022-06-19,Desligado
2581,Funcionário 2581,58,Suporte,Vitória,056.513.358-62,5414274-3,Graduação,14,1966-01-18,Coordenador de Suporte,2023-10-17,Desligado
2582,Funcionário 2582,49,Qualidade,Goiânia,229.876.632-00,1798938-4,Tecnólogo,3,1975-11-19,Coordenador de Qualidade,2024-09-30,Ativo
2583,Funcionário 2583,57,Tecnologia,Natal,233.810.608-30,1640223-5,Tecnólogo,30,1967-12-27,Desenvolvedor,2022-06-08,Ativo
2584,Funcionário 2584,28,Vendas,Brasília,229.184.574-85,6599435-2,MBA,8,1996-06-20,Gerente de Vendas,2024-04-12,Ativo
2585,Funcionário 2585,52,Produto,Recife,702.599.611-40,9452364-3,Pós-graduação,16,1972-04-11,Analista de Produto,2023-08-17,Ativo
2586,Funcionário 2586,40,Atendimento,Rio de Janeiro,040.775.130-06,3569308-2,Pós-graduação,7,1984-02-01,Atendente,2024-05-26,Ativo
2587,Funcionário 2587,28,Financeiro,Belo Horizonte,168.974.537-14,3600427-0,Tecnólogo,28,1996-05-15,Contador,2022-08-14,Ativo
2588,Funcionário 2588,32,Inovação,Belém,431.927.431-82,7679738-0,Tecnólogo,23,1992-07-14,Analista de Inovação,2023-01-03,Ativo
2589,Funcionário 2589,30,Financeiro,Natal,233.616.558-97,8611641-5,Tecnólogo,34,1994-07-25,Controller,2022-02-15,Desligado
2590,Funcionário 2590,52,Tecnologia,Salvador,552.672.036-53,6269479-1,MBA,4,1972-12-02,Desenvolvedor,2024-08-26,Desligado
2591,Funcionário 2591,55,Marketing,Salvador,005.687.069-86,2191148-2,Doutorado,35,1969-06-15,Gerente de Marketing,2022-01-06,Ativo
2592,Funcionário 2592,27,Comercial,Florianópolis,181.679.323-03,4881349-0,Graduação,11,1997-04-19,Vendedor,2024-01-18,Ativo
2593,Funcionário 2593,33,Atendimento,Recife,548.495.165-80,4159912-2,MBA,4,1991-01-15,Supervisor de Atendimento,2024-08-26,Ativo
2594,Funcionário 2594,42,Atendimento,Joinville,183.024.264-40,6551876-1,Tecnólogo,8,1982-12-17,Atendente,2024-04-24,Ativo
2595,Funcionário 2595,58,Qualidade,Manaus,902.041.154-34,1837243-9,Tecnólogo,2,1966-01-25,Auditor,2024-10-30,Ativo
2596,Funcionário 2596,23,Comercial,Salvador,334.653.363-80,7179124-4,MBA,19,2001-01-11,Gerente Comercial,2023-05-03,Ativo
2597,Funcionário 2597,30,Operações,Vitória,370.098.416-24,1553729-2,MBA,18,1994-04-15,Gerente de Operações,2023-06-24,Ativo
2598,Funcionário 2598,22,Qualidade,Belo Horizonte,170.470.125-24,4757673-3,Mestrado,24,2002-09-22,Auditor,2022-12-14,Ativo
2599,Funcionário 2599,40,Suporte,Florianópolis,971.785.681-86,1617571-5,Doutorado,5,1984-07-20,Técnico de Suporte,2024-07-18,Ativo
2600,Funcionário 2600,39,Atendimento,Belém,917.393.010-56,2408652-6,Tecnólogo,12,1985-12-12,Analista de Atendimento,2023-12-12,Ativo
2601,Funcionário 2601,24,Atendimento,Manaus,983.317.936-33,5323488-4,Doutorado,16,2000-11-16,Supervisor de Atendimento,2023-08-12,Desligado
2602,Funcionário 2602,46,Produto,Recife,065.452.593-50,7412210-5,Pós-graduação,11,1978-08-01,Analista de Produto,2024-01-25,Ativo
2603,Funcionário 2603,48,Financeiro,Rio de Janeiro,094.620.785-21,4058281-7,Ensino Médio,7,1976-03-21,Contador,2024-05-21,Ativo
2604,Funcionário 2604,45,Marketing,Salvador,192.602.611-04,2971996-0,Mestrado,6,1979-09-28,Analista de Marketing,2024-06-12,Ativo
2605,Funcionário 2605,51,Gente & Gestão,Florianópolis,936.091.949-79,1821389-0,MBA,35,1973-09-03,Especialista em Folha,2022-01-08,Ativo
2606,Funcionário 2606,45,Qualidade,Porto Alegre,327.628.058-21,9317538-0,Pós-graduação,4,1979-08-27,Auditor,2024-08-03,Ativo
2607,Funcionário 2607,27,Gente & Gestão,Goiânia,149.726.821-40,7731559-4,MBA,28,1997-10-11,Analista de RH,2022-08-04,Ativo
2608,Funcionário 2608,25,Marketing,Brasília,607.735.956-43,1619395-5,Graduação,28,1999-10-27,Analista de Marketing,2022-08-18,Ativo
2609,Funcionário 2609,42,Vendas,Recife,135.639.748-45,6988198-1,Graduação,24,1982-06-02,Vendedor,2022-12-24,Desligado
2610,Funcionário 2610,48,Inovação,Recife,674.867.358-57,9221915-7,MBA,27,1976-09-05,Analista de Inovação,2022-09-05,Ativo
2611,Funcionário 2611,52,Operações,Manaus,487.477.935-20,4945943-5,Doutorado,13,1972-11-18,Coordenador Operacional,2023-11-14,Ativo
2612,Funcionário 2612,35,Produto,Joinville,699.971.252-23,7374774-4,Ensino Médio,33,1989-02-20,Product Owner,2022-03-15,Ativo
2613,Funcionário 2613,38,Qualidade,Natal,691.267.191-85,7200203-3,Mestrado,7,1986-10-19,Auditor,2024-05-10,Ativo
2614,Funcionário 2614,50,Operações,Fortaleza,031.387.830-74,9650325-7,Ensino Médio,14,1974-11-13,Analista de Operações,2023-10-20,Ativo
2615,Funcionário 2615,45,Vendas,Natal,533.552.620-30,9236936-4,Pós-graduação,26,1979-10-22,Gerente de Vendas,2022-10-06,Ativo
2616,Funcionário 2616,58,Gente & Gestão,Joinville,781.128.269-00,8584268-3,Tecnólogo,22,1966-05-24,Especialista em Folha,2023-02-08,Ativo
2617,Funcionário 2617,59,Vendas,Manaus,922.293.177-76,1135474-3,Ensino Médio,1,1965-07-11,Gerente de Vendas,2024-11-11,Ativo
2618,Funcionário 2618,28,Operações,Florianópolis,947.505.577-06,4419867-1,Ensino Médio,3,1996-10-03,Analista de Operações,2024-09-15,Ativo
2619,Funcionário 2619,52,Vendas,Vitória,243.453.538-07,6900855-0,Tecnólogo,30,1972-02-23,Coordenador de Vendas,2022-06-06,Ativo
2620,Funcionário 2620,51,Comercial,Recife,927.209.480-12,7260583-7,Graduação,23,1973-07-19,Gerente Comercial,2023-01-21,Ativo
2621,Funcionário 2621,45,Suporte,Rio de Janeiro,562.943.391-11,8727784-0,Graduação,8,1979-09-13,Técnico de Suporte,2024-04-13,Ativo
2622,Funcionário 2622,34,Marketing,Florianópolis,885.506.943-80,2131772-0,Doutorado,17,1990-05-26,Analista de Marketing,2023-07-13,Desligado
2623,Funcionário 2623,51,Qualidade,Belo Horizonte,427.974.935-32,1023435-1,Pós-graduação,17,1973-10-05,Analista de Qualidade,2023-07-25,Desligado
2624,Funcionário 2624,46,Qualidade,Florianópolis,818.896.991-52,5117463-5,Mestrado,21,1978-03-25,Auditor,2023-03-15,Ativo
2625,Funcionário 2625,27,Marketing,Florianópolis,753.848.111-70,4165058-4,Graduação,14,1997-12-16,Gerente de Marketing,2023-10-28,Desligado
2626,Funcionário 2626,30,Produto,Joinville,756.016.426-99,6424650-4,Mestrado,23,1994-05-27,Analista de Produto,2023-01-19,Ativo
2627,Funcionário 2627,50,Marketing,Natal,620.213.546-87,5772963-0,Doutorado,24,1974-03-22,Analista de Marketing,2022-12-14,Ativo
2628,Funcionário 2628,47,Inovação,Belém,717.343.466-12,5348453-7,Pós-graduação,31,1977-10-11,Product Manager,2022-05-08,Ativo
2629,Funcionário 2629,28,Gente & Gestão,Porto Alegre,006.039.810-89,7562960-3,Tecnólogo,6,1996-10-25,Gerente de RH,2024-06-23,Ativo
2630,Funcionário 2630,59,Produto,São Paulo,521.412.022-21,7700149-1,Pós-graduação,16,1965-11-04,Analista de Produto,2023-08-20,Ativo
2631,Funcionário 2631,56,Inovação,Fortaleza,680.956.418-71,4306098-6,Pós-graduação,13,1968-05-04,Product Manager,2023-11-19,Ativo
2632,Funcionário 2632,29,Produto,Natal,650.285.915-12,2955767-7,Ensino Médio,6,1995-12-25,Analista de Produto,2024-06-01,Ativo
2633,Funcionário 2633,53,Gente & Gestão,Joinville,915.782.905-54,3991066-2,Mestrado,24,1971-12-26,Especialista em Folha,2022-12-30,Ativo
2634,Funcionário 2634,53,Atendimento,Vitória,191.142.999-09,5768818-0,Mestrado,17,1971-09-04,Supervisor de Atendimento,2023-07-08,Ativo
2635,Funcionário 2635,57,Marketing,Florianópolis,138.569.939-67,6392993-2,Graduação,27,1967-05-28,Analista de Marketing,2022-09-05,Ativo
2636,Funcionário 2636,34,Tecnologia,Belém,012.017.402-23,6154357-6,Doutorado,32,1990-10-17,Analista de Sistemas,2022-04-16,Ativo
2637,Funcionário 2637,32,Gente & Gestão,Brasília,988.866.594-40,4130926-9,Ensino Médio,30,1992-12-18,Especialista em Folha,2022-06-01,Desligado
2638,Funcionário 2638,53,Marketing,Manaus,136.759.164-30,6257221-3,Mestrado,17,1971-12-21,Analista de Marketing,2023-07-14,Ativo
2639,Funcionário 2639,24,Financeiro,Natal,218.011.308-09,7755214-8,Doutorado,14,2000-03-07,Controller,2023-10-07,Desligado
2640,Funcionário 2640,41,Produto,Porto Alegre,234.284.022-51,8996249-1,MBA,19,1983-07-06,Product Manager,2023-05-31,Ativo
2641,Funcionário 2641,49,Vendas,Recife,320.253.423-81,8519356-7,MBA,7,1975-08-26,Gerente de Vendas,2024-05-18,Desligado
2642,Funcionário 2642,54,Marketing,Natal,604.293.987-43,6073160-0,Mestrado,7,1970-12-13,Analista de Marketing,2024-05-23,Ativo
2643,Funcionário 2643,37,Comercial,Rio de Janeiro,877.210.752-97,4668555-0,Doutorado,16,1987-12-02,Analista Comercial,2023-08-22,Desligado
2644,Funcionário 2644,34,Vendas,Brasília,510.972.472-52,5854314-1,Doutorado,12,1990-05-06,Vendedor,2023-12-07,Ativo
2645,Funcionário 2645,56,Marketing,São Paulo,689.392.763-02,2734731-8,MBA,14,1968-12-06,Gerente de Marketing,2023-10-16,Ativo
2646,Funcionário 2646,52,Marketing,São Paulo,289.363.278-52,1666585-4,Mestrado,7,1972-09-01,Gerente de Marketing,2024-05-23,Ativo
2647,Funcionário 2647,35,Produto,Porto Alegre,235.731.899-62,2352974-6,Mestrado,11,1989-10-08,Product Manager,2024-01-23,Desligado
2648,Funcionário 2648,48,Suporte,Belo Horizonte,992.135.347-01,1055306-7,Doutorado,32,1976-06-01,Analista de Suporte,2022-04-27,Ativo
2649,Funcionário 2649,39,Qualidade,Joinville,750.884.949-39,7339854-8,MBA,9,1985-04-26,Auditor,2024-03-29,Ativo
2650,Funcionário 2650,50,Atendimento,Belo Horizonte,662.138.059-31,5315180-8,Ensino Médio,11,1974-02-20,Analista de Atendimento,2024-01-05,Ativo
2651,Funcionário 2651,50,Operações,Belém,454.225.955-21,4169690-0,MBA,29,1974-04-27,Gerente de Operações,2022-07-26,Ativo
2652,Funcionário 2652,30,Marketing,Vitória,591.541.963-10,2669370-0,Pós-graduação,12,1994-02-24,Analista de Marketing,2023-12-27,Ativo
2653,Funcionário 2653,48,Qualidade,Porto Alegre,967.451.363-92,6623297-0,Doutorado,8,1976-06-24,Analista de Qualidade,2024-04-03,Ativo
2654,Funcionário 2654,35,Atendimento,Manaus,417.372.234-65,9427668-7,Pós-graduação,26,1989-07-28,Atendente,2022-10-03,Ativo
2655,Funcionário 2655,38,Marketing,Porto Alegre,032.381.281-32,4859756-5,MBA,6,1986-02-26,Especialista em SEO,2024-06-22,Ativo
2656,Funcionário 2656,48,Tecnologia,Joinville,475.211.275-28,4648331-1,Tecnólogo,7,1976-04-25,DevOps,2024-05-16,Ativo
2657,Funcionário 2657,45,Gente & Gestão,São Paulo,149.331.088-70,8247501-5,Doutorado,8,1979-03-08,Analista de RH,2024-04-04,Desligado
2658,Funcionário 2658,24,Qualidade,Florianópolis,940.038.180-83,7244866-1,Doutorado,19,2000-12-14,Auditor,2023-05-14,Ativo
2659,Funcionário 2659,37,Atendimento,Belo Horizonte,002.182.414-29,3260158-8,MBA,34,1987-09-03,Supervisor de Atendimento,2022-02-18,Ativo
2660,Funcionário 2660,27,Tecnologia,Porto Alegre,461.687.873-05,9023657-0,Pós-graduação,23,1997-02-10,Analista de Sistemas,2023-01-12,Ativo
2661,Funcionário 2661,45,Tecnologia,Porto Alegre,320.434.743-59,1727924-6,Graduação,22,1979-05-10,Arquiteto,2023-02-24,Desligado
2662,Funcionário 2662,32,Marketing,Rio de Janeiro,510.046.010-50,6640972-5,Tecnólogo,16,1992-02-07,Gerente de Marketing,2023-08-22,Desligado
2663,Funcionário 2663,26,Qualidade,Natal,579.420.722-15,8788870-2,MBA,20,1998-10-12,Analista de Qualidade,2023-04-21,Ativo
2664,Funcionário 2664,42,Comercial,Florianópolis,176.189.898-18,8616105-7,Pós-graduação,2,1982-12-18,Gerente Comercial,2024-10-14,Ativo
2665,Funcionário 2665,26,Suporte,Manaus,677.513.877-69,2409698-8,Mestrado,30,1998-03-26,Coordenador de Suporte,2022-06-06,Ativo
2666,Funcionário 2666,42,Gente & Gestão,Belo Horizonte,939.720.487-42,5243170-5,Doutorado,20,1982-01-09,Recrutador,2023-04-06,Ativo
2667,Funcionário 2667,29,Vendas,Fortaleza,586.817.341-48,6229431-0,Pós-graduação,33,1995-08-19,Vendedor,2022-03-04,Ativo
2668,Funcionário 2668,52,Gente & Gestão,Brasília,315.758.593-27,7564884-2,Ensino Médio,28,1972-09-21,Gerente de RH,2022-08-06,Ativo
2669,Funcionário 2669,36,Gente & Gestão,Florianópolis,054.493.392-32,5222196-0,Ensino Médio,5,1988-02-22,Gerente de RH,2024-07-06,Ativo
2670,Funcionário 2670,58,Vendas,Recife,638.567.020-16,4308799-7,Doutorado,4,1966-11-03,Vendedor,2024-08-16,Ativo
2671,Funcionário 2671,35,Financeiro,Porto Alegre,842.055.553-34,1604167-7,Pós-graduação,14,1989-05-10,Contador,2023-10-17,Ativo
2672,Funcionário 2672,33,Tecnologia,Brasília,896.778.889-43,3272041-1,Pós-graduação,24,1991-11-23,QA Engineer,2022-12-04,Ativo
2673,Funcionário 2673,59,Marketing,Fortaleza,007.204.094-70,5950036-6,Doutorado,2,1965-02-04,Especialista em SEO,2024-10-09,Ativo
2674,Funcionário 2674,37,Financeiro,Vitória,175.780.410-29,2372690-8,Mestrado,15,1987-09-14,Controller,2023-09-29,Ativo
2675,Funcionário 2675,33,Qualidade,Natal,644.262.447-14,7952949-7,Doutorado,31,1991-12-09,Analista de Qualidade,2022-05-02,Ativo
2676,Funcionário 2676,42,Atendimento,Manaus,110.187.703-05,1788633-4,Doutorado,19,1982-03-11,Analista de Atendimento,2023-05-12,Ativo
2677,Funcionário 2677,25,Produto,Rio de Janeiro,430.732.466-81,5301125-9,MBA,0,1999-10-20,Product Manager,2024-12-21,Ativo
2678,Funcionário 2678,30,Gente & Gestão,Salvador,030.438.177-29,7777044-9,Pós-graduação,2,1994-10-19,Gerente de RH,2024-10-21,Desligado
2679,Funcionário 2679,28,Gente & Gestão,Recife,247.048.113-95,5838756-3,Pós-graduação,31,1996-02-17,Analista de RH,2022-05-02,Ativo
2680,Funcionário 2680,26,Produto,Vitória,231.456.518-54,2353481-7,Ensino Médio,27,1998-03-15,Product Manager,2022-09-13,Ativo
2681,Funcionário 2681,51,Financeiro,Vitória,003.437.432-99,5966358-0,Tecnólogo,12,1973-07-26,Contador,2023-12-27,Ativo
2682,Funcionário 2682,24,Comercial,Porto Alegre,536.251.231-50,2115038-1,Mestrado,31,2000-06-09,Gerente Comercial,2022-05-30,Desligado
2683,Funcionário 2683,39,Qualidade,Porto Alegre,902.060.713-88,1554463-5,Ensino Médio,8,1985-11-19,Coordenador de Qualidade,2024-04-03,Ativo
2684,Funcionário 2684,39,Suporte,Florianópolis,221.442.673-67,3283197-5,Ensino Médio,11,1985-04-18,Coordenador de Suporte,2024-01-19,Ativo
2685,Funcionário 2685,38,Inovação,Rio de Janeiro,611.615.999-08,2430612-8,Tecnólogo,15,1986-05-24,Analista de Inovação,2023-09-30,Desligado
2686,Funcionário 2686,26,Suporte,Florianópolis,455.375.826-19,7186497-0,Pós-graduação,0,1998-03-24,Coordenador de Suporte,2024-12-21,Ativo
2687,Funcionário 2687,59,Financeiro,Brasília,814.994.023-50,4858589-5,Doutorado,26,1965-04-12,Analista Financeiro,2022-10-01,Ativo
2688,Funcionário 2688,32,Gente & Gestão,São Paulo,803.528.805-97,9339523-8,Ensino Médio,34,1992-08-11,Analista de RH,2022-02-27,Desligado
2689,Funcionário 2689,22,Suporte,Vitória,197.354.425-31,9260105-7,Tecnólogo,23,2002-05-23,Analista de Suporte,2023-01-06,Ativo
2690,Funcionário 2690,52,Atendimento,Rio de Janeiro,744.496.493-97,1887006-0,Mestrado,33,1972-05-14,Analista de Atendimento,2022-03-11,Ativo
2691,Funcionário 2691,29,Qualidade,Salvador,606.988.264-42,7109497-5,Mestrado,6,1995-03-24,Auditor,2024-06-08,Ativo
2692,Funcionário 2692,31,Financeiro,Salvador,377.938.546-59,1371435-4,Doutorado,34,1993-10-04,Controller,2022-02-12,Desligado
2693,Funcionário 2693,22,Comercial,Recife,072.545.396-68,4733815-2,Graduação,33,2002-02-25,Executivo de Contas,2022-03-31,Ativo
2694,Funcionário 2694,35,Marketing,Belo Horizonte,470.792.625-85,3086669-6,Pós-graduação,28,1989-12-16,Especialista em SEO,2022-08-02,Ativo
2695,Funcionário 2695,48,Gente & Gestão,Belém,032.503.943-78,3592999-7,Ensino Médio,1,1976-09-09,Especialista em Folha,2024-11-07,Ativo
2696,Funcionário 2696,49,Vendas,Florianópolis,895.236.179-23,6639212-4,Graduação,18,1975-10-14,Gerente de Vendas,2023-06-26,Ativo
2697,Funcionário 2697,55,Vendas,Manaus,959.578.127-49,5830107-2,Tecnólogo,23,1969-12-04,Coordenador de Vendas,2023-01-31,Ativo
2698,Funcionário 2698,29,Suporte,Belo Horizonte,718.322.402-31,3169994-7,Doutorado,21,1995-10-07,Técnico de Suporte,2023-03-13,Ativo
2699,Funcionário 2699,43,Tecnologia,Belo Horizonte,617.640.404-57,2355077-2,MBA,9,1981-06-22,Analista de Sistemas,2024-03-08,Ativo
2700,Funcionário 2700,56,Produto,Natal,863.811.050-20,9923750-9,Graduação,26,1968-12-28,Analista de Produto,2022-10-06,Ativo
2701,Funcionário 2701,31,Produto,Vitória,207.459.528-01,8046413-7,Graduação,26,1993-08-25,Analista de Produto,2022-10-04,Ativo
2702,Funcionário 2702,47,Produto,Brasília,742.393.543-31,3234621-7,MBA,20,1977-11-15,Product Manager,2023-04-15,Ativo
2703,Funcionário 2703,25,Vendas,Salvador,839.692.151-29,9216089-7,Ensino Médio,33,1999-01-05,Gerente de Vendas,2022-03-26,Ativo
2704,Funcionário 2704,58,Inovação,São Paulo,214.348.696-01,7059799-5,Pós-graduação,12,1966-04-28,Product Manager,2023-12-05,Ativo
2705,Funcionário 2705,33,Gente & Gestão,Fortaleza,731.052.089-09,1508705-9,Pós-graduação,22,1991-02-18,Gerente de RH,2023-02-03,Ativo
2706,Funcionário 2706,35,Comercial,Curitiba,507.933.773-74,4234144-4,Ensino Médio,28,1989-03-20,Vendedor,2022-08-04,Ativo
2707,Funcionário 2707,25,Financeiro,Rio de Janeiro,148.502.759-40,1311004-0,Tecnólogo,34,1999-09-05,Gerente Financeiro,2022-02-24,Ativo
2708,Funcionário 2708,31,Comercial,Florianópolis,907.220.871-44,5685484-5,Graduação,25,1993-02-17,Executivo de Contas,2022-11-17,Ativo
2709,Funcionário 2709,40,Produto,Porto Alegre,239.596.023-32,9658626-7,Pós-graduação,21,1984-02-27,Analista de Produto,2023-03-06,Ativo
2710,Funcionário 2710,29,Atendimento,Florianópolis,517.579.032-32,9821037-8,Mestrado,22,1995-01-27,Atendente,2023-02-07,Ativo
2711,Funcionário 2711,36,Inovação,Rio de Janeiro,060.941.750-93,4708353-0,Tecnólogo,24,1988-12-09,Product Manager,2022-12-13,Desligado
2712,Funcionário 2712,40,Qualidade,Recife,078.867.587-73,1081973-9,Tecnólogo,14,1984-06-22,Auditor,2023-10-27,Ativo
2713,Funcionário 2713,25,Inovação,Curitiba,591.450.497-00,5886661-6,Graduação,24,1999-04-13,Innovation Lead,2022-12-27,Ativo
2714,Funcionário 2714,37,Atendimento,Florianópolis,272.865.181-78,4791069-8,Pós-graduação,16,1987-12-05,Atendente,2023-08-13,Desligado
2715,Funcionário 2715,49,Suporte,Porto Alegre,450.462.176-27,4375409-9,Doutorado,18,1975-11-07,Analista de Suporte,2023-06-19,Ativo
2716,Funcionário 2716,34,Produto,Fortaleza,416.674.078-48,7038155-8,Doutorado,7,1990-10-17,Product Manager,2024-05-09,Ativo
2717,Funcionário 2717,49,Suporte,Joinville,574.911.066-41,5860307-1,Mestrado,5,1975-11-05,Técnico de Suporte,2024-07-26,Ativo
2718,Funcionário 2718,58,Inovação,Curitiba,879.397.895-20,3686160-4,Ensino Médio,21,1966-08-16,Product Manager,2023-03-20,Desligado
2719,Funcionário 2719,54,Qualidade,Curitiba,931.645.982-62,5536680-7,Graduação,18,1970-04-15,Coordenador de Qualidade,2023-06-14,Ativo
2720,Funcionário 2720,43,Tecnologia,Recife,040.793.651-36,3993629-6,Graduação,1,1981-08-12,DevOps,2024-11-08,Ativo
2721,Funcionário 2721,29,Financeiro,Manaus,920.327.357-33,9116267-2,Graduação,28,1995-03-12,Analista Financeiro,2022-08-30,Ativo
2722,Funcionário 2722,49,Vendas,Recife,123.008.578-55,3380041-4,Mestrado,12,1975-10-04,Gerente de Vendas,2023-12-16,Ativo
2723,Funcionário 2723,54,Operações,Manaus,256.600.980-53,7832762-9,MBA,13,1970-08-26,Analista de Operações,2023-11-15,Ativo
2724,Funcionário 2724,48,Operações,Goiânia,030.341.365-44,8275992-8,Graduação,23,1976-03-19,Gerente de Operações,2023-01-23,Ativo
2725,Funcionário 2725,58,Comercial,Manaus,499.770.706-60,7330500-1,Pós-graduação,32,1966-01-16,Executivo de Contas,2022-04-01,Ativo
2726,Funcionário 2726,56,Atendimento,Florianópolis,433.700.491-20,8343100-1,Doutorado,3,1968-05-10,Atendente,2024-09-26,Ativo
2727,Funcionário 2727,49,Gente & Gestão,Natal,638.762.157-73,6453173-4,Ensino Médio,3,1975-05-27,Especialista em Folha,2024-09-30,Desligado
2728,Funcionário 2728,38,Marketing,Porto Alegre,586.618.248-34,9204609-8,Tecnólogo,2,1986-05-03,Gerente de Marketing,2024-10-19,Ativo
2729,Funcionário 2729,54,Qualidade,Manaus,531.419.887-81,3886103-1,Pós-graduação,24,1970-07-07,Auditor,2022-12-21,Ativo
2730,Funcionário 2730,45,Marketing,Recife,223.399.821-97,8734732-1,Pós-graduação,14,1979-10-26,Gerente de Marketing,2023-10-06,Desligado
2731,Funcionário 2731,34,Produto,Brasília,320.448.456-44,5461373-1,Tecnólogo,5,1990-08-03,Product Manager,2024-07-17,Ativo
2732,Funcionário 2732,28,Qualidade,Curitiba,766.045.689-03,7742249-4,Ensino Médio,20,1996-10-03,Auditor,2023-04-18,Ativo
2733,Funcionário 2733,29,Gente & Gestão,Vitória,576.776.576-64,7611043-0,Pós-graduação,10,1995-07-28,Gerente de RH,2024-02-28,Ativo
2734,Funcionário 2734,44,Comercial,Belém,852.085.296-37,2184633-7,Graduação,15,1980-06-11,Analista Comercial,2023-09-29,Ativo
2735,Funcionário 2735,57,Suporte,Porto Alegre,504.998.878-08,3409061-7,Graduação,26,1967-10-18,Analista de Suporte,2022-10-03,Ativo
2736,Funcionário 2736,40,Comercial,Manaus,544.220.618-01,3854940-9,MBA,11,1984-12-02,Analista Comercial,2024-01-11,Ativo
2737,Funcionário 2737,38,Qualidade,Fortaleza,873.864.006-67,8244272-3,Mestrado,3,1986-03-10,Coordenador de Qualidade,2024-09-07,Ativo
2738,Funcionário 2738,24,Financeiro,Belo Horizonte,903.214.303-44,5010851-3,Doutorado,29,2000-09-23,Analista Financeiro,2022-07-02,Ativo
2739,Funcionário 2739,43,Inovação,Vitória,011.184.065-16,9775661-7,Mestrado,19,1981-09-18,Analista de Inovação,2023-05-31,Ativo
2740,Funcionário 2740,51,Qualidade,Vitória,552.452.961-79,8674889-4,Ensino Médio,12,1973-02-09,Coordenador de Qualidade,2023-12-05,Ativo
2741,Funcionário 2741,43,Gente & Gestão,São Paulo,578.351.798-49,2493042-3,MBA,22,1981-11-17,Analista de RH,2023-02-14,Ativo
2742,Funcionário 2742,42,Vendas,São Paulo,556.696.338-22,5199941-1,Doutorado,12,1982-12-24,Vendedor,2023-12-29,Ativo
2743,Funcionário 2743,52,Inovação,Fortaleza,782.560.199-80,8123072-9,Mestrado,28,1972-12-14,Product Manager,2022-08-16,Desligado
2744,Funcionário 2744,33,Inovação,Belo Horizonte,476.293.684-70,2961636-7,MBA,26,1991-07-17,Product Manager,2022-10-09,Ativo
2745,Funcionário 2745,26,Vendas,Goiânia,973.679.901-87,9295548-1,Mestrado,35,1998-03-21,Coordenador de Vendas,2022-01-09,Ativo
2746,Funcionário 2746,51,Financeiro,Joinville,909.520.387-57,7129228-1,Tecnólogo,25,1973-02-05,Analista Financeiro,2022-11-22,Desligado
2747,Funcionário 2747,50,Suporte,Vitória,904.562.446-03,6646903-6,Doutorado,23,1974-03-02,Analista de Suporte,2023-01-10,Desligado
2748,Funcionário 2748,56,Gente & Gestão,Florianópolis,633.935.082-88,3151287-5,Tecnólogo,16,1968-04-24,Analista de RH,2023-08-13,Desligado
2749,Funcionário 2749,37,Tecnologia,Natal,381.403.075-30,5761675-1,Mestrado,14,1987-10-25,Arquiteto,2023-10-04,Ativo
2750,Funcionário 2750,53,Financeiro,Joinville,420.248.435-57,4562779-3,Tecnólogo,32,1971-08-09,Gerente Financeiro,2022-04-11,Ativo
2751,Funcionário 2751,39,Tecnologia,Recife,280.999.702-09,4392549-1,MBA,18,1985-05-01,QA Engineer,2023-06-27,Ativo
2752,Funcionário 2752,40,Qualidade,Brasília,090.771.823-06,3167929-7,Mestrado,13,1984-12-23,Auditor,2023-11-04,Ativo
2753,Funcionário 2753,29,Marketing,Joinville,737.655.476-97,8982855-3,Mestrado,31,1995-08-05,Especialista em SEO,2022-05-13,Ativo
2754,Funcionário 2754,26,Vendas,Brasília,554.814.712-99,5145031-9,Tecnólogo,9,1998-07-14,Vendedor,2024-03-08,Desligado
2755,Funcionário 2755,28,Inovação,Fortaleza,392.942.702-89,2647890-3,Mestrado,31,1996-06-02,Product Manager,2022-05-22,Ativo
2756,Funcionário 2756,54,Tecnologia,Manaus,433.906.279-01,8490408-7,Pós-graduação,13,1970-09-06,QA Engineer,2023-11-08,Ativo
2757,Funcionário 2757,57,Inovação,Natal,339.129.903-79,3483669-7,Graduação,5,1967-02-23,Innovation Lead,2024-07-10,Ativo
2758,Funcionário 2758,50,Marketing,Belo Horizonte,593.955.714-70,8070294-2,Mestrado,23,1974-02-26,Gerente de Marketing,2023-01-06,Ativo
2759,Funcionário 2759,59,Atendimento,Natal,206.591.004-60,4617009-6,Graduação,19,1965-04-13,Atendente,2023-05-30,Ativo
2760,Funcionário 2760,27,Marketing,São Paulo,444.329.691-30,1125082-0,MBA,18,1997-03-06,Gerente de Marketing,2023-06-02,Ativo
2761,Funcionário 2761,33,Marketing,Fortaleza,722.768.352-49,9510593-7,Mestrado,4,1991-09-02,Especialista em SEO,2024-08-03,Ativo
2762,Funcionário 2762,39,Inovação,Natal,857.109.338-56,1727920-0,Doutorado,10,1985-04-02,Analista de Inovação,2024-02-02,Desligado
2763,Funcionário 2763,51,Gente & Gestão,São Paulo,632.586.775-06,3023257-7,Ensino Médio,16,1973-07-12,Especialista em Folha,2023-08-04,Ativo
2764,Funcionário 2764,34,Comercial,Joinville,284.703.446-33,7350865-5,Mestrado,21,1990-04-06,Vendedor,2023-03-20,Ativo
2765,Funcionário 2765,46,Comercial,Natal,684.154.635-02,6261035-1,Pós-graduação,27,1978-08-11,Executivo de Contas,2022-09-05,Ativo
2766,Funcionário 2766,26,Suporte,Recife,851.769.659-09,7909546-0,Tecnólogo,11,1998-10-14,Técnico de Suporte,2024-01-10,Ativo
2767,Funcionário 2767,53,Gente & Gestão,Recife,033.752.296-07,2481020-0,MBA,17,1971-09-09,Analista de RH,2023-07-12,Ativo
2768,Funcionário 2768,43,Inovação,São Paulo,922.251.455-63,4321219-7,Ensino Médio,3,1981-10-21,Product Manager,2024-09-09,Ativo
2769,Funcionário 2769,29,Inovação,Porto Alegre,237.660.414-10,4101863-9,Graduação,26,1995-07-10,Innovation Lead,2022-10-22,Ativo
2770,Funcionário 2770,49,Vendas,Goiânia,708.137.229-50,4360746-5,Doutorado,26,1975-02-01,Coordenador de Vendas,2022-10-20,Ativo
2771,Funcionário 2771,47,Marketing,Goiânia,243.922.950-44,6127318-9,Mestrado,30,1977-12-22,Especialista em SEO,2022-06-28,Ativo
2772,Funcionário 2772,32,Gente & Gestão,Vitória,628.407.695-90,8849014-8,Graduação,22,1992-10-02,Especialista em Folha,2023-02-10,Ativo
2773,Funcionário 2773,50,Inovação,Curitiba,347.679.007-00,8230000-6,Graduação,1,1974-03-10,Innovation Lead,2024-11-01,Ativo
2774,Funcionário 2774,34,Qualidade,Vitória,694.836.094-70,6972370-0,Tecnólogo,21,1990-09-14,Analista de Qualidade,2023-03-07,Ativo
2775,Funcionário 2775,32,Atendimento,Fortaleza,855.925.629-69,3455225-3,Graduação,3,1992-03-13,Supervisor de Atendimento,2024-09-03,Ativo
2776,Funcionário 2776,52,Tecnologia,Belém,257.273.468-00,5537933-7,Tecnólogo,24,1972-08-02,Desenvolvedor,2022-12-06,Ativo
2777,Funcionário 2777,54,Tecnologia,Goiânia,233.446.661-18,6004008-9,Doutorado,32,1970-06-04,DevOps,2022-04-05,Ativo
2778,Funcionário 2778,59,Operações,Manaus,618.068.628-91,9753974-7,Ensino Médio,9,1965-12-24,Supervisor,2024-03-01,Ativo
2779,Funcionário 2779,25,Marketing,Natal,924.494.039-65,6435975-6,Pós-graduação,11,1999-02-17,Especialista em SEO,2024-01-08,Ativo
2780,Funcionário 2780,55,Produto,Vitória,134.408.833-37,3035162-6,Pós-graduação,29,1969-09-08,Analista de Produto,2022-07-27,Ativo
2781,Funcionário 2781,30,Vendas,Brasília,934.769.123-29,5155754-9,Mestrado,2,1994-08-20,Vendedor,2024-10-08,Ativo
2782,Funcionário 2782,44,Gente & Gestão,Rio de Janeiro,801.220.163-19,1521425-0,Pós-graduação,29,1980-09-25,Analista de RH,2022-07-16,Ativo
2783,Funcionário 2783,23,Produto,Joinville,239.152.313-04,4638154-1,Pós-graduação,19,2001-07-21,Product Owner,2023-05-12,Ativo
2784,Funcionário 2784,35,Marketing,Manaus,409.821.270-65,8154596-7,Ensino Médio,23,1989-04-04,Especialista em SEO,2023-01-11,Ativo
2785,Funcionário 2785,47,Comercial,Curitiba,201.295.903-20,6372066-6,Doutorado,29,1977-11-25,Analista Comercial,2022-07-20,Ativo
2786,Funcionário 2786,35,Operações,Recife,900.019.176-92,5932935-4,Mestrado,12,1989-04-27,Supervisor,2023-12-03,Ativo
2787,Funcionário 2787,38,Vendas,Belém,834.387.151-04,8304182-9,Pós-graduação,14,1986-05-24,Vendedor,2023-10-03,Ativo
2788,Funcionário 2788,34,Suporte,Manaus,117.087.027-92,5270062-0,Ensino Médio,26,1990-09-06,Coordenador de Suporte,2022-10-16,Ativo
2789,Funcionário 2789,58,Vendas,Natal,093.808.349-00,2900119-6,Ensino Médio,28,1966-03-27,Gerente de Vendas,2022-08-22,Ativo
2790,Funcionário 2790,44,Operações,Salvador,005.932.418-00,6877112-2,Doutorado,20,1980-03-22,Coordenador Operacional,2023-04-24,Ativo
2791,Funcionário 2791,33,Financeiro,Rio de Janeiro,762.520.213-50,6810325-4,Tecnólogo,28,1991-02-14,Contador,2022-08-17,Ativo
2792,Funcionário 2792,59,Comercial,Goiânia,283.267.011-30,8264641-7,Pós-graduação,8,1965-08-17,Analista Comercial,2024-04-01,Desligado
2793,Funcionário 2793,29,Marketing,Brasília,862.902.515-89,3840131-6,Ensino Médio,23,1995-09-13,Especialista em SEO,2023-01-22,Ativo
2794,Funcionário 2794,36,Financeiro,Manaus,730.220.994-44,6670844-3,Ensino Médio,30,1988-08-22,Controller,2022-06-21,Ativo
2795,Funcionário 2795,43,Inovação,Brasília,040.531.984-37,8505433-5,MBA,30,1981-01-22,Innovation Lead,2022-06-02,Ativo
2796,Funcionário 2796,43,Gente & Gestão,Vitória,508.485.284-92,9331118-8,MBA,8,1981-08-15,Especialista em Folha,2024-04-25,Desligado
2797,Funcionário 2797,41,Tecnologia,Natal,467.970.083-10,5934437-0,Mestrado,34,1983-11-15,QA Engineer,2022-02-18,Ativo
2798,Funcionário 2798,44,Marketing,Curitiba,583.550.172-26,8427120-3,Doutorado,6,1980-03-15,Especialista em SEO,2024-06-23,Ativo
2799,Funcionário 2799,58,Financeiro,Curitiba,282.901.832-08,3644930-1,Tecnólogo,35,1966-06-04,Contador,2022-01-23,Desligado
2800,Funcionário 2800,26,Comercial,Recife,340.636.801-85,1695539-6,Doutorado,33,1998-06-01,Executivo de Contas,2022-03-22,Ativo
2801,Funcionário 2801,36,Produto,Salvador,511.747.117-28,6899602-7,Graduação,32,1988-11-13,Product Owner,2022-04-11,Ativo
2802,Funcionário 2802,46,Vendas,Belém,968.863.124-80,1423454-4,Ensino Médio,32,1978-08-24,Vendedor,2022-04-25,Ativo
2803,Funcionário 2803,30,Inovação,Natal,481.388.190-49,5603244-5,Mestrado,27,1994-02-25,Product Manager,2022-09-12,Ativo
2804,Funcionário 2804,44,Tecnologia,Joinville,676.776.195-84,1486328-1,MBA,27,1980-05-19,Desenvolvedor,2022-09-22,Ativo
2805,Funcionário 2805,51,Financeiro,São Paulo,709.217.645-02,1673134-2,Ensino Médio,30,1973-08-28,Gerente Financeiro,2022-06-03,Ativo
2806,Funcionário 2806,57,Qualidade,Belo Horizonte,238.045.347-08,3281447-5,MBA,2,1967-03-15,Auditor,2024-10-30,Ativo
2807,Funcionário 2807,29,Qualidade,Belém,320.959.284-58,4954732-5,Graduação,0,1995-10-18,Analista de Qualidade,2024-12-09,Ativo
2808,Funcionário 2808,46,Marketing,Natal,872.729.933-32,1266695-2,Tecnólogo,13,1978-12-16,Gerente de Marketing,2023-11-27,Ativo
2809,Funcionário 2809,52,Qualidade,Manaus,409.398.663-07,9954259-4,Doutorado,0,1972-05-25,Coordenador de Qualidade,2024-12-18,Ativo
2810,Funcionário 2810,53,Comercial,Porto Alegre,427.398.356-71,2299240-8,Ensino Médio,12,1971-03-23,Gerente Comercial,2023-12-12,Ativo
2811,Funcionário 2811,22,Suporte,Natal,867.622.735-72,1049878-6,MBA,20,2002-04-28,Coordenador de Suporte,2023-04-08,Ativo
2812,Funcionário 2812,49,Qualidade,Porto Alegre,201.663.340-90,2541259-5,MBA,28,1975-05-23,Analista de Qualidade,2022-08-27,Ativo
2813,Funcionário 2813,38,Marketing,Belém,634.526.362-16,4643160-3,Pós-graduação,0,1986-09-14,Especialista em SEO,2024-12-17,Ativo
2814,Funcionário 2814,53,Gente & Gestão,Curitiba,570.444.551-90,3471253-1,Doutorado,15,1971-04-09,Especialista em Folha,2023-09-20,Ativo
2815,Funcionário 2815,36,Comercial,Belo Horizonte,117.549.449-65,2359848-8,Ensino Médio,13,1988-08-21,Analista Comercial,2023-11-12,Ativo
2816,Funcionário 2816,41,Vendas,Fortaleza,842.463.815-86,7842930-4,MBA,30,1983-03-20,Coordenador de Vendas,2022-06-02,Desligado
2817,Funcionário 2817,54,Operações,Brasília,792.464.299-40,4427542-5,Mestrado,2,1970-08-06,Analista de Operações,2024-10-23,Ativo
2818,Funcionário 2818,40,Tecnologia,São Paulo,399.875.915-82,3000336-4,MBA,19,1984-01-02,Analista de Sistemas,2023-05-07,Ativo
2819,Funcionário 2819,48,Operações,Fortaleza,518.347.923-20,3877565-4,Mestrado,32,1976-06-15,Analista de Operações,2022-04-10,Ativo
2820,Funcionário 2820,51,Suporte,Rio de Janeiro,531.081.246-68,7441237-2,Tecnólogo,15,1973-04-24,Coordenador de Suporte,2023-09-07,Ativo
2821,Funcionário 2821,40,Suporte,Manaus,430.146.066-77,7932687-3,Doutorado,9,1984-02-24,Coordenador de Suporte,2024-03-08,Desligado
2822,Funcionário 2822,48,Vendas,Curitiba,749.121.879-25,2300680-4,Pós-graduação,33,1976-07-11,Gerente de Vendas,2022-03-17,Desligado
2823,Funcionário 2823,28,Inovação,Curitiba,715.901.125-20,2365609-6,Pós-graduação,35,1996-03-24,Product Manager,2022-01-05,Ativo
2824,Funcionário 2824,47,Operações,Florianópolis,004.027.289-39,2892806-2,Ensino Médio,7,1977-09-08,Analista de Operações,2024-05-01,Ativo
2825,Funcionário 2825,41,Atendimento,Belém,086.149.842-94,7627495-6,Tecnólogo,10,1983-01-28,Analista de Atendimento,2024-02-01,Ativo
2826,Funcionário 2826,38,Operações,Belém,997.842.001-04,3288663-4,Pós-graduação,16,1986-02-09,Coordenador Operacional,2023-08-09,Ativo
2827,Funcionário 2827,22,Marketing,Porto Alegre,607.372.386-58,3846375-8,Mestrado,31,2002-12-12,Especialista em SEO,2022-05-19,Ativo
2828,Funcionário 2828,23,Qualidade,Salvador,599.475.763-29,3859450-9,Graduação,3,2001-12-25,Coordenador de Qualidade,2024-09-30,Ativo
2829,Funcionário 2829,47,Gente & Gestão,Goiânia,305.577.979-77,1266238-7,Pós-graduação,0,1977-04-13,Especialista em Folha,2024-12-30,Ativo
2830,Funcionário 2830,47,Comercial,Brasília,410.593.948-39,4856837-9,Tecnólogo,29,1977-06-01,Analista Comercial,2022-07-31,Ativo
2831,Funcionário 2831,35,Marketing,Rio de Janeiro,035.602.858-52,8139290-0,Doutorado,8,1989-10-21,Analista de Marketing,2024-04-19,Ativo
2832,Funcionário 2832,39,Operações,Rio de Janeiro,963.547.607-80,1955302-1,Mestrado,14,1985-02-26,Coordenador Operacional,2023-10-31,Ativo
2833,Funcionário 2833,44,Suporte,Rio de Janeiro,842.622.644-24,3192039-4,Doutorado,28,1980-09-01,Analista de Suporte,2022-08-01,Ativo
2834,Funcionário 2834,45,Qualidade,Natal,594.085.935-61,5637554-3,Doutorado,8,1979-06-08,Coordenador de Qualidade,2024-04-10,Ativo
2835,Funcionário 2835,23,Operações,Belém,779.507.655-69,5227980-8,Pós-graduação,5,2001-04-16,Supervisor,2024-07-28,Ativo
2836,Funcionário 2836,30,Comercial,São Paulo,525.122.584-91,1861987-1,Graduação,7,1994-08-26,Vendedor,2024-05-08,Ativo
2837,Funcionário 2837,58,Produto,Belo Horizonte,752.279.294-08,7667408-7,Graduação,7,1966-06-06,Analista de Produto,2024-05-26,Ativo
2838,Funcionário 2838,55,Qualidade,Rio de Janeiro,499.902.038-65,1987338-8,Doutorado,13,1969-05-02,Auditor,2023-11-27,Ativo
2839,Funcionário 2839,54,Vendas,Belém,415.912.426-73,6716143-1,Doutorado,14,1970-08-11,Gerente de Vendas,2023-10-18,Ativo
2840,Funcionário 2840,53,Comercial,Florianópolis,397.635.294-25,8287790-2,Ensino Médio,7,1971-02-10,Gerente Comercial,2024-05-04,Desligado
2841,Funcionário 2841,26,Vendas,Belém,040.852.063-97,9845117-9,Mestrado,22,1998-05-14,Vendedor,2023-02-23,Desligado
2842,Funcionário 2842,53,Suporte,Porto Alegre,787.372.826-97,4666023-8,Pós-graduação,12,1971-10-27,Técnico de Suporte,2023-12-17,Ativo
2843,Funcionário 2843,42,Operações,Recife,041.917.160-69,4882367-0,Doutorado,19,1982-04-27,Analista de Operações,2023-05-18,Ativo
2844,Funcionário 2844,46,Financeiro,Manaus,854.418.436-75,1266641-9,Ensino Médio,7,1978-01-22,Controller,2024-05-30,Ativo
2845,Funcionário 2845,44,Operações,Joinville,313.788.021-10,9145722-6,Tecnólogo,33,1980-10-08,Gerente de Operações,2022-03-06,Ativo
2846,Funcionário 2846,27,Qualidade,Vitória,777.736.576-29,1975973-3,Graduação,15,1997-06-12,Auditor,2023-09-30,Ativo
2847,Funcionário 2847,44,Operações,Natal,481.954.351-22,4427900-9,Tecnólogo,28,1980-01-05,Gerente de Operações,2022-08-09,Ativo
2848,Funcionário 2848,38,Tecnologia,Belo Horizonte,553.308.923-33,2379842-3,MBA,19,1986-04-21,Desenvolvedor,2023-05-26,Ativo
2849,Funcionário 2849,50,Qualidade,Rio de Janeiro,514.855.070-81,3325566-6,Doutorado,26,1974-07-09,Auditor,2022-10-21,Desligado
2850,Funcionário 2850,22,Produto,Natal,067.415.144-57,8047530-4,Mestrado,1,2002-08-14,Analista de Produto,2024-11-04,Ativo
2851,Funcionário 2851,29,Inovação,Manaus,834.279.730-93,6489362-7,Doutorado,24,1995-10-10,Product Manager,2022-12-23,Desligado
2852,Funcionário 2852,51,Tecnologia,Rio de Janeiro,252.023.589-62,3697911-5,MBA,22,1973-08-15,Desenvolvedor,2023-02-27,Ativo
2853,Funcionário 2853,59,Produto,Recife,828.488.919-63,7444012-5,Graduação,15,1965-10-12,Product Owner,2023-09-07,Ativo
2854,Funcionário 2854,41,Tecnologia,São Paulo,991.945.644-69,4997281-9,Pós-graduação,6,1983-05-25,QA Engineer,2024-06-04,Ativo
2855,Funcionário 2855,44,Financeiro,Recife,004.152.428-43,5289026-7,Mestrado,10,1980-08-18,Gerente Financeiro,2024-02-09,Ativo
2856,Funcionário 2856,54,Produto,Recife,018.977.950-09,1729607-9,Doutorado,27,1970-11-10,Product Owner,2022-09-13,Ativo
2857,Funcionário 2857,50,Produto,Curitiba,367.250.280-47,8741447-7,Pós-graduação,32,1974-12-10,Product Owner,2022-04-28,Ativo
2858,Funcionário 2858,26,Atendimento,Curitiba,073.460.316-95,9175995-9,MBA,29,1998-04-22,Analista de Atendimento,2022-07-20,Ativo
2859,Funcionário 2859,24,Marketing,Vitória,921.645.752-02,9436220-3,Mestrado,3,2000-06-10,Analista de Marketing,2024-09-26,Ativo
2860,Funcionário 2860,58,Comercial,Curitiba,286.785.150-58,2178370-5,Doutorado,7,1966-07-17,Vendedor,2024-05-16,Ativo
2861,Funcionário 2861,55,Atendimento,Joinville,571.556.616-94,1723916-9,Ensino Médio,8,1969-09-19,Atendente,2024-04-29,Ativo
2862,Funcionário 2862,32,Atendimento,Vitória,363.646.059-58,2955671-1,MBA,11,1992-06-04,Atendente,2024-01-29,Ativo
2863,Funcionário 2863,58,Comercial,Salvador,339.563.224-52,7625767-9,Mestrado,11,1966-02-17,Executivo de Contas,2024-01-31,Desligado
2864,Funcionário 2864,35,Suporte,Goiânia,619.212.697-66,7506753-9,Ensino Médio,14,1989-09-27,Coordenador de Suporte,2023-10-01,Ativo
2865,Funcionário 2865,50,Atendimento,São Paulo,784.879.896-83,4765929-0,Graduação,22,1974-02-19,Supervisor de Atendimento,2023-02-10,Ativo
2866,Funcionário 2866,29,Tecnologia,Belém,527.043.692-24,2318372-6,MBA,23,1995-06-27,DevOps,2023-01-05,Ativo
2867,Funcionário 2867,28,Gente & Gestão,Brasília,423.012.746-40,2810583-9,Pós-graduação,35,1996-02-16,Recrutador,2022-01-21,Ativo
2868,Funcionário 2868,38,Gente & Gestão,Joinville,198.637.085-26,8047457-2,Graduação,12,1986-04-26,Analista de RH,2023-12-10,Ativo
2869,Funcionário 2869,47,Suporte,Natal,230.635.673-45,5854173-2,MBA,12,1977-08-15,Coordenador de Suporte,2023-12-24,Ativo
2870,Funcionário 2870,22,Vendas,Vitória,984.104.003-40,3138440-4,Ensino Médio,25,2002-08-07,Gerente de Vendas,2022-11-23,Desligado
2871,Funcionário 2871,47,Tecnologia,Brasília,827.463.523-03,9637783-2,Tecnólogo,12,1977-07-03,Desenvolvedor,2023-12-01,Desligado
2872,Funcionário 2872,34,Gente & Gestão,Salvador,038.069.586-37,4353274-1,MBA,26,1990-11-03,Analista de RH,2022-10-12,Ativo
2873,Funcionário 2873,46,Financeiro,Joinville,112.817.790-08,7597538-3,Doutorado,21,1978-11-13,Gerente Financeiro,2023-03-05,Ativo
2874,Funcionário 2874,31,Qualidade,Salvador,694.728.132-67,6641964-0,Mestrado,8,1993-06-19,Coordenador de Qualidade,2024-04-28,Ativo
2875,Funcionário 2875,48,Marketing,Manaus,337.902.940-80,4320804-1,Mestrado,20,1976-08-12,Gerente de Marketing,2023-04-06,Ativo
2876,Funcionário 2876,54,Atendimento,Vitória,324.527.567-68,5186332-0,Doutorado,29,1970-10-21,Supervisor de Atendimento,2022-07-20,Ativo
2877,Funcionário 2877,57,Marketing,Natal,568.780.712-83,5900791-8,Mestrado,9,1967-06-05,Gerente de Marketing,2024-03-26,Ativo
2878,Funcionário 2878,24,Operações,Florianópolis,918.529.838-76,2238779-5,Graduação,2,2000-03-01,Gerente de Operações,2024-10-26,Ativo
2879,Funcionário 2879,26,Atendimento,Salvador,149.777.649-00,7848620-5,Ensino Médio,29,1998-04-13,Atendente,2022-07-02,Ativo
2880,Funcionário 2880,56,Suporte,Natal,765.282.261-05,1397585-2,Graduação,13,1968-11-09,Técnico de Suporte,2023-11-03,Ativo
2881,Funcionário 2881,45,Suporte,Florianópolis,948.494.345-41,7866565-6,Mestrado,5,1979-08-27,Técnico de Suporte,2024-07-27,Ativo
2882,Funcionário 2882,56,Financeiro,São Paulo,138.865.500-44,7715568-7,MBA,29,1968-12-12,Gerente Financeiro,2022-07-05,Ativo
2883,Funcionário 2883,57,Operações,Fortaleza,832.395.936-61,2458952-2,Graduação,34,1967-02-19,Supervisor,2022-02-01,Ativo
2884,Funcionário 2884,33,Produto,Belo Horizonte,706.618.536-67,1697733-7,Pós-graduação,33,1991-12-17,Analista de Produto,2022-03-12,Ativo
2885,Funcionário 2885,46,Atendimento,Florianópolis,202.033.881-51,8162586-6,Graduação,31,1978-03-01,Supervisor de Atendimento,2022-05-17,Ativo
2886,Funcionário 2886,24,Atendimento,Brasília,763.720.373-51,7297080-5,Graduação,16,2000-05-17,Analista de Atendimento,2023-08-28,Ativo
2887,Funcionário 2887,41,Produto,Natal,670.719.056-30,4251201-9,Pós-graduação,14,1983-08-26,Analista de Produto,2023-10-30,Ativo
2888,Funcionário 2888,42,Qualidade,Natal,677.054.673-64,1094583-9,Tecnólogo,19,1982-02-13,Analista de Qualidade,2023-05-15,Ativo
2889,Funcionário 2889,43,Suporte,Vitória,546.887.305-27,1975315-2,Mestrado,1,1981-09-14,Analista de Suporte,2024-11-25,Ativo
2890,Funcionário 2890,39,Qualidade,Belém,531.292.662-08,1817111-0,Mestrado,14,1985-05-16,Analista de Qualidade,2023-10-10,Ativo
2891,Funcionário 2891,42,Vendas,Fortaleza,958.040.146-25,1218038-0,Pós-graduação,27,1982-06-20,Coordenador de Vendas,2022-09-08,Ativo
2892,Funcionário 2892,52,Qualidade,Belém,019.007.388-80,4888833-4,Doutorado,14,1972-05-13,Coordenador de Qualidade,2023-10-18,Ativo
2893,Funcionário 2893,47,Financeiro,Belo Horizonte,743.693.908-42,9910869-5,Graduação,17,1977-02-07,Controller,2023-07-20,Desligado
2894,Funcionário 2894,46,Marketing,Belo Horizonte,967.183.213-03,5246633-2,Pós-graduação,35,1978-06-10,Gerente de Marketing,2022-01-28,Desligado
2895,Funcionário 2895,50,Produto,Florianópolis,511.190.359-37,3785892-9,Tecnólogo,15,1974-12-01,Analista de Produto,2023-09-07,Ativo
2896,Funcionário 2896,37,Tecnologia,Natal,412.597.999-56,3340792-3,Graduação,33,1987-12-22,Tech Lead,2022-03-16,Ativo
2897,Funcionário 2897,26,Gente & Gestão,Natal,887.676.606-57,6371749-1,Tecnólogo,24,1998-12-17,Recrutador,2022-12-05,Ativo
2898,Funcionário 2898,47,Marketing,Porto Alegre,340.399.783-90,4261900-0,Doutorado,0,1977-08-10,Gerente de Marketing,2024-12-29,Ativo
2899,Funcionário 2899,37,Inovação,Goiânia,818.363.293-93,7406870-3,MBA,5,1987-12-01,Analista de Inovação,2024-07-05,Ativo
2900,Funcionário 2900,25,Financeiro,Natal,820.715.481-08,2768980-1,Ensino Médio,14,1999-02-08,Controller,2023-10-30,Ativo
2901,Funcionário 2901,57,Operações,Natal,786.057.767-49,3261128-0,MBA,2,1967-02-19,Gerente de Operações,2024-10-07,Desligado
2902,Funcionário 2902,59,Gente & Gestão,Natal,302.875.740-08,4115522-3,Mestrado,11,1965-09-20,Analista de RH,2024-01-03,Ativo
2903,Funcionário 2903,31,Vendas,Joinville,036.067.787-83,5467578-9,MBA,28,1993-10-28,Gerente de Vendas,2022-08-15,Ativo
2904,Funcionário 2904,25,Qualidade,Brasília,726.557.136-30,5341333-5,Tecnólogo,16,1999-10-27,Auditor,2023-08-01,Ativo
2905,Funcionário 2905,57,Comercial,Belém,145.375.257-97,9694087-8,MBA,15,1967-05-22,Executivo de Contas,2023-09-08,Ativo
2906,Funcionário 2906,39,Tecnologia,Porto Alegre,252.699.018-11,2882691-5,Doutorado,11,1985-02-25,Analista de Sistemas,2024-01-19,Ativo
2907,Funcionário 2907,26,Operações,Belo Horizonte,673.385.157-19,1622052-5,Graduação,7,1998-05-24,Gerente de Operações,2024-05-26,Ativo
2908,Funcionário 2908,33,Financeiro,São Paulo,068.098.383-09,6429290-0,Pós-graduação,31,1991-10-08,Analista Financeiro,2022-05-19,Ativo
2909,Funcionário 2909,52,Gente & Gestão,Fortaleza,275.860.345-40,4465648-8,Graduação,10,1972-04-23,Especialista em Folha,2024-02-11,Ativo
2910,Funcionário 2910,58,Atendimento,Curitiba,923.495.245-66,6658004-7,Pós-graduação,5,1966-01-11,Analista de Atendimento,2024-07-14,Desligado
2911,Funcionário 2911,38,Inovação,Fortaleza,826.388.032-78,3438465-7,Pós-graduação,17,1986-11-24,Analista de Inovação,2023-07-06,Ativo
2912,Funcionário 2912,59,Produto,São Paulo,161.862.869-08,4017604-3,Ensino Médio,4,1965-12-09,Product Owner,2024-08-05,Ativo
2913,Funcionário 2913,45,Gente & Gestão,Fortaleza,703.854.787-98,4174419-1,Doutorado,23,1979-07-17,Analista de RH,2023-01-15,Desligado
2914,Funcionário 2914,29,Produto,Belém,922.941.232-55,7572601-2,Graduação,1,1995-12-01,Product Owner,2024-11-11,Ativo
2915,Funcionário 2915,48,Operações,Natal,539.418.545-00,3754594-5,Tecnólogo,11,1976-05-03,Analista de Operações,2024-01-24,Ativo
2916,Funcionário 2916,39,Suporte,Fortaleza,883.140.035-57,3659413-8,Mestrado,8,1985-04-01,Analista de Suporte,2024-04-03,Ativo
2917,Funcionário 2917,37,Operações,Florianópolis,267.354.904-87,7380431-5,Doutorado,5,1987-10-27,Coordenador Operacional,2024-07-03,Ativo
2918,Funcionário 2918,35,Operações,Brasília,716.896.213-20,9799801-6,Doutorado,26,1989-12-26,Supervisor,2022-10-30,Ativo
2919,Funcionário 2919,54,Produto,Fortaleza,286.856.434-81,9788770-8,MBA,6,1970-07-02,Product Manager,2024-06-16,Ativo
2920,Funcionário 2920,58,Gente & Gestão,Belém,230.925.872-51,5856664-6,Pós-graduação,0,1966-10-26,Analista de RH,2024-12-02,Ativo
2921,Funcionário 2921,27,Comercial,Belo Horizonte,736.316.330-84,3645723-6,Mestrado,16,1997-07-02,Gerente Comercial,2023-08-25,Desligado
2922,Funcionário 2922,25,Marketing,Belém,280.336.490-54,9382060-4,Graduação,1,1999-05-26,Analista de Marketing,2024-11-21,Ativo
2923,Funcionário 2923,30,Marketing,Florianópolis,911.634.303-40,2642847-6,Tecnólogo,29,1994-01-23,Gerente de Marketing,2022-07-14,Ativo
2924,Funcionário 2924,48,Financeiro,Natal,636.622.845-02,1044636-8,Ensino Médio,14,1976-05-03,Analista Financeiro,2023-10-14,Ativo
2925,Funcionário 2925,37,Suporte,Natal,579.622.951-63,9842409-6,Graduação,28,1987-11-01,Técnico de Suporte,2022-08-02,Ativo
2926,Funcionário 2926,22,Atendimento,Manaus,106.600.260-66,2743217-7,MBA,16,2002-07-19,Analista de Atendimento,2023-08-30,Desligado
2927,Funcionário 2927,30,Qualidade,Fortaleza,495.389.162-71,7986253-6,Pós-graduação,14,1994-05-03,Coordenador de Qualidade,2023-10-02,Ativo
2928,Funcionário 2928,29,Atendimento,São Paulo,788.457.321-00,5593695-2,Tecnólogo,7,1995-06-02,Supervisor de Atendimento,2024-05-31,Ativo
2929,Funcionário 2929,40,Vendas,Belo Horizonte,389.354.407-01,8785546-2,MBA,30,1984-02-21,Coordenador de Vendas,2022-06-06,Ativo
2930,Funcionário 2930,23,Gente & Gestão,Natal,985.023.050-93,6701201-3,Tecnólogo,7,2001-07-15,Especialista em Folha,2024-05-21,Desligado
2931,Funcionário 2931,49,Inovação,Brasília,331.714.795-40,3863947-9,Tecnólogo,11,1975-05-24,Innovation Lead,2024-01-01,Ativo
2932,Funcionário 2932,34,Qualidade,Brasília,824.922.028-52,1797901-8,Doutorado,31,1990-06-26,Coordenador de Qualidade,2022-05-28,Ativo
2933,Funcionário 2933,33,Produto,Florianópolis,952.176.801-05,6606348-0,Mestrado,25,1991-07-20,Analista de Produto,2022-11-20,Ativo
2934,Funcionário 2934,39,Financeiro,Vitória,507.324.913-55,3831418-5,Ensino Médio,16,1985-04-02,Controller,2023-08-28,Ativo
2935,Funcionário 2935,48,Vendas,Rio de Janeiro,027.496.238-12,4891786-7,Doutorado,20,1976-09-10,Vendedor,2023-04-17,Ativo
2936,Funcionário 2936,28,Atendimento,Rio de Janeiro,654.399.942-03,4770923-0,Pós-graduação,12,1996-12-17,Supervisor de Atendimento,2023-12-31,Desligado
2937,Funcionário 2937,29,Suporte,Belém,864.148.632-11,6581778-0,Tecnólogo,32,1995-09-11,Técnico de Suporte,2022-04-06,Ativo
2938,Funcionário 2938,28,Gente & Gestão,Porto Alegre,487.159.051-87,2757793-0,Mestrado,27,1996-04-15,Analista de RH,2022-09-14,Ativo
2939,Funcionário 2939,52,Inovação,Salvador,907.444.793-71,9127304-4,Graduação,28,1972-12-03,Product Manager,2022-08-08,Ativo
2940,Funcionário 2940,48,Operações,São Paulo,003.456.884-06,9166533-3,Pós-graduação,0,1976-07-11,Gerente de Operações,2024-12-21,Ativo
2941,Funcionário 2941,44,Suporte,Recife,744.966.607-33,1973933-4,Graduação,26,1980-04-13,Coordenador de Suporte,2022-10-04,Ativo
2942,Funcionário 2942,24,Qualidade,Vitória,741.208.180-20,9406571-2,Ensino Médio,23,2000-07-17,Auditor,2023-01-31,Ativo
2943,Funcionário 2943,31,Tecnologia,Belo Horizonte,528.940.439-29,3293988-6,Mestrado,19,1993-06-04,Analista de Sistemas,2023-05-21,Ativo
2944,Funcionário 2944,42,Financeiro,Porto Alegre,957.752.668-38,2655024-6,Doutorado,16,1982-09-02,Contador,2023-08-17,Ativo
2945,Funcionário 2945,33,Vendas,Belo Horizonte,367.817.524-48,7467175-4,Ensino Médio,31,1991-04-11,Vendedor,2022-05-18,Ativo
2946,Funcionário 2946,28,Suporte,Curitiba,298.393.039-45,7662761-0,Mestrado,11,1996-04-20,Técnico de Suporte,2024-01-03,Ativo
2947,Funcionário 2947,27,Inovação,Porto Alegre,885.329.873-11,2410749-4,Doutorado,16,1997-12-28,Product Manager,2023-08-18,Desligado
2948,Funcionário 2948,53,Tecnologia,Belém,997.475.473-92,1668591-9,Mestrado,5,1971-08-02,Desenvolvedor,2024-07-09,Ativo
2949,Funcionário 2949,42,Qualidade,Fortaleza,678.194.565-31,2578606-0,MBA,3,1982-08-08,Coordenador de Qualidade,2024-09-08,Ativo
2950,Funcionário 2950,41,Comercial,Porto Alegre,340.573.689-73,1338539-4,Tecnólogo,29,1983-01-17,Analista Comercial,2022-07-17,Ativo
2951,Funcionário 2951,32,Operações,São Paulo,175.694.307-94,9493462-7,MBA,25,1992-02-22,Coordenador Operacional,2022-11-27,Ativo
2952,Funcionário 2952,58,Financeiro,Natal,716.991.658-40,6170784-1,Pós-graduação,4,1966-03-08,Contador,2024-08-05,Ativo
2953,Funcionário 2953,27,Comercial,Vitória,104.857.867-45,9003755-2,Mestrado,28,1997-03-13,Analista Comercial,2022-08-15,Ativo
2954,Funcionário 2954,44,Financeiro,Belém,818.291.278-45,3761611-4,Doutorado,0,1980-09-12,Gerente Financeiro,2024-12-29,Ativo
2955,Funcionário 2955,53,Atendimento,Curitiba,991.960.841-62,7172503-3,MBA,12,1971-11-18,Analista de Atendimento,2023-12-14,Ativo
2956,Funcionário 2956,57,Marketing,Brasília,730.437.631-73,9288263-0,Mestrado,0,1967-06-12,Especialista em SEO,2024-12-20,Ativo
2957,Funcionário 2957,37,Produto,Brasília,716.944.814-92,5558849-0,Pós-graduação,15,1987-01-01,Product Manager,2023-09-18,Desligado
2958,Funcionário 2958,31,Vendas,Vitória,756.023.106-30,9158212-2,MBA,14,1993-01-15,Coordenador de Vendas,2023-10-02,Ativo
2959,Funcionário 2959,38,Tecnologia,Vitória,968.228.854-12,5338975-9,Tecnólogo,25,1986-08-07,Arquiteto,2022-11-12,Ativo
2960,Funcionário 2960,47,Gente & Gestão,Joinville,799.251.973-68,6397278-4,Ensino Médio,8,1977-07-21,Especialista em Folha,2024-04-21,Ativo
2961,Funcionário 2961,25,Atendimento,Joinville,758.783.710-81,3397048-5,Ensino Médio,14,1999-04-19,Atendente,2023-10-23,Ativo
2962,Funcionário 2962,51,Suporte,Belém,906.771.853-08,8976960-4,Pós-graduação,8,1973-01-25,Analista de Suporte,2024-04-01,Ativo
2963,Funcionário 2963,44,Operações,Porto Alegre,304.025.600-94,7862028-6,Mestrado,16,1980-02-07,Analista de Operações,2023-08-25,Ativo
2964,Funcionário 2964,59,Produto,Natal,775.270.712-06,8863701-1,MBA,5,1965-10-23,Analista de Produto,2024-07-06,Ativo
2965,Funcionário 2965,22,Vendas,Curitiba,763.506.427-40,1394507-4,MBA,25,2002-10-24,Gerente de Vendas,2022-11-19,Ativo
2966,Funcionário 2966,24,Marketing,Manaus,388.176.762-25,6834121-4,Tecnólogo,24,2000-08-02,Analista de Marketing,2022-12-10,Desligado
2967,Funcionário 2967,34,Suporte,Belo Horizonte,316.391.584-13,8021964-0,Doutorado,7,1990-05-16,Coordenador de Suporte,2024-05-12,Desligado
2968,Funcionário 2968,38,Inovação,Joinville,467.820.369-91,6373280-5,MBA,34,1986-07-23,Innovation Lead,2022-02-13,Ativo
2969,Funcionário 2969,41,Marketing,Vitória,026.134.097-20,1929841-6,MBA,20,1983-02-28,Analista de Marketing,2023-04-09,Desligado
2970,Funcionário 2970,27,Qualidade,Fortaleza,676.654.053-20,2911249-6,Mestrado,23,1997-05-06,Analista de Qualidade,2023-01-02,Ativo
2971,Funcionário 2971,59,Comercial,Fortaleza,943.532.861-02,2137192-3,Doutorado,4,1965-09-22,Executivo de Contas,2024-08-13,Desligado
2972,Funcionário 2972,42,Marketing,Porto Alegre,805.732.136-90,7456703-4,Graduação,6,1982-09-25,Especialista em SEO,2024-06-27,Ativo
2973,Funcionário 2973,33,Tecnologia,Porto Alegre,555.261.510-77,7130336-7,Mestrado,6,1991-01-24,Analista de Sistemas,2024-06-21,Ativo
2974,Funcionário 2974,36,Inovação,Goiânia,052.950.868-01,4203639-5,Tecnólogo,2,1988-05-10,Analista de Inovação,2024-10-06,Desligado
2975,Funcionário 2975,59,Suporte,Porto Alegre,998.962.586-78,1418686-0,Pós-graduação,25,1965-07-08,Coordenador de Suporte,2022-11-05,Ativo
2976,Funcionário 2976,34,Comercial,Vitória,625.515.179-40,4368129-7,Ensino Médio,5,1990-12-12,Vendedor,2024-07-03,Desligado
2977,Funcionário 2977,32,Financeiro,Recife,849.531.273-58,9891259-0,MBA,17,1992-05-26,Gerente Financeiro,2023-07-02,Ativo
2978,Funcionário 2978,55,Tecnologia,Belo Horizonte,197.621.346-05,2290925-5,Mestrado,29,1969-07-09,DevOps,2022-07-02,Ativo
2979,Funcionário 2979,34,Qualidade,Vitória,265.322.247-74,1040451-1,Doutorado,33,1990-12-22,Auditor,2022-03-22,Ativo
2980,Funcionário 2980,47,Qualidade,Belém,481.297.198-51,5212260-3,Pós-graduação,17,1977-01-25,Coordenador de Qualidade,2023-07-13,Ativo
2981,Funcionário 2981,58,Vendas,Salvador,748.126.817-74,1303958-5,Tecnólogo,19,1966-01-24,Coordenador de Vendas,2023-05-27,Desligado
2982,Funcionário 2982,50,Suporte,Fortaleza,889.905.808-38,5741570-0,Ensino Médio,27,1974-05-01,Coordenador de Suporte,2022-09-05,Ativo
2983,Funcionário 2983,32,Vendas,Goiânia,508.105.635-92,1638146-2,Doutorado,1,1992-12-27,Vendedor,2024-11-27,Ativo
2984,Funcionário 2984,24,Suporte,Joinville,131.166.946-99,5875662-6,Doutorado,34,2000-03-21,Coordenador de Suporte,2022-02-15,Desligado
2985,Funcionário 2985,49,Qualidade,Goiânia,764.281.259-00,1865277-7,Tecnólogo,0,1975-04-13,Auditor,2024-12-08,Ativo
2986,Funcionário 2986,26,Inovação,Rio de Janeiro,498.849.591-45,3493689-0,Mestrado,24,1998-07-01,Product Manager,2022-12-19,Ativo
2987,Funcionário 2987,33,Marketing,Florianópolis,331.465.657-22,9594812-1,Doutorado,27,1991-07-13,Analista de Marketing,2022-09-03,Ativo
2988,Funcionário 2988,24,Produto,Curitiba,304.995.043-99,5877165-1,Tecnólogo,2,2000-10-22,Product Owner,2024-10-23,Ativo
2989,Funcionário 2989,23,Gente & Gestão,Belém,645.086.295-55,4793494-0,Ensino Médio,23,2001-03-25,Recrutador,2023-01-25,Desligado
2990,Funcionário 2990,41,Atendimento,Porto Alegre,724.876.412-40,7108156-5,Tecnólogo,8,1983-02-07,Atendente,2024-04-26,Ativo
2991,Funcionário 2991,36,Financeiro,Brasília,745.861.805-10,1606274-8,Ensino Médio,2,1988-04-19,Controller,2024-10-29,Ativo
2992,Funcionário 2992,33,Gente & Gestão,Goiânia,354.427.885-54,8270752-9,Mestrado,1,1991-02-19,Gerente de RH,2024-11-10,Ativo
2993,Funcionário 2993,47,Tecnologia,Recife,656.932.596-50,3329622-3,Tecnólogo,26,1977-08-14,DevOps,2022-10-18,Ativo
2994,Funcionário 2994,22,Produto,Vitória,683.127.534-60,6777863-5,Tecnólogo,27,2002-09-07,Product Manager,2022-09-09,Ativo
2995,Funcionário 2995,32,Inovação,Curitiba,780.228.017-63,8054731-2,Ensino Médio,2,1992-02-22,Innovation Lead,2024-10-15,Ativo
2996,Funcionário 2996,37,Operações,Belo Horizonte,945.026.944-01,4582725-4,Tecnólogo,5,1987-04-25,Coordenador Operacional,2024-07-20,Ativo
2997,Funcionário 2997,38,Atendimento,Florianópolis,143.910.323-25,8163068-7,Tecnólogo,27,1986-09-14,Analista de Atendimento,2022-09-11,Ativo
2998,Funcionário 2998,42,Operações,Florianópolis,906.674.772-25,2032082-4,Ensino Médio,32,1982-12-04,Supervisor,2022-04-16,Desligado
2999,Funcionário 2999,42,Comercial,Recife,083.843.782-66,8498835-7,Mestrado,9,1982-01-26,Analista Comercial,2024-03-18,Desligado
3000,Funcionário 3000,45,Produto,Belo Horizonte,795.334.225-13,3175531-2,Pós-graduação,21,1979-10-08,Product Owner,2023-03-10,Ativo
