ID,Funcionario_ID,PDI_ID,Area,Lideranca,Data_Inicio,Data_Conclusao_Planejada,Data_Conclusao_Real,Status,Aderencia_Percentual,Evolucao_Competencias
1,1,145,Produto,Líder 8,2024-10-16,2024-12-31,2024-12-31,Concluído,76.96,6.71
2,1,499,Produto,Líder 48,2024-07-05,2024-11-02,,Em Andamento,46.27,7.36
3,1,227,Produto,Líder 36,2024-10-05,2024-12-31,2024-12-31,Concluído,78.22,9.57
4,2,335,Inovação,Líder 33,2024-06-27,2024-12-31,2024-08-09,Concluído,99.83,8.89
5,2,78,Inovação,Líder 2,2024-01-27,2024-07-25,2024-05-21,Concluído,73.83,7.12
6,4,68,Marketing,Líder 20,2023-12-04,2024-05-02,2024-05-05,Concluído,82.5,6.34
7,6,88,Qualidade,Líder 48,2024-11-25,2024-12-31,,Em Andamento,24.0,5.68
8,6,246,Qualidade,Líder 25,2024-11-24,2024-12-31,2024-11-29,Concluído,87.24,7.29
9,6,51,Qualidade,Líder 13,2024-04-03,2024-07-02,2024-05-11,Concluído,78.66,7.13
10,7,330,Qualidade,Líder 14,2023-08-05,2024-05-31,2024-02-08,Concluído,89.28,6.41
11,9,253,Inovação,Líder 1,2022-12-27,2023-03-27,,Cancelado,0.95,4.04
12,10,431,Comercial,Líder 8,2024-05-17,2024-12-13,2024-12-31,Concluído,91.93,9.62
13,10,148,Comercial,Líder 39,2023-11-02,2024-07-29,2024-07-10,Concluído,78.76,8.02
14,11,84,Financeiro,Líder 23,2024-11-13,2024-12-31,2024-12-31,Concluído,97.8,7.91
15,11,457,Financeiro,Líder 5,2024-12-19,2024-12-31,2024-12-31,Concluído,87.59,6.97
16,11,370,Financeiro,Líder 5,2024-10-21,2024-12-31,2024-10-26,Concluído,80.76,7.33
17,12,143,Qualidade,Líder 14,2023-06-19,2023-10-17,,Cancelado,17.68,2.78
18,12,316,Qualidade,Líder 25,2023-10-14,2024-09-08,2023-10-23,Concluído,96.68,6.83
19,12,232,Qualidade,Líder 21,2024-05-28,2024-10-25,2024-07-10,Concluído,87.56,7.58
20,15,111,Comercial,Líder 37,2024-12-14,2024-12-31,,Em Andamento,24.5,5.39
21,15,148,Comercial,Líder 41,2024-09-16,2024-12-31,2024-12-31,Concluído,92.32,7.57
22,15,181,Comercial,Líder 48,2024-09-10,2024-12-31,2024-12-29,Concluído,77.83,6.14
23,16,301,Financeiro,Líder 4,2024-01-12,2024-09-08,,Em Andamento,60.91,7.71
24,17,110,Marketing,Líder 36,2024-04-12,2024-08-10,2024-05-15,Concluído,79.76,7.81
25,17,426,Marketing,Líder 22,2024-08-04,2024-12-31,2024-12-07,Concluído,89.72,7.63
26,17,249,Marketing,Líder 44,2023-11-19,2024-06-16,2023-11-24,Concluído,99.03,7.1
27,18,492,Comercial,Líder 10,2024-11-30,2024-12-31,2024-12-31,Concluído,85.02,8.54
28,20,395,Tecnologia,Líder 45,2023-05-24,2024-01-19,2024-02-05,Concluído,74.45,8.12
29,20,274,Tecnologia,Líder 5,2023-02-21,2024-02-16,2023-08-03,Concluído,83.73,8.58
30,21,310,Tecnologia,Líder 8,2024-12-20,2024-12-31,2024-12-31,Concluído,93.29,8.96
31,21,373,Tecnologia,Líder 36,2024-12-21,2024-12-31,2024-12-31,Concluído,78.97,9.05
32,21,65,Tecnologia,Líder 31,2024-12-12,2024-12-31,2024-12-31,Concluído,91.51,7.11
33,25,234,Inovação,Líder 38,2024-04-12,2024-09-09,2024-04-17,Concluído,80.89,7.69
34,26,183,Qualidade,Líder 11,2023-08-17,2024-01-14,2023-08-30,Concluído,77.35,6.64
35,26,227,Qualidade,Líder 8,2023-09-06,2023-12-05,2023-11-28,Concluído,79.45,7.99
36,26,294,Qualidade,Líder 32,2023-11-02,2024-07-29,2024-07-26,Concluído,89.16,9.14
37,28,152,Tecnologia,Líder 9,2024-10-31,2024-12-31,2024-12-11,Concluído,93.99,9.65
38,29,304,Vendas,Líder 39,2023-11-10,2024-04-08,2024-03-10,Concluído,79.66,9.86
39,31,160,Financeiro,Líder 46,2024-12-04,2024-12-31,2024-12-31,Concluído,88.4,6.67
40,32,465,Produto,Líder 32,2024-07-26,2024-12-31,,Cancelado,17.77,3.87
41,32,444,Produto,Líder 25,2024-07-01,2024-12-31,2024-09-05,Concluído,96.33,6.3
42,33,139,Inovação,Líder 17,2024-12-31,2024-12-31,2024-12-31,Concluído,75.91,9.02
43,35,442,Qualidade,Líder 23,2024-09-08,2024-12-07,2024-09-16,Concluído,78.59,7.79
44,35,360,Qualidade,Líder 16,2024-11-21,2024-12-31,2024-12-22,Concluído,93.7,9.03
45,35,191,Qualidade,Líder 26,2024-08-23,2024-12-31,2024-09-16,Concluído,72.29,7.82
46,38,59,Vendas,Líder 15,2024-08-23,2024-12-31,2024-09-01,Concluído,70.14,7.11
47,39,412,Produto,Líder 40,2024-08-20,2024-12-31,,Cancelado,33.88,2.44
48,41,171,Marketing,Líder 39,2024-11-08,2024-12-31,,Em Andamento,30.72,5.96
49,41,173,Marketing,Líder 20,2024-12-26,2024-12-31,2024-12-31,Concluído,87.26,7.99
50,42,281,Inovação,Líder 21,2024-09-01,2024-11-30,,Em Andamento,48.38,4.11
51,45,435,Tecnologia,Líder 28,2024-04-16,2024-12-31,2024-05-31,Concluído,72.88,9.81
52,45,385,Tecnologia,Líder 43,2024-02-10,2024-12-31,2024-03-15,Concluído,81.81,6.5
53,46,173,Gente & Gestão,Líder 28,2024-05-16,2024-08-14,2024-05-23,Concluído,70.42,7.14
54,46,455,Gente & Gestão,Líder 22,2023-03-27,2023-12-22,,Em Andamento,33.22,4.55
55,49,268,Operações,Líder 27,2024-12-16,2024-12-31,2024-12-31,Concluído,81.82,6.32
56,49,173,Operações,Líder 48,2024-12-16,2024-12-31,2024-12-31,Concluído,76.44,7.58
57,49,3,Operações,Líder 48,2024-12-18,2024-12-31,2024-12-24,Concluído,88.03,7.58
58,51,451,Suporte,Líder 29,2023-12-14,2024-04-12,2024-02-07,Concluído,82.45,8.84
59,51,219,Suporte,Líder 25,2024-01-04,2024-08-31,2024-10-19,Concluído,70.22,9.88
60,51,492,Suporte,Líder 41,2023-10-08,2024-09-02,2024-10-28,Concluído,89.65,7.62
61,52,20,Suporte,Líder 29,2023-12-13,2024-11-07,,Em Andamento,36.8,7.88
62,52,78,Suporte,Líder 27,2023-10-02,2024-02-29,2024-04-02,Concluído,87.69,7.99
63,52,215,Suporte,Líder 11,2023-12-19,2024-09-14,2024-08-25,Concluído,83.52,8.92
64,53,174,Financeiro,Líder 30,2024-07-17,2024-11-14,2024-12-31,Concluído,82.53,8.83
65,53,318,Financeiro,Líder 7,2023-09-18,2023-12-17,2023-12-04,Concluído,79.1,8.19
66,55,11,Produto,Líder 25,2024-12-13,2024-12-31,2024-12-31,Concluído,83.74,8.31
67,55,485,Produto,Líder 21,2023-02-21,2024-02-16,2023-12-30,Concluído,91.52,7.22
68,56,347,Atendimento,Líder 44,2023-06-02,2023-08-31,2023-07-28,Concluído,76.83,8.58
69,56,321,Atendimento,Líder 49,2023-04-11,2023-07-10,2023-07-05,Concluído,99.74,9.98
70,56,168,Atendimento,Líder 24,2023-06-25,2023-10-23,,Cancelado,0.36,3.63
71,57,168,Tecnologia,Líder 18,2024-10-08,2024-12-31,2024-12-31,Concluído,88.21,6.11
72,57,254,Tecnologia,Líder 5,2024-12-30,2024-12-31,2024-12-31,Concluído,75.25,9.35
73,57,243,Tecnologia,Líder 24,2024-11-03,2024-12-31,2024-12-05,Concluído,70.25,8.43
74,58,465,Gente & Gestão,Líder 9,2024-05-23,2024-10-20,2024-05-24,Concluído,92.67,7.98
75,58,132,Gente & Gestão,Líder 42,2024-10-15,2024-12-31,2024-11-17,Concluído,95.95,7.0
76,58,433,Gente & Gestão,Líder 18,2024-06-14,2024-09-12,2024-10-06,Concluído,82.45,8.92
77,59,237,Vendas,Líder 45,2022-09-13,2022-12-12,,Em Andamento,31.69,5.01
78,59,404,Vendas,Líder 22,2024-01-24,2024-09-20,2024-11-16,Concluído,88.68,6.45
79,59,207,Vendas,Líder 37,2022-11-14,2023-05-13,2023-02-05,Concluído,71.18,6.2
80,61,473,Financeiro,Líder 35,2024-10-31,2024-12-31,2024-12-31,Concluído,89.32,7.92
81,61,107,Financeiro,Líder 15,2024-08-25,2024-12-31,2024-12-29,Concluído,90.31,9.5
82,61,240,Financeiro,Líder 47,2024-11-24,2024-12-31,2024-12-31,Concluído,82.4,6.42
83,63,131,Comercial,Líder 34,2024-08-11,2024-12-31,,Cancelado,28.92,5.7
84,64,91,Vendas,Líder 28,2024-12-18,2024-12-31,2024-12-25,Concluído,87.17,8.3
85,64,296,Vendas,Líder 44,2024-12-09,2024-12-31,2024-12-31,Concluído,89.73,9.86
86,65,104,Gente & Gestão,Líder 37,2024-07-28,2024-12-31,2024-12-31,Concluído,77.74,6.67
87,66,149,Inovação,Líder 34,2024-03-16,2024-12-11,,Em Andamento,66.46,7.3
88,67,378,Produto,Líder 13,2024-11-09,2024-12-31,,Em Andamento,76.76,7.56
89,67,436,Produto,Líder 43,2024-10-17,2024-12-31,,Em Andamento,40.22,5.18
90,68,264,Operações,Líder 35,2024-08-28,2024-11-26,2024-12-31,Concluído,83.53,9.66
91,68,496,Operações,Líder 25,2023-10-02,2024-09-26,2024-10-26,Concluído,92.01,8.51
92,68,404,Operações,Líder 43,2024-01-27,2024-08-24,2024-03-15,Concluído,91.98,7.66
93,69,223,Produto,Líder 41,2024-10-08,2024-12-31,,Em Andamento,71.66,7.57
94,69,490,Produto,Líder 20,2024-08-11,2024-12-09,,Em Andamento,48.91,7.3
95,69,325,Produto,Líder 39,2024-08-01,2024-12-31,2024-11-24,Concluído,93.05,6.38
96,70,45,Tecnologia,Líder 32,2024-10-15,2024-12-31,2024-12-31,Concluído,89.2,6.75
97,71,139,Qualidade,Líder 50,2023-08-06,2024-07-31,,Em Andamento,66.17,7.3
98,71,301,Qualidade,Líder 1,2024-03-30,2024-08-27,2024-07-15,Concluído,87.0,9.89
99,72,454,Qualidade,Líder 48,2024-07-20,2024-10-18,2024-09-15,Concluído,91.49,8.8
100,72,389,Qualidade,Líder 12,2024-04-11,2024-12-31,,Em Andamento,48.58,6.68
101,72,34,Qualidade,Líder 26,2024-01-21,2024-04-20,2024-05-20,Concluído,79.1,7.79
102,73,359,Suporte,Líder 23,2023-05-03,2024-01-28,2024-02-26,Concluído,71.23,8.83
103,73,151,Suporte,Líder 46,2023-09-13,2024-05-10,,Em Andamento,47.37,5.0
104,74,123,Tecnologia,Líder 28,2024-09-16,2024-12-31,2024-12-31,Concluído,91.2,8.21
105,76,254,Inovação,Líder 33,2023-02-19,2023-09-17,2023-10-18,Concluído,98.32,7.74
106,77,281,Atendimento,Líder 48,2024-03-22,2024-12-31,2024-12-31,Concluído,90.77,6.8
107,77,124,Atendimento,Líder 8,2024-03-23,2024-10-19,,Em Andamento,68.83,5.68
108,79,393,Inovação,Líder 40,2024-09-26,2024-12-31,,Cancelado,5.69,4.13
109,79,401,Inovação,Líder 17,2024-06-14,2024-12-11,2024-08-19,Concluído,87.72,6.07
110,79,345,Inovação,Líder 24,2024-08-10,2024-11-08,2024-10-04,Concluído,81.13,7.21
111,80,488,Atendimento,Líder 16,2024-01-18,2024-08-15,2024-07-01,Concluído,86.98,6.22
112,81,213,Atendimento,Líder 32,2023-06-14,2024-05-09,2024-04-04,Concluído,74.06,8.63
113,81,247,Atendimento,Líder 39,2022-12-13,2023-03-13,2023-04-02,Concluído,70.82,9.3
114,81,196,Atendimento,Líder 24,2023-10-31,2024-10-25,,Em Andamento,64.12,7.52
115,82,347,Marketing,Líder 43,2023-11-27,2024-09-22,2024-09-07,Concluído,83.91,9.06
116,82,257,Marketing,Líder 45,2023-09-17,2024-04-14,2024-02-26,Concluído,99.02,8.83
117,83,76,Vendas,Líder 33,2023-10-06,2024-02-03,2023-12-15,Concluído,79.61,9.46
118,83,58,Vendas,Líder 47,2024-10-09,2024-12-31,2024-12-31,Concluído,97.25,8.32
119,84,69,Qualidade,Líder 34,2024-04-15,2024-08-13,,Em Andamento,23.76,4.12
120,84,26,Qualidade,Líder 33,2023-09-20,2024-05-17,2024-04-25,Concluído,80.47,6.14
121,84,62,Qualidade,Líder 5,2023-06-01,2023-11-28,2023-08-25,Concluído,90.85,8.76
122,87,93,Atendimento,Líder 1,2023-07-13,2024-06-07,2023-09-15,Concluído,82.38,8.3
123,87,241,Atendimento,Líder 24,2023-05-03,2023-12-29,,Cancelado,17.87,4.16
124,87,474,Atendimento,Líder 36,2023-09-05,2024-08-30,,Cancelado,25.67,3.76
125,88,408,Operações,Líder 6,2024-03-06,2024-10-02,2024-05-02,Concluído,86.99,7.84
126,88,44,Operações,Líder 18,2024-11-07,2024-12-31,2024-12-31,Concluído,98.94,7.03
127,89,92,Marketing,Líder 23,2024-08-28,2024-12-26,,Em Andamento,61.07,4.76
128,89,209,Marketing,Líder 22,2024-10-02,2024-12-31,,Cancelado,15.2,2.12
129,89,76,Marketing,Líder 44,2024-12-22,2024-12-31,2024-12-31,Concluído,79.35,9.7
130,91,48,Inovação,Líder 25,2024-07-13,2024-12-31,,Cancelado,11.0,5.63
131,92,300,Suporte,Líder 44,2024-07-09,2024-12-31,2024-12-31,Concluído,71.4,7.56
132,94,496,Gente & Gestão,Líder 49,2024-12-22,2024-12-31,2024-12-31,Concluído,74.96,9.47
133,94,295,Gente & Gestão,Líder 50,2024-12-23,2024-12-31,,Em Andamento,47.59,7.03
134,94,447,Gente & Gestão,Líder 35,2024-12-26,2024-12-31,2024-12-31,Concluído,82.61,8.3
135,95,390,Qualidade,Líder 14,2023-03-08,2023-08-05,2023-07-13,Concluído,97.2,6.48
136,96,458,Comercial,Líder 49,2023-07-11,2024-07-05,2024-04-19,Concluído,95.46,7.99
137,97,378,Marketing,Líder 18,2023-07-23,2024-06-17,2023-09-06,Concluído,70.09,8.36
138,97,494,Marketing,Líder 35,2024-07-13,2024-12-31,2024-08-26,Concluído,94.04,8.89
139,98,66,Inovação,Líder 16,2024-10-02,2024-12-31,2024-12-19,Concluído,76.5,8.02
140,99,116,Inovação,Líder 41,2024-01-17,2024-06-15,2024-07-14,Concluído,86.13,8.93
141,99,395,Inovação,Líder 13,2024-06-10,2024-12-31,2024-12-31,Concluído,80.13,8.76
142,99,47,Inovação,Líder 29,2024-09-12,2024-12-11,2024-10-14,Concluído,78.89,8.37
143,100,402,Suporte,Líder 43,2024-06-19,2024-12-31,2024-12-19,Concluído,73.1,6.31
144,100,449,Suporte,Líder 34,2024-08-15,2024-12-13,2024-12-31,Concluído,95.35,7.66
145,100,247,Suporte,Líder 48,2024-05-14,2024-09-11,2024-05-23,Concluído,71.43,8.9
146,101,149,Qualidade,Líder 19,2024-09-18,2024-12-31,2024-11-10,Concluído,82.93,9.77
147,101,315,Qualidade,Líder 1,2024-06-22,2024-09-20,2024-07-09,Concluído,78.24,7.73
148,101,392,Qualidade,Líder 35,2024-02-27,2024-10-24,2024-04-10,Concluído,78.59,6.48
149,102,11,Financeiro,Líder 41,2024-12-11,2024-12-31,,Cancelado,0.16,4.95
150,103,239,Atendimento,Líder 40,2024-07-14,2024-12-31,2024-11-20,Concluído,98.64,7.38
151,103,286,Atendimento,Líder 26,2024-12-07,2024-12-31,2024-12-31,Concluído,87.48,7.47
152,104,253,Tecnologia,Líder 39,2024-12-06,2024-12-31,,Em Andamento,61.51,6.94
153,104,112,Tecnologia,Líder 19,2024-11-13,2024-12-31,,Em Andamento,63.48,4.55
154,105,63,Atendimento,Líder 14,2024-05-07,2024-12-31,,Em Andamento,38.51,6.46
155,106,16,Comercial,Líder 14,2024-06-25,2024-09-23,2024-07-21,Concluído,74.24,7.74
156,106,416,Comercial,Líder 29,2024-11-01,2024-12-31,2024-12-31,Concluído,74.36,7.03
157,106,173,Comercial,Líder 47,2023-10-13,2024-10-07,2024-03-26,Concluído,95.34,7.46
158,107,3,Atendimento,Líder 9,2024-08-09,2024-12-07,,Em Andamento,41.79,5.91
159,108,261,Marketing,Líder 15,2024-12-19,2024-12-31,,Em Andamento,74.68,5.91
160,108,185,Marketing,Líder 34,2024-12-26,2024-12-31,2024-12-31,Concluído,77.73,8.73
161,108,149,Marketing,Líder 44,2024-12-16,2024-12-31,2024-12-31,Concluído,71.31,9.05
162,109,168,Produto,Líder 12,2024-01-07,2024-05-06,2024-03-24,Concluído,90.59,7.07
163,109,314,Produto,Líder 38,2023-12-05,2024-03-04,2024-03-02,Concluído,92.93,8.31
164,109,396,Produto,Líder 41,2024-01-20,2024-12-15,2024-12-21,Concluído,77.42,6.96
165,110,440,Qualidade,Líder 17,2023-08-03,2023-12-01,2023-08-09,Concluído,73.61,7.99
166,110,180,Qualidade,Líder 50,2023-01-28,2023-05-28,2023-05-09,Concluído,85.74,9.05
167,110,416,Qualidade,Líder 25,2023-07-12,2024-04-07,2024-03-31,Concluído,86.7,8.19
168,111,366,Qualidade,Líder 22,2024-12-29,2024-12-31,2024-12-31,Concluído,74.11,8.02
169,112,448,Produto,Líder 40,2024-02-07,2024-12-03,2024-06-07,Concluído,71.38,9.05
170,113,228,Comercial,Líder 8,2024-09-13,2024-12-31,2024-12-31,Concluído,80.04,7.77
171,113,435,Comercial,Líder 9,2024-07-11,2024-11-08,2024-08-22,Concluído,99.28,9.4
172,114,340,Inovação,Líder 42,2023-04-30,2023-11-26,2024-01-20,Concluído,89.72,9.57
173,115,85,Atendimento,Líder 7,2024-10-20,2024-12-31,2024-12-31,Concluído,83.18,7.74
174,115,105,Atendimento,Líder 17,2024-11-27,2024-12-31,2024-12-31,Concluído,92.37,9.5
175,116,474,Financeiro,Líder 46,2023-12-09,2024-12-03,,Em Andamento,75.35,6.17
176,117,210,Marketing,Líder 28,2024-02-11,2024-08-09,,Em Andamento,77.95,6.59
177,118,395,Atendimento,Líder 18,2024-11-22,2024-12-31,,Em Andamento,67.18,6.81
178,118,464,Atendimento,Líder 48,2024-11-21,2024-12-31,2024-12-15,Concluído,90.9,6.87
179,119,35,Financeiro,Líder 5,2024-04-13,2024-07-12,2024-06-07,Concluído,73.86,8.27
180,119,261,Financeiro,Líder 4,2024-07-24,2024-12-31,,Em Andamento,31.7,4.24
181,120,484,Marketing,Líder 24,2023-10-01,2023-12-30,2023-12-20,Concluído,85.34,9.88
182,120,224,Marketing,Líder 31,2024-11-07,2024-12-31,2024-12-31,Concluído,94.69,8.89
183,120,204,Marketing,Líder 19,2024-04-17,2024-07-16,,Em Andamento,28.39,7.39
184,122,410,Vendas,Líder 18,2024-05-04,2024-12-31,2024-11-13,Concluído,85.31,8.14
185,122,59,Vendas,Líder 16,2022-12-08,2023-08-05,2023-01-20,Concluído,86.07,6.76
186,122,102,Vendas,Líder 45,2023-11-17,2024-06-14,,Cancelado,28.45,3.82
187,123,175,Vendas,Líder 6,2024-12-30,2024-12-31,2024-12-31,Concluído,82.07,8.93
188,124,269,Tecnologia,Líder 20,2022-11-29,2023-04-28,2023-04-19,Concluído,76.45,8.15
189,124,277,Tecnologia,Líder 11,2023-11-28,2024-06-25,,Em Andamento,20.78,6.76
190,125,284,Qualidade,Líder 11,2024-06-05,2024-12-31,2024-12-31,Concluído,80.05,8.92
191,125,489,Qualidade,Líder 30,2023-03-11,2023-07-09,2023-05-29,Concluído,76.28,9.02
192,126,16,Financeiro,Líder 42,2022-11-24,2023-07-22,,Cancelado,4.07,4.97
193,126,471,Financeiro,Líder 39,2023-08-12,2024-08-06,2024-03-31,Concluído,89.62,8.96
194,126,366,Financeiro,Líder 27,2022-11-09,2023-04-08,2023-01-03,Concluído,90.55,8.93
195,127,480,Gente & Gestão,Líder 8,2023-09-24,2024-05-21,2024-04-22,Concluído,84.11,8.79
196,128,494,Financeiro,Líder 16,2024-11-02,2024-12-31,,Cancelado,28.26,3.87
197,129,92,Vendas,Líder 39,2024-11-25,2024-12-31,2024-11-28,Concluído,97.58,6.22
198,130,324,Atendimento,Líder 27,2023-04-30,2023-12-26,2023-09-17,Concluído,82.13,7.94
199,130,17,Atendimento,Líder 32,2023-08-25,2024-06-20,,Em Andamento,63.26,7.38
200,130,82,Atendimento,Líder 31,2024-08-13,2024-12-31,2024-12-31,Concluído,90.01,6.02
201,131,257,Produto,Líder 24,2023-02-03,2023-10-01,2023-03-20,Concluído,85.36,6.07
202,131,400,Produto,Líder 42,2024-04-07,2024-11-03,2024-05-29,Concluído,83.15,7.15
203,132,76,Vendas,Líder 14,2023-11-23,2024-05-21,2024-02-09,Concluído,96.23,9.57
204,132,452,Vendas,Líder 40,2024-04-09,2024-09-06,,Cancelado,39.43,2.3
205,133,455,Inovação,Líder 38,2022-04-17,2022-12-13,2023-01-10,Concluído,73.9,9.42
206,133,38,Inovação,Líder 48,2024-02-06,2024-06-05,2024-02-17,Concluído,96.76,9.15
207,133,152,Inovação,Líder 43,2024-04-07,2024-12-31,2024-07-30,Concluído,81.96,9.48
208,135,355,Gente & Gestão,Líder 24,2024-05-22,2024-12-18,,Em Andamento,24.12,6.44
209,136,69,Operações,Líder 33,2023-12-01,2024-07-28,2024-02-26,Concluído,72.01,9.21
210,136,408,Operações,Líder 43,2024-12-06,2024-12-31,2024-12-30,Concluído,92.18,8.25
211,137,159,Vendas,Líder 42,2024-04-28,2024-12-31,2024-12-31,Concluído,80.54,8.82
212,138,229,Suporte,Líder 7,2024-11-30,2024-12-31,2024-12-07,Concluído,76.34,7.63
213,139,84,Atendimento,Líder 16,2023-09-07,2024-07-03,2024-06-07,Concluído,80.7,9.53
214,139,49,Atendimento,Líder 34,2024-01-22,2024-09-18,2024-06-13,Concluído,71.95,8.11
215,139,324,Atendimento,Líder 16,2023-04-23,2023-09-20,2023-09-23,Concluído,84.16,8.12
216,140,98,Comercial,Líder 41,2024-02-19,2024-07-18,2024-03-26,Concluído,83.59,6.92
217,141,131,Qualidade,Líder 3,2024-05-25,2024-08-23,2024-05-25,Concluído,94.8,7.37
218,142,44,Suporte,Líder 45,2024-10-31,2024-12-31,2024-12-25,Concluído,92.96,9.16
219,142,269,Suporte,Líder 44,2024-03-20,2024-08-17,,Cancelado,14.37,5.87
220,142,105,Suporte,Líder 36,2024-10-01,2024-12-31,2024-12-04,Concluído,98.46,6.01
221,143,286,Marketing,Líder 45,2023-04-18,2023-08-16,2023-05-26,Concluído,76.72,6.83
222,143,167,Marketing,Líder 5,2024-01-10,2024-10-06,2024-05-03,Concluído,88.61,7.77
223,143,280,Marketing,Líder 31,2023-01-21,2023-09-18,2023-11-11,Concluído,92.69,8.92
224,144,380,Atendimento,Líder 24,2024-12-18,2024-12-31,2024-12-31,Concluído,94.53,8.34
225,144,463,Atendimento,Líder 18,2024-12-13,2024-12-31,2024-12-25,Concluído,70.3,7.63
226,144,436,Atendimento,Líder 41,2024-12-29,2024-12-31,,Cancelado,13.02,3.54
227,145,341,Operações,Líder 41,2024-01-15,2024-07-13,2024-06-29,Concluído,72.3,7.79
228,147,419,Vendas,Líder 20,2024-11-05,2024-12-31,2024-12-31,Concluído,95.13,6.02
229,149,386,Inovação,Líder 27,2024-03-27,2024-11-22,2024-12-23,Concluído,85.89,7.4
230,150,271,Marketing,Líder 49,2024-07-11,2024-12-31,,Em Andamento,54.03,5.36
231,150,464,Marketing,Líder 30,2024-06-14,2024-12-31,,Cancelado,0.87,5.84
232,151,157,Atendimento,Líder 13,2023-12-14,2024-03-13,2023-12-29,Concluído,87.99,6.58
233,151,87,Atendimento,Líder 29,2024-05-11,2024-12-31,,Em Andamento,53.39,4.51
234,151,42,Atendimento,Líder 7,2024-08-13,2024-11-11,2024-11-03,Concluído,95.72,7.77
235,154,199,Tecnologia,Líder 23,2024-12-11,2024-12-31,,Em Andamento,22.43,5.84
236,154,328,Tecnologia,Líder 27,2024-12-06,2024-12-31,,Em Andamento,45.93,5.94
237,154,461,Tecnologia,Líder 17,2024-12-04,2024-12-31,2024-12-31,Concluído,72.3,8.01
238,155,175,Suporte,Líder 26,2023-09-17,2024-02-14,,Cancelado,28.11,3.97
239,155,319,Suporte,Líder 8,2024-05-09,2024-12-31,2024-07-11,Concluído,83.19,8.63
240,155,221,Suporte,Líder 26,2024-07-20,2024-12-31,2024-07-27,Concluído,91.22,8.55
241,156,367,Vendas,Líder 43,2024-12-03,2024-12-31,2024-12-31,Concluído,77.88,8.17
242,156,228,Vendas,Líder 31,2023-11-30,2024-11-24,,Cancelado,28.43,4.91
243,156,155,Vendas,Líder 6,2024-08-13,2024-12-31,,Em Andamento,20.52,5.77
244,158,171,Comercial,Líder 10,2024-10-28,2024-12-31,2024-12-31,Concluído,76.04,8.35
245,159,76,Gente & Gestão,Líder 32,2024-12-03,2024-12-31,,Cancelado,38.61,4.51
246,159,59,Gente & Gestão,Líder 33,2024-09-05,2024-12-31,2024-12-29,Concluído,87.61,8.07
247,159,143,Gente & Gestão,Líder 5,2024-07-11,2024-12-31,2024-09-03,Concluído,93.42,6.44
248,160,24,Produto,Líder 45,2023-03-26,2023-12-21,,Em Andamento,45.56,6.59
249,160,347,Produto,Líder 4,2024-12-05,2024-12-31,,Cancelado,22.82,2.23
250,160,109,Produto,Líder 29,2023-07-26,2024-02-21,,Cancelado,30.12,4.31
251,161,413,Comercial,Líder 15,2024-08-13,2024-12-31,2024-12-17,Concluído,82.52,9.12
252,163,472,Tecnologia,Líder 25,2023-01-18,2023-08-16,2023-01-26,Concluído,77.4,7.88
253,163,107,Tecnologia,Líder 14,2022-12-30,2023-05-29,2023-02-23,Concluído,92.34,7.49
254,163,216,Tecnologia,Líder 16,2024-12-27,2024-12-31,2024-12-31,Concluído,99.24,6.29
255,164,221,Suporte,Líder 3,2024-07-12,2024-12-31,,Em Andamento,23.03,4.12
256,164,374,Suporte,Líder 28,2024-11-11,2024-12-31,,Em Andamento,53.91,7.87
257,167,264,Financeiro,Líder 2,2023-02-02,2023-07-02,,Em Andamento,21.6,4.04
258,167,318,Financeiro,Líder 39,2024-09-11,2024-12-31,2024-09-26,Concluído,99.02,9.23
259,168,195,Comercial,Líder 18,2024-12-24,2024-12-31,2024-12-31,Concluído,81.4,8.3
260,168,285,Comercial,Líder 50,2024-12-21,2024-12-31,2024-12-31,Concluído,77.84,7.44
261,168,82,Comercial,Líder 23,2024-12-30,2024-12-31,,Cancelado,37.55,4.92
262,169,370,Atendimento,Líder 17,2023-11-14,2024-02-12,2024-02-08,Concluído,90.06,7.27
263,169,213,Atendimento,Líder 2,2023-03-06,2023-07-04,2023-03-15,Concluído,77.22,6.19
264,169,145,Atendimento,Líder 33,2024-10-17,2024-12-31,2024-12-17,Concluído,70.02,9.42
265,170,354,Produto,Líder 41,2024-12-18,2024-12-31,2024-12-31,Concluído,88.12,9.11
266,171,77,Produto,Líder 16,2022-10-18,2023-06-15,2023-02-21,Concluído,75.72,7.27
267,172,280,Gente & Gestão,Líder 5,2024-10-27,2024-12-31,,Em Andamento,45.74,5.29
268,172,26,Gente & Gestão,Líder 27,2024-10-17,2024-12-31,2024-12-31,Concluído,83.26,6.88
269,172,334,Gente & Gestão,Líder 41,2024-05-20,2024-09-17,2024-10-06,Concluído,87.83,7.38
270,173,336,Suporte,Líder 22,2024-05-19,2024-12-31,2024-12-05,Concluído,97.74,7.11
271,173,162,Suporte,Líder 27,2024-02-14,2024-09-11,2024-08-01,Concluído,96.83,9.98
272,173,449,Suporte,Líder 38,2024-03-11,2024-08-08,,Em Andamento,65.18,5.03
273,174,225,Comercial,Líder 37,2024-09-30,2024-12-31,,Em Andamento,45.27,6.49
274,176,492,Tecnologia,Líder 30,2022-10-26,2023-01-24,,Em Andamento,68.01,6.11
275,176,402,Tecnologia,Líder 29,2024-07-01,2024-10-29,,Em Andamento,30.42,7.4
276,177,439,Inovação,Líder 15,2023-12-09,2024-07-06,2024-07-15,Concluído,72.28,7.19
277,179,148,Qualidade,Líder 40,2023-09-29,2024-01-27,2023-12-22,Concluído,87.89,7.25
278,179,181,Qualidade,Líder 34,2023-02-08,2023-07-08,,Em Andamento,55.0,6.27
279,180,462,Gente & Gestão,Líder 33,2023-09-29,2024-05-26,,Em Andamento,68.54,6.87
280,180,272,Gente & Gestão,Líder 41,2023-10-13,2024-03-11,2023-10-31,Concluído,85.84,7.51
281,180,75,Gente & Gestão,Líder 18,2023-10-08,2024-03-06,2023-11-06,Concluído,99.81,8.85
282,183,98,Suporte,Líder 38,2024-09-29,2024-12-31,2024-12-31,Concluído,73.06,7.34
283,183,468,Suporte,Líder 40,2024-11-29,2024-12-31,2024-12-07,Concluído,89.88,6.99
284,184,173,Gente & Gestão,Líder 49,2024-12-15,2024-12-31,2024-12-31,Concluído,95.96,8.68
285,184,297,Gente & Gestão,Líder 50,2024-11-19,2024-12-31,,Cancelado,2.73,5.94
286,185,459,Gente & Gestão,Líder 5,2022-07-11,2023-02-06,,Em Andamento,78.82,7.92
287,185,14,Gente & Gestão,Líder 4,2024-01-24,2024-11-19,,Cancelado,18.75,3.53
288,186,472,Atendimento,Líder 45,2024-09-14,2024-12-31,2024-10-19,Concluído,70.65,6.5
289,186,165,Atendimento,Líder 25,2022-12-04,2023-08-01,2023-06-18,Concluído,71.32,8.57
290,186,400,Atendimento,Líder 33,2023-12-30,2024-04-28,2024-01-12,Concluído,97.71,9.02
291,187,286,Atendimento,Líder 41,2024-08-21,2024-12-31,,Em Andamento,67.6,5.23
292,187,92,Atendimento,Líder 13,2024-12-07,2024-12-31,2024-12-31,Concluído,92.91,8.37
293,188,210,Vendas,Líder 18,2024-04-16,2024-12-31,2024-12-31,Concluído,78.15,7.26
294,188,345,Vendas,Líder 14,2024-08-17,2024-12-31,2024-10-15,Concluído,79.5,8.72
295,189,216,Produto,Líder 25,2024-09-30,2024-12-31,2024-10-27,Concluído,81.59,8.29
296,189,487,Produto,Líder 1,2024-11-19,2024-12-31,2024-12-31,Concluído,85.68,6.56
297,190,363,Financeiro,Líder 23,2024-05-01,2024-11-27,2024-11-18,Concluído,91.91,9.32
298,190,453,Financeiro,Líder 31,2024-12-30,2024-12-31,2024-12-31,Concluído,97.02,7.98
299,193,463,Produto,Líder 9,2023-09-10,2024-01-08,2023-09-13,Concluído,84.99,9.68
300,193,394,Produto,Líder 24,2024-01-23,2024-12-31,2024-06-28,Concluído,80.19,9.61
301,194,111,Inovação,Líder 14,2024-11-01,2024-12-31,2024-12-31,Concluído,71.44,8.36
302,195,429,Atendimento,Líder 30,2024-05-18,2024-12-31,,Cancelado,26.89,5.83
303,196,468,Vendas,Líder 46,2024-12-25,2024-12-31,2024-12-30,Concluído,78.15,7.07
304,196,362,Vendas,Líder 39,2024-10-05,2024-12-31,,Em Andamento,30.98,5.27
305,197,189,Inovação,Líder 36,2024-09-17,2024-12-31,,Cancelado,13.41,2.1
306,197,331,Inovação,Líder 24,2023-03-08,2023-09-04,,Cancelado,4.69,2.64
307,197,496,Inovação,Líder 17,2023-10-23,2024-09-17,2024-08-12,Concluído,88.66,8.33
308,198,211,Tecnologia,Líder 48,2024-10-20,2024-12-31,2024-12-31,Concluído,99.28,8.91
309,198,9,Tecnologia,Líder 20,2024-12-03,2024-12-31,2024-12-10,Concluído,74.59,9.38
310,198,249,Tecnologia,Líder 13,2024-11-17,2024-12-31,,Em Andamento,76.84,4.99
311,199,246,Atendimento,Líder 16,2024-12-13,2024-12-31,2024-12-31,Concluído,91.78,9.28
312,199,130,Atendimento,Líder 34,2024-08-12,2024-12-10,,Cancelado,11.53,5.74
313,201,289,Marketing,Líder 17,2024-08-30,2024-12-31,2024-09-19,Concluído,74.37,7.56
314,203,344,Produto,Líder 15,2023-10-17,2024-01-15,2023-11-02,Concluído,90.95,7.35
315,203,245,Produto,Líder 14,2024-08-09,2024-12-31,2024-12-10,Concluído,93.66,8.76
316,203,85,Produto,Líder 50,2024-03-23,2024-08-20,2024-10-14,Concluído,73.77,7.31
317,204,38,Gente & Gestão,Líder 11,2024-09-13,2024-12-31,,Em Andamento,67.45,6.8
318,204,49,Gente & Gestão,Líder 12,2024-11-20,2024-12-31,,Em Andamento,67.41,7.41
319,206,491,Produto,Líder 21,2023-11-08,2024-05-06,2024-06-10,Concluído,88.49,9.51
320,206,122,Produto,Líder 41,2024-04-25,2024-12-31,,Em Andamento,54.86,4.0
321,206,25,Produto,Líder 40,2023-08-29,2023-11-27,2023-10-13,Concluído,95.5,8.86
322,207,142,Marketing,Líder 32,2024-12-14,2024-12-31,2024-12-19,Concluído,71.16,9.84
323,207,151,Marketing,Líder 20,2024-12-15,2024-12-31,,Em Andamento,20.51,6.89
324,207,263,Marketing,Líder 47,2024-10-30,2024-12-31,2024-11-19,Concluído,77.2,8.67
325,210,265,Operações,Líder 10,2024-06-30,2024-12-31,,Cancelado,33.02,5.02
326,210,300,Operações,Líder 48,2024-07-19,2024-12-31,2024-08-16,Concluído,86.22,6.45
327,210,321,Operações,Líder 27,2024-10-03,2024-12-31,2024-12-31,Concluído,81.0,9.61
328,212,220,Produto,Líder 30,2024-12-23,2024-12-31,2024-12-31,Concluído,77.18,9.42
329,213,175,Operações,Líder 40,2024-09-24,2024-12-31,,Cancelado,32.55,3.78
330,213,197,Operações,Líder 8,2024-10-07,2024-12-31,2024-12-31,Concluído,81.65,9.13
331,213,189,Operações,Líder 5,2024-02-11,2024-12-31,,Em Andamento,51.63,5.99
332,214,354,Financeiro,Líder 24,2024-12-30,2024-12-31,2024-12-31,Concluído,86.69,8.73
333,214,355,Financeiro,Líder 10,2024-07-20,2024-12-31,2024-12-31,Concluído,99.37,6.2
334,216,151,Produto,Líder 41,2023-08-15,2024-02-11,2023-12-14,Concluído,88.72,9.78
335,217,298,Tecnologia,Líder 2,2024-09-28,2024-12-31,,Cancelado,24.9,2.28
336,217,83,Tecnologia,Líder 3,2024-07-27,2024-12-31,,Cancelado,14.25,3.69
337,217,70,Tecnologia,Líder 26,2024-05-01,2024-12-31,2024-12-12,Concluído,80.39,9.44
338,219,352,Marketing,Líder 20,2022-12-15,2023-07-13,2023-04-14,Concluído,79.77,6.1
339,219,496,Marketing,Líder 15,2022-07-28,2023-02-23,2022-08-23,Concluído,74.26,9.4
340,219,173,Marketing,Líder 1,2024-02-16,2024-11-12,2024-07-05,Concluído,72.75,9.13
341,220,154,Vendas,Líder 47,2023-11-28,2024-09-23,2024-06-21,Concluído,72.43,9.95
342,220,33,Vendas,Líder 13,2024-02-14,2024-12-31,2024-08-25,Concluído,92.83,6.3
343,220,27,Vendas,Líder 16,2024-06-03,2024-10-01,2024-08-23,Concluído,96.95,7.44
344,221,70,Marketing,Líder 18,2024-12-19,2024-12-31,2024-12-26,Concluído,78.63,8.67
345,221,324,Marketing,Líder 31,2024-12-11,2024-12-31,2024-12-30,Concluído,71.64,6.08
346,222,206,Tecnologia,Líder 13,2023-06-03,2024-01-29,2023-09-15,Concluído,78.91,7.19
347,222,205,Tecnologia,Líder 22,2024-11-10,2024-12-31,2024-11-20,Concluído,93.14,7.63
348,222,230,Tecnologia,Líder 29,2022-11-04,2023-07-02,2023-05-02,Concluído,80.53,9.27
349,223,171,Gente & Gestão,Líder 2,2024-11-18,2024-12-31,,Em Andamento,50.58,6.73
350,223,33,Gente & Gestão,Líder 36,2024-12-10,2024-12-31,,Em Andamento,61.98,7.63
351,223,58,Gente & Gestão,Líder 8,2024-11-25,2024-12-31,2024-12-31,Concluído,82.76,8.76
352,225,356,Qualidade,Líder 44,2023-07-23,2023-12-20,2024-02-01,Concluído,95.3,8.56
353,225,328,Qualidade,Líder 31,2024-07-21,2024-12-31,,Em Andamento,70.48,7.22
354,225,346,Qualidade,Líder 42,2024-11-09,2024-12-31,2024-12-31,Concluído,72.03,6.36
355,226,101,Qualidade,Líder 8,2023-09-21,2023-12-20,,Cancelado,7.73,2.72
356,226,143,Qualidade,Líder 31,2023-09-25,2024-08-20,,Cancelado,8.85,4.89
357,226,33,Qualidade,Líder 12,2024-11-12,2024-12-31,,Em Andamento,23.5,5.6
358,228,325,Financeiro,Líder 19,2023-07-19,2024-03-15,,Cancelado,24.37,3.35
359,229,251,Comercial,Líder 29,2024-03-23,2024-12-31,,Cancelado,23.82,3.96
360,229,297,Comercial,Líder 6,2024-05-12,2024-12-31,2024-08-15,Concluído,92.98,8.21
361,229,283,Comercial,Líder 1,2024-06-05,2024-12-31,2024-10-13,Concluído,90.66,7.52
362,231,392,Tecnologia,Líder 46,2023-07-04,2024-05-29,2023-10-15,Concluído,78.52,8.98
363,232,237,Gente & Gestão,Líder 41,2024-08-14,2024-12-31,,Em Andamento,41.98,4.42
364,235,132,Tecnologia,Líder 30,2024-11-10,2024-12-31,2024-12-25,Concluído,84.89,8.91
365,235,293,Tecnologia,Líder 31,2024-12-10,2024-12-31,,Cancelado,29.58,3.75
366,235,195,Tecnologia,Líder 25,2024-12-03,2024-12-31,2024-12-31,Concluído,74.58,6.89
367,236,483,Operações,Líder 32,2023-10-04,2024-01-02,,Em Andamento,30.16,7.83
368,237,95,Produto,Líder 27,2023-09-15,2024-07-11,2024-01-29,Concluído,97.19,6.67
369,238,194,Operações,Líder 43,2024-06-23,2024-12-31,2024-12-06,Concluído,72.49,7.57
370,239,177,Tecnologia,Líder 15,2024-05-04,2024-12-31,2024-10-31,Concluído,70.73,7.77
371,239,269,Tecnologia,Líder 48,2024-11-14,2024-12-31,2024-12-31,Concluído,89.39,7.83
372,239,279,Tecnologia,Líder 46,2023-09-12,2024-01-10,2023-11-14,Concluído,82.16,6.07
373,240,444,Financeiro,Líder 6,2024-07-09,2024-12-06,,Cancelado,23.47,5.24
374,240,69,Financeiro,Líder 27,2024-01-08,2024-11-03,2024-12-25,Concluído,96.08,9.27
375,240,414,Financeiro,Líder 11,2023-11-23,2024-03-22,2024-05-11,Concluído,71.31,8.81
376,243,475,Suporte,Líder 31,2024-09-12,2024-12-31,,Em Andamento,43.69,7.92
377,243,446,Suporte,Líder 18,2024-10-12,2024-12-31,2024-11-13,Concluído,83.8,6.68
378,244,344,Gente & Gestão,Líder 48,2024-12-21,2024-12-31,2024-12-31,Concluído,84.07,9.36
379,244,205,Gente & Gestão,Líder 43,2023-11-20,2024-02-18,2023-12-18,Concluído,70.62,6.2
380,245,77,Marketing,Líder 33,2024-12-12,2024-12-31,,Em Andamento,69.78,5.19
381,246,287,Produto,Líder 10,2024-04-14,2024-12-31,2024-10-14,Concluído,94.2,9.12
382,246,217,Produto,Líder 46,2024-04-22,2024-12-31,2024-10-30,Concluído,73.56,7.99
383,246,45,Produto,Líder 50,2024-12-24,2024-12-31,2024-12-31,Concluído,70.44,9.76
384,247,365,Vendas,Líder 21,2024-07-29,2024-12-31,,Em Andamento,47.11,5.12
385,247,499,Vendas,Líder 14,2024-05-02,2024-12-31,,Em Andamento,57.85,4.8
386,247,132,Vendas,Líder 43,2024-08-27,2024-12-31,,Cancelado,38.19,2.76
387,249,178,Marketing,Líder 35,2024-10-07,2024-12-31,2024-11-28,Concluído,79.28,8.16
388,249,399,Marketing,Líder 43,2024-06-29,2024-12-31,2024-12-31,Concluído,70.59,6.1
389,251,368,Marketing,Líder 7,2023-07-01,2024-03-27,2023-09-22,Concluído,94.19,6.58
390,251,308,Marketing,Líder 12,2022-09-21,2023-03-20,2023-03-23,Concluído,97.14,8.54
391,251,167,Marketing,Líder 28,2023-07-18,2024-04-13,2024-01-08,Concluído,92.22,7.65
392,252,450,Tecnologia,Líder 40,2023-03-08,2023-09-04,,Em Andamento,34.2,5.63
393,252,70,Tecnologia,Líder 21,2023-10-01,2024-08-26,2024-01-14,Concluído,91.18,9.18
394,253,5,Financeiro,Líder 45,2024-05-03,2024-12-31,,Em Andamento,66.1,7.83
395,253,276,Financeiro,Líder 21,2022-12-19,2023-03-19,2023-01-23,Concluído,87.53,9.22
396,253,118,Financeiro,Líder 1,2024-05-31,2024-12-31,,Cancelado,23.3,4.74
397,254,48,Operações,Líder 12,2024-03-07,2024-12-31,2024-12-31,Concluído,95.87,8.23
398,254,122,Operações,Líder 23,2024-04-19,2024-08-17,2024-08-24,Concluído,99.83,7.48
399,254,175,Operações,Líder 21,2024-02-18,2024-11-14,2024-06-18,Concluído,86.66,7.13
400,256,327,Atendimento,Líder 28,2024-12-08,2024-12-31,2024-12-31,Concluído,72.62,7.98
401,256,301,Atendimento,Líder 23,2024-08-12,2024-12-31,2024-10-28,Concluído,92.7,7.32
402,259,223,Produto,Líder 10,2024-02-21,2024-12-31,2024-06-27,Concluído,71.91,6.21
403,260,416,Vendas,Líder 30,2024-09-28,2024-12-31,2024-11-05,Concluído,91.51,6.48
404,260,284,Vendas,Líder 32,2024-12-08,2024-12-31,,Em Andamento,64.15,4.55
405,260,25,Vendas,Líder 48,2024-12-14,2024-12-31,2024-12-31,Concluído,73.47,6.93
406,263,448,Tecnologia,Líder 35,2024-07-16,2024-10-14,2024-08-29,Concluído,71.06,6.81
407,264,256,Operações,Líder 44,2024-02-14,2024-12-10,2024-08-12,Concluído,97.31,8.95
408,264,218,Operações,Líder 40,2024-07-04,2024-12-31,,Cancelado,7.88,5.05
409,264,8,Operações,Líder 36,2023-09-17,2023-12-16,2024-01-02,Concluído,98.36,9.14
410,266,58,Suporte,Líder 7,2024-05-12,2024-12-31,2024-08-08,Concluído,82.54,7.26
411,267,246,Tecnologia,Líder 30,2024-05-23,2024-11-19,2024-09-19,Concluído,83.18,6.27
412,268,87,Marketing,Líder 37,2024-12-07,2024-12-31,2024-12-19,Concluído,70.51,9.06
413,270,227,Tecnologia,Líder 46,2024-03-08,2024-11-03,2024-04-23,Concluído,83.48,8.74
414,270,459,Tecnologia,Líder 36,2024-04-04,2024-12-31,2024-11-10,Concluído,79.13,6.96
415,270,24,Tecnologia,Líder 33,2024-11-12,2024-12-31,2024-11-26,Concluído,84.79,8.54
416,271,498,Tecnologia,Líder 35,2024-10-10,2024-12-31,,Cancelado,10.49,5.77
417,272,89,Atendimento,Líder 46,2024-09-29,2024-12-31,2024-12-31,Concluído,99.57,9.31
418,273,96,Qualidade,Líder 34,2023-05-15,2023-12-11,2023-12-17,Concluído,91.44,6.29
419,273,131,Qualidade,Líder 6,2023-04-24,2024-02-18,2023-06-18,Concluído,76.4,8.55
420,274,239,Comercial,Líder 16,2024-12-30,2024-12-31,,Em Andamento,48.21,4.23
421,274,386,Comercial,Líder 27,2024-12-28,2024-12-31,,Em Andamento,59.07,7.46
422,274,233,Comercial,Líder 4,2024-12-29,2024-12-31,2024-12-31,Concluído,93.58,8.24
423,275,162,Vendas,Líder 33,2023-07-31,2024-02-26,2023-09-19,Concluído,75.33,6.27
424,276,318,Operações,Líder 1,2023-11-29,2024-06-26,,Em Andamento,35.72,6.75
425,276,184,Operações,Líder 27,2023-05-08,2024-05-02,2024-02-19,Concluído,99.22,7.1
426,276,345,Operações,Líder 33,2023-09-20,2024-02-17,,Em Andamento,78.92,6.57
427,277,368,Suporte,Líder 38,2024-12-31,2024-12-31,2024-12-31,Concluído,77.19,6.12
428,279,155,Financeiro,Líder 5,2024-12-06,2024-12-31,2024-12-25,Concluído,89.75,7.03
429,279,300,Financeiro,Líder 41,2024-12-12,2024-12-31,2024-12-13,Concluído,88.16,7.6
430,279,247,Financeiro,Líder 32,2024-12-13,2024-12-31,2024-12-31,Concluído,99.75,8.07
431,280,149,Inovação,Líder 27,2024-11-11,2024-12-31,2024-12-12,Concluído,94.82,6.03
432,281,37,Inovação,Líder 49,2024-04-01,2024-07-30,2024-04-30,Concluído,99.54,8.46
433,281,171,Inovação,Líder 47,2023-12-15,2024-08-11,2024-01-14,Concluído,90.66,9.51
434,282,332,Suporte,Líder 11,2024-03-28,2024-12-31,2024-12-20,Concluído,86.27,8.71
435,282,267,Suporte,Líder 21,2023-12-18,2024-10-13,2024-05-17,Concluído,85.78,6.2
436,283,164,Tecnologia,Líder 9,2024-05-27,2024-12-31,2024-12-03,Concluído,76.47,6.7
437,283,83,Tecnologia,Líder 24,2024-11-19,2024-12-31,2024-12-31,Concluído,91.27,6.1
438,283,240,Tecnologia,Líder 33,2023-11-28,2024-04-26,2024-06-06,Concluído,83.83,8.48
439,284,214,Atendimento,Líder 44,2024-03-25,2024-12-31,2024-08-12,Concluído,79.13,9.29
440,284,140,Atendimento,Líder 49,2023-10-08,2024-05-05,,Em Andamento,39.6,4.46
441,285,198,Inovação,Líder 37,2023-09-17,2024-01-15,2024-02-09,Concluído,92.86,7.08
442,285,128,Inovação,Líder 28,2024-12-22,2024-12-31,2024-12-31,Concluído,77.1,6.38
443,286,277,Operações,Líder 15,2024-12-31,2024-12-31,2024-12-31,Concluído,76.64,8.18
444,286,278,Operações,Líder 27,2024-12-14,2024-12-31,2024-12-31,Concluído,81.45,8.98
445,286,489,Operações,Líder 43,2024-12-25,2024-12-31,,Cancelado,23.2,3.95
446,287,370,Gente & Gestão,Líder 44,2024-11-11,2024-12-31,2024-12-31,Concluído,75.84,8.22
447,287,271,Gente & Gestão,Líder 25,2023-07-09,2024-05-04,2023-11-30,Concluído,86.96,8.44
448,287,44,Gente & Gestão,Líder 2,2024-10-03,2024-12-31,2024-11-15,Concluído,92.76,6.26
449,288,426,Qualidade,Líder 12,2023-12-31,2024-10-26,2024-11-14,Concluído,77.01,7.89
450,288,95,Qualidade,Líder 34,2023-10-15,2024-06-11,2024-06-24,Concluído,82.57,9.26
451,289,307,Marketing,Líder 31,2024-04-04,2024-12-31,2024-12-31,Concluído,71.48,7.49
452,289,70,Marketing,Líder 43,2024-02-06,2024-05-06,2024-06-08,Concluído,82.05,8.95
453,290,52,Tecnologia,Líder 48,2024-07-27,2024-12-24,2024-10-22,Concluído,70.82,6.57
454,290,416,Tecnologia,Líder 38,2024-09-21,2024-12-31,,Em Andamento,61.64,7.32
455,292,282,Inovação,Líder 11,2024-10-15,2024-12-31,2024-12-31,Concluído,98.02,8.74
456,292,354,Inovação,Líder 45,2024-12-22,2024-12-31,2024-12-31,Concluído,82.25,6.59
457,292,323,Inovação,Líder 29,2024-10-09,2024-12-31,2024-12-31,Concluído,93.59,8.41
458,295,466,Gente & Gestão,Líder 3,2024-11-02,2024-12-31,2024-11-27,Concluído,84.29,9.41
459,295,121,Gente & Gestão,Líder 14,2024-12-06,2024-12-31,2024-12-31,Concluído,78.46,8.46
460,295,241,Gente & Gestão,Líder 45,2024-08-23,2024-12-31,2024-12-24,Concluído,87.98,9.28
461,296,66,Comercial,Líder 31,2024-03-11,2024-09-07,2024-05-29,Concluído,71.48,6.79
462,296,461,Comercial,Líder 12,2024-03-28,2024-10-24,,Em Andamento,25.77,4.36
463,297,199,Atendimento,Líder 11,2024-07-01,2024-12-31,2024-07-24,Concluído,74.25,6.43
464,297,125,Atendimento,Líder 35,2024-08-11,2024-12-31,2024-12-27,Concluído,75.86,6.64
465,298,388,Gente & Gestão,Líder 50,2022-05-20,2023-03-16,2022-09-12,Concluído,94.7,9.62
466,298,366,Gente & Gestão,Líder 32,2024-10-27,2024-12-31,2024-11-05,Concluído,81.21,8.17
467,298,53,Gente & Gestão,Líder 44,2024-07-17,2024-10-15,2024-10-21,Concluído,79.64,7.79
468,300,152,Atendimento,Líder 3,2024-04-28,2024-12-31,2024-08-20,Concluído,98.63,6.26
469,300,150,Atendimento,Líder 4,2024-07-12,2024-12-31,,Em Andamento,60.58,5.41
470,300,85,Atendimento,Líder 39,2022-09-13,2022-12-12,,Cancelado,35.62,3.55
471,301,363,Qualidade,Líder 33,2024-03-11,2024-06-09,2024-04-08,Concluído,90.47,9.21
472,301,179,Qualidade,Líder 46,2022-12-25,2023-08-22,2023-04-26,Concluído,88.37,7.18
473,301,351,Qualidade,Líder 49,2022-09-13,2023-07-10,2023-09-06,Concluído,86.25,7.75
474,302,374,Qualidade,Líder 41,2022-09-28,2023-03-27,2022-11-02,Concluído,73.26,9.31
475,302,371,Qualidade,Líder 25,2023-04-11,2024-02-05,2024-01-24,Concluído,93.42,7.22
476,302,31,Qualidade,Líder 14,2023-04-06,2023-10-03,2023-05-15,Concluído,79.85,7.07
477,303,410,Suporte,Líder 41,2024-08-14,2024-12-31,2024-10-13,Concluído,90.16,7.99
478,304,256,Marketing,Líder 12,2022-12-18,2023-07-16,,Em Andamento,48.4,4.99
479,305,193,Operações,Líder 24,2024-11-29,2024-12-31,2024-12-31,Concluído,94.12,6.62
480,306,35,Operações,Líder 44,2024-11-25,2024-12-31,2024-12-31,Concluído,92.76,8.29
481,306,391,Operações,Líder 27,2024-11-23,2024-12-31,2024-12-31,Concluído,77.52,9.55
482,308,467,Financeiro,Líder 43,2022-07-29,2023-06-24,2022-12-26,Concluído,73.04,6.79
483,309,81,Vendas,Líder 27,2024-09-03,2024-12-31,,Em Andamento,23.7,7.2
484,309,235,Vendas,Líder 19,2023-11-09,2024-03-08,2024-02-10,Concluído,97.63,6.17
485,311,3,Produto,Líder 30,2024-05-13,2024-12-31,,Em Andamento,32.71,6.44
486,312,208,Suporte,Líder 17,2023-11-20,2024-02-18,,Em Andamento,38.02,7.56
487,312,449,Suporte,Líder 4,2024-02-29,2024-06-28,2024-07-26,Concluído,72.67,6.37
488,312,94,Suporte,Líder 19,2022-12-31,2023-08-28,2023-02-05,Concluído,78.73,9.19
489,314,316,Qualidade,Líder 27,2024-11-21,2024-12-31,,Cancelado,3.22,4.54
490,314,409,Qualidade,Líder 44,2024-10-28,2024-12-31,,Cancelado,1.41,5.96
491,315,195,Atendimento,Líder 22,2024-10-30,2024-12-31,2024-12-23,Concluído,92.69,6.79
492,315,347,Atendimento,Líder 49,2024-09-03,2024-12-31,2024-11-01,Concluído,96.2,9.42
493,316,264,Marketing,Líder 9,2024-08-04,2024-12-31,2024-12-31,Concluído,72.64,9.2
494,316,412,Marketing,Líder 22,2022-10-07,2023-03-06,,Em Andamento,59.5,4.4
495,316,306,Marketing,Líder 26,2024-09-12,2024-12-31,2024-12-17,Concluído,73.21,7.25
496,317,336,Inovação,Líder 38,2024-05-21,2024-12-17,,Cancelado,28.04,5.84
497,317,133,Inovação,Líder 21,2024-08-08,2024-12-31,2024-12-31,Concluído,83.52,8.39
498,319,83,Vendas,Líder 24,2024-05-06,2024-12-31,2024-11-03,Concluído,82.3,9.27
499,319,406,Vendas,Líder 34,2024-03-26,2024-06-24,2024-07-04,Concluído,85.04,9.5
500,320,259,Atendimento,Líder 3,2024-11-18,2024-12-31,,Em Andamento,33.82,6.2
501,320,146,Atendimento,Líder 43,2024-12-06,2024-12-31,2024-12-31,Concluído,86.38,6.98
502,320,497,Atendimento,Líder 34,2024-09-21,2024-12-31,,Em Andamento,63.03,6.62
503,321,366,Atendimento,Líder 14,2024-11-28,2024-12-31,2024-12-31,Concluído,77.28,6.98
504,321,134,Atendimento,Líder 30,2024-09-09,2024-12-31,2024-10-27,Concluído,83.49,7.54
505,321,177,Atendimento,Líder 18,2024-10-06,2024-12-31,2024-12-31,Concluído,83.57,9.24
506,322,490,Gente & Gestão,Líder 20,2024-04-27,2024-12-31,,Em Andamento,26.61,6.28
507,322,440,Gente & Gestão,Líder 8,2024-06-27,2024-12-31,,Em Andamento,43.8,6.29
508,325,41,Marketing,Líder 4,2024-01-12,2024-12-31,2024-03-29,Concluído,97.43,9.68
509,325,210,Marketing,Líder 34,2023-05-21,2024-04-15,2024-04-04,Concluído,71.43,9.97
510,326,321,Suporte,Líder 16,2023-10-30,2024-06-26,2024-01-27,Concluído,86.26,7.78
511,328,5,Operações,Líder 18,2024-12-01,2024-12-31,2024-12-31,Concluído,95.83,7.52
512,329,16,Atendimento,Líder 31,2024-12-18,2024-12-31,,Em Andamento,60.4,4.63
513,329,416,Atendimento,Líder 42,2024-12-27,2024-12-31,2024-12-31,Concluído,70.7,7.19
514,329,356,Atendimento,Líder 37,2024-11-06,2024-12-31,2024-12-31,Concluído,89.69,6.24
515,330,2,Atendimento,Líder 1,2024-05-17,2024-08-15,2024-07-03,Concluído,90.28,8.35
516,330,198,Atendimento,Líder 33,2023-08-01,2023-12-29,,Cancelado,13.41,5.44
517,331,241,Comercial,Líder 40,2024-10-18,2024-12-31,,Em Andamento,40.73,7.55
518,331,320,Comercial,Líder 39,2024-12-03,2024-12-31,2024-12-25,Concluído,82.83,8.68
519,332,7,Tecnologia,Líder 44,2024-11-01,2024-12-31,,Cancelado,13.09,2.82
520,332,69,Tecnologia,Líder 49,2024-08-12,2024-11-10,2024-11-22,Concluído,93.16,7.85
521,333,486,Marketing,Líder 2,2024-10-17,2024-12-31,2024-11-10,Concluído,75.52,6.83
522,333,353,Marketing,Líder 12,2024-10-20,2024-12-31,,Em Andamento,46.04,4.58
523,333,9,Marketing,Líder 7,2024-11-13,2024-12-31,2024-12-31,Concluído,77.67,6.81
524,336,401,Comercial,Líder 40,2024-06-27,2024-12-31,,Em Andamento,39.71,5.18
525,337,434,Vendas,Líder 14,2023-10-25,2024-08-20,2024-09-10,Concluído,83.88,7.62
526,338,268,Vendas,Líder 28,2024-11-24,2024-12-31,2024-12-31,Concluído,95.03,9.87
527,340,227,Gente & Gestão,Líder 31,2024-03-04,2024-06-02,2024-05-14,Concluído,95.73,8.65
528,340,467,Gente & Gestão,Líder 26,2024-06-26,2024-12-31,2024-08-29,Concluído,83.92,9.52
529,340,328,Gente & Gestão,Líder 26,2024-08-24,2024-12-31,2024-11-18,Concluído,70.44,8.05
530,341,104,Produto,Líder 42,2023-09-07,2024-08-02,2023-09-10,Concluído,92.48,9.78
531,342,276,Inovação,Líder 34,2024-01-04,2024-05-03,2024-05-06,Concluído,81.96,7.58
532,342,23,Inovação,Líder 27,2024-09-09,2024-12-31,2024-09-18,Concluído,72.05,7.59
533,342,55,Inovação,Líder 31,2024-07-26,2024-10-24,2024-12-18,Concluído,79.51,9.43
534,343,258,Financeiro,Líder 17,2023-06-22,2023-10-20,2023-07-03,Concluído,99.78,8.98
535,344,415,Produto,Líder 25,2024-02-11,2024-06-10,2024-02-19,Concluído,82.91,8.44
536,346,399,Tecnologia,Líder 5,2024-10-02,2024-12-31,2024-11-21,Concluído,73.56,6.34
537,346,79,Tecnologia,Líder 25,2022-09-05,2023-06-02,,Em Andamento,41.71,6.55
538,348,222,Suporte,Líder 1,2024-02-16,2024-10-13,2024-04-25,Concluído,79.47,6.74
539,348,480,Suporte,Líder 6,2024-01-21,2024-10-17,2024-12-06,Concluído,91.12,6.99
540,349,425,Marketing,Líder 10,2024-12-29,2024-12-31,,Em Andamento,32.32,7.18
541,349,152,Marketing,Líder 48,2024-12-31,2024-12-31,2024-12-31,Concluído,81.48,6.05
542,350,443,Financeiro,Líder 30,2024-09-02,2024-12-31,,Em Andamento,66.22,7.1
543,351,344,Vendas,Líder 8,2024-03-17,2024-11-12,,Cancelado,22.33,3.3
544,351,275,Vendas,Líder 18,2024-08-27,2024-12-31,,Em Andamento,39.47,6.53
545,352,101,Vendas,Líder 5,2024-11-06,2024-12-31,2024-12-31,Concluído,96.15,8.43
546,352,402,Vendas,Líder 15,2024-12-16,2024-12-31,2024-12-31,Concluído,97.19,7.1
547,353,184,Atendimento,Líder 36,2024-02-10,2024-05-10,2024-02-25,Concluído,84.41,6.67
548,353,494,Atendimento,Líder 23,2024-12-14,2024-12-31,,Cancelado,4.14,3.7
549,354,113,Produto,Líder 2,2023-03-14,2024-03-08,,Em Andamento,75.5,5.33
550,355,477,Marketing,Líder 50,2024-05-12,2024-08-10,2024-09-28,Concluído,86.0,6.15
551,358,227,Suporte,Líder 30,2024-12-21,2024-12-31,2024-12-31,Concluído,80.76,8.96
552,358,410,Suporte,Líder 44,2024-09-15,2024-12-31,,Em Andamento,66.2,6.83
553,358,238,Suporte,Líder 25,2024-03-21,2024-06-19,2024-06-08,Concluído,75.25,9.72
554,359,12,Tecnologia,Líder 1,2023-10-12,2024-08-07,2024-01-27,Concluído,97.88,9.29
555,359,161,Tecnologia,Líder 9,2023-12-03,2024-11-27,2024-03-07,Concluído,77.39,7.21
556,359,492,Tecnologia,Líder 15,2024-08-19,2024-12-31,2024-10-23,Concluído,91.4,8.18
557,360,161,Produto,Líder 6,2024-08-03,2024-12-01,2024-10-18,Concluído,80.91,6.11
558,360,428,Produto,Líder 12,2024-10-26,2024-12-31,2024-12-31,Concluído,87.27,9.11
559,360,255,Produto,Líder 47,2024-04-14,2024-12-31,,Cancelado,0.73,4.66
560,361,473,Gente & Gestão,Líder 32,2024-12-28,2024-12-31,2024-12-31,Concluído,75.6,7.09
561,362,236,Operações,Líder 31,2024-04-04,2024-08-02,2024-04-12,Concluído,71.63,8.33
562,362,399,Operações,Líder 12,2024-03-26,2024-11-21,2024-11-21,Concluído,79.42,7.44
563,363,308,Inovação,Líder 30,2023-01-13,2024-01-08,2023-07-11,Concluído,73.19,6.74
564,364,275,Inovação,Líder 1,2024-12-02,2024-12-31,2024-12-15,Concluído,84.83,6.57
565,364,337,Inovação,Líder 36,2024-10-31,2024-12-31,,Em Andamento,49.94,5.66
566,366,16,Tecnologia,Líder 10,2024-11-01,2024-12-31,,Em Andamento,49.18,7.51
567,366,345,Tecnologia,Líder 3,2024-12-16,2024-12-31,,Cancelado,25.96,3.44
568,367,179,Suporte,Líder 26,2024-08-29,2024-12-31,2024-11-07,Concluído,98.59,6.74
569,367,25,Suporte,Líder 45,2024-05-25,2024-12-31,2024-11-02,Concluído,74.47,7.5
570,367,285,Suporte,Líder 35,2024-10-09,2024-12-31,2024-12-31,Concluído,95.69,9.22
571,369,116,Qualidade,Líder 23,2024-10-17,2024-12-31,2024-12-26,Concluído,75.77,6.35
572,370,201,Operações,Líder 43,2024-07-16,2024-11-13,,Em Andamento,54.04,6.66
573,371,167,Comercial,Líder 2,2024-11-28,2024-12-31,2024-11-29,Concluído,94.98,7.58
574,371,350,Comercial,Líder 32,2024-11-10,2024-12-31,2024-12-02,Concluído,83.94,6.94
575,371,59,Comercial,Líder 29,2024-11-09,2024-12-31,2024-12-31,Concluído,87.11,9.46
576,372,29,Qualidade,Líder 45,2024-10-25,2024-12-31,,Em Andamento,41.76,7.85
577,372,294,Qualidade,Líder 5,2024-12-01,2024-12-31,2024-12-11,Concluído,83.78,9.73
578,373,277,Operações,Líder 38,2023-03-21,2024-01-15,2023-07-14,Concluído,74.23,7.06
579,373,301,Operações,Líder 39,2023-08-16,2024-01-13,2023-11-14,Concluído,87.65,9.57
580,373,110,Operações,Líder 33,2024-07-11,2024-12-08,2024-12-10,Concluído,70.03,7.14
581,374,39,Qualidade,Líder 48,2023-06-28,2024-06-22,,Em Andamento,66.32,7.67
582,374,466,Qualidade,Líder 36,2023-10-14,2024-03-12,2024-05-01,Concluído,84.88,9.75
583,375,269,Inovação,Líder 44,2024-05-23,2024-08-21,2024-09-20,Concluído,80.94,7.01
584,376,451,Suporte,Líder 28,2023-10-25,2024-07-21,2024-03-11,Concluído,92.37,7.73
585,376,110,Suporte,Líder 1,2023-06-02,2023-09-30,,Cancelado,24.86,4.89
586,376,105,Suporte,Líder 39,2024-01-06,2024-04-05,2024-04-03,Concluído,98.7,8.52
587,377,79,Comercial,Líder 36,2024-12-03,2024-12-31,2024-12-31,Concluído,86.91,7.9
588,377,57,Comercial,Líder 17,2024-10-30,2024-12-31,2024-12-31,Concluído,79.17,7.74
589,377,362,Comercial,Líder 6,2024-11-07,2024-12-31,2024-12-22,Concluído,78.04,6.97
590,378,451,Tecnologia,Líder 50,2023-04-03,2023-12-29,2023-04-27,Concluído,89.7,7.96
591,378,224,Tecnologia,Líder 36,2024-11-23,2024-12-31,2024-12-31,Concluído,70.77,8.42
592,379,222,Inovação,Líder 27,2024-04-16,2024-12-31,2024-11-11,Concluído,94.39,7.74
593,379,189,Inovação,Líder 4,2023-04-03,2024-02-27,2023-06-14,Concluído,95.91,7.06
594,380,308,Comercial,Líder 12,2024-10-05,2024-12-31,2024-12-31,Concluído,89.91,8.83
595,381,360,Produto,Líder 42,2023-05-27,2023-10-24,,Cancelado,8.6,2.42
596,382,376,Gente & Gestão,Líder 21,2023-12-11,2024-09-06,2024-06-10,Concluído,82.33,9.09
597,382,272,Gente & Gestão,Líder 18,2023-04-22,2024-01-17,2023-08-17,Concluído,83.42,6.4
598,382,494,Gente & Gestão,Líder 25,2024-09-08,2024-12-07,2024-10-31,Concluído,77.62,7.93
599,383,183,Operações,Líder 25,2024-07-04,2024-12-31,,Em Andamento,76.65,4.37
600,384,321,Produto,Líder 13,2024-07-23,2024-11-20,2024-11-02,Concluído,92.65,7.74
601,384,302,Produto,Líder 27,2024-09-01,2024-12-31,,Cancelado,14.35,2.18
602,384,93,Produto,Líder 30,2024-12-30,2024-12-31,2024-12-31,Concluído,98.8,8.64
603,385,491,Comercial,Líder 18,2024-12-26,2024-12-31,,Em Andamento,67.4,5.16
604,385,365,Comercial,Líder 32,2024-12-25,2024-12-31,2024-12-31,Concluído,88.93,7.57
605,385,178,Comercial,Líder 41,2024-12-17,2024-12-31,,Em Andamento,24.52,6.66
606,386,66,Marketing,Líder 26,2024-08-23,2024-12-31,2024-12-31,Concluído,77.76,9.85
607,386,94,Marketing,Líder 23,2024-11-03,2024-12-31,,Em Andamento,49.38,5.8
608,386,188,Marketing,Líder 39,2024-02-27,2024-08-25,2024-08-13,Concluído,70.38,6.86
609,387,166,Produto,Líder 9,2024-02-03,2024-06-02,2024-02-12,Concluído,99.37,9.97
610,387,160,Produto,Líder 42,2024-10-09,2024-12-31,,Em Andamento,41.65,5.36
611,387,216,Produto,Líder 45,2024-02-27,2024-05-27,2024-03-18,Concluído,83.09,9.76
612,388,437,Tecnologia,Líder 16,2024-05-17,2024-12-31,2024-12-31,Concluído,90.75,9.29
613,388,475,Tecnologia,Líder 29,2024-11-24,2024-12-31,,Cancelado,19.99,5.26
614,388,353,Tecnologia,Líder 33,2024-04-25,2024-12-31,,Em Andamento,73.19,5.87
615,389,315,Suporte,Líder 5,2024-08-22,2024-12-31,,Em Andamento,72.6,6.87
616,390,47,Qualidade,Líder 19,2024-12-27,2024-12-31,,Cancelado,36.17,2.68
617,390,140,Qualidade,Líder 10,2024-12-29,2024-12-31,2024-12-31,Concluído,86.08,6.76
618,390,90,Qualidade,Líder 27,2024-12-25,2024-12-31,2024-12-31,Concluído,75.69,9.66
619,391,7,Vendas,Líder 17,2024-04-08,2024-08-06,2024-07-11,Concluído,96.19,10.0
620,391,334,Vendas,Líder 49,2024-05-25,2024-12-31,2024-10-09,Concluído,88.53,6.4
621,391,220,Vendas,Líder 41,2022-10-30,2023-07-27,,Cancelado,27.01,2.15
622,392,90,Qualidade,Líder 7,2023-12-25,2024-12-19,2024-01-18,Concluído,71.51,9.83
623,393,308,Vendas,Líder 41,2024-06-20,2024-10-18,,Em Andamento,28.84,5.04
624,393,393,Vendas,Líder 31,2024-06-27,2024-12-31,2024-07-10,Concluído,71.71,9.06
625,395,497,Marketing,Líder 14,2024-12-22,2024-12-31,2024-12-31,Concluído,99.07,7.19
626,396,483,Operações,Líder 36,2024-03-29,2024-08-26,2024-05-08,Concluído,78.05,6.4
627,397,141,Tecnologia,Líder 39,2023-07-21,2024-01-17,2024-03-09,Concluído,72.08,6.83
628,397,186,Tecnologia,Líder 7,2024-05-16,2024-12-31,2024-11-23,Concluído,70.83,6.43
629,397,488,Tecnologia,Líder 47,2024-05-26,2024-08-24,2024-09-04,Concluído,92.79,6.11
630,399,182,Qualidade,Líder 49,2024-07-26,2024-12-31,2024-10-30,Concluído,88.09,6.98
631,399,432,Qualidade,Líder 43,2024-02-18,2024-06-17,,Em Andamento,21.83,7.84
632,400,7,Operações,Líder 32,2024-02-01,2024-07-30,2024-08-08,Concluído,74.59,6.25
633,400,465,Operações,Líder 12,2024-08-18,2024-12-31,,Em Andamento,37.37,4.62
634,400,194,Operações,Líder 29,2024-02-05,2024-05-05,2024-04-19,Concluído,98.24,9.0
635,401,461,Atendimento,Líder 23,2024-12-26,2024-12-31,,Cancelado,25.13,4.42
636,402,324,Tecnologia,Líder 9,2024-05-27,2024-12-31,2024-06-30,Concluído,73.01,6.13
637,402,285,Tecnologia,Líder 28,2024-12-05,2024-12-31,2024-12-31,Concluído,90.54,7.62
638,403,164,Tecnologia,Líder 41,2024-09-13,2024-12-31,2024-12-31,Concluído,97.94,8.66
639,404,162,Inovação,Líder 21,2024-09-27,2024-12-31,2024-10-19,Concluído,77.57,9.56
640,404,246,Inovação,Líder 38,2024-11-02,2024-12-31,2024-12-31,Concluído,91.09,6.92
641,405,11,Atendimento,Líder 4,2024-08-06,2024-11-04,2024-11-13,Concluído,78.7,8.16
642,406,347,Suporte,Líder 25,2024-10-06,2024-12-31,2024-11-30,Concluído,71.62,6.46
643,408,266,Marketing,Líder 9,2023-07-19,2024-01-15,2023-10-31,Concluído,95.09,6.89
644,408,396,Marketing,Líder 49,2024-10-02,2024-12-31,2024-12-18,Concluído,71.6,8.51
645,409,91,Produto,Líder 17,2024-11-14,2024-12-31,2024-12-15,Concluído,90.17,8.98
646,410,73,Financeiro,Líder 41,2024-08-17,2024-12-31,,Em Andamento,43.21,7.47
647,410,384,Financeiro,Líder 23,2024-12-07,2024-12-31,,Em Andamento,48.39,6.66
648,410,205,Financeiro,Líder 36,2024-07-18,2024-12-31,,Cancelado,4.2,5.52
649,411,73,Suporte,Líder 47,2023-05-10,2023-12-06,,Cancelado,7.93,3.03
650,411,78,Suporte,Líder 7,2022-10-24,2023-06-21,2023-06-07,Concluído,88.52,7.44
651,414,497,Inovação,Líder 14,2023-10-21,2024-06-17,,Em Andamento,52.36,7.22
652,416,231,Operações,Líder 24,2024-10-08,2024-12-31,2024-10-16,Concluído,79.21,6.53
653,416,473,Operações,Líder 36,2024-12-01,2024-12-31,,Em Andamento,78.07,4.45
654,417,393,Marketing,Líder 42,2024-03-02,2024-06-30,2024-08-06,Concluído,97.13,6.56
655,418,185,Atendimento,Líder 30,2022-04-17,2022-11-13,2022-04-27,Concluído,96.36,6.2
656,418,190,Atendimento,Líder 46,2023-01-21,2023-05-21,2023-01-31,Concluído,81.19,6.04
657,418,91,Atendimento,Líder 23,2024-02-14,2024-06-13,2024-02-21,Concluído,70.23,6.95
658,419,459,Operações,Líder 46,2024-08-09,2024-12-31,2024-11-27,Concluído,75.37,8.39
659,421,93,Atendimento,Líder 25,2024-12-12,2024-12-31,,Em Andamento,42.06,7.28
660,421,292,Atendimento,Líder 42,2024-12-23,2024-12-31,2024-12-29,Concluído,89.6,6.75
661,421,453,Atendimento,Líder 34,2024-10-14,2024-12-31,2024-10-30,Concluído,76.07,7.21
662,422,446,Qualidade,Líder 11,2024-06-15,2024-12-31,2024-12-31,Concluído,83.41,7.96
663,422,453,Qualidade,Líder 43,2024-09-15,2024-12-31,,Em Andamento,68.73,6.37
664,423,445,Vendas,Líder 3,2024-10-28,2024-12-31,2024-12-22,Concluído,93.35,8.35
665,423,209,Vendas,Líder 11,2024-02-06,2024-12-31,2024-04-28,Concluído,90.2,8.38
666,423,310,Vendas,Líder 17,2024-07-14,2024-12-31,2024-09-10,Concluído,87.74,7.62
667,424,337,Financeiro,Líder 39,2024-05-19,2024-08-17,2024-08-27,Concluído,83.83,9.67
668,424,495,Financeiro,Líder 41,2023-06-12,2024-05-07,2023-10-18,Concluído,97.43,6.88
669,425,193,Operações,Líder 45,2024-03-03,2024-08-30,,Cancelado,0.93,2.37
670,425,236,Operações,Líder 15,2024-03-01,2024-12-31,2024-08-16,Concluído,84.55,6.95
671,427,282,Tecnologia,Líder 16,2024-01-07,2024-09-03,2024-04-03,Concluído,93.39,9.08
672,428,330,Inovação,Líder 17,2023-09-10,2024-08-05,2024-02-20,Concluído,97.17,6.35
673,430,274,Vendas,Líder 50,2022-08-02,2023-04-29,2023-04-17,Concluído,96.28,9.29
674,430,198,Vendas,Líder 27,2023-01-20,2023-10-17,2023-08-31,Concluído,70.89,8.55
675,431,65,Marketing,Líder 49,2023-04-02,2023-11-28,2023-07-26,Concluído,87.09,7.29
676,431,29,Marketing,Líder 5,2024-08-06,2024-12-31,,Em Andamento,26.73,6.13
677,431,47,Marketing,Líder 16,2023-06-03,2023-10-01,2023-11-29,Concluído,87.62,7.42
678,432,287,Tecnologia,Líder 14,2024-09-29,2024-12-31,2024-12-31,Concluído,79.41,8.35
679,432,175,Tecnologia,Líder 31,2024-01-11,2024-10-07,2024-11-02,Concluído,84.2,9.73
680,433,151,Comercial,Líder 39,2024-06-30,2024-12-31,2024-10-31,Concluído,78.86,9.65
681,434,175,Marketing,Líder 46,2024-12-21,2024-12-31,2024-12-31,Concluído,77.17,9.91
682,434,432,Marketing,Líder 38,2024-12-14,2024-12-31,2024-12-24,Concluído,99.86,6.88
683,435,109,Produto,Líder 5,2023-02-04,2024-01-30,2023-08-17,Concluído,94.26,6.31
684,435,36,Produto,Líder 1,2024-03-18,2024-12-31,2024-06-30,Concluído,73.71,7.57
685,435,348,Produto,Líder 40,2024-03-18,2024-12-31,2024-12-31,Concluído,93.66,6.84
686,436,496,Atendimento,Líder 40,2023-11-17,2024-02-15,,Cancelado,35.6,3.04
687,436,412,Atendimento,Líder 26,2023-07-30,2023-10-28,2023-08-14,Concluído,81.52,9.99
688,436,250,Atendimento,Líder 31,2024-02-12,2024-05-12,,Cancelado,9.41,2.63
689,438,453,Vendas,Líder 14,2024-12-31,2024-12-31,2024-12-31,Concluído,98.9,6.45
690,438,227,Vendas,Líder 31,2024-12-14,2024-12-31,,Cancelado,38.7,3.74
691,439,284,Gente & Gestão,Líder 12,2023-12-08,2024-04-06,2023-12-09,Concluído,94.12,8.2
692,440,458,Operações,Líder 36,2023-11-03,2024-07-30,2024-06-12,Concluído,80.5,7.75
693,441,46,Comercial,Líder 28,2022-07-22,2023-06-17,2022-09-20,Concluído,97.41,9.17
694,441,487,Comercial,Líder 12,2023-02-04,2023-06-04,,Em Andamento,70.97,7.34
695,441,279,Comercial,Líder 46,2024-12-09,2024-12-31,2024-12-31,Concluído,81.29,6.78
696,443,172,Operações,Líder 38,2024-08-29,2024-12-31,2024-12-19,Concluído,90.68,8.5
697,443,399,Operações,Líder 40,2023-06-25,2023-10-23,2023-09-25,Concluído,92.62,7.49
698,444,472,Tecnologia,Líder 23,2024-05-08,2024-10-05,2024-08-24,Concluído,75.72,8.61
699,444,36,Tecnologia,Líder 42,2024-10-21,2024-12-31,2024-12-31,Concluído,81.01,7.3
700,445,470,Atendimento,Líder 4,2024-02-02,2024-11-28,2024-03-13,Concluído,99.02,8.32
701,445,443,Atendimento,Líder 9,2024-08-21,2024-12-31,2024-12-31,Concluído,87.66,8.78
702,445,285,Atendimento,Líder 45,2023-09-22,2024-06-18,2024-07-01,Concluído,70.33,6.46
703,448,353,Marketing,Líder 29,2023-10-12,2024-06-08,2024-01-25,Concluído,78.87,6.48
704,449,325,Qualidade,Líder 26,2024-04-25,2024-07-24,2024-05-25,Concluído,75.03,8.75
705,450,181,Comercial,Líder 43,2024-09-07,2024-12-31,2024-12-30,Concluído,89.01,7.24
706,451,82,Comercial,Líder 39,2023-11-23,2024-06-20,2024-08-04,Concluído,89.58,8.91
707,451,12,Comercial,Líder 8,2023-04-21,2023-10-18,2023-09-25,Concluído,88.76,8.87
708,452,472,Operações,Líder 9,2024-12-15,2024-12-31,2024-12-31,Concluído,89.12,8.36
709,454,256,Comercial,Líder 6,2024-05-08,2024-11-04,,Em Andamento,29.46,7.34
710,455,30,Marketing,Líder 31,2024-10-01,2024-12-31,2024-12-31,Concluído,74.38,7.47
711,455,71,Marketing,Líder 6,2024-04-28,2024-12-24,,Cancelado,14.84,4.03
712,456,358,Vendas,Líder 19,2024-01-11,2024-10-07,,Em Andamento,37.61,7.42
713,456,452,Vendas,Líder 50,2024-12-02,2024-12-31,2024-12-31,Concluído,96.79,6.46
714,456,390,Vendas,Líder 22,2024-11-09,2024-12-31,,Cancelado,26.46,5.63
715,457,17,Suporte,Líder 41,2023-04-07,2024-01-02,,Cancelado,0.44,4.1
716,457,60,Suporte,Líder 43,2022-12-15,2023-12-10,,Cancelado,29.02,5.28
717,458,379,Vendas,Líder 5,2024-12-06,2024-12-31,2024-12-31,Concluído,79.39,9.29
718,459,412,Vendas,Líder 11,2023-05-28,2024-03-23,2023-11-22,Concluído,77.32,7.94
719,460,38,Vendas,Líder 48,2024-08-13,2024-12-31,2024-08-29,Concluído,73.64,7.97
720,460,113,Vendas,Líder 27,2023-11-06,2024-10-31,2024-03-02,Concluído,97.03,8.54
721,461,476,Financeiro,Líder 50,2024-06-18,2024-12-31,2024-08-08,Concluído,83.38,9.18
722,461,306,Financeiro,Líder 39,2024-12-18,2024-12-31,2024-12-31,Concluído,77.93,7.37
723,463,44,Vendas,Líder 19,2023-12-13,2024-11-07,2024-12-31,Concluído,93.04,7.11
724,463,249,Vendas,Líder 17,2023-04-25,2023-10-22,,Em Andamento,33.11,7.71
725,464,349,Tecnologia,Líder 30,2024-06-05,2024-12-31,2024-10-18,Concluído,79.99,8.06
726,464,198,Tecnologia,Líder 32,2024-10-19,2024-12-31,2024-12-10,Concluído,98.46,9.13
727,464,417,Tecnologia,Líder 36,2024-05-12,2024-10-09,2024-09-03,Concluído,80.41,6.86
728,467,225,Qualidade,Líder 24,2024-03-19,2024-12-14,,Em Andamento,72.14,4.26
729,467,377,Qualidade,Líder 9,2023-05-03,2023-09-30,2023-07-15,Concluído,72.36,8.83
730,467,170,Qualidade,Líder 19,2024-04-04,2024-12-31,2024-12-31,Concluído,86.25,7.77
731,468,188,Tecnologia,Líder 30,2024-12-02,2024-12-31,2024-12-31,Concluído,90.87,8.97
732,468,142,Tecnologia,Líder 20,2024-09-17,2024-12-31,2024-10-05,Concluído,72.99,7.84
733,468,58,Tecnologia,Líder 9,2024-08-02,2024-12-31,,Em Andamento,22.37,4.84
734,469,184,Produto,Líder 49,2023-09-06,2024-08-31,,Em Andamento,73.26,5.99
735,470,14,Comercial,Líder 25,2024-06-14,2024-12-11,,Em Andamento,70.8,4.41
736,470,93,Comercial,Líder 40,2024-11-03,2024-12-31,2024-11-07,Concluído,88.56,7.83
737,470,20,Comercial,Líder 47,2024-12-27,2024-12-31,2024-12-31,Concluído,94.33,9.24
738,473,5,Gente & Gestão,Líder 26,2023-10-09,2024-05-06,2023-12-13,Concluído,98.71,7.01
739,473,11,Gente & Gestão,Líder 41,2023-09-25,2024-05-22,2023-10-11,Concluído,72.14,9.74
740,475,401,Inovação,Líder 46,2023-11-08,2024-03-07,,Em Andamento,37.91,6.23
741,475,77,Inovação,Líder 33,2023-10-25,2024-05-22,2024-02-12,Concluído,96.56,8.26
742,476,249,Vendas,Líder 44,2024-11-24,2024-12-31,2024-12-31,Concluído,93.13,8.61
743,477,118,Financeiro,Líder 12,2024-08-06,2024-12-31,2024-09-21,Concluído,97.84,6.74
744,477,390,Financeiro,Líder 50,2023-05-10,2023-11-06,2023-10-31,Concluído,89.73,7.55
745,478,53,Comercial,Líder 15,2023-02-22,2023-11-19,,Cancelado,8.32,2.98
746,479,379,Qualidade,Líder 30,2023-02-23,2024-01-19,2023-06-12,Concluído,96.38,7.78
747,481,426,Vendas,Líder 26,2023-12-13,2024-10-08,2024-06-04,Concluído,90.61,9.81
748,481,41,Vendas,Líder 42,2024-10-31,2024-12-31,2024-12-31,Concluído,80.99,7.76
749,483,295,Inovação,Líder 42,2024-08-30,2024-12-31,,Em Andamento,56.48,7.67
750,484,185,Financeiro,Líder 41,2023-06-29,2024-06-23,2023-07-17,Concluído,99.58,9.76
751,484,283,Financeiro,Líder 25,2023-08-19,2024-08-13,2024-08-18,Concluído,79.54,6.32
752,484,433,Financeiro,Líder 26,2024-08-13,2024-12-31,,Em Andamento,49.04,5.69
753,485,54,Qualidade,Líder 31,2024-09-11,2024-12-31,2024-12-01,Concluído,70.08,6.98
754,486,183,Inovação,Líder 30,2023-07-31,2024-05-26,,Em Andamento,32.84,5.61
755,486,65,Inovação,Líder 45,2023-04-10,2024-03-05,2024-03-04,Concluído,98.31,7.71
756,487,41,Qualidade,Líder 35,2023-11-19,2024-06-16,2024-02-12,Concluído,77.01,8.06
757,487,154,Qualidade,Líder 49,2024-04-01,2024-12-31,2024-07-05,Concluído,74.06,7.61
758,489,408,Marketing,Líder 26,2024-11-10,2024-12-31,2024-12-13,Concluído,90.86,9.87
759,489,189,Marketing,Líder 30,2024-11-22,2024-12-31,2024-12-31,Concluído,78.96,7.23
760,489,161,Marketing,Líder 29,2023-11-12,2024-07-09,,Em Andamento,76.48,7.49
761,490,270,Gente & Gestão,Líder 5,2024-10-25,2024-12-31,2024-12-31,Concluído,86.68,6.03
762,493,190,Inovação,Líder 44,2024-06-04,2024-11-01,2024-07-04,Concluído,77.62,8.79
763,493,177,Inovação,Líder 49,2023-03-16,2023-07-14,2023-03-20,Concluído,91.35,8.07
764,494,199,Qualidade,Líder 8,2023-01-03,2023-11-29,,Em Andamento,48.59,5.3
765,494,351,Qualidade,Líder 22,2022-10-09,2023-09-04,2023-04-26,Concluído,90.47,8.38
766,494,188,Qualidade,Líder 11,2024-08-09,2024-12-31,2024-12-21,Concluído,73.79,6.74
767,497,290,Vendas,Líder 26,2024-07-18,2024-12-15,2024-11-13,Concluído,71.77,7.77
768,497,156,Vendas,Líder 3,2024-04-23,2024-12-31,,Em Andamento,65.18,5.34
769,498,452,Inovação,Líder 37,2024-11-29,2024-12-31,2024-12-31,Concluído,89.34,7.02
770,498,219,Inovação,Líder 2,2024-04-13,2024-12-09,2024-10-02,Concluído,82.89,7.37
771,499,484,Inovação,Líder 47,2024-12-13,2024-12-31,,Em Andamento,65.35,4.67
772,499,128,Inovação,Líder 32,2024-12-01,2024-12-31,2024-12-23,Concluído,75.26,6.98
773,500,377,Financeiro,Líder 18,2023-11-19,2024-08-15,2024-04-21,Concluído,85.59,8.46
774,500,139,Financeiro,Líder 49,2024-05-05,2024-08-03,,Em Andamento,50.05,7.65
775,500,217,Financeiro,Líder 27,2024-10-31,2024-12-31,2024-11-06,Concluído,80.62,6.31
776,501,97,Inovação,Líder 16,2022-12-04,2023-03-04,2022-12-13,Concluído,72.22,8.77
777,502,411,Financeiro,Líder 21,2024-03-22,2024-07-20,,Em Andamento,74.74,7.73
778,503,266,Produto,Líder 2,2024-12-05,2024-12-31,2024-12-31,Concluído,72.77,6.48
779,504,289,Tecnologia,Líder 49,2023-09-21,2024-03-19,2023-12-01,Concluído,84.44,7.32
780,505,135,Qualidade,Líder 26,2024-12-18,2024-12-31,2024-12-28,Concluído,90.1,7.55
781,505,226,Qualidade,Líder 42,2024-12-01,2024-12-31,,Cancelado,16.65,5.62
782,505,317,Qualidade,Líder 19,2024-12-06,2024-12-31,2024-12-31,Concluído,77.7,9.84
783,506,191,Comercial,Líder 10,2023-09-27,2024-02-24,,Em Andamento,56.74,6.62
784,506,325,Comercial,Líder 43,2023-04-03,2024-02-27,,Em Andamento,51.47,4.59
785,506,26,Comercial,Líder 34,2024-09-17,2024-12-31,2024-09-25,Concluído,71.7,7.83
786,507,29,Operações,Líder 14,2023-03-15,2024-01-09,,Em Andamento,22.07,4.77
787,507,202,Operações,Líder 37,2024-03-14,2024-12-31,2024-08-30,Concluído,84.32,6.2
788,508,68,Operações,Líder 32,2022-11-10,2023-11-05,2023-05-25,Concluído,91.7,7.9
789,508,449,Operações,Líder 23,2022-12-25,2023-12-20,2023-09-03,Concluído,83.52,6.7
790,510,114,Gente & Gestão,Líder 28,2024-07-26,2024-10-24,2024-08-06,Concluído,99.28,7.95
791,510,97,Gente & Gestão,Líder 45,2023-10-22,2024-05-19,2024-01-01,Concluído,89.71,7.01
792,511,358,Atendimento,Líder 36,2023-05-30,2024-05-24,2024-02-03,Concluído,70.13,6.72
793,512,354,Qualidade,Líder 7,2023-05-13,2024-03-08,,Em Andamento,68.72,7.67
794,513,2,Inovação,Líder 9,2024-12-16,2024-12-31,2024-12-20,Concluído,73.33,6.59
795,514,412,Financeiro,Líder 2,2024-11-23,2024-12-31,2024-12-31,Concluído,77.51,6.99
796,517,437,Qualidade,Líder 3,2024-06-26,2024-12-31,2024-11-18,Concluído,74.63,6.32
797,518,215,Financeiro,Líder 45,2024-08-28,2024-12-31,2024-09-11,Concluído,88.43,9.83
798,518,403,Financeiro,Líder 14,2024-09-27,2024-12-31,,Em Andamento,21.74,4.66
799,518,272,Financeiro,Líder 34,2024-04-22,2024-09-19,2024-05-17,Concluído,91.02,6.94
800,519,491,Vendas,Líder 12,2024-07-19,2024-11-16,2024-10-19,Concluído,86.47,7.82
801,519,100,Vendas,Líder 2,2024-12-26,2024-12-31,,Em Andamento,66.83,7.17
802,520,202,Tecnologia,Líder 7,2022-10-10,2023-08-06,2023-03-18,Concluído,77.68,6.17
803,520,85,Tecnologia,Líder 48,2024-09-25,2024-12-31,2024-12-31,Concluído,93.4,8.9
804,521,326,Atendimento,Líder 3,2024-12-23,2024-12-31,,Em Andamento,28.03,4.14
805,522,90,Suporte,Líder 27,2024-12-03,2024-12-31,2024-12-31,Concluído,96.92,9.11
806,522,155,Suporte,Líder 1,2024-12-30,2024-12-31,,Em Andamento,22.64,7.21
807,523,82,Qualidade,Líder 43,2024-09-23,2024-12-31,,Em Andamento,45.14,6.26
808,523,466,Qualidade,Líder 12,2024-11-23,2024-12-31,,Em Andamento,20.3,6.17
809,524,259,Tecnologia,Líder 32,2024-12-14,2024-12-31,2024-12-31,Concluído,74.26,9.48
810,524,66,Tecnologia,Líder 15,2023-10-28,2024-07-24,,Cancelado,30.51,3.26
811,525,8,Marketing,Líder 38,2024-11-24,2024-12-31,2024-12-31,Concluído,77.61,7.85
812,525,135,Marketing,Líder 5,2024-08-11,2024-12-31,2024-08-19,Concluído,80.55,8.25
813,526,373,Suporte,Líder 5,2023-11-08,2024-04-06,2024-04-07,Concluído,87.74,8.74
814,526,372,Suporte,Líder 30,2023-01-08,2023-12-04,,Em Andamento,69.19,5.96
815,526,2,Suporte,Líder 35,2024-02-28,2024-06-27,,Em Andamento,41.71,4.93
816,527,210,Gente & Gestão,Líder 14,2023-07-18,2024-02-13,2024-01-03,Concluído,80.88,7.76
817,527,1,Gente & Gestão,Líder 25,2024-10-19,2024-12-31,2024-11-10,Concluído,90.62,8.13
818,528,9,Suporte,Líder 9,2023-06-26,2023-12-23,2023-09-20,Concluído,95.25,9.47
819,528,241,Suporte,Líder 37,2024-01-03,2024-10-29,,Em Andamento,47.83,7.3
820,528,340,Suporte,Líder 21,2024-03-03,2024-12-28,2024-09-21,Concluído,74.73,9.55
821,529,221,Vendas,Líder 22,2024-10-12,2024-12-31,,Em Andamento,56.27,6.36
822,529,195,Vendas,Líder 10,2023-08-11,2023-12-09,,Cancelado,2.98,2.94
823,530,118,Financeiro,Líder 9,2023-03-01,2023-11-26,,Cancelado,17.46,2.06
824,530,402,Financeiro,Líder 38,2024-09-19,2024-12-31,,Em Andamento,60.82,7.59
825,532,169,Suporte,Líder 8,2024-02-26,2024-09-23,2024-08-16,Concluído,77.78,8.81
826,532,37,Suporte,Líder 19,2024-08-15,2024-12-31,2024-11-01,Concluído,76.79,8.22
827,534,456,Vendas,Líder 47,2024-04-17,2024-11-13,,Cancelado,1.55,5.23
828,534,316,Vendas,Líder 37,2024-06-06,2024-12-31,,Cancelado,11.09,4.85
829,536,73,Comercial,Líder 26,2023-12-16,2024-03-15,,Em Andamento,37.17,7.61
830,537,431,Produto,Líder 47,2024-11-27,2024-12-31,2024-12-16,Concluído,82.59,9.4
831,538,389,Suporte,Líder 18,2024-09-27,2024-12-31,2024-12-18,Concluído,79.89,6.29
832,539,252,Vendas,Líder 32,2023-09-12,2024-08-07,,Cancelado,19.42,2.32
833,539,399,Vendas,Líder 10,2024-08-08,2024-12-31,2024-08-23,Concluído,70.58,7.37
834,540,158,Marketing,Líder 47,2024-05-04,2024-12-31,2024-12-31,Concluído,88.74,7.66
835,541,399,Vendas,Líder 27,2023-08-04,2024-04-30,2024-06-18,Concluído,90.6,7.14
836,545,303,Financeiro,Líder 31,2024-03-11,2024-12-31,2024-08-20,Concluído,82.62,6.1
837,545,500,Financeiro,Líder 39,2023-03-26,2023-12-21,2024-01-10,Concluído,91.23,7.52
838,546,304,Inovação,Líder 17,2024-09-19,2024-12-31,2024-12-31,Concluído,80.77,6.76
839,546,257,Inovação,Líder 10,2024-03-19,2024-12-14,2024-12-19,Concluído,79.66,8.17
840,548,276,Inovação,Líder 24,2024-05-15,2024-12-11,2024-12-23,Concluído,85.51,9.87
841,549,123,Operações,Líder 45,2024-11-28,2024-12-31,2024-12-31,Concluído,92.99,6.65
842,550,121,Inovação,Líder 41,2024-09-29,2024-12-31,2024-10-18,Concluído,99.68,8.89
843,550,43,Inovação,Líder 39,2024-09-11,2024-12-31,2024-12-31,Concluído,71.54,9.78
844,553,224,Financeiro,Líder 17,2024-11-27,2024-12-31,,Em Andamento,35.03,6.11
845,555,117,Financeiro,Líder 9,2024-05-26,2024-11-22,2024-07-04,Concluído,77.65,6.65
846,556,464,Marketing,Líder 22,2024-11-16,2024-12-31,2024-12-31,Concluído,89.32,6.22
847,556,159,Marketing,Líder 44,2024-10-07,2024-12-31,2024-11-27,Concluído,89.02,8.53
848,556,164,Marketing,Líder 1,2024-12-22,2024-12-31,,Cancelado,23.91,4.31
849,557,51,Operações,Líder 35,2024-07-20,2024-12-31,2024-08-12,Concluído,83.03,8.07
850,557,3,Operações,Líder 5,2024-12-06,2024-12-31,,Cancelado,28.51,5.31
851,557,76,Operações,Líder 11,2023-04-02,2023-12-28,,Em Andamento,47.94,4.68
852,558,209,Tecnologia,Líder 50,2024-09-24,2024-12-31,2024-12-31,Concluído,78.73,6.94
853,558,215,Tecnologia,Líder 26,2024-11-13,2024-12-31,2024-12-06,Concluído,93.21,7.48
854,558,349,Tecnologia,Líder 20,2024-12-22,2024-12-31,2024-12-31,Concluído,77.47,9.85
855,559,14,Comercial,Líder 31,2024-11-22,2024-12-31,2024-12-17,Concluído,91.52,7.93
856,559,194,Comercial,Líder 48,2023-10-20,2024-09-14,,Cancelado,9.97,3.53
857,560,123,Comercial,Líder 33,2024-01-01,2024-03-31,,Cancelado,23.72,3.69
858,560,212,Comercial,Líder 1,2024-03-25,2024-12-31,2024-05-12,Concluído,77.68,7.98
859,560,98,Comercial,Líder 47,2024-03-11,2024-12-31,2024-12-31,Concluído,71.39,6.53
860,561,131,Qualidade,Líder 44,2024-07-08,2024-12-31,2024-08-29,Concluído,88.67,8.05
861,561,236,Qualidade,Líder 38,2024-08-13,2024-12-31,2024-12-17,Concluído,95.34,8.56
862,561,413,Qualidade,Líder 41,2024-09-08,2024-12-31,2024-10-29,Concluído,91.98,6.75
863,562,443,Produto,Líder 48,2024-11-18,2024-12-31,,Em Andamento,50.9,4.02
864,562,486,Produto,Líder 40,2024-12-13,2024-12-31,,Cancelado,1.16,4.89
865,563,491,Qualidade,Líder 42,2024-11-15,2024-12-31,,Em Andamento,27.57,6.78
866,565,352,Marketing,Líder 15,2023-08-11,2024-04-07,2024-04-22,Concluído,75.45,6.99
867,565,328,Marketing,Líder 13,2024-01-01,2024-03-31,2024-03-20,Concluído,79.45,6.65
868,566,326,Suporte,Líder 45,2024-01-20,2024-08-17,2024-09-28,Concluído,96.62,8.74
869,567,102,Financeiro,Líder 18,2024-12-29,2024-12-31,2024-12-31,Concluído,95.55,8.88
870,568,413,Produto,Líder 2,2024-10-28,2024-12-31,2024-12-11,Concluído,99.27,8.97
871,569,369,Suporte,Líder 7,2024-11-04,2024-12-31,2024-11-26,Concluído,97.89,8.17
872,569,214,Suporte,Líder 16,2024-04-04,2024-09-01,2024-06-23,Concluído,74.2,7.84
873,572,64,Marketing,Líder 37,2023-12-28,2024-12-22,2024-12-28,Concluído,97.28,8.29
874,572,149,Marketing,Líder 3,2024-05-13,2024-12-09,2024-12-31,Concluído,80.53,8.68
875,573,199,Comercial,Líder 49,2024-11-25,2024-12-31,2024-12-11,Concluído,86.25,9.07
876,573,336,Comercial,Líder 33,2023-12-01,2024-06-28,2024-04-28,Concluído,83.63,8.05
877,575,331,Gente & Gestão,Líder 31,2024-09-03,2024-12-31,2024-10-07,Concluído,84.53,7.87
878,575,209,Gente & Gestão,Líder 32,2024-04-05,2024-12-31,,Em Andamento,22.9,6.13
879,576,230,Operações,Líder 14,2024-02-11,2024-07-10,2024-06-14,Concluído,83.6,7.76
880,576,112,Operações,Líder 49,2024-07-03,2024-10-31,2024-10-20,Concluído,85.29,8.95
881,577,428,Qualidade,Líder 41,2023-06-16,2023-09-14,2023-07-20,Concluído,78.32,9.63
882,578,160,Tecnologia,Líder 38,2024-12-30,2024-12-31,2024-12-31,Concluído,86.08,7.28
883,578,252,Tecnologia,Líder 39,2024-12-21,2024-12-31,2024-12-31,Concluído,88.05,6.92
884,579,104,Marketing,Líder 5,2023-09-21,2024-08-16,2023-10-12,Concluído,72.0,7.1
885,579,482,Marketing,Líder 27,2023-06-07,2023-09-05,2023-09-26,Concluído,73.4,9.4
886,579,428,Marketing,Líder 3,2023-11-27,2024-07-24,,Cancelado,16.39,4.88
887,580,422,Comercial,Líder 19,2024-10-21,2024-12-31,2024-12-03,Concluído,85.51,7.33
888,580,178,Comercial,Líder 10,2024-12-05,2024-12-31,2024-12-31,Concluído,93.19,7.1
889,580,114,Comercial,Líder 9,2024-06-20,2024-12-31,2024-08-08,Concluído,92.57,9.38
890,581,184,Gente & Gestão,Líder 46,2023-02-11,2023-08-10,2023-05-19,Concluído,84.49,9.64
891,581,465,Gente & Gestão,Líder 38,2023-08-03,2024-04-29,2023-11-17,Concluído,95.64,6.5
892,581,228,Gente & Gestão,Líder 24,2022-03-19,2022-07-17,2022-07-07,Concluído,87.76,7.5
893,582,446,Suporte,Líder 47,2023-02-09,2024-02-04,2024-03-18,Concluído,87.39,8.59
894,582,480,Suporte,Líder 23,2022-10-22,2023-06-19,2022-10-22,Concluído,81.12,6.93
895,582,188,Suporte,Líder 18,2023-03-07,2023-08-04,,Cancelado,9.82,3.36
896,583,250,Vendas,Líder 24,2024-07-29,2024-12-31,2024-12-31,Concluído,97.31,8.16
897,583,342,Vendas,Líder 5,2024-09-01,2024-12-31,2024-10-03,Concluído,94.88,9.48
898,585,335,Inovação,Líder 42,2023-05-10,2023-09-07,,Em Andamento,27.58,4.52
899,585,11,Inovação,Líder 47,2022-06-09,2023-06-04,2023-01-08,Concluído,94.44,6.61
900,585,279,Inovação,Líder 42,2024-04-25,2024-11-21,,Em Andamento,54.26,4.18
901,586,318,Produto,Líder 1,2024-12-03,2024-12-31,2024-12-31,Concluído,90.57,9.69
902,586,340,Produto,Líder 36,2024-10-12,2024-12-31,2024-11-11,Concluído,82.21,9.33
903,586,331,Produto,Líder 23,2024-08-30,2024-12-31,,Em Andamento,71.01,6.26
904,587,97,Comercial,Líder 9,2024-12-30,2024-12-31,2024-12-31,Concluído,88.86,7.79
905,587,68,Comercial,Líder 30,2024-12-27,2024-12-31,,Em Andamento,45.86,5.4
906,588,151,Financeiro,Líder 21,2024-05-17,2024-12-31,2024-12-31,Concluído,81.32,8.26
907,589,229,Suporte,Líder 33,2024-12-03,2024-12-31,2024-12-31,Concluído,98.7,7.82
908,590,482,Produto,Líder 30,2024-05-04,2024-12-31,,Em Andamento,66.37,5.46
909,590,376,Produto,Líder 37,2024-09-22,2024-12-31,2024-12-31,Concluído,73.19,6.31
910,590,482,Produto,Líder 16,2024-09-21,2024-12-31,2024-12-07,Concluído,89.12,8.93
911,591,305,Operações,Líder 18,2024-01-24,2024-09-20,,Cancelado,1.42,3.28
912,591,309,Operações,Líder 3,2024-06-27,2024-12-24,2024-10-30,Concluído,78.45,9.8
913,592,99,Inovação,Líder 3,2024-06-27,2024-12-31,,Cancelado,34.19,2.72
914,592,345,Inovação,Líder 4,2024-05-15,2024-12-31,2024-12-13,Concluído,73.7,7.02
915,592,275,Inovação,Líder 12,2023-08-08,2024-03-05,,Em Andamento,53.4,4.6
916,595,212,Atendimento,Líder 50,2024-05-25,2024-11-21,2024-12-25,Concluído,83.02,8.48
917,596,227,Gente & Gestão,Líder 25,2024-12-05,2024-12-31,2024-12-11,Concluído,77.68,7.76
918,596,61,Gente & Gestão,Líder 2,2024-12-11,2024-12-31,2024-12-24,Concluído,96.21,6.14
919,597,407,Produto,Líder 30,2024-11-25,2024-12-31,,Em Andamento,51.21,7.63
920,597,282,Produto,Líder 25,2024-05-10,2024-10-07,,Em Andamento,56.04,6.3
921,598,349,Financeiro,Líder 44,2024-09-18,2024-12-31,2024-12-28,Concluído,94.01,9.14
922,598,388,Financeiro,Líder 10,2023-06-23,2024-02-18,,Em Andamento,75.9,4.92
923,599,243,Atendimento,Líder 17,2024-11-12,2024-12-31,2024-12-31,Concluído,98.25,9.32
924,600,340,Vendas,Líder 46,2023-03-02,2023-12-27,2024-01-14,Concluído,86.13,8.86
925,600,241,Vendas,Líder 37,2024-11-13,2024-12-31,2024-12-31,Concluído,78.89,9.22
926,600,448,Vendas,Líder 25,2024-12-27,2024-12-31,2024-12-31,Concluído,77.38,6.96
927,601,142,Produto,Líder 12,2024-12-12,2024-12-31,2024-12-14,Concluído,94.21,7.3
928,602,349,Marketing,Líder 35,2023-08-23,2023-12-21,2024-01-05,Concluído,86.92,6.34
929,602,351,Marketing,Líder 6,2023-01-04,2023-07-03,2023-03-19,Concluído,71.52,7.68
930,602,37,Marketing,Líder 32,2023-04-01,2023-09-28,,Cancelado,13.28,3.75
931,603,73,Financeiro,Líder 24,2023-03-23,2023-12-18,2024-01-22,Concluído,85.36,8.26
932,603,135,Financeiro,Líder 41,2023-01-10,2023-05-10,2023-03-27,Concluído,92.46,7.81
933,604,149,Atendimento,Líder 3,2022-11-18,2023-02-16,2023-03-14,Concluído,71.2,9.87
934,607,270,Suporte,Líder 29,2024-12-03,2024-12-31,,Cancelado,38.75,4.62
935,607,199,Suporte,Líder 18,2024-12-18,2024-12-31,,Em Andamento,39.01,4.78
936,608,259,Marketing,Líder 47,2024-10-31,2024-12-31,2024-12-09,Concluído,91.66,8.26
937,608,289,Marketing,Líder 43,2024-05-13,2024-12-31,2024-09-02,Concluído,89.89,8.97
938,608,198,Marketing,Líder 31,2024-06-15,2024-09-13,2024-10-05,Concluído,77.44,7.19
939,609,183,Suporte,Líder 21,2024-05-21,2024-12-17,2024-05-25,Concluído,89.21,6.81
940,609,135,Suporte,Líder 49,2024-10-01,2024-12-31,,Cancelado,18.26,2.74
941,610,83,Operações,Líder 14,2023-02-02,2023-10-30,,Em Andamento,30.8,7.69
942,610,25,Operações,Líder 4,2022-06-25,2023-06-20,2023-01-21,Concluído,83.94,8.45
943,610,395,Operações,Líder 19,2022-10-22,2023-09-17,2023-02-08,Concluído,75.78,7.02
944,612,222,Suporte,Líder 13,2024-02-05,2024-07-04,,Cancelado,12.86,4.65
945,612,358,Suporte,Líder 25,2023-04-23,2023-08-21,2023-09-02,Concluído,94.81,6.93
946,612,471,Suporte,Líder 4,2023-11-22,2024-02-20,2023-11-25,Concluído,77.82,7.45
947,613,40,Comercial,Líder 8,2023-11-02,2024-03-01,2023-11-09,Concluído,80.16,8.72
948,615,350,Tecnologia,Líder 41,2024-06-09,2024-09-07,2024-07-18,Concluído,81.51,7.9
949,618,321,Comercial,Líder 48,2024-12-03,2024-12-31,2024-12-31,Concluído,74.86,9.23
950,618,458,Comercial,Líder 4,2024-11-20,2024-12-31,2024-12-31,Concluído,74.36,8.22
951,618,97,Comercial,Líder 32,2024-12-30,2024-12-31,,Cancelado,21.93,2.21
952,619,126,Operações,Líder 2,2024-12-30,2024-12-31,,Em Andamento,47.7,6.59
953,619,123,Operações,Líder 1,2024-12-08,2024-12-31,2024-12-22,Concluído,73.62,8.18
954,619,91,Operações,Líder 41,2024-09-01,2024-12-31,2024-10-10,Concluído,76.55,8.52
955,620,189,Atendimento,Líder 11,2023-11-23,2024-08-19,2024-05-04,Concluído,93.26,8.01
956,621,320,Gente & Gestão,Líder 39,2024-09-08,2024-12-31,,Em Andamento,53.89,5.36
957,621,133,Gente & Gestão,Líder 26,2024-02-21,2024-08-19,2024-06-18,Concluído,84.4,9.77
958,622,500,Gente & Gestão,Líder 6,2024-04-19,2024-12-31,2024-05-27,Concluído,76.73,7.87
959,625,400,Financeiro,Líder 18,2024-11-07,2024-12-31,,Em Andamento,51.74,6.71
960,626,312,Marketing,Líder 12,2023-08-14,2024-01-11,2024-02-06,Concluído,88.71,8.16
961,626,411,Marketing,Líder 19,2022-12-16,2023-06-14,2023-04-28,Concluído,74.48,7.45
962,626,129,Marketing,Líder 33,2022-11-13,2023-08-10,,Em Andamento,67.6,7.94
963,627,401,Qualidade,Líder 43,2023-06-26,2024-03-22,2024-04-02,Concluído,74.29,6.94
964,627,90,Qualidade,Líder 49,2024-11-01,2024-12-31,2024-12-31,Concluído,76.63,6.09
965,628,373,Marketing,Líder 48,2024-08-17,2024-12-31,,Em Andamento,73.0,5.94
966,628,109,Marketing,Líder 28,2023-03-21,2023-08-18,,Em Andamento,79.26,5.16
967,629,432,Operações,Líder 14,2024-10-21,2024-12-31,2024-12-31,Concluído,87.65,6.56
968,630,184,Marketing,Líder 47,2023-04-24,2024-01-19,2023-07-25,Concluído,86.47,8.53
969,630,178,Marketing,Líder 11,2024-03-14,2024-12-31,,Em Andamento,59.44,5.88
970,631,196,Financeiro,Líder 47,2024-07-10,2024-12-31,,Cancelado,25.32,4.99
971,632,1,Operações,Líder 6,2022-11-23,2023-06-21,2023-08-17,Concluído,97.77,6.61
972,632,275,Operações,Líder 33,2023-04-01,2023-07-30,2023-06-30,Concluído,88.27,7.76
973,632,354,Operações,Líder 6,2023-01-24,2023-04-24,2023-06-07,Concluído,98.99,6.1
974,633,449,Marketing,Líder 34,2023-03-12,2023-07-10,2023-08-07,Concluído,96.22,6.08
975,633,383,Marketing,Líder 16,2022-12-09,2023-11-04,2022-12-26,Concluído,85.24,9.29
976,633,272,Marketing,Líder 30,2023-09-09,2024-06-05,2023-09-14,Concluído,90.87,8.98
977,634,442,Gente & Gestão,Líder 11,2024-11-22,2024-12-31,2024-12-11,Concluído,90.33,6.47
978,636,101,Gente & Gestão,Líder 7,2024-12-06,2024-12-31,2024-12-31,Concluído,78.85,6.52
979,639,126,Comercial,Líder 11,2023-09-23,2024-07-19,2024-02-01,Concluído,83.65,8.3
980,639,456,Comercial,Líder 50,2023-07-06,2024-04-01,,Em Andamento,76.93,4.41
981,639,343,Comercial,Líder 26,2024-05-22,2024-12-31,,Em Andamento,69.47,6.63
982,640,137,Operações,Líder 9,2023-02-02,2023-08-01,2023-04-27,Concluído,89.24,6.26
983,640,372,Operações,Líder 16,2023-02-21,2023-07-21,,Em Andamento,55.7,4.49
984,640,240,Operações,Líder 37,2023-08-04,2024-07-29,,Em Andamento,74.95,5.2
985,642,393,Tecnologia,Líder 4,2023-08-20,2024-02-16,2024-02-07,Concluído,84.68,8.23
986,642,90,Tecnologia,Líder 27,2024-01-03,2024-10-29,2024-09-11,Concluído,85.61,6.17
987,642,208,Tecnologia,Líder 42,2024-03-29,2024-09-25,2024-08-13,Concluído,79.31,7.73
988,645,201,Comercial,Líder 49,2024-12-10,2024-12-31,,Em Andamento,24.38,6.13
989,646,402,Qualidade,Líder 40,2024-04-12,2024-07-11,2024-08-18,Concluído,77.16,6.46
990,648,287,Inovação,Líder 50,2022-11-16,2023-09-12,,Em Andamento,36.86,4.09
991,648,30,Inovação,Líder 49,2023-02-25,2023-07-25,2023-08-20,Concluído,85.97,7.15
992,649,37,Financeiro,Líder 26,2024-11-26,2024-12-31,2024-12-31,Concluído,73.84,8.49
993,649,109,Financeiro,Líder 30,2024-11-09,2024-12-31,,Em Andamento,79.23,7.07
994,651,163,Vendas,Líder 26,2024-12-20,2024-12-31,2024-12-31,Concluído,82.87,8.35
995,651,286,Vendas,Líder 4,2024-10-05,2024-12-31,2024-12-31,Concluído,79.64,6.37
996,653,110,Qualidade,Líder 26,2024-09-19,2024-12-31,2024-12-30,Concluído,79.13,8.08
997,653,269,Qualidade,Líder 46,2024-03-11,2024-11-06,2024-06-26,Concluído,72.74,8.72
998,653,230,Qualidade,Líder 19,2024-07-19,2024-12-31,2024-12-31,Concluído,99.8,8.99
999,654,465,Inovação,Líder 17,2024-10-26,2024-12-31,2024-12-10,Concluído,83.5,8.92
1000,654,322,Inovação,Líder 42,2024-10-21,2024-12-31,2024-11-07,Concluído,80.39,8.04
1001,654,303,Inovação,Líder 7,2024-12-30,2024-12-31,2024-12-31,Concluído,85.66,6.84
1002,655,113,Gente & Gestão,Líder 40,2023-08-09,2024-02-05,2023-09-11,Concluído,87.29,8.43
1003,656,344,Atendimento,Líder 49,2024-11-25,2024-12-31,2024-12-20,Concluído,89.64,7.75
1004,658,142,Marketing,Líder 22,2024-12-29,2024-12-31,2024-12-31,Concluído,93.02,7.15
1005,659,25,Comercial,Líder 33,2024-11-29,2024-12-31,2024-12-31,Concluído,97.59,6.28
1006,660,369,Produto,Líder 31,2022-11-06,2023-11-01,2023-03-26,Concluído,86.67,8.45
1007,661,229,Qualidade,Líder 14,2024-09-27,2024-12-26,,Em Andamento,40.73,6.85
1008,661,349,Qualidade,Líder 8,2024-08-04,2024-12-31,,Cancelado,13.17,3.46
1009,662,418,Qualidade,Líder 1,2024-05-13,2024-12-09,,Em Andamento,64.87,7.62
1010,663,405,Operações,Líder 33,2024-03-17,2024-12-12,2024-12-31,Concluído,99.56,7.24
1011,664,308,Vendas,Líder 18,2024-12-23,2024-12-31,,Em Andamento,77.83,6.72
1012,664,198,Vendas,Líder 23,2024-02-16,2024-08-14,2024-04-09,Concluído,88.97,9.59
1013,664,113,Vendas,Líder 19,2024-06-13,2024-10-11,2024-07-02,Concluído,92.65,9.66
1014,665,337,Tecnologia,Líder 4,2024-12-31,2024-12-31,2024-12-31,Concluído,89.41,6.87
1015,665,244,Tecnologia,Líder 22,2024-12-23,2024-12-31,,Em Andamento,36.74,5.87
1016,665,190,Tecnologia,Líder 41,2024-12-23,2024-12-31,2024-12-31,Concluído,94.75,6.77
1017,666,239,Comercial,Líder 43,2024-08-12,2024-12-31,2024-12-10,Concluído,71.01,6.31
1018,666,187,Comercial,Líder 29,2024-01-12,2024-06-10,2024-01-30,Concluído,91.72,7.64
1019,666,91,Comercial,Líder 34,2024-06-14,2024-12-31,,Em Andamento,69.69,7.75
1020,667,377,Produto,Líder 39,2024-08-20,2024-12-31,,Em Andamento,63.76,7.49
1021,667,430,Produto,Líder 6,2024-10-18,2024-12-31,,Em Andamento,37.42,7.75
1022,667,492,Produto,Líder 22,2024-12-24,2024-12-31,2024-12-31,Concluído,72.31,8.52
1023,668,113,Suporte,Líder 10,2024-09-11,2024-12-10,,Cancelado,4.53,2.43
1024,669,181,Comercial,Líder 17,2023-11-22,2024-02-20,2023-11-24,Concluído,86.57,7.56
1025,669,282,Comercial,Líder 38,2024-08-28,2024-12-26,,Cancelado,6.84,5.02
1026,671,145,Financeiro,Líder 35,2024-09-03,2024-12-31,2024-12-31,Concluído,77.03,7.06
1027,671,381,Financeiro,Líder 45,2024-09-13,2024-12-12,2024-09-21,Concluído,81.15,9.92
1028,673,163,Qualidade,Líder 35,2024-10-06,2024-12-31,2024-12-31,Concluído,91.03,6.01
1029,675,284,Atendimento,Líder 20,2024-07-30,2024-12-31,2024-12-29,Concluído,95.71,8.24
1030,675,261,Atendimento,Líder 30,2024-09-05,2024-12-31,,Em Andamento,51.04,4.33
1031,677,331,Atendimento,Líder 27,2023-07-09,2024-05-04,2023-11-24,Concluído,92.24,8.58
1032,677,342,Atendimento,Líder 4,2023-11-15,2024-08-11,,Cancelado,17.43,2.89
1033,677,181,Atendimento,Líder 11,2023-01-07,2023-04-07,2023-02-26,Concluído,86.76,6.66
1034,678,271,Tecnologia,Líder 44,2023-12-03,2024-08-29,,Em Andamento,54.09,4.77
1035,678,146,Tecnologia,Líder 7,2023-11-02,2024-05-30,2024-06-13,Concluído,98.05,8.51
1036,679,28,Produto,Líder 42,2024-02-21,2024-10-18,2024-04-26,Concluído,93.8,8.67
1037,681,342,Inovação,Líder 48,2024-08-14,2024-12-31,2024-11-16,Concluído,90.0,7.99
1038,682,313,Inovação,Líder 31,2024-12-28,2024-12-31,2024-12-31,Concluído,77.69,6.6
1039,682,414,Inovação,Líder 8,2024-12-25,2024-12-31,2024-12-27,Concluído,81.88,6.6
1040,683,192,Atendimento,Líder 42,2023-05-20,2024-05-14,2023-07-17,Concluído,93.84,7.18
1041,683,17,Atendimento,Líder 25,2023-06-18,2024-05-13,,Em Andamento,37.26,7.66
1042,684,2,Gente & Gestão,Líder 45,2023-12-12,2024-07-09,,Em Andamento,20.47,4.57
1043,686,150,Suporte,Líder 39,2024-09-11,2024-12-31,2024-10-13,Concluído,87.61,8.67
1044,686,110,Suporte,Líder 10,2023-09-25,2024-02-22,2024-03-09,Concluído,86.49,8.55
1045,686,446,Suporte,Líder 17,2023-05-12,2023-09-09,2023-11-03,Concluído,84.75,6.95
1046,687,462,Suporte,Líder 4,2024-11-15,2024-12-31,,Em Andamento,74.66,6.12
1047,687,84,Suporte,Líder 19,2024-12-30,2024-12-31,2024-12-31,Concluído,99.7,6.75
1048,687,34,Suporte,Líder 28,2024-09-07,2024-12-06,,Em Andamento,32.73,5.38
1049,688,188,Inovação,Líder 13,2024-12-12,2024-12-31,2024-12-31,Concluído,82.37,7.92
1050,689,68,Financeiro,Líder 25,2024-04-28,2024-12-31,2024-11-24,Concluído,82.96,7.7
1051,689,151,Financeiro,Líder 45,2024-05-16,2024-12-31,,Em Andamento,40.64,6.81
1052,689,342,Financeiro,Líder 13,2024-12-14,2024-12-31,,Em Andamento,31.56,6.91
1053,690,345,Produto,Líder 42,2024-11-17,2024-12-31,2024-12-30,Concluído,99.25,7.49
1054,690,231,Produto,Líder 3,2024-11-28,2024-12-31,,Cancelado,27.28,3.45
1055,690,123,Produto,Líder 10,2024-05-12,2024-12-31,2024-07-01,Concluído,96.98,8.72
1056,691,489,Atendimento,Líder 48,2024-06-21,2024-12-31,2024-08-03,Concluído,80.43,9.04
1057,692,398,Suporte,Líder 15,2023-01-27,2023-12-23,,Em Andamento,42.35,6.66
1058,692,205,Suporte,Líder 22,2023-05-30,2023-11-26,2023-06-12,Concluído,96.01,6.62
1059,692,319,Suporte,Líder 45,2023-09-08,2024-02-05,2024-01-01,Concluído,74.2,7.39
1060,693,497,Qualidade,Líder 34,2024-11-18,2024-12-31,,Cancelado,36.79,2.52
1061,694,75,Vendas,Líder 5,2023-11-20,2024-10-15,2024-05-10,Concluído,87.15,6.24
1062,694,1,Vendas,Líder 12,2023-06-15,2023-11-12,2023-06-30,Concluído,84.04,6.7
1063,694,29,Vendas,Líder 47,2023-08-17,2024-06-12,,Cancelado,18.74,2.15
1064,697,213,Marketing,Líder 41,2024-04-04,2024-12-31,,Cancelado,16.15,4.75
1065,698,285,Gente & Gestão,Líder 13,2024-07-09,2024-12-31,2024-11-12,Concluído,80.51,7.66
1066,699,382,Vendas,Líder 2,2024-07-12,2024-10-10,,Cancelado,17.84,5.39
1067,699,229,Vendas,Líder 22,2024-07-24,2024-12-31,,Cancelado,5.3,5.45
1068,699,68,Vendas,Líder 5,2024-08-10,2024-12-31,2024-12-25,Concluído,82.91,9.99
1069,703,478,Gente & Gestão,Líder 10,2024-10-22,2024-12-31,2024-12-31,Concluído,95.94,7.06
1070,703,422,Gente & Gestão,Líder 32,2023-01-30,2023-07-29,2023-03-27,Concluído,78.77,6.35
1071,703,376,Gente & Gestão,Líder 6,2023-04-19,2023-07-18,2023-09-16,Concluído,86.47,9.15
1072,705,53,Vendas,Líder 32,2024-05-27,2024-12-31,2024-12-31,Concluído,82.52,7.41
1073,707,204,Marketing,Líder 27,2023-09-26,2024-09-20,,Em Andamento,68.33,5.31
1074,707,232,Marketing,Líder 47,2024-07-14,2024-10-12,2024-10-20,Concluído,91.75,7.37
1075,707,402,Marketing,Líder 35,2023-04-09,2024-02-03,2023-11-15,Concluído,99.23,6.66
1076,709,434,Marketing,Líder 1,2023-04-09,2023-12-05,2023-12-10,Concluído,96.37,8.47
1077,709,363,Marketing,Líder 29,2023-07-11,2024-05-06,2024-05-07,Concluído,71.19,6.0
1078,710,211,Vendas,Líder 6,2023-12-31,2024-07-28,,Cancelado,28.79,4.62
1079,710,439,Vendas,Líder 12,2023-06-09,2023-11-06,,Em Andamento,76.93,5.64
1080,712,129,Suporte,Líder 8,2024-06-01,2024-12-31,,Em Andamento,62.99,6.73
1081,713,275,Comercial,Líder 13,2024-12-01,2024-12-31,2024-12-05,Concluído,75.7,6.41
1082,713,251,Comercial,Líder 46,2024-05-15,2024-08-13,2024-06-27,Concluído,74.32,7.13
1083,713,492,Comercial,Líder 6,2024-09-15,2024-12-31,2024-12-16,Concluído,73.7,9.63
1084,715,288,Vendas,Líder 33,2024-12-20,2024-12-31,2024-12-31,Concluído,79.81,8.42
1085,715,475,Vendas,Líder 28,2024-04-17,2024-09-14,2024-08-23,Concluído,76.93,7.08
1086,715,357,Vendas,Líder 7,2024-05-01,2024-07-30,2024-06-28,Concluído,77.85,9.73
1087,716,334,Operações,Líder 33,2024-10-22,2024-12-31,2024-11-23,Concluído,83.1,9.58
1088,716,429,Operações,Líder 10,2024-07-14,2024-12-31,,Em Andamento,53.13,5.35
1089,716,9,Operações,Líder 42,2024-06-14,2024-10-12,2024-08-19,Concluído,71.2,6.94
1090,717,292,Qualidade,Líder 35,2024-01-15,2024-12-10,2024-04-05,Concluído,82.72,8.09
1091,717,204,Qualidade,Líder 17,2024-05-24,2024-12-20,2024-12-31,Concluído,72.38,9.8
1092,717,380,Qualidade,Líder 10,2024-05-04,2024-10-31,2024-07-06,Concluído,86.74,8.82
1093,719,282,Marketing,Líder 20,2024-08-17,2024-12-31,,Em Andamento,24.82,5.51
1094,719,120,Marketing,Líder 17,2024-11-19,2024-12-31,2024-12-31,Concluído,80.4,9.47
1095,719,19,Marketing,Líder 15,2023-12-07,2024-10-02,2024-07-14,Concluído,75.37,6.56
1096,720,383,Tecnologia,Líder 7,2023-03-06,2023-09-02,,Em Andamento,32.46,6.14
1097,723,354,Marketing,Líder 3,2023-08-30,2024-07-25,2024-01-31,Concluído,99.17,7.85
1098,724,496,Marketing,Líder 4,2024-10-17,2024-12-31,2024-12-22,Concluído,94.11,6.01
1099,724,484,Marketing,Líder 22,2024-11-21,2024-12-31,2024-11-28,Concluído,96.47,9.2
1100,724,272,Marketing,Líder 10,2024-12-31,2024-12-31,2024-12-31,Concluído,77.32,7.18
1101,725,353,Produto,Líder 39,2022-05-29,2022-09-26,,Cancelado,22.17,5.83
1102,726,451,Tecnologia,Líder 20,2023-08-24,2024-06-19,2024-03-21,Concluído,98.16,6.74
1103,726,139,Tecnologia,Líder 36,2024-04-24,2024-12-31,2024-12-31,Concluído,98.87,9.93
1104,727,14,Marketing,Líder 19,2023-08-28,2024-03-25,2024-04-13,Concluído,98.61,9.58
1105,727,84,Marketing,Líder 48,2023-12-02,2024-11-26,2023-12-13,Concluído,72.82,8.48
1106,728,8,Tecnologia,Líder 5,2024-06-24,2024-11-21,2024-07-08,Concluído,77.28,8.31
1107,728,450,Tecnologia,Líder 13,2024-07-12,2024-12-31,2024-10-15,Concluído,89.04,9.8
1108,729,275,Marketing,Líder 24,2024-10-06,2024-12-31,,Cancelado,3.7,2.19
1109,730,268,Inovação,Líder 17,2024-09-20,2024-12-31,,Em Andamento,54.59,5.95
1110,731,462,Comercial,Líder 16,2023-05-13,2023-10-10,,Cancelado,27.77,5.72
1111,733,45,Marketing,Líder 48,2024-02-11,2024-12-07,,Em Andamento,37.04,4.87
1112,733,304,Marketing,Líder 35,2023-11-17,2024-03-16,2024-03-12,Concluído,93.36,6.86
1113,733,365,Marketing,Líder 30,2023-11-01,2024-04-29,,Cancelado,31.48,2.37
1114,734,429,Atendimento,Líder 35,2023-07-17,2024-05-12,2023-10-25,Concluído,72.07,7.1
1115,734,81,Atendimento,Líder 37,2024-11-07,2024-12-31,2024-12-25,Concluído,81.03,6.88
1116,735,48,Vendas,Líder 19,2024-04-06,2024-08-04,2024-05-05,Concluído,76.98,8.91
1117,737,376,Vendas,Líder 25,2024-12-12,2024-12-31,,Cancelado,26.31,3.27
1118,738,96,Operações,Líder 7,2023-11-09,2024-08-05,2024-03-07,Concluído,75.37,6.36
1119,738,100,Operações,Líder 9,2024-08-22,2024-12-31,2024-12-12,Concluído,83.25,7.07
1120,740,12,Tecnologia,Líder 48,2024-04-27,2024-08-25,2024-10-21,Concluído,75.74,9.13
1121,740,167,Tecnologia,Líder 35,2024-10-05,2024-12-31,2024-12-31,Concluído,75.69,6.31
1122,741,307,Produto,Líder 50,2024-07-31,2024-12-31,2024-11-14,Concluído,90.53,9.24
1123,742,247,Atendimento,Líder 12,2024-07-11,2024-12-31,,Em Andamento,40.54,6.44
1124,742,104,Atendimento,Líder 11,2024-06-10,2024-10-08,2024-07-24,Concluído,93.45,6.38
1125,742,359,Atendimento,Líder 27,2024-05-30,2024-12-31,2024-12-31,Concluído,79.21,9.27
1126,743,490,Vendas,Líder 23,2024-12-11,2024-12-31,2024-12-26,Concluído,98.8,9.3
1127,744,287,Gente & Gestão,Líder 17,2024-05-14,2024-12-31,2024-12-31,Concluído,89.76,9.97
1128,744,440,Gente & Gestão,Líder 24,2024-04-21,2024-12-31,2024-10-23,Concluído,81.91,9.12
1129,746,282,Atendimento,Líder 24,2024-10-26,2024-12-31,2024-10-29,Concluído,84.47,7.48
1130,746,332,Atendimento,Líder 15,2024-12-07,2024-12-31,2024-12-31,Concluído,97.88,7.13
1131,748,139,Marketing,Líder 30,2023-12-07,2024-11-01,2024-12-22,Concluído,80.29,8.63
1132,748,9,Marketing,Líder 8,2024-12-19,2024-12-31,,Em Andamento,73.37,6.83
1133,749,20,Qualidade,Líder 30,2024-12-01,2024-12-31,2024-12-25,Concluído,82.33,6.1
1134,750,332,Gente & Gestão,Líder 27,2024-10-09,2024-12-31,2024-12-31,Concluído,92.79,9.97
1135,750,71,Gente & Gestão,Líder 17,2024-03-17,2024-12-31,2024-05-05,Concluído,99.77,6.2
1136,752,485,Atendimento,Líder 45,2024-12-28,2024-12-31,2024-12-31,Concluído,88.75,8.08
1137,752,235,Atendimento,Líder 49,2024-08-26,2024-12-31,2024-10-18,Concluído,90.91,9.42
1138,754,45,Gente & Gestão,Líder 34,2024-12-22,2024-12-31,,Em Andamento,66.94,7.1
1139,755,123,Operações,Líder 44,2024-07-05,2024-12-02,2024-08-23,Concluído,81.23,9.75
1140,755,238,Operações,Líder 34,2023-11-03,2024-08-29,,Em Andamento,70.92,5.09
1141,755,419,Operações,Líder 33,2024-10-21,2024-12-31,,Cancelado,6.05,4.03
1142,756,438,Marketing,Líder 44,2024-07-15,2024-12-12,2024-09-12,Concluído,75.94,8.86
1143,757,389,Financeiro,Líder 16,2024-11-24,2024-12-31,2024-12-31,Concluído,89.33,9.77
1144,758,384,Atendimento,Líder 5,2023-07-12,2023-10-10,2023-08-14,Concluído,71.0,6.4
1145,760,482,Atendimento,Líder 19,2024-04-22,2024-12-31,,Em Andamento,72.18,5.01
1146,760,60,Atendimento,Líder 9,2024-10-13,2024-12-31,2024-11-20,Concluído,88.95,6.48
1147,760,416,Atendimento,Líder 36,2024-07-27,2024-12-24,,Em Andamento,68.22,7.5
1148,762,274,Tecnologia,Líder 21,2024-02-01,2024-06-30,,Em Andamento,79.98,5.76
1149,762,454,Tecnologia,Líder 43,2024-05-14,2024-09-11,2024-10-15,Concluído,98.27,7.54
1150,762,310,Tecnologia,Líder 12,2024-10-16,2024-12-31,2024-12-31,Concluído,70.57,8.72
1151,763,210,Operações,Líder 4,2024-07-05,2024-12-02,2024-12-10,Concluído,91.44,7.3
1152,763,173,Operações,Líder 19,2024-07-06,2024-12-31,,Em Andamento,78.78,5.55
1153,764,21,Comercial,Líder 24,2024-04-07,2024-12-31,,Em Andamento,31.67,6.88
1154,764,188,Comercial,Líder 22,2024-05-08,2024-10-05,2024-09-17,Concluído,77.05,7.48
1155,764,142,Comercial,Líder 34,2024-05-02,2024-10-29,2024-10-24,Concluído,78.89,6.11
1156,766,348,Suporte,Líder 14,2024-03-14,2024-08-11,2024-04-15,Concluído,91.13,7.77
1157,766,217,Suporte,Líder 21,2023-11-05,2024-02-03,2023-12-17,Concluído,99.51,6.37
1158,766,216,Suporte,Líder 7,2024-11-29,2024-12-31,2024-12-23,Concluído,99.11,9.87
1159,767,273,Qualidade,Líder 28,2024-12-18,2024-12-31,2024-12-31,Concluído,81.49,7.32
1160,767,403,Qualidade,Líder 45,2023-11-06,2024-07-03,2024-03-04,Concluído,73.67,7.15
1161,767,262,Qualidade,Líder 14,2024-09-13,2024-12-31,2024-12-31,Concluído,92.3,9.91
1162,768,263,Qualidade,Líder 48,2024-11-06,2024-12-31,,Cancelado,17.83,5.15
1163,769,118,Comercial,Líder 43,2024-04-16,2024-08-14,2024-08-22,Concluído,96.45,8.8
1164,769,334,Comercial,Líder 36,2024-10-08,2024-12-31,2024-12-31,Concluído,93.59,8.45
1165,769,410,Comercial,Líder 45,2024-12-13,2024-12-31,2024-12-31,Concluído,94.54,8.96
1166,770,448,Suporte,Líder 37,2024-12-26,2024-12-31,,Em Andamento,20.24,5.82
1167,770,201,Suporte,Líder 37,2024-12-05,2024-12-31,2024-12-09,Concluído,72.17,9.32
1168,770,89,Suporte,Líder 17,2024-12-13,2024-12-31,,Em Andamento,62.9,7.28
1169,771,269,Atendimento,Líder 15,2023-10-16,2024-07-12,,Cancelado,11.8,4.56
1170,771,410,Atendimento,Líder 3,2024-05-29,2024-09-26,2024-09-07,Concluído,77.89,6.57
1171,771,29,Atendimento,Líder 18,2023-08-12,2024-01-09,2023-10-04,Concluído,70.06,9.28
1172,772,243,Marketing,Líder 46,2024-05-16,2024-08-14,,Em Andamento,76.39,6.13
1173,772,163,Marketing,Líder 46,2024-06-04,2024-11-01,2024-12-06,Concluído,88.22,9.11
1174,773,205,Financeiro,Líder 20,2023-08-16,2024-03-13,,Em Andamento,66.01,6.66
1175,773,483,Financeiro,Líder 43,2023-09-14,2024-04-11,,Em Andamento,40.4,4.19
1176,775,353,Operações,Líder 31,2024-12-04,2024-12-31,2024-12-31,Concluído,84.36,8.05
1177,775,276,Operações,Líder 11,2024-06-14,2024-12-31,2024-12-31,Concluído,90.64,7.77
1178,776,125,Gente & Gestão,Líder 4,2023-04-19,2024-01-14,2023-06-21,Concluído,79.46,8.27
1179,776,98,Gente & Gestão,Líder 1,2024-02-11,2024-12-31,2024-05-08,Concluído,71.89,7.38
1180,777,22,Operações,Líder 32,2024-10-25,2024-12-31,2024-12-17,Concluído,87.46,7.06
1181,777,272,Operações,Líder 5,2024-12-13,2024-12-31,,Em Andamento,26.15,5.85
1182,778,479,Qualidade,Líder 39,2022-03-14,2023-03-09,,Em Andamento,33.85,5.2
1183,778,1,Qualidade,Líder 33,2024-06-28,2024-12-31,2024-10-03,Concluído,96.97,6.49
1184,779,109,Operações,Líder 23,2023-06-29,2024-05-24,2023-09-27,Concluído,72.58,9.06
1185,780,298,Inovação,Líder 33,2023-07-27,2024-04-22,2023-10-23,Concluído,83.28,8.32
1186,782,128,Qualidade,Líder 44,2024-05-06,2024-12-31,2024-05-08,Concluído,77.36,8.37
1187,782,129,Qualidade,Líder 38,2022-10-02,2023-03-31,2023-05-26,Concluído,74.13,6.85
1188,782,27,Qualidade,Líder 20,2023-01-12,2024-01-07,2023-04-12,Concluído,75.0,8.48
1189,783,219,Inovação,Líder 14,2024-03-01,2024-09-27,2024-09-26,Concluído,82.41,6.83
1190,783,296,Inovação,Líder 33,2023-08-09,2024-07-04,2023-08-21,Concluído,92.57,9.67
1191,784,314,Marketing,Líder 43,2024-09-17,2024-12-31,,Em Andamento,54.42,4.06
1192,784,55,Marketing,Líder 39,2024-10-03,2024-12-31,2024-11-12,Concluído,80.1,7.6
1193,785,391,Tecnologia,Líder 8,2023-11-15,2024-10-10,2024-03-23,Concluído,88.16,7.42
1194,785,466,Tecnologia,Líder 4,2023-08-29,2024-06-24,2024-08-21,Concluído,72.18,8.14
1195,786,375,Produto,Líder 41,2024-08-16,2024-12-31,2024-10-30,Concluído,90.74,8.61
1196,786,417,Produto,Líder 21,2024-07-27,2024-12-24,2024-12-31,Concluído,74.6,8.11
1197,788,477,Operações,Líder 25,2023-10-31,2024-01-29,2023-11-01,Concluído,90.46,8.11
1198,788,251,Operações,Líder 7,2023-11-13,2024-02-11,2023-11-13,Concluído,82.48,7.97
1199,789,108,Atendimento,Líder 43,2024-11-12,2024-12-31,2024-12-31,Concluído,75.35,9.87
1200,789,41,Atendimento,Líder 40,2024-12-12,2024-12-31,2024-12-29,Concluído,96.38,8.29
1201,789,208,Atendimento,Líder 30,2024-12-09,2024-12-31,2024-12-24,Concluído,86.2,7.05
1202,790,16,Qualidade,Líder 8,2024-03-23,2024-10-19,2024-11-08,Concluído,85.02,9.5
1203,790,178,Qualidade,Líder 12,2024-04-17,2024-09-14,2024-06-04,Concluído,74.78,9.49
1204,790,191,Qualidade,Líder 13,2023-09-17,2024-09-11,2024-10-17,Concluído,91.05,6.17
1205,791,276,Vendas,Líder 3,2023-11-19,2024-04-17,2024-03-25,Concluído,77.32,9.57
1206,793,476,Inovação,Líder 7,2024-10-23,2024-12-31,,Em Andamento,59.48,5.12
1207,794,131,Tecnologia,Líder 25,2023-12-07,2024-07-04,2024-06-06,Concluído,84.01,9.47
1208,794,254,Tecnologia,Líder 40,2023-04-17,2024-04-11,2024-04-17,Concluído,84.55,8.26
1209,794,306,Tecnologia,Líder 29,2024-03-06,2024-09-02,,Em Andamento,37.37,4.88
1210,795,448,Gente & Gestão,Líder 28,2024-11-15,2024-12-31,2024-11-30,Concluído,87.36,7.95
1211,796,483,Financeiro,Líder 18,2024-11-24,2024-12-31,2024-12-31,Concluído,94.56,9.06
1212,797,168,Vendas,Líder 44,2024-06-10,2024-12-31,2024-11-06,Concluído,80.03,9.08
1213,797,107,Vendas,Líder 13,2024-04-10,2024-07-09,2024-07-04,Concluído,81.71,9.46
1214,797,330,Vendas,Líder 3,2023-05-25,2024-04-19,,Em Andamento,47.95,7.41
1215,798,162,Operações,Líder 27,2024-11-12,2024-12-31,,Em Andamento,70.34,6.9
1216,800,357,Produto,Líder 43,2024-11-03,2024-12-31,2024-11-12,Concluído,80.89,9.32
1217,801,97,Atendimento,Líder 38,2023-02-22,2024-01-18,2023-11-19,Concluído,89.05,8.92
1218,802,75,Atendimento,Líder 32,2022-11-15,2023-07-13,2023-04-03,Concluído,70.57,6.91
1219,802,407,Atendimento,Líder 19,2022-10-16,2023-07-13,2023-02-17,Concluído,80.43,9.43
1220,804,180,Operações,Líder 14,2024-09-14,2024-12-31,,Cancelado,13.8,4.63
1221,805,148,Tecnologia,Líder 21,2024-12-29,2024-12-31,2024-12-31,Concluído,88.51,8.01
1222,805,401,Tecnologia,Líder 42,2024-12-28,2024-12-31,2024-12-31,Concluído,93.62,8.87
1223,805,232,Tecnologia,Líder 22,2024-12-17,2024-12-31,2024-12-31,Concluído,74.12,6.21
1224,806,201,Gente & Gestão,Líder 47,2024-11-19,2024-12-31,2024-12-31,Concluído,70.63,8.48
1225,806,303,Gente & Gestão,Líder 42,2024-09-14,2024-12-31,2024-11-16,Concluído,81.65,9.03
1226,806,478,Gente & Gestão,Líder 25,2024-08-13,2024-12-31,2024-09-19,Concluído,86.23,6.33
1227,807,325,Operações,Líder 31,2024-06-10,2024-10-08,2024-09-25,Concluído,73.83,7.12
1228,807,456,Operações,Líder 23,2024-11-28,2024-12-31,,Em Andamento,55.69,7.17
1229,807,422,Operações,Líder 2,2024-05-18,2024-08-16,,Cancelado,6.59,4.33
1230,812,308,Comercial,Líder 12,2024-04-10,2024-12-31,2024-06-16,Concluído,77.17,8.03
1231,812,208,Comercial,Líder 41,2024-11-08,2024-12-31,,Em Andamento,79.42,7.87
1232,812,459,Comercial,Líder 3,2024-07-30,2024-12-31,2024-12-31,Concluído,82.95,7.48
1233,814,91,Tecnologia,Líder 8,2024-04-11,2024-11-07,2024-10-20,Concluído,75.07,8.17
1234,814,242,Tecnologia,Líder 39,2024-08-17,2024-12-31,2024-09-04,Concluído,73.23,7.04
1235,815,137,Operações,Líder 27,2024-11-03,2024-12-31,2024-12-20,Concluído,91.05,6.6
1236,817,466,Qualidade,Líder 13,2023-12-21,2024-06-18,2024-04-25,Concluído,82.05,6.19
1237,817,355,Qualidade,Líder 35,2024-01-09,2024-09-05,2024-05-06,Concluído,72.5,6.79
1238,817,496,Qualidade,Líder 23,2023-12-13,2024-05-11,2024-02-21,Concluído,75.99,9.04
1239,818,352,Produto,Líder 8,2023-07-18,2024-01-14,2024-01-19,Concluído,95.03,8.17
1240,819,119,Qualidade,Líder 14,2024-08-28,2024-12-31,2024-12-31,Concluído,77.71,8.53
1241,824,50,Inovação,Líder 11,2024-12-30,2024-12-31,,Em Andamento,66.06,7.37
1242,824,86,Inovação,Líder 38,2024-12-30,2024-12-31,2024-12-31,Concluído,70.01,6.31
1243,824,339,Inovação,Líder 4,2024-12-31,2024-12-31,2024-12-31,Concluído,87.29,7.49
1244,825,429,Gente & Gestão,Líder 41,2022-07-08,2022-10-06,2022-08-23,Concluído,83.85,8.03
1245,825,188,Gente & Gestão,Líder 49,2024-11-03,2024-12-31,2024-12-31,Concluído,71.6,7.94
1246,826,462,Financeiro,Líder 17,2023-08-12,2024-07-07,2023-10-28,Concluído,85.42,6.27
1247,826,28,Financeiro,Líder 13,2024-04-14,2024-10-11,,Em Andamento,70.41,5.28
1248,828,452,Gente & Gestão,Líder 10,2022-08-15,2023-07-11,2023-08-23,Concluído,83.44,9.11
1249,829,86,Vendas,Líder 37,2023-10-01,2024-06-27,,Em Andamento,29.85,4.54
1250,829,396,Vendas,Líder 19,2024-08-26,2024-12-31,,Em Andamento,65.39,6.98
1251,829,302,Vendas,Líder 16,2023-03-25,2024-01-19,2024-03-18,Concluído,72.06,9.32
1252,830,457,Suporte,Líder 11,2024-05-26,2024-12-22,2024-08-01,Concluído,76.76,6.01
1253,831,460,Comercial,Líder 48,2024-12-13,2024-12-31,2024-12-31,Concluído,85.89,7.35
1254,831,251,Comercial,Líder 27,2024-07-04,2024-12-31,,Cancelado,23.72,2.26
1255,832,218,Comercial,Líder 46,2023-11-09,2024-07-06,2024-06-25,Concluído,91.0,9.29
1256,832,381,Comercial,Líder 20,2024-12-13,2024-12-31,,Em Andamento,40.82,6.11
1257,833,225,Produto,Líder 29,2023-10-21,2024-06-17,2024-03-30,Concluído,73.16,6.57
1258,833,38,Produto,Líder 29,2023-07-27,2024-07-21,2024-05-01,Concluído,70.74,8.36
1259,833,148,Produto,Líder 3,2022-12-11,2023-03-11,2023-03-01,Concluído,97.08,8.39
1260,837,254,Marketing,Líder 12,2024-10-10,2024-12-31,,Em Andamento,23.89,6.3
1261,838,369,Gente & Gestão,Líder 5,2023-12-16,2024-03-15,2024-04-16,Concluído,97.46,6.72
1262,838,275,Gente & Gestão,Líder 20,2023-01-22,2023-08-20,2023-09-20,Concluído,89.9,7.62
1263,838,405,Gente & Gestão,Líder 13,2024-01-15,2024-12-10,,Em Andamento,37.27,6.43
1264,839,316,Vendas,Líder 10,2024-07-31,2024-11-28,2024-08-23,Concluído,71.55,9.94
1265,840,53,Gente & Gestão,Líder 27,2023-09-06,2024-07-02,2023-12-19,Concluído,75.53,9.22
1266,841,364,Gente & Gestão,Líder 3,2024-09-10,2024-12-31,,Cancelado,8.78,4.17
1267,841,485,Gente & Gestão,Líder 21,2024-04-09,2024-12-31,,Em Andamento,58.73,7.37
1268,842,384,Financeiro,Líder 23,2024-03-14,2024-12-09,2024-08-22,Concluído,81.08,7.88
1269,842,232,Financeiro,Líder 37,2023-09-28,2024-04-25,2024-01-03,Concluído,93.58,7.12
1270,843,117,Suporte,Líder 26,2022-12-20,2023-12-15,2023-06-17,Concluído,78.06,7.13
1271,843,496,Suporte,Líder 6,2023-12-05,2024-05-03,2024-03-01,Concluído,94.18,7.02
1272,843,257,Suporte,Líder 35,2022-08-13,2023-06-09,,Em Andamento,65.54,6.72
1273,844,85,Operações,Líder 10,2024-10-18,2024-12-31,2024-12-31,Concluído,97.19,8.14
1274,844,405,Operações,Líder 30,2024-07-12,2024-11-09,2024-12-17,Concluído,88.46,8.02
1275,844,121,Operações,Líder 26,2024-10-29,2024-12-31,,Em Andamento,42.59,7.46
1276,846,198,Tecnologia,Líder 26,2024-11-02,2024-12-31,,Em Andamento,64.02,7.3
1277,846,488,Tecnologia,Líder 1,2024-01-03,2024-06-01,,Cancelado,10.05,4.82
1278,847,306,Tecnologia,Líder 47,2024-01-26,2024-12-21,2024-10-22,Concluído,74.58,8.1
1279,847,152,Tecnologia,Líder 26,2022-12-08,2023-04-07,2022-12-21,Concluído,95.75,6.24
1280,847,326,Tecnologia,Líder 7,2023-08-17,2024-03-14,2024-04-19,Concluído,77.25,8.6
1281,848,55,Produto,Líder 45,2023-10-18,2024-05-15,2024-06-11,Concluído,97.33,6.24
1282,848,18,Produto,Líder 35,2024-01-12,2024-11-07,2024-05-21,Concluído,95.96,6.85
1283,849,142,Vendas,Líder 36,2024-10-22,2024-12-31,2024-12-31,Concluído,83.17,7.05
1284,849,184,Vendas,Líder 34,2024-12-30,2024-12-31,2024-12-31,Concluído,79.76,6.51
1285,850,154,Gente & Gestão,Líder 28,2024-05-04,2024-12-31,2024-08-08,Concluído,85.42,6.66
1286,850,107,Gente & Gestão,Líder 4,2024-01-11,2024-11-06,,Em Andamento,49.33,5.89
1287,851,33,Financeiro,Líder 30,2023-10-28,2024-05-25,2024-05-22,Concluído,94.61,9.26
1288,851,150,Financeiro,Líder 3,2023-01-26,2023-10-23,,Em Andamento,52.3,5.63
1289,852,408,Produto,Líder 21,2024-12-15,2024-12-31,2024-12-31,Concluído,71.44,6.96
1290,852,458,Produto,Líder 44,2024-06-22,2024-12-31,,Em Andamento,41.47,7.94
1291,854,293,Produto,Líder 37,2024-07-15,2024-12-31,2024-12-31,Concluído,77.07,9.58
1292,855,258,Marketing,Líder 40,2023-08-22,2024-06-17,2024-08-07,Concluído,76.08,9.37
1293,857,28,Comercial,Líder 23,2024-03-20,2024-12-31,2024-12-19,Concluído,88.19,8.55
1294,858,252,Qualidade,Líder 39,2023-06-25,2024-06-19,2023-09-03,Concluído,89.73,9.58
1295,858,210,Qualidade,Líder 40,2024-08-19,2024-12-31,,Em Andamento,71.97,4.34
1296,859,36,Atendimento,Líder 26,2024-12-21,2024-12-31,2024-12-24,Concluído,82.09,8.37
1297,860,336,Marketing,Líder 13,2023-07-11,2024-06-05,,Cancelado,10.51,2.07
1298,860,276,Marketing,Líder 36,2023-04-05,2023-11-01,2023-08-24,Concluído,76.53,9.79
1299,862,255,Qualidade,Líder 44,2024-09-22,2024-12-31,2024-11-02,Concluído,84.66,8.06
1300,862,35,Qualidade,Líder 43,2024-10-09,2024-12-31,2024-10-29,Concluído,89.39,9.81
1301,863,323,Vendas,Líder 45,2023-04-02,2023-11-28,2023-11-01,Concluído,85.78,9.61
1302,863,30,Vendas,Líder 12,2024-02-29,2024-05-29,,Em Andamento,71.19,5.09
1303,865,249,Qualidade,Líder 35,2024-11-15,2024-12-31,2024-12-31,Concluído,70.51,6.99
1304,865,255,Qualidade,Líder 19,2024-10-10,2024-12-31,,Em Andamento,29.73,4.69
1305,865,475,Qualidade,Líder 8,2024-07-07,2024-12-31,2024-12-06,Concluído,92.84,8.29
1306,866,190,Marketing,Líder 50,2024-12-17,2024-12-31,,Em Andamento,34.33,7.98
1307,866,384,Marketing,Líder 35,2024-07-26,2024-12-31,2024-08-10,Concluído,85.28,8.95
1308,868,95,Financeiro,Líder 30,2024-09-26,2024-12-31,2024-11-10,Concluído,81.21,9.35
1309,869,474,Comercial,Líder 43,2024-08-15,2024-12-31,,Em Andamento,21.22,7.41
1310,869,383,Comercial,Líder 15,2024-04-28,2024-12-31,2024-07-29,Concluído,89.04,7.01
1311,869,479,Comercial,Líder 2,2024-08-06,2024-11-04,2024-09-10,Concluído,96.79,9.26
1312,870,143,Atendimento,Líder 22,2024-04-26,2024-12-22,,Cancelado,37.85,2.03
1313,871,252,Operações,Líder 26,2024-01-20,2024-07-18,,Em Andamento,26.53,5.64
1314,871,98,Operações,Líder 2,2022-05-13,2022-08-11,2022-09-19,Concluído,87.76,7.68
1315,871,421,Operações,Líder 13,2023-12-29,2024-10-24,,Cancelado,35.62,2.54
1316,872,87,Atendimento,Líder 44,2022-10-06,2023-09-01,2023-02-08,Concluído,79.53,9.11
1317,873,274,Suporte,Líder 2,2024-04-26,2024-08-24,2024-08-29,Concluído,81.88,6.76
1318,873,165,Suporte,Líder 19,2023-12-18,2024-09-13,2024-09-29,Concluído,86.14,9.04
1319,873,414,Suporte,Líder 17,2023-12-22,2024-04-20,2024-04-17,Concluído,74.42,6.42
1320,874,58,Qualidade,Líder 7,2024-08-21,2024-12-31,2024-10-12,Concluído,89.34,7.16
1321,877,269,Financeiro,Líder 4,2023-05-04,2023-12-30,2023-07-03,Concluído,91.93,9.8
1322,877,257,Financeiro,Líder 20,2023-07-10,2024-07-04,2023-11-06,Concluído,79.08,7.96
1323,880,91,Operações,Líder 45,2024-02-07,2024-07-06,2024-08-18,Concluído,90.87,7.42
1324,880,191,Operações,Líder 2,2023-02-25,2024-02-20,2023-07-15,Concluído,77.74,8.97
1325,880,120,Operações,Líder 21,2022-12-18,2023-12-13,2023-10-15,Concluído,70.18,6.17
1326,881,124,Qualidade,Líder 48,2024-02-14,2024-10-11,2024-07-12,Concluído,78.54,8.38
1327,881,355,Qualidade,Líder 50,2023-05-22,2024-04-16,2023-11-08,Concluído,81.13,7.31
1328,881,213,Qualidade,Líder 17,2024-08-02,2024-12-31,,Em Andamento,28.72,5.21
1329,884,248,Atendimento,Líder 21,2023-10-31,2024-04-28,2024-02-17,Concluído,99.88,8.46
1330,886,26,Marketing,Líder 12,2023-09-05,2024-03-03,2024-04-17,Concluído,97.23,6.68
1331,887,234,Qualidade,Líder 47,2024-11-25,2024-12-31,,Em Andamento,48.61,6.9
1332,887,177,Qualidade,Líder 29,2024-12-09,2024-12-31,,Em Andamento,32.15,4.08
1333,888,23,Gente & Gestão,Líder 17,2024-03-16,2024-07-14,2024-09-05,Concluído,86.19,6.29
1334,888,369,Gente & Gestão,Líder 14,2024-04-28,2024-09-25,2024-08-29,Concluído,84.76,7.57
1335,888,456,Gente & Gestão,Líder 13,2024-08-10,2024-12-31,2024-12-14,Concluído,73.92,9.91
1336,889,295,Marketing,Líder 24,2024-12-03,2024-12-31,,Em Andamento,28.48,7.83
1337,889,196,Marketing,Líder 5,2023-12-20,2024-06-17,2024-04-14,Concluído,91.69,6.14
1338,889,72,Marketing,Líder 31,2022-10-21,2023-07-18,2023-01-07,Concluído,74.16,9.0
1339,890,69,Produto,Líder 50,2023-10-09,2024-01-07,,Em Andamento,32.24,7.28
1340,890,443,Produto,Líder 43,2023-10-22,2024-02-19,,Em Andamento,26.99,5.37
1341,890,71,Produto,Líder 44,2024-03-18,2024-09-14,2024-05-13,Concluído,99.23,6.44
1342,891,258,Suporte,Líder 29,2024-04-02,2024-12-28,2024-12-21,Concluído,97.65,6.41
1343,891,225,Suporte,Líder 11,2023-12-16,2024-03-15,2024-01-07,Concluído,79.73,9.8
1344,894,256,Inovação,Líder 1,2024-02-07,2024-12-31,2024-10-02,Concluído,96.99,6.32
1345,894,108,Inovação,Líder 7,2023-11-06,2024-04-04,2024-04-04,Concluído,73.13,6.68
1346,895,206,Suporte,Líder 12,2024-02-09,2024-05-09,,Em Andamento,68.52,5.11
1347,895,436,Suporte,Líder 32,2024-12-21,2024-12-31,,Cancelado,37.57,3.44
1348,896,475,Atendimento,Líder 42,2024-05-21,2024-12-31,,Em Andamento,32.68,7.57
1349,896,82,Atendimento,Líder 49,2024-03-21,2024-12-31,2024-05-19,Concluído,88.61,8.77
1350,898,419,Tecnologia,Líder 8,2023-04-22,2024-03-17,,Em Andamento,48.81,5.67
1351,898,33,Tecnologia,Líder 31,2023-05-19,2023-10-16,2023-07-21,Concluído,74.62,9.65
1352,898,395,Tecnologia,Líder 41,2022-12-21,2023-05-20,2023-03-04,Concluído,90.75,9.38
1353,899,51,Financeiro,Líder 49,2024-09-24,2024-12-31,2024-09-28,Concluído,97.7,9.85
1354,900,175,Vendas,Líder 2,2024-11-09,2024-12-31,,Em Andamento,75.12,6.23
1355,900,177,Vendas,Líder 32,2024-12-26,2024-12-31,,Em Andamento,37.47,4.01
1356,900,474,Vendas,Líder 41,2024-02-14,2024-10-11,,Cancelado,4.54,2.09
1357,902,396,Financeiro,Líder 1,2024-05-14,2024-12-31,2024-09-09,Concluído,73.83,9.14
1358,902,91,Financeiro,Líder 50,2024-10-11,2024-12-31,2024-11-07,Concluído,93.15,6.67
1359,903,317,Suporte,Líder 50,2024-08-11,2024-12-31,2024-08-11,Concluído,91.81,7.17
1360,904,206,Qualidade,Líder 2,2024-11-22,2024-12-31,2024-12-31,Concluído,72.12,9.54
1361,904,296,Qualidade,Líder 43,2024-12-29,2024-12-31,2024-12-31,Concluído,90.32,8.36
1362,904,128,Qualidade,Líder 31,2024-08-01,2024-12-31,2024-09-18,Concluído,91.58,7.78
1363,905,382,Atendimento,Líder 26,2023-10-30,2024-10-24,2024-10-09,Concluído,80.81,9.22
1364,905,420,Atendimento,Líder 24,2023-09-11,2024-09-05,2024-06-23,Concluído,70.25,8.39
1365,907,366,Comercial,Líder 12,2023-02-05,2023-12-02,,Em Andamento,76.29,6.27
1366,907,460,Comercial,Líder 35,2023-07-10,2023-10-08,2023-07-16,Concluído,80.69,8.85
1367,908,10,Vendas,Líder 16,2024-11-07,2024-12-31,2024-12-31,Concluído,95.02,8.88
1368,908,328,Vendas,Líder 1,2024-11-11,2024-12-31,2024-12-21,Concluído,70.39,6.75
1369,909,347,Vendas,Líder 39,2024-11-21,2024-12-31,2024-11-22,Concluído,88.22,9.38
1370,909,122,Vendas,Líder 22,2024-09-04,2024-12-31,,Cancelado,16.91,2.4
1371,909,335,Vendas,Líder 33,2024-05-03,2024-10-30,2024-12-11,Concluído,75.71,8.28
1372,910,57,Suporte,Líder 2,2024-05-12,2024-12-31,2024-12-31,Concluído,76.43,9.03
1373,910,459,Suporte,Líder 34,2024-07-06,2024-12-31,,Em Andamento,61.1,7.15
1374,911,454,Produto,Líder 34,2024-09-17,2024-12-31,,Em Andamento,78.3,6.57
1375,911,127,Produto,Líder 35,2024-04-15,2024-12-31,2024-07-25,Concluído,73.83,9.49
1376,912,352,Comercial,Líder 12,2023-10-10,2024-10-04,,Em Andamento,56.08,7.63
1377,912,91,Comercial,Líder 49,2024-05-12,2024-12-31,2024-09-23,Concluído,73.85,8.65
1378,912,77,Comercial,Líder 12,2023-12-15,2024-11-09,,Em Andamento,57.13,7.75
1379,914,212,Gente & Gestão,Líder 7,2024-12-14,2024-12-31,2024-12-31,Concluído,92.3,8.17
1380,918,362,Qualidade,Líder 22,2024-11-01,2024-12-31,2024-12-03,Concluído,87.25,8.01
1381,918,230,Qualidade,Líder 6,2024-12-17,2024-12-31,2024-12-31,Concluído,72.0,6.2
1382,918,457,Qualidade,Líder 11,2024-12-19,2024-12-31,,Em Andamento,72.51,7.28
1383,920,255,Gente & Gestão,Líder 12,2024-09-24,2024-12-31,,Em Andamento,74.35,7.99
1384,920,30,Gente & Gestão,Líder 48,2023-07-27,2024-06-21,2024-07-17,Concluído,76.77,6.53
1385,921,410,Vendas,Líder 34,2024-10-19,2024-12-31,,Em Andamento,32.15,4.12
1386,924,454,Atendimento,Líder 34,2024-04-17,2024-09-14,2024-06-09,Concluído,88.38,6.71
1387,924,330,Atendimento,Líder 39,2024-05-09,2024-11-05,2024-05-29,Concluído,91.01,8.8
1388,925,363,Tecnologia,Líder 50,2024-11-07,2024-12-31,2024-11-19,Concluído,80.02,8.72
1389,927,11,Produto,Líder 34,2024-10-25,2024-12-31,,Cancelado,0.93,5.78
1390,927,457,Produto,Líder 45,2023-02-13,2023-11-10,2023-05-14,Concluído,78.35,9.18
1391,927,250,Produto,Líder 18,2023-06-22,2024-04-17,2023-09-18,Concluído,91.85,6.41
1392,928,185,Vendas,Líder 32,2024-08-15,2024-12-31,2024-12-21,Concluído,92.29,6.43
1393,928,131,Vendas,Líder 4,2024-12-21,2024-12-31,,Em Andamento,56.74,4.82
1394,928,351,Vendas,Líder 13,2024-06-28,2024-12-31,,Em Andamento,64.93,5.17
1395,929,414,Comercial,Líder 45,2024-12-12,2024-12-31,2024-12-31,Concluído,91.71,9.52
1396,929,51,Comercial,Líder 44,2024-12-06,2024-12-31,2024-12-31,Concluído,97.71,8.09
1397,929,175,Comercial,Líder 23,2024-12-25,2024-12-31,,Em Andamento,55.19,6.68
1398,930,144,Tecnologia,Líder 43,2024-08-14,2024-12-31,2024-12-31,Concluído,94.53,7.24
1399,931,485,Comercial,Líder 31,2024-11-17,2024-12-31,,Em Andamento,21.18,5.89
1400,931,374,Comercial,Líder 29,2024-05-16,2024-11-12,,Cancelado,9.98,2.19
1401,932,378,Operações,Líder 11,2023-08-02,2024-06-27,2024-04-13,Concluído,92.05,8.0
1402,932,118,Operações,Líder 6,2023-04-08,2024-04-02,,Em Andamento,65.36,6.17
1403,933,421,Tecnologia,Líder 48,2024-10-18,2024-12-31,,Em Andamento,61.32,5.62
1404,933,348,Tecnologia,Líder 34,2024-09-27,2024-12-31,,Em Andamento,60.98,7.91
1405,935,484,Financeiro,Líder 24,2024-10-02,2024-12-31,2024-12-29,Concluído,87.41,6.05
1406,935,160,Financeiro,Líder 28,2022-08-05,2022-12-03,2022-08-29,Concluído,89.59,8.12
1407,936,295,Marketing,Líder 23,2023-04-13,2023-11-09,2024-01-08,Concluído,85.59,8.78
1408,936,432,Marketing,Líder 31,2024-02-02,2024-12-31,2024-02-21,Concluído,75.86,8.6
1409,938,305,Produto,Líder 20,2024-12-04,2024-12-31,,Em Andamento,67.51,6.82
1410,938,205,Produto,Líder 5,2024-01-27,2024-10-23,2024-05-08,Concluído,99.74,9.77
1411,939,429,Tecnologia,Líder 28,2024-08-24,2024-12-31,2024-11-10,Concluído,85.14,8.55
1412,939,59,Tecnologia,Líder 38,2024-10-23,2024-12-31,2024-11-04,Concluído,85.27,9.62
1413,939,162,Tecnologia,Líder 19,2024-07-07,2024-11-04,2024-07-22,Concluído,96.34,6.91
1414,940,400,Gente & Gestão,Líder 14,2023-01-10,2023-12-06,,Cancelado,15.16,2.76
1415,940,232,Gente & Gestão,Líder 20,2024-07-09,2024-12-31,2024-11-12,Concluído,89.94,9.17
1416,941,328,Suporte,Líder 30,2024-12-09,2024-12-31,,Em Andamento,60.3,7.67
1417,943,52,Marketing,Líder 26,2024-06-01,2024-08-30,,Em Andamento,51.93,4.33
1418,943,39,Marketing,Líder 14,2024-07-09,2024-12-31,2024-12-31,Concluído,77.92,9.65
1419,943,406,Marketing,Líder 49,2024-04-23,2024-12-31,2024-08-19,Concluído,84.35,6.93
1420,944,415,Marketing,Líder 29,2024-12-10,2024-12-31,2024-12-31,Concluído,79.92,8.88
1421,944,296,Marketing,Líder 14,2024-12-11,2024-12-31,2024-12-31,Concluído,97.32,6.47
1422,945,36,Comercial,Líder 48,2024-09-05,2024-12-31,2024-12-31,Concluído,98.72,7.32
1423,945,405,Comercial,Líder 21,2024-03-12,2024-09-08,2024-07-22,Concluído,70.9,9.23
1424,946,487,Financeiro,Líder 47,2022-09-23,2023-09-18,,Cancelado,0.56,2.87
1425,946,116,Financeiro,Líder 48,2022-12-15,2023-10-11,,Em Andamento,68.05,5.76
1426,947,187,Gente & Gestão,Líder 18,2024-09-30,2024-12-31,2024-12-31,Concluído,76.18,7.3
1427,949,196,Gente & Gestão,Líder 24,2024-01-19,2024-06-17,2024-02-19,Concluído,90.61,6.33
1428,949,435,Gente & Gestão,Líder 49,2023-11-07,2024-11-01,,Cancelado,11.58,3.52
1429,949,205,Gente & Gestão,Líder 33,2024-01-05,2024-10-31,2024-10-21,Concluído,91.4,9.02
1430,951,328,Inovação,Líder 32,2024-07-03,2024-12-31,2024-12-31,Concluído,70.82,6.23
1431,951,256,Inovação,Líder 16,2024-01-25,2024-12-20,2024-04-05,Concluído,74.53,9.54
1432,951,2,Inovação,Líder 10,2024-02-27,2024-05-27,2024-03-01,Concluído,78.58,6.52
1433,954,48,Marketing,Líder 21,2024-05-07,2024-12-31,2024-08-30,Concluído,88.66,7.76
1434,954,326,Marketing,Líder 18,2024-01-31,2024-06-29,2024-02-17,Concluído,87.81,8.28
1435,955,482,Atendimento,Líder 3,2024-12-01,2024-12-31,2024-12-09,Concluído,82.86,9.03
1436,955,192,Atendimento,Líder 25,2024-12-15,2024-12-31,,Em Andamento,52.73,6.03
1437,956,126,Comercial,Líder 44,2024-09-07,2024-12-31,,Em Andamento,46.91,6.82
1438,956,127,Comercial,Líder 38,2023-10-10,2024-03-08,,Em Andamento,22.9,5.91
1439,957,203,Vendas,Líder 49,2024-05-27,2024-12-31,,Em Andamento,58.98,5.36
1440,957,178,Vendas,Líder 49,2024-10-16,2024-12-31,,Cancelado,16.88,5.71
1441,957,89,Vendas,Líder 49,2023-09-01,2023-12-30,2023-11-06,Concluído,94.81,6.15
1442,958,375,Vendas,Líder 29,2024-07-01,2024-12-31,,Cancelado,11.4,2.84
1443,958,133,Vendas,Líder 37,2023-11-25,2024-08-21,2024-03-18,Concluído,91.91,7.82
1444,958,422,Vendas,Líder 30,2024-08-01,2024-10-30,2024-08-29,Concluído,98.25,6.53
1445,959,400,Inovação,Líder 40,2024-11-27,2024-12-31,2024-12-01,Concluído,89.78,8.21
1446,959,64,Inovação,Líder 50,2024-12-11,2024-12-31,2024-12-31,Concluído,92.51,8.78
1447,960,500,Vendas,Líder 25,2024-12-30,2024-12-31,2024-12-31,Concluído,98.75,7.17
1448,960,60,Vendas,Líder 27,2024-12-24,2024-12-31,,Cancelado,4.1,4.32
1449,960,189,Vendas,Líder 14,2024-12-26,2024-12-31,2024-12-31,Concluído,87.54,7.17
1450,961,113,Operações,Líder 27,2024-09-11,2024-12-31,2024-09-27,Concluído,98.13,7.63
1451,964,369,Gente & Gestão,Líder 42,2023-12-06,2024-06-03,2024-05-14,Concluído,89.16,9.43
1452,964,341,Gente & Gestão,Líder 2,2024-01-27,2024-12-22,2024-12-31,Concluído,74.05,7.95
1453,964,391,Gente & Gestão,Líder 4,2023-02-18,2024-02-13,2023-05-23,Concluído,82.1,8.25
1454,966,442,Operações,Líder 34,2024-07-09,2024-12-31,2024-12-31,Concluído,77.3,8.75
1455,966,206,Operações,Líder 46,2024-11-11,2024-12-31,,Em Andamento,27.06,5.02
1456,967,124,Financeiro,Líder 22,2024-04-14,2024-11-10,,Cancelado,19.43,3.54
1457,967,185,Financeiro,Líder 49,2024-08-14,2024-12-31,,Em Andamento,29.48,4.53
1458,967,446,Financeiro,Líder 39,2023-11-09,2024-10-04,2024-09-28,Concluído,97.22,7.58
1459,968,382,Atendimento,Líder 48,2024-03-28,2024-09-24,2024-07-13,Concluído,91.46,6.73
1460,968,335,Atendimento,Líder 43,2024-12-07,2024-12-31,,Em Andamento,37.18,7.54
1461,970,316,Financeiro,Líder 2,2023-06-04,2023-10-02,2023-07-27,Concluído,98.66,8.23
1462,970,450,Financeiro,Líder 28,2022-06-23,2023-04-19,2022-08-10,Concluído,79.65,8.46
1463,971,337,Tecnologia,Líder 37,2024-11-16,2024-12-31,2024-12-31,Concluído,89.74,8.41
1464,972,291,Tecnologia,Líder 20,2023-07-19,2024-01-15,2024-02-21,Concluído,95.94,6.07
1465,972,407,Tecnologia,Líder 15,2023-03-25,2023-11-20,,Cancelado,15.87,4.52
1466,972,396,Tecnologia,Líder 21,2024-03-22,2024-07-20,,Em Andamento,60.69,4.07
1467,973,105,Atendimento,Líder 27,2024-04-25,2024-12-31,2024-06-02,Concluído,91.93,6.68
1468,974,170,Operações,Líder 36,2024-11-27,2024-12-31,2024-12-07,Concluído,87.5,8.22
1469,976,324,Financeiro,Líder 23,2024-08-02,2024-12-30,2024-12-20,Concluído,99.5,8.88
1470,976,332,Financeiro,Líder 3,2024-02-21,2024-11-17,2024-05-18,Concluído,96.09,8.73
1471,977,100,Qualidade,Líder 39,2024-09-26,2024-12-31,,Cancelado,12.6,2.07
1472,977,13,Qualidade,Líder 37,2024-08-10,2024-11-08,,Cancelado,21.1,5.63
1473,977,348,Qualidade,Líder 35,2024-11-13,2024-12-31,2024-12-31,Concluído,89.88,8.84
1474,978,246,Produto,Líder 7,2024-07-17,2024-12-31,,Em Andamento,74.95,5.65
1475,979,68,Marketing,Líder 13,2024-09-13,2024-12-12,,Em Andamento,42.1,5.42
1476,979,124,Marketing,Líder 30,2024-08-25,2024-12-31,2024-12-31,Concluído,75.82,9.76
1477,980,476,Financeiro,Líder 18,2024-12-28,2024-12-31,2024-12-31,Concluído,98.27,7.94
1478,980,79,Financeiro,Líder 28,2024-10-02,2024-12-31,,Em Andamento,35.8,4.88
1479,980,193,Financeiro,Líder 17,2024-12-19,2024-12-31,2024-12-31,Concluído,94.46,6.39
1480,981,193,Produto,Líder 49,2024-09-09,2024-12-31,2024-12-21,Concluído,86.34,9.9
1481,981,266,Produto,Líder 16,2024-12-19,2024-12-31,2024-12-26,Concluído,77.54,7.39
1482,982,145,Atendimento,Líder 29,2024-12-09,2024-12-31,2024-12-31,Concluído,97.16,9.52
1483,982,144,Atendimento,Líder 28,2024-12-31,2024-12-31,,Em Andamento,63.3,7.12
1484,983,488,Inovação,Líder 36,2024-12-29,2024-12-31,2024-12-31,Concluído,84.6,8.95
1485,984,440,Financeiro,Líder 20,2024-11-28,2024-12-31,,Em Andamento,79.03,7.41
1486,985,413,Atendimento,Líder 34,2023-06-05,2024-01-31,2024-01-12,Concluído,73.24,6.76
1487,985,90,Atendimento,Líder 23,2022-11-14,2023-04-13,2023-05-01,Concluído,93.7,7.17
1488,985,380,Atendimento,Líder 23,2023-05-26,2023-10-23,,Em Andamento,73.72,7.19
1489,987,178,Vendas,Líder 41,2023-06-12,2023-09-10,2023-07-03,Concluído,92.06,7.69
1490,987,148,Vendas,Líder 29,2024-04-19,2024-08-17,2024-08-13,Concluído,93.73,8.54
1491,988,113,Inovação,Líder 46,2024-12-30,2024-12-31,2024-12-31,Concluído,95.25,8.52
1492,990,186,Atendimento,Líder 35,2024-12-07,2024-12-31,2024-12-14,Concluído,93.98,9.1
1493,990,377,Atendimento,Líder 32,2024-03-02,2024-10-28,,Em Andamento,55.82,4.97
1494,991,495,Comercial,Líder 38,2023-06-21,2023-11-18,2023-11-05,Concluído,92.68,8.33
1495,991,111,Comercial,Líder 46,2023-08-13,2023-11-11,,Em Andamento,73.39,6.47
1496,991,96,Comercial,Líder 9,2024-11-08,2024-12-31,2024-12-31,Concluído,96.1,8.68
1497,992,203,Qualidade,Líder 35,2024-10-28,2024-12-31,,Cancelado,16.5,3.33
1498,992,447,Qualidade,Líder 45,2024-03-06,2024-07-04,,Cancelado,22.69,4.95
1499,993,383,Produto,Líder 39,2024-10-30,2024-12-31,,Cancelado,25.84,2.58
1500,993,412,Produto,Líder 27,2024-05-21,2024-12-31,,Em Andamento,72.5,4.35
1501,996,228,Operações,Líder 40,2024-03-01,2024-10-27,,Em Andamento,32.23,7.49
1502,996,459,Operações,Líder 37,2024-06-25,2024-12-31,2024-12-31,Concluído,97.97,8.54
1503,996,417,Operações,Líder 43,2023-12-22,2024-12-16,,Em Andamento,52.01,7.78
1504,997,216,Operações,Líder 30,2024-01-21,2024-09-17,2024-07-20,Concluído,72.61,9.55
1505,997,102,Operações,Líder 32,2023-02-27,2023-11-24,2023-05-01,Concluído,74.19,8.45
1506,998,248,Qualidade,Líder 25,2024-11-19,2024-12-31,2024-12-31,Concluído,94.37,7.74
1507,998,255,Qualidade,Líder 41,2024-06-05,2024-12-31,,Em Andamento,70.42,7.95
1508,998,23,Qualidade,Líder 30,2023-12-28,2024-07-25,2024-09-14,Concluído,94.44,9.86
1509,999,45,Financeiro,Líder 37,2024-10-27,2024-12-31,,Em Andamento,26.51,4.93
1510,999,111,Financeiro,Líder 3,2024-04-25,2024-11-21,,Em Andamento,31.88,7.59
1511,999,152,Financeiro,Líder 36,2024-06-08,2024-12-31,2024-06-27,Concluído,75.08,8.16
1512,1000,193,Tecnologia,Líder 24,2024-09-29,2024-12-31,2024-12-13,Concluído,88.8,9.14
1513,1001,131,Marketing,Líder 6,2024-03-04,2024-12-31,,Em Andamento,43.73,5.07
1514,1002,181,Atendimento,Líder 20,2024-07-04,2024-10-02,,Cancelado,38.17,5.1
1515,1002,491,Atendimento,Líder 44,2024-12-03,2024-12-31,2024-12-31,Concluído,83.22,6.69
1516,1003,91,Inovação,Líder 7,2022-07-09,2023-04-05,2022-08-16,Concluído,84.58,6.31
1517,1003,496,Inovação,Líder 8,2023-02-12,2023-12-09,,Em Andamento,33.44,6.12
1518,1006,452,Vendas,Líder 29,2024-11-05,2024-12-31,2024-12-31,Concluído,98.31,6.6
1519,1006,424,Vendas,Líder 35,2024-12-02,2024-12-31,2024-12-31,Concluído,90.68,8.27
1520,1008,317,Vendas,Líder 37,2024-06-21,2024-12-18,2024-12-05,Concluído,85.62,9.88
1521,1008,126,Vendas,Líder 33,2024-07-30,2024-12-31,,Em Andamento,59.38,7.91
1522,1008,2,Vendas,Líder 17,2024-07-25,2024-12-31,,Cancelado,35.18,5.05
1523,1009,100,Gente & Gestão,Líder 18,2024-10-13,2024-12-31,,Em Andamento,74.17,7.19
1524,1009,11,Gente & Gestão,Líder 44,2024-06-12,2024-11-09,2024-10-03,Concluído,96.84,9.56
1525,1009,347,Gente & Gestão,Líder 15,2024-09-12,2024-12-31,2024-11-04,Concluído,95.56,6.98
1526,1011,200,Operações,Líder 8,2024-08-21,2024-11-19,,Cancelado,17.24,4.13
1527,1012,58,Operações,Líder 5,2024-06-24,2024-12-31,,Em Andamento,61.16,4.15
1528,1012,482,Operações,Líder 9,2024-08-13,2024-12-31,2024-11-12,Concluído,95.94,8.29
1529,1015,203,Atendimento,Líder 35,2024-03-19,2024-09-15,,Em Andamento,33.39,5.02
1530,1015,332,Atendimento,Líder 43,2024-03-22,2024-12-31,,Em Andamento,71.88,5.65
1531,1016,86,Operações,Líder 15,2024-03-26,2024-12-31,,Em Andamento,36.26,4.91
1532,1016,367,Operações,Líder 44,2022-09-13,2023-02-10,2023-03-04,Concluído,95.16,8.77
1533,1016,481,Operações,Líder 4,2024-08-07,2024-11-05,,Cancelado,14.24,2.65
1534,1017,473,Marketing,Líder 11,2024-06-09,2024-12-31,,Cancelado,7.1,3.01
1535,1020,363,Comercial,Líder 22,2024-12-27,2024-12-31,2024-12-27,Concluído,93.32,8.93
1536,1021,381,Inovação,Líder 40,2024-03-04,2024-10-30,,Em Andamento,29.36,4.63
1537,1021,401,Inovação,Líder 45,2024-11-04,2024-12-31,,Cancelado,3.9,5.5
1538,1021,83,Inovação,Líder 29,2024-01-16,2024-09-12,,Em Andamento,22.9,4.05
1539,1022,423,Gente & Gestão,Líder 8,2023-10-18,2024-04-15,,Em Andamento,67.84,5.99
1540,1023,142,Atendimento,Líder 38,2024-03-27,2024-12-22,2024-04-01,Concluído,86.36,9.12
1541,1023,457,Atendimento,Líder 37,2024-08-11,2024-12-31,2024-10-22,Concluído,93.04,9.36
1542,1023,41,Atendimento,Líder 50,2024-04-30,2024-12-31,,Cancelado,3.32,5.1
1543,1025,157,Produto,Líder 14,2023-02-25,2023-05-26,,Em Andamento,39.55,6.6
1544,1025,56,Produto,Líder 43,2023-03-19,2023-11-14,2023-07-15,Concluído,80.42,9.94
1545,1026,257,Gente & Gestão,Líder 34,2024-09-10,2024-12-09,2024-09-16,Concluído,90.85,9.47
1546,1026,194,Gente & Gestão,Líder 43,2023-07-22,2023-11-19,2023-11-26,Concluído,89.85,7.2
1547,1026,302,Gente & Gestão,Líder 42,2023-03-01,2023-10-27,2023-09-09,Concluído,75.39,9.34
1548,1027,190,Vendas,Líder 4,2023-05-09,2023-08-07,2023-08-29,Concluído,85.91,9.29
1549,1027,234,Vendas,Líder 37,2022-04-17,2022-09-14,,Cancelado,10.68,2.71
1550,1027,343,Vendas,Líder 10,2023-11-14,2024-07-11,2024-01-31,Concluído,80.11,6.82
1551,1029,131,Suporte,Líder 14,2024-09-28,2024-12-31,,Em Andamento,60.76,4.97
1552,1029,257,Suporte,Líder 19,2024-10-16,2024-12-31,,Cancelado,14.14,3.66
1553,1031,29,Vendas,Líder 45,2023-12-18,2024-09-13,,Em Andamento,63.31,7.92
1554,1031,300,Vendas,Líder 2,2022-11-10,2023-03-10,2023-05-06,Concluído,77.62,6.4
1555,1032,370,Marketing,Líder 48,2024-07-08,2024-12-31,,Cancelado,12.02,2.06
1556,1033,231,Qualidade,Líder 12,2022-11-23,2023-07-21,2023-04-20,Concluído,97.66,8.93
1557,1034,280,Comercial,Líder 27,2023-09-25,2024-09-19,2023-11-27,Concluído,88.92,6.11
1558,1034,431,Comercial,Líder 3,2023-10-19,2024-08-14,,Cancelado,1.35,4.06
1559,1035,474,Financeiro,Líder 3,2023-12-26,2024-07-23,2024-05-20,Concluído,81.45,9.04
1560,1036,398,Suporte,Líder 9,2024-10-20,2024-12-31,,Em Andamento,49.48,7.74
1561,1037,361,Marketing,Líder 37,2023-11-10,2024-03-09,2024-01-16,Concluído,74.42,8.62
1562,1037,31,Marketing,Líder 45,2024-02-26,2024-11-22,2024-10-22,Concluído,81.66,7.66
1563,1038,260,Produto,Líder 43,2023-03-06,2023-12-01,2023-03-14,Concluído,74.04,6.82
1564,1038,362,Produto,Líder 23,2024-09-13,2024-12-31,2024-12-31,Concluído,85.16,8.62
1565,1038,364,Produto,Líder 18,2023-05-22,2023-10-19,2023-11-16,Concluído,77.41,8.38
1566,1039,126,Produto,Líder 4,2024-12-24,2024-12-31,2024-12-31,Concluído,73.81,8.18
1567,1039,415,Produto,Líder 21,2024-12-28,2024-12-31,2024-12-31,Concluído,84.04,8.91
1568,1039,56,Produto,Líder 27,2024-12-29,2024-12-31,2024-12-31,Concluído,88.41,7.73
1569,1040,272,Tecnologia,Líder 12,2023-05-15,2023-10-12,,Em Andamento,47.85,4.95
1570,1040,382,Tecnologia,Líder 3,2023-01-04,2023-12-30,2023-08-16,Concluído,93.13,7.15
1571,1040,51,Tecnologia,Líder 35,2024-05-11,2024-12-31,2024-07-24,Concluído,71.27,9.62
1572,1043,373,Gente & Gestão,Líder 13,2023-07-30,2024-01-26,2023-09-16,Concluído,80.72,8.8
1573,1043,94,Gente & Gestão,Líder 31,2024-11-18,2024-12-31,,Cancelado,12.06,4.69
1574,1044,146,Qualidade,Líder 28,2024-12-09,2024-12-31,,Em Andamento,73.4,7.99
1575,1044,344,Qualidade,Líder 35,2022-10-07,2023-10-02,2023-05-09,Concluído,98.5,9.31
1576,1045,261,Atendimento,Líder 40,2024-09-15,2024-12-31,2024-12-04,Concluído,97.68,6.89
1577,1045,188,Atendimento,Líder 45,2024-04-14,2024-08-12,,Em Andamento,43.95,7.5
1578,1045,183,Atendimento,Líder 48,2024-04-22,2024-12-18,2024-04-30,Concluído,76.26,6.82
1579,1047,138,Gente & Gestão,Líder 11,2024-04-14,2024-07-13,2024-05-13,Concluído,90.65,9.28
1580,1047,358,Gente & Gestão,Líder 19,2024-05-02,2024-08-30,2024-05-20,Concluído,94.69,6.17
1581,1048,161,Atendimento,Líder 16,2024-10-15,2024-12-31,2024-12-31,Concluído,80.74,7.83
1582,1048,80,Atendimento,Líder 5,2024-05-10,2024-10-07,,Em Andamento,78.23,7.71
1583,1049,475,Marketing,Líder 1,2022-07-05,2023-01-31,,Em Andamento,63.3,7.7
1584,1049,153,Marketing,Líder 25,2022-10-11,2023-03-10,,Em Andamento,53.65,5.78
1585,1050,114,Qualidade,Líder 22,2023-12-11,2024-06-08,2024-03-30,Concluído,71.97,6.11
1586,1051,434,Tecnologia,Líder 15,2024-04-25,2024-10-22,,Em Andamento,75.61,7.13
1587,1051,391,Tecnologia,Líder 21,2024-12-21,2024-12-31,2024-12-27,Concluído,97.38,7.26
1588,1051,464,Tecnologia,Líder 23,2024-03-20,2024-09-16,,Em Andamento,28.44,6.1
1589,1052,229,Suporte,Líder 33,2024-08-28,2024-12-31,2024-12-29,Concluído,81.36,6.84
1590,1052,273,Suporte,Líder 37,2024-11-27,2024-12-31,,Em Andamento,75.36,4.59
1591,1052,44,Suporte,Líder 15,2024-12-12,2024-12-31,2024-12-31,Concluído,74.78,7.42
1592,1053,319,Tecnologia,Líder 4,2024-04-13,2024-09-10,2024-05-15,Concluído,81.63,9.89
1593,1053,439,Tecnologia,Líder 29,2023-10-22,2024-09-16,2024-04-11,Concluído,70.52,6.57
1594,1054,83,Operações,Líder 23,2024-09-20,2024-12-31,2024-12-31,Concluído,86.08,8.34
1595,1055,243,Qualidade,Líder 24,2023-02-04,2023-08-03,,Em Andamento,72.66,5.97
1596,1055,248,Qualidade,Líder 32,2022-12-31,2023-05-30,2023-05-24,Concluído,84.59,7.52
1597,1056,219,Produto,Líder 29,2024-04-14,2024-09-11,2024-07-23,Concluído,79.19,9.18
1598,1056,149,Produto,Líder 42,2023-09-13,2024-06-09,2023-11-14,Concluído,86.79,8.48
1599,1057,77,Inovação,Líder 24,2024-10-13,2024-12-31,2024-12-31,Concluído,70.08,7.25
1600,1058,154,Inovação,Líder 3,2024-02-24,2024-11-20,2024-09-02,Concluído,86.53,8.57
1601,1058,490,Inovação,Líder 5,2023-03-30,2024-03-24,2024-03-31,Concluído,86.32,7.32
1602,1059,259,Financeiro,Líder 11,2024-06-06,2024-12-31,2024-10-20,Concluído,97.51,7.92
1603,1060,266,Tecnologia,Líder 8,2024-02-20,2024-10-17,2024-08-06,Concluído,84.61,8.42
1604,1060,369,Tecnologia,Líder 2,2024-02-15,2024-10-12,,Em Andamento,50.75,6.41
1605,1061,405,Gente & Gestão,Líder 43,2024-04-23,2024-12-31,,Em Andamento,41.05,5.79
1606,1062,368,Qualidade,Líder 17,2023-11-28,2024-11-22,2024-12-04,Concluído,78.21,7.98
1607,1063,296,Vendas,Líder 33,2024-07-19,2024-12-16,2024-12-31,Concluído,85.07,8.19
1608,1063,403,Vendas,Líder 43,2024-05-08,2024-10-05,2024-05-14,Concluído,70.66,9.07
1609,1063,255,Vendas,Líder 27,2024-01-04,2024-08-31,,Em Andamento,61.07,6.66
1610,1064,410,Inovação,Líder 31,2024-12-25,2024-12-31,2024-12-31,Concluído,72.43,8.96
1611,1066,353,Produto,Líder 24,2024-12-27,2024-12-31,2024-12-31,Concluído,70.06,9.84
1612,1066,374,Produto,Líder 31,2024-11-11,2024-12-31,2024-12-31,Concluído,91.43,8.07
1613,1068,376,Produto,Líder 3,2022-09-21,2023-07-18,2023-03-02,Concluído,73.4,6.39
1614,1068,347,Produto,Líder 49,2024-04-16,2024-08-14,,Em Andamento,47.08,5.01
1615,1068,84,Produto,Líder 41,2024-02-22,2024-09-19,2024-10-12,Concluído,74.42,6.94
1616,1069,111,Tecnologia,Líder 29,2023-12-13,2024-07-10,2024-03-26,Concluído,85.92,7.57
1617,1069,349,Tecnologia,Líder 5,2024-09-13,2024-12-31,,Em Andamento,35.15,7.02
1618,1070,124,Suporte,Líder 34,2024-10-18,2024-12-31,,Em Andamento,61.33,6.41
1619,1070,461,Suporte,Líder 31,2024-12-12,2024-12-31,2024-12-31,Concluído,75.78,9.31
1620,1071,158,Operações,Líder 36,2024-05-25,2024-10-22,2024-09-11,Concluído,71.94,6.92
1621,1071,312,Operações,Líder 18,2024-12-05,2024-12-31,2024-12-31,Concluído,76.34,6.02
1622,1073,363,Produto,Líder 11,2024-12-14,2024-12-31,,Em Andamento,50.82,7.01
1623,1075,2,Vendas,Líder 16,2024-10-19,2024-12-31,2024-12-24,Concluído,75.32,7.24
1624,1075,427,Vendas,Líder 48,2024-06-26,2024-12-31,2024-08-19,Concluído,95.02,8.46
1625,1076,173,Produto,Líder 2,2024-12-08,2024-12-31,2024-12-31,Concluído,88.06,7.33
1626,1076,357,Produto,Líder 8,2024-11-11,2024-12-31,,Cancelado,33.52,3.78
1627,1076,322,Produto,Líder 21,2023-09-30,2024-02-27,2024-02-01,Concluído,78.45,9.45
1628,1077,158,Financeiro,Líder 6,2023-09-04,2023-12-03,,Em Andamento,38.92,4.99
1629,1077,460,Financeiro,Líder 9,2024-07-04,2024-12-31,2024-10-06,Concluído,72.95,6.03
1630,1077,48,Financeiro,Líder 21,2023-12-12,2024-12-06,,Em Andamento,75.89,5.78
1631,1079,111,Gente & Gestão,Líder 44,2023-11-13,2024-07-10,,Em Andamento,53.33,4.2
1632,1079,420,Gente & Gestão,Líder 8,2024-04-11,2024-07-10,2024-05-21,Concluído,70.53,7.32
1633,1079,346,Gente & Gestão,Líder 19,2023-10-19,2024-02-16,,Em Andamento,38.57,4.52
1634,1080,225,Qualidade,Líder 12,2024-10-07,2024-12-31,2024-12-31,Concluído,96.57,6.02
1635,1080,392,Qualidade,Líder 44,2022-09-10,2023-05-08,2022-09-17,Concluído,95.04,8.38
1636,1080,302,Qualidade,Líder 30,2024-03-29,2024-12-31,2024-09-08,Concluído,79.44,9.79
1637,1082,18,Produto,Líder 20,2024-12-08,2024-12-31,2024-12-31,Concluído,81.27,8.44
1638,1084,446,Inovação,Líder 22,2023-12-07,2024-10-02,2024-09-19,Concluído,81.05,7.92
1639,1086,302,Tecnologia,Líder 45,2023-07-07,2023-11-04,2023-09-06,Concluído,71.36,8.54
1640,1087,408,Marketing,Líder 1,2024-11-06,2024-12-31,2024-12-31,Concluído,81.47,7.25
1641,1087,328,Marketing,Líder 8,2023-10-22,2024-09-16,2023-12-23,Concluído,84.08,8.47
1642,1087,253,Marketing,Líder 41,2024-02-25,2024-12-31,,Em Andamento,50.98,7.07
1643,1088,167,Comercial,Líder 5,2024-04-21,2024-12-31,2024-12-06,Concluído,89.42,6.38
1644,1088,147,Comercial,Líder 7,2024-11-25,2024-12-31,2024-12-31,Concluído,71.68,6.14
1645,1088,101,Comercial,Líder 22,2024-10-07,2024-12-31,2024-12-31,Concluído,70.64,8.33
1646,1090,482,Marketing,Líder 13,2023-10-22,2024-01-20,2024-01-07,Concluído,96.65,7.7
1647,1090,428,Marketing,Líder 6,2024-04-21,2024-11-17,,Cancelado,13.37,3.0
1648,1090,467,Marketing,Líder 45,2024-01-26,2024-12-31,2024-02-03,Concluído,98.81,9.18
1649,1091,389,Suporte,Líder 25,2022-04-26,2022-08-24,2022-08-04,Concluído,91.84,6.48
1650,1092,247,Comercial,Líder 48,2023-05-13,2024-03-08,2023-07-25,Concluído,88.34,8.05
1651,1093,291,Financeiro,Líder 37,2024-07-06,2024-12-31,,Em Andamento,52.09,4.46
1652,1094,313,Qualidade,Líder 47,2023-10-23,2024-07-19,,Em Andamento,31.32,6.98
1653,1094,118,Qualidade,Líder 21,2023-03-16,2023-06-14,2023-08-04,Concluído,82.57,6.56
1654,1094,384,Qualidade,Líder 47,2024-05-21,2024-12-31,2024-07-04,Concluído,84.2,6.02
1655,1095,187,Marketing,Líder 8,2023-10-29,2024-05-26,2024-01-11,Concluído,99.58,7.09
1656,1096,143,Financeiro,Líder 42,2024-11-26,2024-12-31,2024-12-31,Concluído,97.07,9.87
1657,1096,122,Financeiro,Líder 1,2024-12-04,2024-12-31,,Cancelado,35.51,2.36
1658,1097,26,Produto,Líder 24,2024-11-20,2024-12-31,2024-12-21,Concluído,99.04,6.58
1659,1098,428,Marketing,Líder 9,2024-08-19,2024-12-31,2024-09-29,Concluído,98.33,8.08
1660,1098,343,Marketing,Líder 4,2024-10-26,2024-12-31,2024-12-31,Concluído,99.11,8.45
1661,1098,286,Marketing,Líder 29,2024-11-09,2024-12-31,2024-12-31,Concluído,75.44,8.2
1662,1099,172,Suporte,Líder 47,2024-05-17,2024-12-31,2024-08-31,Concluído,82.86,7.57
1663,1099,94,Suporte,Líder 10,2024-09-16,2024-12-31,2024-11-17,Concluído,98.31,8.66
1664,1099,59,Suporte,Líder 7,2024-12-20,2024-12-31,2024-12-31,Concluído,84.26,7.69
1665,1100,314,Inovação,Líder 7,2024-05-18,2024-12-31,2024-08-12,Concluído,78.48,6.61
1666,1101,61,Financeiro,Líder 36,2024-12-26,2024-12-31,2024-12-31,Concluído,73.29,6.95
1667,1101,282,Financeiro,Líder 42,2023-07-26,2023-10-24,2023-10-20,Concluído,81.98,9.83
1668,1102,93,Tecnologia,Líder 11,2024-09-30,2024-12-31,2024-12-31,Concluído,96.72,6.92
1669,1102,163,Tecnologia,Líder 27,2024-06-18,2024-12-31,,Em Andamento,22.19,4.01
1670,1102,44,Tecnologia,Líder 34,2024-07-09,2024-10-07,2024-11-18,Concluído,75.55,7.1
1671,1103,471,Suporte,Líder 41,2024-10-05,2024-12-31,2024-12-31,Concluído,70.32,9.48
1672,1103,294,Suporte,Líder 14,2024-12-20,2024-12-31,,Em Andamento,45.42,7.43
1673,1103,391,Suporte,Líder 45,2024-07-24,2024-12-31,2024-09-27,Concluído,71.45,8.9
1674,1104,176,Qualidade,Líder 24,2023-03-20,2024-03-14,2023-05-22,Concluído,86.96,8.61
1675,1104,444,Qualidade,Líder 30,2024-05-27,2024-12-31,2024-12-23,Concluído,84.56,6.52
1676,1104,87,Qualidade,Líder 45,2024-04-19,2024-09-16,2024-08-02,Concluído,89.95,9.01
1677,1105,443,Comercial,Líder 20,2024-07-13,2024-11-10,,Cancelado,18.45,2.09
1678,1105,99,Comercial,Líder 2,2024-05-17,2024-12-31,2024-10-10,Concluído,95.85,7.71
1679,1105,441,Comercial,Líder 28,2024-05-19,2024-12-15,2024-09-08,Concluído,70.7,9.89
1680,1106,495,Gente & Gestão,Líder 19,2024-05-21,2024-11-17,,Em Andamento,57.67,7.55
1681,1106,423,Gente & Gestão,Líder 27,2024-06-19,2024-12-31,2024-09-16,Concluído,71.45,9.78
1682,1107,103,Marketing,Líder 46,2024-06-30,2024-12-31,2024-11-14,Concluído,83.15,9.7
1683,1107,289,Marketing,Líder 2,2023-04-27,2023-09-24,2023-06-24,Concluído,76.51,6.83
1684,1107,274,Marketing,Líder 26,2023-02-24,2023-07-24,2023-04-08,Concluído,81.49,8.29
1685,1108,80,Marketing,Líder 49,2024-07-10,2024-12-31,,Em Andamento,77.7,7.26
1686,1109,310,Tecnologia,Líder 23,2023-12-14,2024-05-12,2024-03-09,Concluído,79.77,6.73
1687,1109,185,Tecnologia,Líder 37,2023-01-11,2023-10-08,,Cancelado,26.54,2.47
1688,1110,159,Financeiro,Líder 30,2023-04-13,2024-04-07,,Em Andamento,75.7,4.32
1689,1110,180,Financeiro,Líder 42,2023-01-20,2023-08-18,2023-06-08,Concluído,98.44,8.12
1690,1111,60,Comercial,Líder 14,2024-10-19,2024-12-31,,Em Andamento,62.99,7.02
1691,1111,261,Comercial,Líder 30,2024-12-18,2024-12-31,2024-12-31,Concluído,92.66,8.68
1692,1111,156,Comercial,Líder 11,2024-02-13,2024-05-13,2024-04-07,Concluído,94.21,9.22
1693,1112,327,Marketing,Líder 17,2023-11-05,2024-03-04,,Em Andamento,54.06,7.54
1694,1114,36,Gente & Gestão,Líder 42,2022-11-05,2023-10-01,2023-02-09,Concluído,79.86,7.6
1695,1114,498,Gente & Gestão,Líder 23,2024-08-17,2024-12-31,2024-12-31,Concluído,82.75,6.06
1696,1114,420,Gente & Gestão,Líder 42,2023-03-01,2023-08-28,2023-04-28,Concluído,97.44,9.72
1697,1115,407,Suporte,Líder 20,2023-06-30,2023-12-27,2023-11-12,Concluído,75.73,9.37
1698,1117,27,Vendas,Líder 37,2024-01-08,2024-10-04,,Em Andamento,68.3,5.28
1699,1117,262,Vendas,Líder 16,2024-04-27,2024-10-24,2024-07-08,Concluído,74.65,7.4
1700,1117,64,Vendas,Líder 35,2024-04-16,2024-12-31,2024-12-31,Concluído,93.34,9.55
1701,1119,126,Inovação,Líder 43,2024-09-27,2024-12-31,2024-11-11,Concluído,76.29,9.94
1702,1119,264,Inovação,Líder 12,2023-12-27,2024-10-22,2024-10-30,Concluído,99.28,7.99
1703,1120,431,Vendas,Líder 35,2024-01-07,2024-06-05,,Em Andamento,53.31,4.51
1704,1120,117,Vendas,Líder 21,2024-05-20,2024-12-16,2024-11-18,Concluído,82.93,6.76
1705,1120,248,Vendas,Líder 20,2023-11-04,2024-03-03,2023-11-08,Concluído,86.06,7.37
1706,1122,262,Qualidade,Líder 38,2023-12-02,2024-04-30,,Em Andamento,25.39,6.37
1707,1122,278,Qualidade,Líder 21,2023-12-29,2024-04-27,2024-03-20,Concluído,94.16,6.45
1708,1122,460,Qualidade,Líder 35,2023-09-25,2024-09-19,2024-08-14,Concluído,94.74,7.74
1709,1123,490,Vendas,Líder 38,2024-11-17,2024-12-31,2024-12-31,Concluído,70.24,9.2
1710,1124,390,Produto,Líder 8,2024-05-08,2024-11-04,2024-12-14,Concluído,80.15,8.83
1711,1124,165,Produto,Líder 21,2024-05-24,2024-11-20,2024-06-10,Concluído,88.65,9.26
1712,1124,414,Produto,Líder 18,2024-07-26,2024-12-31,2024-12-31,Concluído,74.69,8.39
1713,1125,76,Tecnologia,Líder 41,2024-02-01,2024-08-29,,Cancelado,12.61,3.63
1714,1125,256,Tecnologia,Líder 6,2024-04-09,2024-12-31,2024-12-31,Concluído,74.97,8.96
1715,1126,350,Vendas,Líder 1,2024-11-28,2024-12-31,2024-12-31,Concluído,90.47,8.16
1716,1126,174,Vendas,Líder 8,2024-11-26,2024-12-31,2024-12-31,Concluído,84.1,6.1
1717,1127,262,Operações,Líder 36,2024-09-26,2024-12-31,2024-11-12,Concluído,76.85,6.6
1718,1128,102,Vendas,Líder 22,2024-10-19,2024-12-31,,Em Andamento,22.69,4.59
1719,1129,196,Marketing,Líder 7,2024-10-23,2024-12-31,2024-12-31,Concluído,94.14,8.0
1720,1129,223,Marketing,Líder 8,2022-12-18,2023-03-18,2023-02-20,Concluído,70.38,6.15
1721,1129,420,Marketing,Líder 1,2024-07-24,2024-10-22,2024-08-29,Concluído,94.06,9.53
1722,1130,372,Qualidade,Líder 4,2024-08-26,2024-12-31,,Cancelado,18.24,5.65
1723,1132,174,Inovação,Líder 34,2024-07-28,2024-12-31,2024-12-31,Concluído,94.65,8.33
1724,1133,276,Suporte,Líder 4,2024-08-20,2024-12-31,2024-08-25,Concluído,78.98,8.01
1725,1134,499,Tecnologia,Líder 33,2022-06-30,2022-10-28,2022-12-09,Concluído,90.04,8.24
1726,1134,327,Tecnologia,Líder 40,2024-06-10,2024-12-31,2024-09-12,Concluído,98.6,8.69
1727,1135,422,Financeiro,Líder 42,2024-02-14,2024-12-31,,Em Andamento,56.73,6.58
1728,1135,339,Financeiro,Líder 45,2024-01-29,2024-07-27,2024-03-12,Concluído,95.5,8.29
1729,1135,402,Financeiro,Líder 34,2024-10-25,2024-12-31,2024-12-31,Concluído,70.55,6.01
1730,1136,223,Gente & Gestão,Líder 22,2024-08-23,2024-12-31,,Em Andamento,23.48,7.1
1731,1137,242,Financeiro,Líder 12,2024-11-27,2024-12-31,2024-12-31,Concluído,78.51,6.32
1732,1137,213,Financeiro,Líder 36,2024-06-12,2024-10-10,2024-08-17,Concluído,86.13,7.1
1733,1137,151,Financeiro,Líder 38,2024-09-22,2024-12-31,,Em Andamento,28.25,6.42
1734,1138,422,Financeiro,Líder 17,2024-12-08,2024-12-31,2024-12-31,Concluído,91.88,9.33
1735,1140,323,Marketing,Líder 30,2024-04-14,2024-11-10,2024-12-16,Concluído,80.74,6.46
1736,1140,140,Marketing,Líder 14,2024-03-17,2024-07-15,2024-03-30,Concluído,75.4,7.33
1737,1141,50,Marketing,Líder 13,2024-12-07,2024-12-31,,Em Andamento,54.9,4.41
1738,1141,150,Marketing,Líder 46,2024-12-23,2024-12-31,2024-12-31,Concluído,71.41,6.95
1739,1141,491,Marketing,Líder 37,2024-12-25,2024-12-31,2024-12-31,Concluído,76.94,8.92
1740,1142,93,Inovação,Líder 20,2023-09-29,2023-12-28,,Cancelado,24.63,2.98
1741,1142,126,Inovação,Líder 40,2023-09-04,2024-07-30,,Em Andamento,40.34,4.32
1742,1142,93,Inovação,Líder 19,2024-11-18,2024-12-31,2024-12-31,Concluído,96.53,8.27
1743,1144,399,Inovação,Líder 12,2023-04-28,2024-04-22,,Em Andamento,63.14,6.93
1744,1144,252,Inovação,Líder 37,2024-10-25,2024-12-31,2024-10-25,Concluído,90.57,7.02
1745,1144,107,Inovação,Líder 40,2023-02-21,2023-05-22,,Em Andamento,20.5,4.86
1746,1145,139,Comercial,Líder 18,2024-10-31,2024-12-31,2024-12-31,Concluído,72.98,8.12
1747,1145,285,Comercial,Líder 16,2024-09-15,2024-12-31,2024-12-18,Concluído,81.08,7.87
1748,1145,304,Comercial,Líder 6,2024-09-18,2024-12-31,2024-10-09,Concluído,89.07,7.39
1749,1148,463,Qualidade,Líder 21,2024-08-19,2024-12-31,,Em Andamento,67.81,5.87
1750,1149,199,Tecnologia,Líder 23,2024-10-19,2024-12-31,,Em Andamento,30.15,5.64
1751,1150,3,Qualidade,Líder 17,2024-10-28,2024-12-31,2024-12-31,Concluído,96.04,6.32
1752,1150,49,Qualidade,Líder 46,2023-10-01,2024-07-27,2024-04-28,Concluído,75.49,6.01
1753,1151,323,Vendas,Líder 43,2024-10-28,2024-12-31,2024-12-31,Concluído,70.87,7.37
1754,1151,392,Vendas,Líder 13,2024-11-14,2024-12-31,2024-12-31,Concluído,80.13,8.4
1755,1152,358,Vendas,Líder 35,2024-02-26,2024-12-31,,Em Andamento,74.58,4.29
1756,1154,472,Inovação,Líder 14,2024-12-20,2024-12-31,2024-12-31,Concluído,71.95,7.42
1757,1154,195,Inovação,Líder 14,2024-12-30,2024-12-31,2024-12-31,Concluído,82.18,9.85
1758,1154,422,Inovação,Líder 46,2024-12-16,2024-12-31,,Em Andamento,30.96,7.03
1759,1156,297,Marketing,Líder 41,2024-10-15,2024-12-31,,Em Andamento,21.92,4.94
1760,1156,76,Marketing,Líder 50,2024-07-08,2024-12-31,2024-08-20,Concluído,89.53,8.73
1761,1156,113,Marketing,Líder 29,2024-05-22,2024-08-20,2024-10-08,Concluído,70.65,9.26
1762,1157,413,Gente & Gestão,Líder 30,2022-11-22,2023-06-20,,Em Andamento,76.16,4.49
1763,1157,438,Gente & Gestão,Líder 30,2024-07-03,2024-12-30,2024-07-20,Concluído,91.71,7.6
1764,1158,92,Vendas,Líder 34,2024-10-05,2024-12-31,2024-11-02,Concluído,81.46,8.28
1765,1161,268,Operações,Líder 42,2024-05-12,2024-12-31,,Em Andamento,22.99,7.1
1766,1161,457,Operações,Líder 33,2024-12-10,2024-12-31,2024-12-31,Concluído,88.78,6.93
1767,1161,313,Operações,Líder 32,2024-04-06,2024-12-31,2024-11-25,Concluído,90.5,8.04
1768,1162,322,Operações,Líder 43,2024-07-24,2024-12-31,,Em Andamento,25.38,7.1
1769,1162,183,Operações,Líder 31,2024-01-11,2024-04-10,,Em Andamento,22.25,5.92
1770,1163,212,Operações,Líder 7,2024-06-30,2024-12-31,2024-09-21,Concluído,85.71,8.48
1771,1166,312,Atendimento,Líder 42,2023-11-05,2024-09-30,,Cancelado,16.43,3.07
1772,1166,481,Atendimento,Líder 12,2024-10-16,2024-12-31,2024-12-31,Concluído,83.59,8.44
1773,1167,309,Tecnologia,Líder 38,2024-01-19,2024-06-17,2024-05-19,Concluído,89.84,7.49
1774,1167,246,Tecnologia,Líder 33,2024-02-14,2024-11-10,2024-10-03,Concluído,84.33,7.65
1775,1168,390,Marketing,Líder 16,2023-02-24,2023-09-22,,Em Andamento,22.83,6.4
1776,1168,227,Marketing,Líder 34,2024-05-12,2024-12-31,,Cancelado,26.45,2.48
1777,1169,302,Vendas,Líder 17,2024-07-30,2024-12-31,,Em Andamento,25.09,4.27
1778,1169,483,Vendas,Líder 38,2024-04-07,2024-12-31,2024-06-25,Concluído,85.86,7.48
1779,1169,477,Vendas,Líder 18,2023-12-22,2024-11-16,,Em Andamento,31.98,6.34
1780,1170,143,Inovação,Líder 2,2024-10-08,2024-12-31,2024-10-18,Concluído,90.32,8.13
1781,1170,429,Inovação,Líder 23,2024-06-02,2024-11-29,2024-07-10,Concluído,96.85,6.93
1782,1171,385,Suporte,Líder 45,2024-12-20,2024-12-31,2024-12-31,Concluído,92.91,8.3
1783,1171,337,Suporte,Líder 13,2024-12-30,2024-12-31,2024-12-31,Concluído,77.88,8.5
1784,1171,445,Suporte,Líder 20,2024-12-22,2024-12-31,2024-12-31,Concluído,70.27,9.4
1785,1172,146,Atendimento,Líder 32,2024-11-01,2024-12-31,2024-11-04,Concluído,76.89,7.14
1786,1172,219,Atendimento,Líder 20,2024-09-20,2024-12-31,2024-09-29,Concluído,70.81,6.28
1787,1174,499,Tecnologia,Líder 29,2023-07-05,2024-01-31,,Em Andamento,53.6,4.37
1788,1176,241,Qualidade,Líder 25,2024-12-17,2024-12-31,2024-12-31,Concluído,93.89,9.75
1789,1176,497,Qualidade,Líder 42,2024-12-23,2024-12-31,2024-12-31,Concluído,95.18,9.74
1790,1176,238,Qualidade,Líder 30,2024-11-12,2024-12-31,2024-11-16,Concluído,98.85,7.94
1791,1178,166,Atendimento,Líder 24,2024-09-08,2024-12-31,2024-12-31,Concluído,77.03,7.57
1792,1178,274,Atendimento,Líder 31,2024-08-04,2024-12-31,2024-12-31,Concluído,88.94,9.96
1793,1182,333,Operações,Líder 10,2023-02-05,2023-11-02,2023-09-27,Concluído,70.12,6.27
1794,1182,345,Operações,Líder 7,2024-04-15,2024-07-14,,Cancelado,39.37,5.4
1795,1182,230,Operações,Líder 1,2024-03-31,2024-12-26,2024-10-20,Concluído,75.21,7.25
1796,1183,383,Financeiro,Líder 40,2023-10-12,2024-10-06,2024-06-17,Concluído,87.23,7.07
1797,1184,419,Suporte,Líder 29,2024-06-16,2024-10-14,2024-09-25,Concluído,74.35,8.55
1798,1184,474,Suporte,Líder 40,2023-06-21,2024-05-16,2023-09-28,Concluído,91.7,9.48
1799,1184,454,Suporte,Líder 11,2022-12-14,2023-08-11,,Em Andamento,61.32,7.17
1800,1185,230,Vendas,Líder 7,2023-12-08,2024-05-06,2024-02-25,Concluído,88.23,7.69
1801,1185,405,Vendas,Líder 24,2023-11-25,2024-05-23,2024-04-04,Concluído,90.87,8.48
1802,1185,93,Vendas,Líder 38,2024-10-22,2024-12-31,2024-11-02,Concluído,74.57,7.84
1803,1186,458,Gente & Gestão,Líder 23,2024-12-17,2024-12-31,2024-12-25,Concluído,89.26,7.28
1804,1186,357,Gente & Gestão,Líder 13,2024-07-25,2024-12-31,,Em Andamento,76.92,7.4
1805,1186,317,Gente & Gestão,Líder 17,2024-10-31,2024-12-31,2024-12-14,Concluído,94.07,6.39
1806,1187,49,Marketing,Líder 7,2024-10-24,2024-12-31,,Em Andamento,57.94,5.32
1807,1188,282,Gente & Gestão,Líder 23,2022-11-13,2023-08-10,2022-12-19,Concluído,95.07,6.1
1808,1189,476,Tecnologia,Líder 50,2024-08-16,2024-12-31,2024-09-16,Concluído,93.82,7.43
1809,1189,262,Tecnologia,Líder 3,2024-10-02,2024-12-31,2024-12-23,Concluído,96.12,7.21
1810,1191,315,Produto,Líder 32,2024-08-05,2024-12-31,2024-12-31,Concluído,82.84,9.52
1811,1191,188,Produto,Líder 39,2023-03-28,2023-09-24,2023-11-08,Concluído,99.51,7.41
1812,1191,13,Produto,Líder 6,2023-07-02,2024-03-28,2024-01-19,Concluído,84.7,6.1
1813,1192,261,Atendimento,Líder 27,2024-12-19,2024-12-31,,Em Andamento,35.52,7.17
1814,1192,195,Atendimento,Líder 9,2024-12-19,2024-12-31,2024-12-31,Concluído,82.84,9.46
1815,1192,370,Atendimento,Líder 34,2024-12-22,2024-12-31,2024-12-25,Concluído,71.07,6.59
1816,1194,397,Financeiro,Líder 16,2023-06-28,2024-01-24,2024-03-05,Concluído,97.63,8.73
1817,1195,466,Marketing,Líder 41,2023-01-24,2023-05-24,2023-05-02,Concluído,83.5,8.7
1818,1196,491,Vendas,Líder 17,2023-06-24,2024-02-19,2023-09-01,Concluído,84.5,6.85
1819,1196,13,Vendas,Líder 1,2024-01-09,2024-07-07,2024-03-09,Concluído,98.17,7.49
1820,1198,11,Marketing,Líder 48,2024-05-04,2024-12-31,2024-06-08,Concluído,92.72,9.05
1821,1198,297,Marketing,Líder 10,2024-08-14,2024-11-12,,Em Andamento,77.74,6.53
1822,1199,237,Operações,Líder 28,2024-11-01,2024-12-31,2024-12-31,Concluído,73.77,8.74
1823,1199,175,Operações,Líder 13,2024-05-17,2024-12-31,,Cancelado,29.72,2.03
1824,1200,176,Tecnologia,Líder 18,2022-11-19,2023-09-15,2023-04-13,Concluído,96.53,6.19
1825,1200,301,Tecnologia,Líder 39,2024-11-26,2024-12-31,,Cancelado,7.19,5.62
1826,1201,7,Suporte,Líder 40,2022-12-16,2023-07-14,2023-02-12,Concluído,93.76,8.43
1827,1202,194,Operações,Líder 34,2024-08-14,2024-12-31,2024-10-24,Concluído,82.09,9.51
1828,1203,221,Gente & Gestão,Líder 49,2024-12-31,2024-12-31,2024-12-31,Concluído,89.65,7.44
1829,1203,157,Gente & Gestão,Líder 38,2024-12-29,2024-12-31,,Em Andamento,45.97,6.12
1830,1203,324,Gente & Gestão,Líder 37,2024-12-28,2024-12-31,2024-12-31,Concluído,92.92,7.74
1831,1205,256,Vendas,Líder 6,2024-12-04,2024-12-31,2024-12-28,Concluído,75.44,6.45
1832,1206,251,Atendimento,Líder 20,2023-12-08,2024-11-02,2024-02-26,Concluído,93.43,8.47
1833,1206,495,Atendimento,Líder 28,2023-03-15,2023-08-12,2023-07-09,Concluído,93.06,9.72
1834,1207,422,Financeiro,Líder 20,2024-12-02,2024-12-31,2024-12-02,Concluído,83.89,9.76
1835,1207,113,Financeiro,Líder 47,2024-07-02,2024-12-29,2024-10-10,Concluído,89.52,6.6
1836,1207,212,Financeiro,Líder 7,2024-11-01,2024-12-31,2024-12-31,Concluído,93.28,7.14
1837,1208,253,Inovação,Líder 14,2023-10-23,2024-01-21,2024-02-11,Concluído,82.91,8.87
1838,1209,449,Suporte,Líder 44,2023-05-09,2023-11-05,2023-06-18,Concluído,74.86,7.23
1839,1209,285,Suporte,Líder 23,2024-06-01,2024-09-29,,Em Andamento,60.5,7.25
1840,1209,132,Suporte,Líder 19,2023-06-02,2023-10-30,2023-10-08,Concluído,82.31,7.7
1841,1211,481,Suporte,Líder 12,2024-10-02,2024-12-31,2024-11-05,Concluído,77.38,6.13
1842,1211,133,Suporte,Líder 33,2024-12-29,2024-12-31,2024-12-31,Concluído,96.95,6.54
1843,1211,397,Suporte,Líder 40,2024-11-19,2024-12-31,2024-12-02,Concluído,94.62,7.6
1844,1212,61,Inovação,Líder 4,2024-11-15,2024-12-31,2024-12-31,Concluído,73.06,8.03
1845,1212,24,Inovação,Líder 3,2024-09-17,2024-12-31,2024-12-31,Concluído,81.63,7.12
1846,1213,472,Financeiro,Líder 50,2024-10-13,2024-12-31,2024-11-08,Concluído,92.91,6.38
1847,1213,316,Financeiro,Líder 20,2024-07-12,2024-12-31,,Em Andamento,54.92,7.16
1848,1213,457,Financeiro,Líder 32,2023-04-16,2024-01-11,,Cancelado,19.92,4.72
1849,1214,194,Gente & Gestão,Líder 36,2023-02-09,2023-05-10,,Em Andamento,55.17,7.51
1850,1217,411,Suporte,Líder 35,2024-12-19,2024-12-31,,Em Andamento,40.35,7.5
1851,1217,402,Suporte,Líder 13,2024-12-28,2024-12-31,2024-12-31,Concluído,74.76,9.13
1852,1217,44,Suporte,Líder 3,2024-12-26,2024-12-31,,Em Andamento,22.85,4.97
1853,1218,152,Vendas,Líder 15,2024-08-02,2024-12-31,,Cancelado,39.98,2.52
1854,1218,112,Vendas,Líder 8,2024-05-09,2024-12-31,2024-09-23,Concluído,95.14,7.61
1855,1218,152,Vendas,Líder 2,2024-09-29,2024-12-31,2024-10-30,Concluído,91.28,6.73
1856,1219,354,Inovação,Líder 28,2022-07-31,2023-05-27,2023-07-22,Concluído,78.37,9.91
1857,1220,31,Suporte,Líder 13,2023-09-26,2023-12-25,2023-10-17,Concluído,87.38,6.08
1858,1220,8,Suporte,Líder 24,2023-06-29,2024-01-25,2023-09-25,Concluído,97.28,6.49
1859,1222,256,Produto,Líder 20,2022-06-06,2023-03-03,2022-06-16,Concluído,71.94,9.21
1860,1222,422,Produto,Líder 16,2022-11-23,2023-09-19,2023-07-12,Concluído,85.64,9.51
1861,1223,13,Operações,Líder 16,2024-05-16,2024-12-31,,Cancelado,24.73,3.56
1862,1224,180,Inovação,Líder 4,2023-04-28,2024-03-23,2023-10-17,Concluído,73.25,6.03
1863,1225,156,Marketing,Líder 21,2023-12-10,2024-04-08,,Em Andamento,71.39,7.14
1864,1225,50,Marketing,Líder 17,2024-01-02,2024-05-31,2024-06-05,Concluído,99.27,8.52
1865,1227,218,Atendimento,Líder 29,2024-10-26,2024-12-31,2024-12-31,Concluído,86.28,6.0
1866,1227,364,Atendimento,Líder 16,2023-08-07,2023-11-05,2023-09-08,Concluído,98.17,9.84
1867,1227,256,Atendimento,Líder 11,2024-05-22,2024-11-18,2024-12-13,Concluído,83.75,7.37
1868,1229,353,Gente & Gestão,Líder 36,2024-12-26,2024-12-31,2024-12-31,Concluído,78.2,6.51
1869,1229,362,Gente & Gestão,Líder 50,2024-12-28,2024-12-31,2024-12-31,Concluído,92.78,7.81
1870,1230,264,Suporte,Líder 40,2024-12-16,2024-12-31,2024-12-31,Concluído,93.67,7.92
1871,1231,201,Produto,Líder 33,2024-09-02,2024-12-31,,Cancelado,39.2,5.48
1872,1231,57,Produto,Líder 38,2024-09-25,2024-12-31,2024-11-23,Concluído,83.68,9.76
1873,1234,456,Financeiro,Líder 16,2024-09-20,2024-12-31,2024-12-31,Concluído,86.43,9.95
1874,1234,270,Financeiro,Líder 26,2023-05-15,2023-11-11,2023-06-20,Concluído,81.91,8.33
1875,1236,492,Atendimento,Líder 4,2022-09-27,2023-04-25,2023-01-28,Concluído,95.94,8.47
1876,1236,142,Atendimento,Líder 23,2024-12-09,2024-12-31,2024-12-31,Concluído,74.6,7.77
1877,1236,73,Atendimento,Líder 31,2022-09-23,2023-08-19,2023-09-25,Concluído,95.91,8.82
1878,1237,342,Inovação,Líder 18,2023-07-03,2023-12-30,2023-09-02,Concluído,92.75,7.75
1879,1237,148,Inovação,Líder 22,2024-12-13,2024-12-31,,Em Andamento,66.78,6.09
1880,1237,115,Inovação,Líder 2,2022-06-26,2023-02-21,2023-02-05,Concluído,88.63,9.05
1881,1238,47,Suporte,Líder 48,2024-02-10,2024-09-07,2024-08-26,Concluído,80.32,8.52
1882,1238,269,Suporte,Líder 16,2024-02-18,2024-12-14,2024-12-08,Concluído,72.42,9.78
1883,1239,321,Produto,Líder 1,2023-05-17,2023-10-14,,Cancelado,3.41,5.52
1884,1239,296,Produto,Líder 34,2024-02-19,2024-12-15,2024-12-31,Concluído,87.95,7.91
1885,1240,195,Inovação,Líder 36,2023-12-03,2024-08-29,2024-06-01,Concluído,81.5,7.19
1886,1240,191,Inovação,Líder 45,2024-10-24,2024-12-31,,Em Andamento,57.11,7.53
1887,1241,324,Qualidade,Líder 29,2022-10-16,2023-05-14,,Em Andamento,62.08,7.01
1888,1241,89,Qualidade,Líder 41,2024-11-07,2024-12-31,2024-11-14,Concluído,91.51,8.63
1889,1243,31,Operações,Líder 15,2024-11-27,2024-12-31,2024-12-31,Concluído,98.3,7.49
1890,1244,35,Qualidade,Líder 5,2024-02-22,2024-08-20,,Cancelado,37.28,5.13
1891,1244,260,Qualidade,Líder 44,2024-12-29,2024-12-31,2024-12-31,Concluído,75.74,8.68
1892,1245,302,Atendimento,Líder 36,2024-12-18,2024-12-31,,Em Andamento,74.52,5.93
1893,1245,99,Atendimento,Líder 36,2024-07-14,2024-12-11,2024-11-03,Concluído,83.2,6.11
1894,1246,468,Marketing,Líder 4,2024-11-09,2024-12-31,2024-12-31,Concluído,86.38,9.54
1895,1246,445,Marketing,Líder 40,2023-04-25,2024-02-19,2023-06-28,Concluído,86.48,7.45
1896,1247,235,Produto,Líder 23,2023-05-03,2023-11-29,2023-10-18,Concluído,96.08,6.72
1897,1247,302,Produto,Líder 11,2024-08-29,2024-12-31,,Em Andamento,59.66,5.55
1898,1247,25,Produto,Líder 44,2023-11-02,2024-03-31,2024-03-11,Concluído,92.76,8.66
1899,1248,284,Marketing,Líder 21,2023-03-18,2023-07-16,,Em Andamento,42.96,5.34
1900,1249,315,Financeiro,Líder 32,2024-06-21,2024-12-18,2024-12-27,Concluído,76.79,7.55
1901,1250,467,Gente & Gestão,Líder 39,2023-03-26,2023-07-24,2023-09-19,Concluído,84.9,8.55
1902,1251,80,Atendimento,Líder 1,2024-04-12,2024-12-31,,Cancelado,16.23,2.89
1903,1251,67,Atendimento,Líder 39,2024-11-27,2024-12-31,,Em Andamento,32.66,5.22
1904,1251,127,Atendimento,Líder 18,2024-08-10,2024-12-31,2024-10-28,Concluído,87.37,6.8
1905,1253,322,Atendimento,Líder 47,2024-01-17,2024-12-12,,Em Andamento,37.75,7.63
1906,1253,143,Atendimento,Líder 25,2023-05-29,2024-04-23,,Cancelado,27.64,4.41
1907,1254,295,Financeiro,Líder 29,2024-09-10,2024-12-31,2024-12-19,Concluído,92.79,9.86
1908,1254,12,Financeiro,Líder 31,2024-05-18,2024-08-16,,Em Andamento,69.54,4.59
1909,1256,494,Suporte,Líder 8,2024-10-21,2024-12-31,2024-12-31,Concluído,92.7,7.24
1910,1256,91,Suporte,Líder 4,2024-09-02,2024-12-31,2024-11-19,Concluído,80.29,7.62
1911,1257,342,Financeiro,Líder 35,2023-09-18,2024-02-15,,Em Andamento,52.91,6.96
1912,1257,271,Financeiro,Líder 36,2024-01-26,2024-05-25,,Cancelado,13.12,2.47
1913,1257,299,Financeiro,Líder 23,2023-07-02,2024-02-27,2024-01-27,Concluído,79.97,9.98
1914,1258,392,Vendas,Líder 30,2024-10-27,2024-12-31,2024-11-30,Concluído,72.6,9.26
1915,1259,348,Operações,Líder 34,2024-11-26,2024-12-31,,Em Andamento,33.44,4.96
1916,1259,473,Operações,Líder 38,2024-12-17,2024-12-31,2024-12-31,Concluído,97.48,7.34
1917,1260,438,Vendas,Líder 18,2024-02-23,2024-07-22,2024-09-14,Concluído,79.55,9.99
1918,1260,226,Vendas,Líder 22,2024-12-01,2024-12-31,2024-12-31,Concluído,70.41,6.4
1919,1261,72,Gente & Gestão,Líder 16,2024-08-14,2024-12-31,2024-11-20,Concluído,94.17,7.22
1920,1261,485,Gente & Gestão,Líder 35,2024-09-11,2024-12-31,2024-10-06,Concluído,91.67,9.19
1921,1261,432,Gente & Gestão,Líder 3,2024-05-08,2024-12-31,2024-07-28,Concluído,91.87,9.53
1922,1264,270,Atendimento,Líder 18,2024-11-11,2024-12-31,2024-12-31,Concluído,96.49,7.39
1923,1264,341,Atendimento,Líder 33,2024-11-24,2024-12-31,,Cancelado,28.25,3.49
1924,1264,323,Atendimento,Líder 47,2024-11-17,2024-12-31,2024-12-10,Concluído,96.22,8.93
1925,1265,493,Suporte,Líder 36,2024-08-22,2024-12-31,,Em Andamento,32.8,7.42
1926,1265,151,Suporte,Líder 15,2024-12-24,2024-12-31,,Em Andamento,46.09,6.07
1927,1265,62,Suporte,Líder 46,2024-09-11,2024-12-31,2024-12-19,Concluído,75.91,7.56
1928,1267,211,Comercial,Líder 48,2024-12-17,2024-12-31,2024-12-31,Concluído,87.37,6.76
1929,1269,130,Tecnologia,Líder 49,2024-10-31,2024-12-31,2024-12-23,Concluído,92.13,7.18
1930,1269,7,Tecnologia,Líder 39,2024-08-20,2024-12-31,2024-09-19,Concluído,95.4,7.66
1931,1269,72,Tecnologia,Líder 8,2024-12-01,2024-12-31,2024-12-31,Concluído,93.56,8.19
1932,1270,479,Inovação,Líder 45,2024-08-20,2024-12-31,,Em Andamento,56.13,4.36
1933,1270,230,Inovação,Líder 35,2024-04-17,2024-12-13,2024-08-08,Concluído,88.48,7.24
1934,1271,400,Tecnologia,Líder 46,2023-10-10,2024-06-06,,Em Andamento,20.44,6.2
1935,1271,436,Tecnologia,Líder 45,2024-05-29,2024-12-31,2024-12-09,Concluído,92.51,6.44
1936,1272,96,Tecnologia,Líder 27,2024-02-20,2024-05-20,2024-05-10,Concluído,93.64,8.42
1937,1272,158,Tecnologia,Líder 42,2023-03-15,2023-10-11,,Em Andamento,59.84,4.84
1938,1273,165,Comercial,Líder 8,2024-11-06,2024-12-31,2024-12-31,Concluído,77.11,8.15
1939,1273,55,Comercial,Líder 43,2024-11-16,2024-12-31,2024-12-29,Concluído,73.27,7.5
1940,1273,408,Comercial,Líder 27,2024-12-08,2024-12-31,2024-12-31,Concluído,95.55,9.16
1941,1274,126,Atendimento,Líder 5,2024-11-19,2024-12-31,,Cancelado,6.0,4.24
1942,1274,218,Atendimento,Líder 12,2024-03-07,2024-11-02,,Cancelado,35.85,5.16
1943,1275,383,Suporte,Líder 46,2024-09-29,2024-12-31,,Cancelado,9.07,5.18
1944,1277,231,Comercial,Líder 8,2024-11-26,2024-12-31,,Em Andamento,33.71,7.0
1945,1277,186,Comercial,Líder 17,2024-09-24,2024-12-31,,Em Andamento,24.75,4.78
1946,1278,449,Operações,Líder 49,2024-01-25,2024-11-20,2024-03-13,Concluído,77.67,8.16
1947,1278,498,Operações,Líder 39,2024-04-05,2024-10-02,2024-06-06,Concluído,95.0,6.14
1948,1278,313,Operações,Líder 41,2024-02-11,2024-11-07,2024-12-25,Concluído,96.73,6.73
1949,1279,102,Qualidade,Líder 17,2024-12-20,2024-12-31,2024-12-28,Concluído,72.32,9.77
1950,1279,490,Qualidade,Líder 49,2022-12-09,2023-03-09,,Em Andamento,76.15,4.99
1951,1280,304,Operações,Líder 20,2024-06-04,2024-11-01,,Em Andamento,71.14,5.89
1952,1281,191,Comercial,Líder 29,2024-12-23,2024-12-31,2024-12-31,Concluído,79.52,8.51
1953,1281,206,Comercial,Líder 49,2024-11-14,2024-12-31,2024-12-31,Concluído,79.82,8.77
1954,1281,45,Comercial,Líder 3,2024-12-30,2024-12-31,2024-12-31,Concluído,77.77,7.09
1955,1282,477,Comercial,Líder 10,2023-04-22,2023-09-19,2023-10-23,Concluído,81.89,6.56
1956,1282,24,Comercial,Líder 13,2022-11-22,2023-05-21,,Em Andamento,33.15,5.41
1957,1282,471,Comercial,Líder 13,2024-03-02,2024-07-30,2024-07-15,Concluído,73.12,9.2
1958,1283,451,Qualidade,Líder 43,2023-09-24,2024-01-22,,Em Andamento,23.01,7.3
1959,1283,455,Qualidade,Líder 48,2024-08-05,2024-12-31,2024-12-31,Concluído,87.93,9.61
1960,1283,301,Qualidade,Líder 31,2024-01-20,2024-12-15,,Em Andamento,70.73,5.78
1961,1284,132,Atendimento,Líder 3,2024-09-27,2024-12-31,2024-12-31,Concluído,88.0,6.14
1962,1285,194,Inovação,Líder 50,2024-05-22,2024-08-20,2024-07-06,Concluído,99.3,9.05
1963,1285,129,Inovação,Líder 45,2024-06-08,2024-12-05,2024-06-13,Concluído,90.09,7.61
1964,1285,71,Inovação,Líder 31,2024-10-21,2024-12-31,2024-12-31,Concluído,74.09,7.84
1965,1286,189,Marketing,Líder 41,2023-01-24,2023-10-21,2023-09-04,Concluído,75.26,6.2
1966,1286,208,Marketing,Líder 28,2022-10-09,2023-07-06,2023-02-23,Concluído,98.3,8.43
1967,1286,26,Marketing,Líder 45,2023-01-23,2023-08-21,2023-06-15,Concluído,94.5,9.89
1968,1288,410,Qualidade,Líder 49,2024-10-27,2024-12-31,2024-12-31,Concluído,88.14,9.59
1969,1288,54,Qualidade,Líder 19,2024-05-05,2024-12-31,2024-12-31,Concluído,93.09,7.83
1970,1288,183,Qualidade,Líder 42,2024-11-09,2024-12-31,2024-11-21,Concluído,87.98,9.6
1971,1289,366,Gente & Gestão,Líder 17,2023-12-01,2024-09-26,,Cancelado,37.02,3.33
1972,1290,189,Comercial,Líder 24,2022-11-16,2023-02-14,,Em Andamento,28.67,6.91
1973,1290,37,Comercial,Líder 23,2024-01-29,2024-07-27,,Cancelado,13.75,4.7
1974,1291,240,Operações,Líder 32,2024-10-20,2024-12-31,2024-12-31,Concluído,75.96,6.58
1975,1291,296,Operações,Líder 36,2024-09-19,2024-12-31,,Em Andamento,58.01,5.82
1976,1291,386,Operações,Líder 39,2024-12-17,2024-12-31,,Em Andamento,61.67,5.77
1977,1292,237,Operações,Líder 33,2024-08-23,2024-12-31,2024-12-06,Concluído,79.98,7.04
1978,1292,371,Operações,Líder 8,2024-12-12,2024-12-31,2024-12-16,Concluído,86.14,6.82
1979,1292,67,Operações,Líder 31,2024-02-26,2024-11-22,,Cancelado,1.81,2.23
1980,1294,314,Financeiro,Líder 30,2024-12-09,2024-12-31,2024-12-31,Concluído,77.74,6.78
1981,1295,171,Produto,Líder 16,2024-12-30,2024-12-31,2024-12-31,Concluído,70.35,6.25
1982,1295,287,Produto,Líder 46,2024-10-30,2024-12-31,2024-12-07,Concluído,78.39,7.66
1983,1295,63,Produto,Líder 47,2024-12-28,2024-12-31,2024-12-31,Concluído,99.55,7.12
1984,1296,119,Gente & Gestão,Líder 21,2024-09-06,2024-12-31,2024-12-31,Concluído,82.89,8.42
1985,1298,485,Inovação,Líder 27,2024-12-15,2024-12-31,,Em Andamento,68.44,4.62
1986,1298,318,Inovação,Líder 38,2024-10-02,2024-12-31,2024-11-30,Concluído,81.06,7.67
1987,1298,159,Inovação,Líder 17,2024-12-21,2024-12-31,2024-12-31,Concluído,73.98,6.93
1988,1301,314,Produto,Líder 7,2023-03-08,2024-03-02,2023-05-14,Concluído,91.7,7.86
1989,1301,469,Produto,Líder 13,2022-12-11,2023-07-09,,Cancelado,14.54,4.46
1990,1302,247,Tecnologia,Líder 18,2024-10-24,2024-12-31,2024-11-29,Concluído,81.41,8.79
1991,1302,53,Tecnologia,Líder 35,2024-11-10,2024-12-31,,Em Andamento,26.25,5.74
1992,1303,462,Marketing,Líder 36,2024-11-26,2024-12-31,,Em Andamento,47.42,6.84
1993,1303,358,Marketing,Líder 22,2024-09-07,2024-12-31,2024-12-31,Concluído,94.76,6.91
1994,1303,159,Marketing,Líder 23,2024-11-18,2024-12-31,2024-12-31,Concluído,98.14,8.01
1995,1304,325,Vendas,Líder 32,2024-06-11,2024-12-31,2024-12-14,Concluído,78.57,8.83
1996,1304,413,Vendas,Líder 20,2024-02-16,2024-10-13,2024-09-04,Concluído,74.71,9.71
1997,1306,36,Vendas,Líder 48,2023-11-01,2024-09-26,,Em Andamento,64.45,4.64
1998,1306,434,Vendas,Líder 10,2023-11-24,2024-06-21,2024-03-18,Concluído,99.83,8.25
1999,1307,476,Qualidade,Líder 6,2023-05-16,2023-09-13,2023-09-16,Concluído,73.03,9.04
2000,1309,423,Suporte,Líder 45,2024-03-14,2024-09-10,2024-09-07,Concluído,79.92,7.06
2001,1309,351,Suporte,Líder 2,2024-05-28,2024-12-31,,Cancelado,0.97,2.49
2002,1309,481,Suporte,Líder 30,2024-08-15,2024-12-31,2024-12-31,Concluído,77.69,7.94
2003,1311,285,Comercial,Líder 4,2024-08-04,2024-12-31,2024-12-31,Concluído,80.93,7.59
2004,1311,328,Comercial,Líder 27,2022-03-29,2022-06-27,2022-05-28,Concluído,89.3,6.67
2005,1312,156,Suporte,Líder 24,2024-12-20,2024-12-31,2024-12-31,Concluído,82.3,6.71
2006,1312,227,Suporte,Líder 49,2024-08-09,2024-11-07,2024-08-17,Concluído,89.83,6.73
2007,1313,117,Produto,Líder 44,2024-12-05,2024-12-31,2024-12-28,Concluído,92.04,8.43
2008,1313,225,Produto,Líder 39,2024-10-17,2024-12-31,2024-11-18,Concluído,87.17,8.32
2009,1313,341,Produto,Líder 22,2024-08-09,2024-12-31,,Em Andamento,31.83,7.85
2010,1315,389,Operações,Líder 50,2024-07-12,2024-12-31,,Em Andamento,27.67,5.67
2011,1315,468,Operações,Líder 25,2024-08-07,2024-12-05,,Em Andamento,71.83,5.09
2012,1317,390,Produto,Líder 6,2024-10-09,2024-12-31,2024-12-28,Concluído,84.66,8.41
2013,1317,328,Produto,Líder 33,2024-07-12,2024-12-09,2024-11-26,Concluído,91.2,8.66
2014,1318,12,Suporte,Líder 16,2023-12-31,2024-12-25,2024-02-25,Concluído,75.08,8.27
2015,1318,223,Suporte,Líder 27,2023-04-04,2024-01-29,2023-08-22,Concluído,98.01,7.2
2016,1318,17,Suporte,Líder 16,2023-01-28,2023-12-24,2023-09-24,Concluído,71.19,8.7
2017,1319,444,Qualidade,Líder 2,2023-08-28,2024-04-24,,Em Andamento,43.01,6.02
2018,1319,286,Qualidade,Líder 38,2024-03-24,2024-12-31,2024-06-26,Concluído,94.98,8.0
2019,1320,127,Inovação,Líder 28,2024-11-22,2024-12-31,,Em Andamento,27.35,5.77
2020,1320,308,Inovação,Líder 47,2024-08-07,2024-11-05,2024-08-29,Concluído,99.52,9.13
2021,1320,255,Inovação,Líder 6,2024-11-19,2024-12-31,2024-12-31,Concluído,73.57,7.48
2022,1321,332,Produto,Líder 5,2024-12-14,2024-12-31,2024-12-31,Concluído,91.82,9.53
2023,1324,401,Produto,Líder 38,2024-03-22,2024-12-17,2024-08-20,Concluído,94.01,7.82
2024,1325,386,Atendimento,Líder 6,2023-04-03,2023-07-02,2023-05-17,Concluído,75.15,8.09
2025,1325,179,Atendimento,Líder 31,2023-08-31,2024-08-25,2024-05-24,Concluído,70.27,9.1
2026,1325,326,Atendimento,Líder 8,2024-06-29,2024-10-27,,Em Andamento,21.87,7.38
2027,1326,383,Gente & Gestão,Líder 18,2024-12-05,2024-12-31,2024-12-18,Concluído,76.35,8.92
2028,1327,491,Operações,Líder 14,2024-10-19,2024-12-31,2024-12-31,Concluído,75.19,8.12
2029,1327,218,Operações,Líder 26,2024-09-25,2024-12-31,2024-12-31,Concluído,94.33,7.36
2030,1329,260,Qualidade,Líder 21,2024-11-02,2024-12-31,2024-12-20,Concluído,83.76,7.69
2031,1329,276,Qualidade,Líder 2,2024-11-27,2024-12-31,2024-12-22,Concluído,87.99,9.42
2032,1330,82,Comercial,Líder 45,2024-07-30,2024-12-31,2024-09-04,Concluído,83.54,7.0
2033,1330,308,Comercial,Líder 40,2024-12-15,2024-12-31,2024-12-31,Concluído,84.82,8.57
2034,1331,89,Vendas,Líder 20,2024-05-13,2024-12-09,,Em Andamento,62.44,7.02
2035,1331,281,Vendas,Líder 26,2024-08-13,2024-12-31,,Em Andamento,51.35,4.12
2036,1331,354,Vendas,Líder 50,2024-10-13,2024-12-31,,Cancelado,32.33,3.52
2037,1332,367,Financeiro,Líder 46,2024-08-23,2024-12-31,,Em Andamento,40.44,6.53
2038,1332,63,Financeiro,Líder 43,2023-06-06,2023-11-03,2023-12-29,Concluído,80.23,9.06
2039,1332,148,Financeiro,Líder 10,2022-11-09,2023-07-07,2023-02-02,Concluído,76.4,9.47
2040,1333,466,Qualidade,Líder 50,2024-12-30,2024-12-31,2024-12-31,Concluído,96.97,8.05
2041,1334,285,Financeiro,Líder 23,2024-07-09,2024-12-31,,Em Andamento,59.02,4.27
2042,1334,157,Financeiro,Líder 13,2024-11-27,2024-12-31,2024-12-31,Concluído,90.21,6.72
2043,1335,459,Suporte,Líder 12,2024-08-11,2024-12-31,,Cancelado,37.71,5.43
2044,1336,99,Inovação,Líder 23,2024-07-04,2024-12-31,2024-12-01,Concluído,91.43,9.1
2045,1337,32,Tecnologia,Líder 39,2024-05-04,2024-08-02,2024-07-02,Concluído,89.38,7.93
2046,1337,324,Tecnologia,Líder 36,2024-01-25,2024-12-31,2024-06-24,Concluído,90.52,9.21
2047,1337,415,Tecnologia,Líder 40,2024-11-18,2024-12-31,2024-11-28,Concluído,70.96,9.02
2048,1338,183,Atendimento,Líder 50,2024-06-14,2024-11-11,2024-07-07,Concluído,73.72,7.99
2049,1338,488,Atendimento,Líder 15,2023-09-24,2024-01-22,,Cancelado,14.56,3.74
2050,1340,348,Financeiro,Líder 40,2023-12-27,2024-10-22,,Cancelado,34.72,4.45
2051,1340,317,Financeiro,Líder 21,2024-06-21,2024-12-31,,Em Andamento,40.61,7.18
2052,1340,69,Financeiro,Líder 40,2024-11-21,2024-12-31,,Em Andamento,73.66,7.89
2053,1341,438,Financeiro,Líder 45,2024-12-27,2024-12-31,2024-12-31,Concluído,97.03,9.45
2054,1341,306,Financeiro,Líder 43,2024-12-02,2024-12-31,,Em Andamento,26.08,7.47
2055,1341,375,Financeiro,Líder 50,2024-12-10,2024-12-31,,Em Andamento,40.69,4.06
2056,1342,4,Suporte,Líder 34,2024-08-02,2024-11-30,2024-08-24,Concluído,87.61,6.59
2057,1343,444,Comercial,Líder 48,2024-12-18,2024-12-31,,Em Andamento,79.5,4.0
2058,1344,159,Vendas,Líder 45,2024-08-10,2024-12-31,,Em Andamento,78.64,7.39
2059,1345,60,Suporte,Líder 40,2023-08-31,2024-05-27,,Em Andamento,36.98,6.94
2060,1345,65,Suporte,Líder 16,2024-08-06,2024-12-31,,Cancelado,9.28,3.05
2061,1347,377,Inovação,Líder 22,2024-05-02,2024-12-31,2024-11-15,Concluído,79.91,8.93
2062,1347,110,Inovação,Líder 1,2023-06-14,2024-05-09,2024-03-23,Concluído,90.21,7.55
2063,1347,103,Inovação,Líder 32,2023-04-05,2023-12-01,2023-08-11,Concluído,90.29,8.5
2064,1348,347,Operações,Líder 26,2023-10-10,2024-08-05,,Em Andamento,45.78,6.27
2065,1349,3,Financeiro,Líder 48,2023-12-20,2024-12-14,2024-06-02,Concluído,98.42,9.24
2066,1350,261,Tecnologia,Líder 38,2024-11-02,2024-12-31,2024-12-15,Concluído,84.48,6.93
2067,1350,84,Tecnologia,Líder 7,2024-10-17,2024-12-31,2024-12-26,Concluído,70.93,6.3
2068,1350,233,Tecnologia,Líder 43,2024-10-22,2024-12-31,2024-12-31,Concluído,72.8,7.0
2069,1351,415,Atendimento,Líder 18,2022-09-22,2023-05-20,2023-02-12,Concluído,71.34,9.19
2070,1351,433,Atendimento,Líder 23,2022-09-28,2023-05-26,2023-02-21,Concluído,84.12,9.23
2071,1351,498,Atendimento,Líder 5,2023-01-08,2023-09-05,,Em Andamento,58.54,4.3
2072,1352,330,Marketing,Líder 18,2023-09-29,2023-12-28,,Em Andamento,29.09,5.25
2073,1352,222,Marketing,Líder 24,2023-09-08,2024-03-06,2023-09-22,Concluído,72.08,7.02
2074,1352,383,Marketing,Líder 3,2023-12-06,2024-10-01,,Cancelado,30.3,2.21
2075,1353,205,Gente & Gestão,Líder 31,2023-11-14,2024-06-11,2023-11-27,Concluído,96.12,8.34
2076,1353,225,Gente & Gestão,Líder 1,2023-06-28,2023-09-26,2023-08-15,Concluído,99.12,7.39
2077,1353,446,Gente & Gestão,Líder 2,2024-12-29,2024-12-31,2024-12-31,Concluído,81.33,7.86
2078,1354,409,Atendimento,Líder 17,2024-11-16,2024-12-31,2024-12-31,Concluído,90.89,9.28
2079,1355,25,Produto,Líder 34,2024-11-21,2024-12-31,,Em Andamento,31.46,4.92
2080,1355,443,Produto,Líder 13,2024-08-30,2024-11-28,2024-12-31,Concluído,77.04,9.97
2081,1356,440,Qualidade,Líder 24,2024-08-13,2024-12-31,2024-10-26,Concluído,71.74,6.48
2082,1356,212,Qualidade,Líder 47,2024-09-27,2024-12-31,,Cancelado,30.92,5.99
2083,1357,12,Comercial,Líder 47,2023-01-08,2023-12-04,2023-10-12,Concluído,78.67,9.25
2084,1358,9,Suporte,Líder 37,2024-10-04,2024-12-31,2024-12-31,Concluído,96.27,9.59
2085,1358,233,Suporte,Líder 42,2024-09-27,2024-12-31,2024-12-05,Concluído,75.7,7.27
2086,1360,124,Atendimento,Líder 49,2024-10-10,2024-12-31,2024-12-24,Concluído,86.95,9.97
2087,1360,382,Atendimento,Líder 31,2024-11-20,2024-12-31,2024-12-31,Concluído,88.41,7.58
2088,1360,99,Atendimento,Líder 29,2024-11-23,2024-12-31,2024-12-31,Concluído,91.67,9.72
2089,1361,395,Financeiro,Líder 15,2024-12-06,2024-12-31,2024-12-31,Concluído,80.66,9.87
2090,1361,343,Financeiro,Líder 24,2024-12-13,2024-12-31,2024-12-31,Concluído,80.23,8.59
2091,1362,481,Operações,Líder 1,2024-08-25,2024-12-31,2024-11-29,Concluído,90.28,8.93
2092,1362,118,Operações,Líder 32,2023-08-14,2024-04-10,2024-05-28,Concluído,81.38,7.99
2093,1363,95,Atendimento,Líder 10,2024-01-31,2024-10-27,2024-09-26,Concluído,78.29,9.74
2094,1364,245,Inovação,Líder 30,2024-01-09,2024-07-07,,Cancelado,9.42,5.9
2095,1364,157,Inovação,Líder 26,2024-01-08,2024-09-04,2024-08-21,Concluído,98.41,8.09
2096,1365,456,Qualidade,Líder 21,2024-11-24,2024-12-31,2024-12-31,Concluído,72.05,6.28
2097,1366,468,Atendimento,Líder 3,2025-01-01,2024-12-31,,Cancelado,24.27,4.5
2098,1368,180,Produto,Líder 40,2023-10-04,2024-05-31,2023-11-23,Concluído,88.31,7.37
2099,1368,415,Produto,Líder 34,2023-11-10,2024-02-08,,Em Andamento,47.41,4.3
2100,1368,427,Produto,Líder 35,2024-12-03,2024-12-31,2024-12-31,Concluído,91.04,9.49
2101,1369,368,Produto,Líder 30,2024-06-06,2024-12-31,2024-07-25,Concluído,94.6,8.92
2102,1369,373,Produto,Líder 37,2024-10-05,2024-12-31,2024-12-28,Concluído,83.97,7.35
2103,1372,239,Suporte,Líder 33,2024-11-21,2024-12-31,2024-12-31,Concluído,89.83,8.32
2104,1372,316,Suporte,Líder 49,2024-06-09,2024-12-31,2024-08-27,Concluído,86.53,9.62
2105,1373,205,Financeiro,Líder 6,2023-10-02,2024-07-28,2024-02-29,Concluído,73.74,7.51
2106,1373,278,Financeiro,Líder 26,2023-07-10,2024-03-06,2023-11-23,Concluído,77.49,8.55
2107,1373,231,Financeiro,Líder 46,2023-10-02,2024-07-28,2024-09-25,Concluído,88.31,8.66
2108,1374,52,Inovação,Líder 21,2024-10-31,2024-12-31,2024-12-22,Concluído,86.8,6.78
2109,1374,191,Inovação,Líder 9,2024-11-03,2024-12-31,2024-11-04,Concluído,84.61,7.96
2110,1375,244,Qualidade,Líder 34,2022-10-24,2023-03-23,2023-03-21,Concluído,84.18,7.4
2111,1375,495,Qualidade,Líder 28,2022-09-19,2023-01-17,2023-01-03,Concluído,81.51,9.56
2112,1376,13,Inovação,Líder 47,2022-05-24,2022-12-20,2022-05-28,Concluído,81.72,8.05
2113,1376,238,Inovação,Líder 21,2024-09-30,2024-12-31,2024-12-31,Concluído,75.21,6.22
2114,1376,280,Inovação,Líder 3,2023-04-28,2023-07-27,2023-08-29,Concluído,87.97,6.08
2115,1377,3,Marketing,Líder 26,2023-09-18,2024-06-14,2024-06-27,Concluído,76.98,6.93
2116,1377,248,Marketing,Líder 48,2023-05-07,2024-04-01,2024-03-03,Concluído,85.43,6.27
2117,1378,134,Produto,Líder 17,2024-05-18,2024-11-14,,Em Andamento,68.88,4.64
2118,1378,408,Produto,Líder 29,2022-04-10,2023-03-06,,Cancelado,9.96,5.39
2119,1379,267,Comercial,Líder 6,2024-08-11,2024-12-31,2024-12-31,Concluído,78.99,6.77
2120,1379,384,Comercial,Líder 19,2024-11-07,2024-12-31,2024-11-20,Concluído,92.9,8.58
2121,1379,328,Comercial,Líder 17,2024-08-28,2024-12-31,,Em Andamento,26.37,4.59
2122,1380,106,Vendas,Líder 27,2024-12-21,2024-12-31,2024-12-31,Concluído,75.32,8.45
2123,1380,351,Vendas,Líder 36,2024-12-28,2024-12-31,,Em Andamento,47.32,4.7
2124,1380,174,Vendas,Líder 23,2024-12-25,2024-12-31,2024-12-31,Concluído,73.7,9.04
2125,1381,490,Gente & Gestão,Líder 37,2024-07-28,2024-12-25,2024-08-06,Concluído,75.62,9.3
2126,1381,230,Gente & Gestão,Líder 35,2024-11-15,2024-12-31,2024-11-24,Concluído,74.21,9.25
2127,1381,185,Gente & Gestão,Líder 14,2024-10-10,2024-12-31,2024-10-29,Concluído,75.52,7.62
2128,1382,482,Produto,Líder 6,2024-01-18,2024-10-14,,Cancelado,1.62,3.39
2129,1383,486,Suporte,Líder 19,2024-06-02,2024-12-31,,Em Andamento,68.04,4.13
2130,1384,292,Marketing,Líder 20,2023-08-15,2024-01-12,2023-12-29,Concluído,82.38,8.67
2131,1384,22,Marketing,Líder 8,2024-06-19,2024-10-17,2024-08-11,Concluído,71.89,9.53
2132,1384,433,Marketing,Líder 41,2023-04-12,2023-07-11,2023-08-10,Concluído,80.13,6.72
2133,1385,11,Vendas,Líder 4,2023-01-15,2023-04-15,,Em Andamento,65.76,5.56
2134,1385,269,Vendas,Líder 25,2024-03-03,2024-12-31,2024-09-17,Concluído,80.57,7.29
2135,1386,189,Operações,Líder 21,2024-01-15,2024-04-14,,Em Andamento,49.66,6.15
2136,1386,456,Operações,Líder 20,2024-10-29,2024-12-31,,Em Andamento,69.08,7.56
2137,1388,183,Comercial,Líder 6,2024-01-11,2024-12-06,2024-01-31,Concluído,77.2,6.44
2138,1390,484,Suporte,Líder 47,2024-04-21,2024-10-18,,Em Andamento,64.26,4.79
2139,1390,428,Suporte,Líder 11,2024-03-01,2024-05-30,2024-07-02,Concluído,74.95,8.9
2140,1392,158,Suporte,Líder 1,2024-08-04,2024-12-31,2024-12-02,Concluído,95.97,7.83
2141,1392,424,Suporte,Líder 28,2024-12-28,2024-12-31,,Cancelado,12.11,4.8
2142,1392,482,Suporte,Líder 39,2023-11-23,2024-10-18,2024-11-29,Concluído,92.69,7.38
2143,1393,488,Marketing,Líder 28,2024-12-11,2024-12-31,2024-12-31,Concluído,91.5,9.55
2144,1393,215,Marketing,Líder 50,2024-12-17,2024-12-31,2024-12-31,Concluído,95.95,8.33
2145,1394,320,Inovação,Líder 45,2024-12-03,2024-12-31,,Cancelado,28.15,3.19
2146,1394,451,Inovação,Líder 30,2024-11-25,2024-12-31,2024-12-13,Concluído,77.63,8.84
2147,1395,479,Suporte,Líder 17,2024-09-05,2024-12-31,2024-09-16,Concluído,98.4,7.4
2148,1395,290,Suporte,Líder 28,2024-12-26,2024-12-31,2024-12-31,Concluído,96.03,8.89
2149,1395,41,Suporte,Líder 27,2024-06-07,2024-11-04,2024-11-02,Concluído,89.04,9.49
2150,1396,123,Atendimento,Líder 22,2024-12-23,2024-12-31,2024-12-31,Concluído,81.94,8.14
2151,1396,52,Atendimento,Líder 5,2024-12-23,2024-12-31,,Em Andamento,34.3,5.58
2152,1397,176,Marketing,Líder 40,2024-12-05,2024-12-31,,Cancelado,34.46,5.09
2153,1397,446,Marketing,Líder 5,2024-12-17,2024-12-31,2024-12-31,Concluído,81.55,6.71
2154,1398,125,Qualidade,Líder 11,2022-06-17,2023-05-13,2023-02-26,Concluído,96.15,9.7
2155,1398,432,Qualidade,Líder 48,2023-02-04,2023-12-01,2023-02-24,Concluído,88.0,6.17
2156,1398,330,Qualidade,Líder 5,2024-01-21,2024-05-20,2024-02-12,Concluído,83.38,8.1
2157,1399,5,Qualidade,Líder 30,2024-07-22,2024-10-20,,Em Andamento,24.55,5.47
2158,1400,337,Atendimento,Líder 50,2024-11-23,2024-12-31,,Em Andamento,22.95,4.7
2159,1401,140,Operações,Líder 42,2024-06-20,2024-12-31,2024-11-10,Concluído,74.54,8.37
2160,1402,378,Produto,Líder 27,2024-11-11,2024-12-31,2024-12-31,Concluído,86.88,8.95
2161,1402,335,Produto,Líder 34,2024-07-15,2024-11-12,2024-09-25,Concluído,74.24,7.29
2162,1402,374,Produto,Líder 4,2023-08-22,2024-07-17,,Cancelado,9.86,5.06
2163,1403,443,Produto,Líder 29,2024-02-14,2024-11-10,2024-07-26,Concluído,98.81,8.95
2164,1403,495,Produto,Líder 39,2024-11-06,2024-12-31,2024-12-06,Concluído,91.29,6.05
2165,1405,116,Qualidade,Líder 48,2023-01-17,2023-12-13,,Em Andamento,73.34,7.52
2166,1405,336,Qualidade,Líder 22,2023-11-05,2024-08-01,2024-05-24,Concluído,88.52,9.61
2167,1407,250,Produto,Líder 23,2024-06-21,2024-12-31,,Em Andamento,58.48,7.51
2168,1407,371,Produto,Líder 19,2023-04-28,2023-07-27,,Em Andamento,69.93,4.94
2169,1408,260,Gente & Gestão,Líder 36,2024-10-29,2024-12-31,2024-12-31,Concluído,86.98,9.65
2170,1409,473,Financeiro,Líder 36,2024-10-03,2024-12-31,2024-10-04,Concluído,98.23,7.88
2171,1409,172,Financeiro,Líder 21,2024-11-20,2024-12-31,2024-12-31,Concluído,97.64,7.04
2172,1409,349,Financeiro,Líder 34,2024-12-13,2024-12-31,2024-12-31,Concluído,95.23,9.27
2173,1410,412,Tecnologia,Líder 34,2024-11-25,2024-12-31,2024-12-07,Concluído,75.83,9.79
2174,1411,224,Atendimento,Líder 17,2024-09-27,2024-12-31,2024-12-22,Concluído,87.55,9.38
2175,1411,430,Atendimento,Líder 32,2024-11-29,2024-12-31,,Cancelado,26.21,3.7
2176,1412,436,Vendas,Líder 10,2024-10-29,2024-12-31,,Cancelado,2.29,5.0
2177,1413,282,Comercial,Líder 4,2024-09-11,2024-12-31,,Em Andamento,73.07,5.0
2178,1413,65,Comercial,Líder 29,2024-09-23,2024-12-31,2024-10-04,Concluído,93.92,8.55
2179,1414,312,Tecnologia,Líder 8,2024-12-17,2024-12-31,2024-12-31,Concluído,95.32,7.94
2180,1415,441,Suporte,Líder 30,2024-02-27,2024-09-24,,Cancelado,14.07,2.37
2181,1415,51,Suporte,Líder 11,2024-02-18,2024-12-14,2024-12-31,Concluído,97.56,7.57
2182,1416,336,Vendas,Líder 47,2024-11-21,2024-12-31,,Em Andamento,37.36,6.05
2183,1416,419,Vendas,Líder 38,2023-06-07,2023-12-04,2023-07-17,Concluído,99.0,8.52
2184,1416,63,Vendas,Líder 42,2024-08-11,2024-12-31,2024-12-11,Concluído,96.51,9.08
2185,1417,349,Inovação,Líder 39,2024-05-14,2024-10-11,2024-05-16,Concluído,74.18,8.39
2186,1417,20,Inovação,Líder 43,2023-03-20,2023-10-16,2023-08-08,Concluído,81.33,9.56
2187,1417,365,Inovação,Líder 33,2022-05-22,2022-08-20,2022-08-18,Concluído,75.93,7.95
2188,1418,254,Tecnologia,Líder 41,2023-07-16,2024-07-10,2024-04-28,Concluído,87.99,9.04
2189,1418,485,Tecnologia,Líder 12,2024-08-14,2024-12-31,2024-12-31,Concluído,77.35,9.57
2190,1419,226,Qualidade,Líder 32,2022-09-12,2023-08-08,2023-06-02,Concluído,70.63,6.71
2191,1420,472,Vendas,Líder 13,2023-05-14,2023-08-12,2023-05-19,Concluído,82.13,7.94
2192,1420,379,Vendas,Líder 22,2023-08-06,2024-06-01,2023-11-17,Concluído,85.68,7.95
2193,1422,91,Atendimento,Líder 42,2023-01-29,2023-10-26,2023-12-07,Concluído,87.88,7.2
2194,1423,390,Qualidade,Líder 3,2024-02-03,2024-09-30,2024-10-01,Concluído,99.12,8.6
2195,1423,208,Qualidade,Líder 31,2024-12-13,2024-12-31,2024-12-31,Concluído,72.56,8.43
2196,1423,226,Qualidade,Líder 46,2024-06-08,2024-12-31,,Cancelado,6.61,2.77
2197,1425,204,Atendimento,Líder 37,2024-09-29,2024-12-31,2024-10-05,Concluído,94.65,6.42
2198,1425,219,Atendimento,Líder 34,2024-06-08,2024-11-05,2024-06-28,Concluído,72.43,6.62
2199,1425,421,Atendimento,Líder 21,2024-01-23,2024-07-21,,Em Andamento,66.36,6.95
2200,1427,410,Financeiro,Líder 15,2023-06-29,2024-01-25,2023-11-22,Concluído,82.53,6.54
2201,1427,420,Financeiro,Líder 35,2023-12-20,2024-07-17,2024-03-01,Concluído,70.67,9.48
2202,1428,452,Financeiro,Líder 17,2023-04-24,2024-03-19,,Em Andamento,76.16,4.05
2203,1428,109,Financeiro,Líder 9,2024-10-05,2024-12-31,2024-12-30,Concluído,86.05,8.97
2204,1428,50,Financeiro,Líder 39,2024-05-21,2024-09-18,2024-08-09,Concluído,89.84,6.31
2205,1429,194,Vendas,Líder 11,2024-03-14,2024-12-31,2024-11-21,Concluído,78.09,6.03
2206,1429,160,Vendas,Líder 25,2024-09-28,2024-12-31,2024-12-31,Concluído,97.54,7.59
2207,1431,145,Financeiro,Líder 49,2024-09-07,2024-12-31,2024-11-22,Concluído,72.96,7.72
2208,1431,365,Financeiro,Líder 31,2024-03-18,2024-12-31,2024-12-31,Concluído,79.63,6.48
2209,1433,188,Operações,Líder 28,2024-03-20,2024-08-17,2024-08-26,Concluído,87.92,6.38
2210,1433,224,Operações,Líder 18,2024-06-20,2024-12-31,2024-09-21,Concluído,95.92,9.7
2211,1433,411,Operações,Líder 34,2024-08-03,2024-12-31,2024-09-18,Concluído,82.54,6.31
2212,1435,3,Inovação,Líder 3,2023-07-09,2024-06-03,2024-06-10,Concluído,93.57,9.47
2213,1435,410,Inovação,Líder 38,2023-05-25,2023-11-21,2024-01-03,Concluído,74.6,6.71
2214,1437,265,Vendas,Líder 9,2024-10-28,2024-12-31,2024-12-31,Concluído,72.48,6.44
2215,1437,495,Vendas,Líder 21,2024-10-22,2024-12-31,2024-10-28,Concluído,94.57,9.36
2216,1437,30,Vendas,Líder 12,2024-03-24,2024-12-31,,Em Andamento,20.83,7.17
2217,1438,244,Atendimento,Líder 45,2024-12-23,2024-12-31,,Em Andamento,27.33,6.49
2218,1438,436,Atendimento,Líder 37,2024-10-03,2024-12-31,2024-12-31,Concluído,88.35,8.07
2219,1439,325,Comercial,Líder 17,2022-12-17,2023-06-15,2022-12-31,Concluído,72.27,7.9
2220,1440,307,Suporte,Líder 2,2024-12-08,2024-12-31,2024-12-31,Concluído,79.24,6.33
2221,1440,114,Suporte,Líder 26,2024-11-29,2024-12-31,,Em Andamento,59.56,4.35
2222,1440,109,Suporte,Líder 9,2024-11-10,2024-12-31,2024-12-31,Concluído,99.93,6.46
2223,1441,451,Marketing,Líder 14,2024-06-03,2024-12-30,2024-08-26,Concluído,79.82,8.87
2224,1442,124,Qualidade,Líder 11,2024-07-21,2024-12-31,2024-08-03,Concluído,98.35,6.48
2225,1442,229,Qualidade,Líder 18,2024-01-22,2024-10-18,2024-07-31,Concluído,85.64,7.83
2226,1443,66,Tecnologia,Líder 1,2023-01-20,2023-09-17,,Em Andamento,71.36,6.14
2227,1443,273,Tecnologia,Líder 3,2022-09-27,2023-01-25,2023-03-25,Concluído,85.52,9.99
2228,1443,61,Tecnologia,Líder 2,2024-04-17,2024-10-14,,Em Andamento,61.86,7.75
2229,1445,299,Comercial,Líder 50,2022-08-22,2023-03-20,2023-03-23,Concluído,87.44,6.18
2230,1445,39,Comercial,Líder 11,2024-08-19,2024-12-31,2024-12-28,Concluído,90.42,9.53
2231,1447,434,Vendas,Líder 35,2023-02-05,2023-08-04,2023-04-11,Concluído,97.37,6.6
2232,1447,159,Vendas,Líder 18,2023-10-08,2024-01-06,2023-12-04,Concluído,91.25,8.89
2233,1448,201,Vendas,Líder 35,2024-06-04,2024-12-01,2024-07-11,Concluído,80.8,8.94
2234,1449,212,Produto,Líder 42,2024-12-31,2024-12-31,,Em Andamento,51.23,6.06
2235,1449,184,Produto,Líder 13,2024-12-25,2024-12-31,2024-12-31,Concluído,81.32,8.99
2236,1449,356,Produto,Líder 17,2024-12-25,2024-12-31,2024-12-31,Concluído,75.78,8.5
2237,1451,486,Suporte,Líder 25,2023-09-06,2024-03-04,2024-03-19,Concluído,79.36,7.16
2238,1452,277,Produto,Líder 26,2024-10-14,2024-12-31,,Em Andamento,67.53,4.73
2239,1452,402,Produto,Líder 19,2024-12-24,2024-12-31,2024-12-31,Concluído,79.86,7.47
2240,1452,300,Produto,Líder 1,2024-09-05,2024-12-31,2024-11-02,Concluído,79.9,6.86
2241,1454,161,Marketing,Líder 21,2024-06-15,2024-12-31,2024-07-02,Concluído,76.4,8.9
2242,1454,337,Marketing,Líder 35,2024-03-05,2024-11-30,,Em Andamento,52.72,6.88
2243,1454,83,Marketing,Líder 8,2024-09-19,2024-12-31,2024-12-31,Concluído,93.75,8.74
2244,1458,395,Comercial,Líder 36,2024-02-07,2024-05-07,2024-04-23,Concluído,87.64,7.69
2245,1458,54,Comercial,Líder 5,2024-05-24,2024-12-31,2024-12-31,Concluído,75.95,6.12
2246,1458,457,Comercial,Líder 40,2022-11-06,2023-04-05,2023-01-06,Concluído,78.86,7.43
2247,1459,337,Suporte,Líder 18,2023-05-24,2024-01-19,,Em Andamento,35.25,6.88
2248,1459,43,Suporte,Líder 29,2024-02-22,2024-07-21,2024-09-09,Concluído,94.5,9.25
2249,1459,352,Suporte,Líder 32,2024-12-28,2024-12-31,2024-12-31,Concluído,99.31,8.69
2250,1460,96,Financeiro,Líder 13,2024-08-11,2024-12-31,2024-12-31,Concluído,95.41,9.45
2251,1460,356,Financeiro,Líder 50,2023-01-08,2023-09-05,2023-09-24,Concluído,80.12,6.94
2252,1461,468,Tecnologia,Líder 4,2022-08-16,2022-12-14,,Em Andamento,42.21,4.4
2253,1461,134,Tecnologia,Líder 26,2024-05-12,2024-12-31,,Cancelado,33.62,4.04
2254,1461,317,Tecnologia,Líder 7,2023-03-21,2024-03-15,2023-05-10,Concluído,73.56,7.06
2255,1463,306,Comercial,Líder 50,2024-03-22,2024-12-31,2024-12-04,Concluído,93.77,9.21
2256,1463,56,Comercial,Líder 14,2023-05-01,2024-01-26,2023-07-15,Concluído,93.06,6.58
2257,1464,369,Suporte,Líder 1,2023-07-12,2023-10-10,2023-09-17,Concluído,94.93,7.0
2258,1466,397,Tecnologia,Líder 7,2024-12-24,2024-12-31,2024-12-31,Concluído,80.49,7.19
2259,1467,259,Vendas,Líder 30,2023-05-04,2023-10-31,2023-10-04,Concluído,86.58,6.91
2260,1469,139,Marketing,Líder 15,2024-05-31,2024-12-31,,Cancelado,12.78,2.56
2261,1469,53,Marketing,Líder 13,2023-10-08,2024-10-02,2024-07-17,Concluído,76.34,6.27
2262,1469,455,Marketing,Líder 17,2024-01-09,2024-04-08,2024-01-12,Concluído,85.33,9.93
2263,1470,34,Gente & Gestão,Líder 30,2024-05-18,2024-12-31,2024-10-19,Concluído,84.26,8.98
2264,1471,389,Financeiro,Líder 47,2024-09-08,2024-12-31,2024-10-20,Concluído,90.23,9.23
2265,1471,125,Financeiro,Líder 10,2024-04-25,2024-12-31,2024-07-29,Concluído,85.62,9.01
2266,1472,450,Suporte,Líder 43,2023-03-09,2023-08-06,,Em Andamento,70.53,4.8
2267,1472,172,Suporte,Líder 23,2024-05-20,2024-12-31,,Em Andamento,66.8,7.35
2268,1474,493,Operações,Líder 36,2024-01-04,2024-07-02,2024-07-05,Concluído,98.93,7.41
2269,1475,177,Gente & Gestão,Líder 14,2024-11-22,2024-12-31,2024-12-31,Concluído,82.86,8.92
2270,1476,308,Marketing,Líder 29,2024-01-07,2024-09-03,,Em Andamento,73.55,4.74
2271,1476,44,Marketing,Líder 34,2023-02-23,2024-02-18,2023-11-20,Concluído,96.98,8.66
2272,1476,192,Marketing,Líder 47,2024-02-06,2024-09-03,,Em Andamento,47.11,5.97
2273,1480,281,Tecnologia,Líder 37,2024-07-21,2024-12-31,2024-11-17,Concluído,71.73,9.17
2274,1480,143,Tecnologia,Líder 36,2024-04-08,2024-12-31,2024-09-17,Concluído,86.48,6.34
2275,1483,448,Qualidade,Líder 50,2024-01-08,2024-08-05,2024-09-05,Concluído,74.48,9.54
2276,1483,329,Qualidade,Líder 13,2023-09-10,2024-09-04,2024-01-19,Concluído,86.81,8.06
2277,1486,472,Comercial,Líder 9,2023-04-10,2023-12-06,,Em Andamento,79.39,4.01
2278,1487,88,Atendimento,Líder 2,2024-09-10,2024-12-31,2024-11-29,Concluído,71.84,8.01
2279,1487,369,Atendimento,Líder 18,2023-09-11,2024-04-08,2024-04-13,Concluído,89.52,8.11
2280,1487,415,Atendimento,Líder 1,2024-01-31,2024-10-27,2024-12-24,Concluído,80.02,7.4
2281,1488,85,Marketing,Líder 1,2024-12-22,2024-12-31,2024-12-31,Concluído,90.01,9.48
2282,1489,214,Operações,Líder 22,2024-03-09,2024-08-06,2024-05-13,Concluído,85.95,8.92
2283,1489,387,Operações,Líder 10,2024-02-22,2024-11-18,2024-11-10,Concluído,99.1,6.75
2284,1490,407,Gente & Gestão,Líder 26,2023-09-16,2024-07-12,2024-02-09,Concluído,77.98,9.88
2285,1490,277,Gente & Gestão,Líder 48,2024-11-07,2024-12-31,,Em Andamento,21.38,6.63
2286,1491,475,Atendimento,Líder 27,2024-09-13,2024-12-31,2024-10-10,Concluído,75.69,9.41
2287,1492,85,Marketing,Líder 43,2024-02-20,2024-09-17,2024-04-24,Concluído,99.93,9.34
2288,1492,208,Marketing,Líder 19,2024-01-25,2024-09-21,2024-08-26,Concluído,98.72,8.99
2289,1494,215,Operações,Líder 30,2022-11-27,2023-02-25,,Em Andamento,37.61,4.96
2290,1494,252,Operações,Líder 41,2023-07-02,2024-02-27,2023-09-29,Concluído,84.17,6.89
2291,1495,454,Suporte,Líder 47,2024-12-23,2024-12-31,,Em Andamento,36.47,7.74
2292,1495,282,Suporte,Líder 47,2024-10-11,2024-12-31,2024-12-31,Concluído,75.91,6.99
2293,1498,11,Suporte,Líder 36,2023-12-17,2024-05-15,2024-02-24,Concluído,91.78,6.54
2294,1502,403,Qualidade,Líder 9,2023-12-20,2024-08-16,,Em Andamento,43.71,6.41
2295,1502,359,Qualidade,Líder 35,2024-08-06,2024-12-31,2024-12-25,Concluído,87.34,8.03
2296,1505,125,Inovação,Líder 9,2024-09-28,2024-12-31,2024-12-31,Concluído,76.92,9.56
2297,1505,455,Inovação,Líder 24,2024-07-01,2024-12-28,2024-12-24,Concluído,87.23,9.84
2298,1506,198,Comercial,Líder 26,2022-09-09,2023-07-06,2023-01-26,Concluído,88.23,9.18
2299,1508,86,Operações,Líder 28,2022-04-05,2022-11-01,2022-06-09,Concluído,74.66,9.09
2300,1509,271,Suporte,Líder 17,2024-09-19,2024-12-31,2024-12-31,Concluído,96.11,8.15
2301,1510,153,Inovação,Líder 31,2024-12-08,2024-12-31,2024-12-31,Concluído,86.19,7.95
2302,1510,247,Inovação,Líder 12,2024-11-13,2024-12-31,2024-12-31,Concluído,73.48,6.33
2303,1510,415,Inovação,Líder 48,2024-12-18,2024-12-31,,Cancelado,14.92,4.36
2304,1512,310,Financeiro,Líder 50,2024-11-16,2024-12-31,2024-12-08,Concluído,84.71,9.95
2305,1513,415,Vendas,Líder 47,2024-09-20,2024-12-31,2024-12-31,Concluído,95.31,7.08
2306,1513,40,Vendas,Líder 8,2024-10-26,2024-12-31,2024-12-31,Concluído,85.01,9.65
2307,1517,3,Inovação,Líder 7,2024-08-06,2024-12-31,,Em Andamento,50.44,6.7
2308,1517,52,Inovação,Líder 43,2024-06-21,2024-12-31,2024-07-10,Concluído,93.07,8.91
2309,1517,85,Inovação,Líder 22,2024-12-11,2024-12-31,2024-12-31,Concluído,72.51,7.98
2310,1518,152,Produto,Líder 44,2023-11-24,2024-02-22,2023-11-28,Concluído,80.79,7.22
2311,1518,126,Produto,Líder 38,2024-05-04,2024-12-31,2024-05-18,Concluído,88.68,6.03
2312,1518,372,Produto,Líder 10,2024-01-13,2024-04-12,2024-05-17,Concluído,82.6,9.78
2313,1519,14,Financeiro,Líder 36,2024-11-25,2024-12-31,2024-12-31,Concluído,78.82,9.18
2314,1519,261,Financeiro,Líder 48,2024-09-13,2024-12-31,2024-12-02,Concluído,93.56,8.9
2315,1519,5,Financeiro,Líder 43,2024-11-17,2024-12-31,,Em Andamento,34.85,7.14
2316,1520,206,Inovação,Líder 30,2023-08-20,2024-04-16,,Em Andamento,53.13,5.97
2317,1520,292,Inovação,Líder 6,2023-03-05,2023-08-02,,Cancelado,29.82,4.83
2318,1522,347,Atendimento,Líder 45,2024-10-26,2024-12-31,2024-12-04,Concluído,78.77,6.61
2319,1522,50,Atendimento,Líder 11,2023-04-21,2023-09-18,2023-07-20,Concluído,98.5,6.08
2320,1522,230,Atendimento,Líder 14,2024-03-30,2024-09-26,2024-07-27,Concluído,77.86,9.59
2321,1524,136,Qualidade,Líder 28,2024-07-22,2024-10-20,2024-09-15,Concluído,70.64,8.56
2322,1524,203,Qualidade,Líder 3,2023-12-28,2024-10-23,2024-11-16,Concluído,76.47,8.57
2323,1525,133,Financeiro,Líder 46,2023-09-15,2024-06-11,2023-12-14,Concluído,87.07,6.41
2324,1527,303,Tecnologia,Líder 43,2023-08-12,2023-11-10,2023-11-23,Concluído,86.93,8.04
2325,1528,52,Produto,Líder 32,2024-10-02,2024-12-31,2024-12-14,Concluído,86.76,8.33
2326,1531,348,Vendas,Líder 16,2024-11-21,2024-12-31,2024-12-31,Concluído,76.56,9.38
2327,1531,287,Vendas,Líder 31,2024-03-08,2024-09-04,,Em Andamento,35.58,4.72
2328,1531,369,Vendas,Líder 35,2024-06-10,2024-12-31,2024-12-31,Concluído,85.79,9.71
2329,1532,467,Marketing,Líder 33,2023-05-18,2024-02-12,2023-12-31,Concluído,84.84,7.98
2330,1533,145,Comercial,Líder 37,2023-01-13,2024-01-08,,Cancelado,20.75,2.65
2331,1533,158,Comercial,Líder 31,2024-12-06,2024-12-31,2024-12-30,Concluído,71.79,8.73
2332,1534,475,Tecnologia,Líder 25,2024-02-24,2024-11-20,2024-08-19,Concluído,94.48,6.12
2333,1534,11,Tecnologia,Líder 14,2024-06-09,2024-09-07,2024-11-03,Concluído,73.11,8.88
2334,1535,457,Comercial,Líder 4,2024-02-01,2024-05-01,2024-04-23,Concluído,91.64,7.32
2335,1536,415,Financeiro,Líder 28,2024-02-09,2024-11-05,2024-12-16,Concluído,81.99,9.54
2336,1536,201,Financeiro,Líder 43,2024-12-20,2024-12-31,2024-12-31,Concluído,89.79,6.75
2337,1536,115,Financeiro,Líder 44,2023-01-11,2024-01-06,,Cancelado,39.11,5.08
2338,1537,400,Produto,Líder 5,2024-09-12,2024-12-11,2024-11-03,Concluído,93.54,9.4
2339,1537,105,Produto,Líder 16,2024-08-07,2024-12-05,2024-10-09,Concluído,98.06,6.17
2340,1537,466,Produto,Líder 21,2024-07-23,2024-12-31,2024-12-31,Concluído,71.12,7.78
2341,1538,92,Atendimento,Líder 41,2023-10-02,2024-08-27,2024-01-24,Concluído,88.57,6.2
2342,1538,470,Atendimento,Líder 14,2024-03-08,2024-07-06,2024-05-10,Concluído,84.24,6.2
2343,1539,468,Atendimento,Líder 50,2023-10-16,2024-03-14,2023-11-18,Concluído,82.31,9.9
2344,1539,225,Atendimento,Líder 6,2024-09-02,2024-12-31,2024-12-31,Concluído,76.61,7.55
2345,1540,487,Gente & Gestão,Líder 5,2024-02-29,2024-08-27,2024-10-02,Concluído,79.2,6.15
2346,1540,304,Gente & Gestão,Líder 43,2024-08-23,2024-11-21,,Em Andamento,60.97,5.64
2347,1540,307,Gente & Gestão,Líder 30,2024-12-21,2024-12-31,2024-12-30,Concluído,79.36,7.92
2348,1542,63,Produto,Líder 12,2024-06-08,2024-12-31,2024-11-14,Concluído,70.29,9.09
2349,1544,338,Financeiro,Líder 37,2024-09-16,2024-12-31,,Em Andamento,58.4,6.41
2350,1546,252,Atendimento,Líder 23,2024-08-01,2024-12-31,,Cancelado,18.73,3.98
2351,1546,187,Atendimento,Líder 9,2023-05-04,2023-12-30,2023-06-12,Concluído,96.48,7.38
2352,1546,122,Atendimento,Líder 43,2023-09-17,2024-01-15,,Cancelado,35.99,5.62
2353,1547,445,Operações,Líder 47,2022-06-11,2022-09-09,,Em Andamento,67.34,5.69
2354,1547,272,Operações,Líder 2,2024-10-13,2024-12-31,2024-12-31,Concluído,76.86,7.23
2355,1547,434,Operações,Líder 41,2022-05-07,2022-12-03,2023-01-21,Concluído,78.91,7.48
2356,1548,292,Vendas,Líder 42,2023-09-07,2024-03-05,,Em Andamento,64.22,4.38
2357,1550,195,Suporte,Líder 15,2023-08-13,2024-07-08,2024-01-03,Concluído,97.54,7.82
2358,1550,311,Suporte,Líder 20,2024-06-24,2024-12-21,,Cancelado,29.68,2.92
2359,1550,59,Suporte,Líder 8,2023-02-15,2023-08-14,2023-06-25,Concluído,86.74,9.8
2360,1552,139,Atendimento,Líder 37,2024-05-24,2024-09-21,2024-11-12,Concluído,79.2,7.38
2361,1553,287,Marketing,Líder 20,2024-06-06,2024-09-04,2024-06-24,Concluído,80.58,8.82
2362,1553,483,Marketing,Líder 36,2024-01-18,2024-12-31,,Em Andamento,69.0,7.34
2363,1555,44,Inovação,Líder 50,2024-06-22,2024-10-20,,Em Andamento,40.34,7.23
2364,1555,218,Inovação,Líder 43,2023-01-29,2023-07-28,,Cancelado,10.48,4.64
2365,1556,152,Qualidade,Líder 49,2023-04-26,2024-01-21,2023-05-29,Concluído,83.32,6.72
2366,1556,214,Qualidade,Líder 23,2024-11-22,2024-12-31,2024-12-31,Concluído,72.53,9.15
2367,1556,373,Qualidade,Líder 28,2024-12-30,2024-12-31,,Cancelado,22.76,5.76
2368,1557,158,Inovação,Líder 17,2024-11-14,2024-12-31,2024-12-08,Concluído,72.12,8.03
2369,1558,163,Suporte,Líder 6,2024-08-13,2024-12-31,2024-12-31,Concluído,91.37,7.33
2370,1558,51,Suporte,Líder 2,2023-04-01,2023-11-27,,Em Andamento,31.9,7.9
2371,1560,161,Gente & Gestão,Líder 20,2024-05-04,2024-12-31,2024-11-23,Concluído,82.03,7.26
2372,1560,127,Gente & Gestão,Líder 5,2024-03-23,2024-11-18,2024-10-12,Concluído,94.42,8.45
2373,1561,70,Operações,Líder 46,2024-10-03,2024-12-31,,Em Andamento,68.52,7.63
2374,1562,497,Inovação,Líder 43,2024-08-21,2024-12-31,2024-11-26,Concluído,85.47,6.63
2375,1563,21,Suporte,Líder 47,2022-03-18,2022-12-13,2022-08-15,Concluído,93.6,7.65
2376,1563,259,Suporte,Líder 37,2024-04-20,2024-12-31,,Em Andamento,76.6,6.63
2377,1567,93,Inovação,Líder 17,2024-09-28,2024-12-31,2024-12-02,Concluído,92.67,6.56
2378,1567,279,Inovação,Líder 23,2024-03-09,2024-12-04,2024-07-03,Concluído,72.84,9.3
2379,1567,426,Inovação,Líder 40,2024-02-12,2024-10-09,2024-05-27,Concluído,74.05,6.51
2380,1569,275,Vendas,Líder 21,2024-04-29,2024-09-26,2024-10-25,Concluído,77.5,8.26
2381,1569,490,Vendas,Líder 9,2024-12-25,2024-12-31,2024-12-31,Concluído,74.36,9.08
2382,1570,426,Suporte,Líder 8,2024-09-30,2024-12-31,2024-11-11,Concluído,77.37,6.89
2383,1570,481,Suporte,Líder 1,2024-09-24,2024-12-31,2024-12-31,Concluído,89.33,8.28
2384,1570,200,Suporte,Líder 6,2024-12-04,2024-12-31,,Cancelado,38.98,4.61
2385,1572,316,Comercial,Líder 8,2023-10-13,2024-02-10,2024-01-07,Concluído,72.4,8.71
2386,1572,210,Comercial,Líder 6,2024-11-17,2024-12-31,2024-12-02,Concluído,95.03,8.94
2387,1573,291,Comercial,Líder 13,2023-09-17,2024-06-13,2024-05-14,Concluído,99.45,6.11
2388,1573,319,Comercial,Líder 25,2024-10-25,2024-12-31,2024-12-31,Concluído,97.2,6.31
2389,1573,57,Comercial,Líder 8,2024-07-05,2024-11-02,2024-08-20,Concluído,86.24,9.41
2390,1574,6,Tecnologia,Líder 35,2024-01-25,2024-09-21,2024-10-27,Concluído,70.16,8.81
2391,1576,247,Vendas,Líder 34,2024-08-30,2024-12-31,,Em Andamento,59.22,5.54
2392,1577,246,Atendimento,Líder 16,2023-12-13,2024-04-11,2024-03-20,Concluído,74.51,7.05
2393,1577,182,Atendimento,Líder 24,2024-09-21,2024-12-31,,Em Andamento,23.09,5.88
2394,1578,255,Operações,Líder 47,2023-05-23,2023-12-19,,Cancelado,17.53,5.24
2395,1578,53,Operações,Líder 38,2024-01-17,2024-05-16,2024-05-01,Concluído,73.59,8.12
2396,1579,195,Qualidade,Líder 42,2023-06-25,2024-01-21,2023-08-02,Concluído,85.19,8.53
2397,1580,459,Marketing,Líder 8,2023-06-24,2023-12-21,2024-01-05,Concluído,99.75,8.52
2398,1580,326,Marketing,Líder 48,2024-11-25,2024-12-31,,Cancelado,16.76,3.61
2399,1581,499,Atendimento,Líder 50,2023-06-25,2023-11-22,2023-10-11,Concluído,99.82,8.63
2400,1581,301,Atendimento,Líder 29,2023-08-03,2024-03-30,2024-01-30,Concluído,84.1,9.96
2401,1584,107,Suporte,Líder 4,2022-05-04,2022-11-30,,Em Andamento,61.44,5.38
2402,1585,298,Vendas,Líder 38,2024-09-01,2024-12-31,,Em Andamento,36.22,6.86
2403,1588,235,Atendimento,Líder 29,2024-08-04,2024-12-31,2024-08-08,Concluído,94.26,9.86
2404,1589,283,Comercial,Líder 47,2024-09-23,2024-12-31,2024-12-31,Concluído,77.34,6.5
2405,1589,177,Comercial,Líder 5,2024-02-20,2024-08-18,2024-09-04,Concluído,98.86,6.91
2406,1589,89,Comercial,Líder 39,2024-12-29,2024-12-31,2024-12-31,Concluído,80.99,9.62
2407,1590,16,Inovação,Líder 1,2023-07-04,2024-06-28,,Em Andamento,74.08,5.91
2408,1590,124,Inovação,Líder 40,2023-09-03,2024-03-01,,Em Andamento,45.82,7.87
2409,1590,342,Inovação,Líder 16,2024-10-19,2024-12-31,2024-12-31,Concluído,75.54,7.35
2410,1591,399,Comercial,Líder 3,2024-05-23,2024-12-31,,Em Andamento,29.96,5.32
2411,1591,100,Comercial,Líder 24,2024-04-06,2024-12-31,2024-12-31,Concluído,96.96,9.88
2412,1592,264,Financeiro,Líder 21,2024-12-07,2024-12-31,,Em Andamento,37.46,6.36
2413,1593,439,Marketing,Líder 17,2023-07-11,2024-01-07,2023-08-15,Concluído,89.34,9.86
2414,1594,346,Inovação,Líder 32,2022-08-08,2022-12-06,2022-10-06,Concluído,79.39,6.27
2415,1594,236,Inovação,Líder 46,2023-08-05,2023-11-03,2023-12-04,Concluído,90.45,6.71
2416,1596,337,Marketing,Líder 24,2024-11-20,2024-12-31,2024-12-31,Concluído,79.43,9.19
2417,1596,496,Marketing,Líder 40,2024-06-03,2024-10-01,2024-08-28,Concluído,74.46,8.5
2418,1596,371,Marketing,Líder 41,2024-09-16,2024-12-31,2024-12-28,Concluído,86.48,7.53
2419,1597,437,Comercial,Líder 50,2022-09-03,2023-01-31,2022-10-04,Concluído,95.84,7.24
2420,1598,257,Produto,Líder 37,2024-12-12,2024-12-31,2024-12-31,Concluído,85.8,7.97
2421,1598,330,Produto,Líder 1,2024-12-22,2024-12-31,2024-12-31,Concluído,74.41,6.5
2422,1599,298,Comercial,Líder 36,2024-12-12,2024-12-31,2024-12-15,Concluído,96.45,6.91
2423,1599,52,Comercial,Líder 15,2024-11-25,2024-12-31,,Em Andamento,42.91,6.19
2424,1599,459,Comercial,Líder 6,2024-11-21,2024-12-31,2024-12-30,Concluído,84.97,8.68
2425,1600,348,Operações,Líder 41,2024-02-01,2024-05-31,2024-04-15,Concluído,78.1,9.92
2426,1600,144,Operações,Líder 2,2024-02-21,2024-10-18,,Cancelado,35.62,5.73
2427,1600,80,Operações,Líder 10,2023-12-18,2024-06-15,2024-04-02,Concluído,72.81,9.98
2428,1601,141,Atendimento,Líder 6,2023-06-16,2024-04-11,2023-12-03,Concluído,92.88,8.9
2429,1602,312,Comercial,Líder 44,2022-07-01,2022-11-28,2022-08-21,Concluído,96.22,7.64
2430,1603,68,Gente & Gestão,Líder 3,2024-06-15,2024-10-13,2024-10-09,Concluído,91.73,7.3
2431,1603,372,Gente & Gestão,Líder 14,2024-10-04,2024-12-31,2024-12-07,Concluído,79.07,7.66
2432,1603,328,Gente & Gestão,Líder 32,2024-03-11,2024-12-31,2024-12-09,Concluído,97.92,7.05
2433,1604,164,Inovação,Líder 18,2024-11-20,2024-12-31,,Cancelado,34.11,2.8
2434,1604,438,Inovação,Líder 47,2024-04-08,2024-12-31,2024-12-31,Concluído,90.61,7.43
2435,1604,127,Inovação,Líder 32,2024-06-08,2024-12-31,2024-06-08,Concluído,71.59,7.67
2436,1605,389,Gente & Gestão,Líder 1,2024-11-27,2024-12-31,,Em Andamento,59.67,6.96
2437,1606,424,Financeiro,Líder 21,2024-08-07,2024-11-05,2024-11-22,Concluído,76.12,7.28
2438,1607,345,Atendimento,Líder 47,2024-11-14,2024-12-31,2024-12-18,Concluído,83.5,8.01
2439,1607,296,Atendimento,Líder 7,2024-12-25,2024-12-31,,Cancelado,28.95,2.83
2440,1607,83,Atendimento,Líder 2,2024-05-08,2024-10-05,2024-11-28,Concluído,81.72,8.97
2441,1608,405,Suporte,Líder 47,2024-05-07,2024-12-31,2024-12-21,Concluído,72.07,9.21
2442,1608,75,Suporte,Líder 29,2024-11-08,2024-12-31,,Cancelado,19.19,4.94
2443,1609,343,Tecnologia,Líder 45,2024-10-31,2024-12-31,2024-11-18,Concluído,70.49,8.52
2444,1609,275,Tecnologia,Líder 36,2024-03-31,2024-09-27,,Cancelado,16.12,5.35
2445,1609,64,Tecnologia,Líder 19,2023-11-24,2024-11-18,2024-04-10,Concluído,79.6,9.05
2446,1610,406,Gente & Gestão,Líder 31,2023-01-19,2023-04-19,2023-04-05,Concluído,77.72,7.72
2447,1611,16,Inovação,Líder 42,2024-10-26,2024-12-31,,Cancelado,25.08,5.73
2448,1611,287,Inovação,Líder 19,2024-07-05,2024-12-31,2024-12-31,Concluído,84.9,6.44
2449,1612,389,Financeiro,Líder 12,2024-03-28,2024-07-26,2024-09-07,Concluído,78.0,8.05
2450,1612,188,Financeiro,Líder 38,2024-10-17,2024-12-31,,Em Andamento,64.91,7.79
2451,1615,466,Marketing,Líder 34,2023-12-05,2024-08-31,2024-08-18,Concluído,93.15,6.37
2452,1616,357,Inovação,Líder 14,2022-11-23,2023-08-20,2023-03-22,Concluído,77.14,6.99
2453,1617,421,Produto,Líder 21,2024-10-24,2024-12-31,2024-12-10,Concluído,94.64,9.34
2454,1617,136,Produto,Líder 11,2024-11-19,2024-12-31,,Cancelado,3.97,2.98
2455,1618,152,Inovação,Líder 14,2024-09-30,2024-12-31,2024-12-31,Concluído,95.21,8.39
2456,1619,61,Produto,Líder 48,2024-05-08,2024-10-05,2024-11-02,Concluído,99.39,8.34
2457,1619,62,Produto,Líder 38,2024-01-10,2024-06-08,2024-03-28,Concluído,80.82,9.33
2458,1620,360,Gente & Gestão,Líder 44,2024-12-18,2024-12-31,2024-12-31,Concluído,75.42,7.06
2459,1620,497,Gente & Gestão,Líder 45,2024-11-20,2024-12-31,2024-12-13,Concluído,81.46,9.96
2460,1620,278,Gente & Gestão,Líder 32,2024-12-19,2024-12-31,2024-12-31,Concluído,80.87,8.33
2461,1621,317,Qualidade,Líder 5,2024-02-11,2024-05-11,,Cancelado,32.27,2.44
2462,1621,126,Qualidade,Líder 6,2023-09-23,2024-05-20,,Em Andamento,74.94,7.58
2463,1622,132,Marketing,Líder 39,2024-04-05,2024-10-02,,Cancelado,19.73,3.48
2464,1623,51,Comercial,Líder 11,2024-02-24,2024-07-23,2024-09-13,Concluído,74.32,9.4
2465,1624,43,Gente & Gestão,Líder 47,2024-11-27,2024-12-31,2024-12-04,Concluído,77.98,6.24
2466,1624,140,Gente & Gestão,Líder 38,2024-12-16,2024-12-31,,Em Andamento,58.29,6.98
2467,1624,376,Gente & Gestão,Líder 49,2024-12-10,2024-12-31,,Cancelado,5.27,3.48
2468,1625,71,Vendas,Líder 30,2023-03-09,2023-09-05,,Em Andamento,51.9,5.39
2469,1625,180,Vendas,Líder 31,2024-04-20,2024-11-16,,Em Andamento,40.28,5.8
2470,1625,21,Vendas,Líder 47,2023-09-19,2024-08-14,2024-06-23,Concluído,79.77,8.82
2471,1626,13,Qualidade,Líder 20,2024-08-30,2024-12-31,2024-12-27,Concluído,82.65,6.09
2472,1627,13,Atendimento,Líder 23,2024-11-03,2024-12-31,2024-12-24,Concluído,74.17,7.81
2473,1627,20,Atendimento,Líder 11,2023-09-25,2024-02-22,2024-03-08,Concluído,80.31,9.32
2474,1627,45,Atendimento,Líder 29,2023-08-12,2024-04-08,,Em Andamento,25.4,5.23
2475,1628,85,Produto,Líder 19,2024-03-22,2024-10-18,,Cancelado,21.12,5.79
2476,1629,287,Tecnologia,Líder 4,2024-03-08,2024-10-04,2024-11-02,Concluído,78.6,9.72
2477,1629,81,Tecnologia,Líder 32,2023-11-13,2024-06-10,2024-05-13,Concluído,99.28,7.7
2478,1630,300,Tecnologia,Líder 41,2023-12-29,2024-05-27,,Em Andamento,48.66,7.5
2479,1631,383,Inovação,Líder 44,2024-05-28,2024-12-31,,Em Andamento,57.78,5.61
2480,1632,448,Marketing,Líder 23,2024-04-10,2024-07-09,2024-06-26,Concluído,85.27,8.53
2481,1635,120,Financeiro,Líder 11,2024-10-19,2024-12-31,,Em Andamento,26.06,7.58
2482,1635,116,Financeiro,Líder 50,2024-07-01,2024-11-28,,Em Andamento,75.78,7.95
2483,1636,376,Financeiro,Líder 13,2024-08-06,2024-11-04,,Em Andamento,49.53,4.43
2484,1636,481,Financeiro,Líder 39,2023-07-24,2024-04-19,2024-04-20,Concluído,97.41,7.59
2485,1636,367,Financeiro,Líder 9,2024-07-14,2024-12-31,2024-07-19,Concluído,77.97,7.35
2486,1637,157,Comercial,Líder 22,2023-04-21,2023-09-18,2023-07-13,Concluído,98.98,6.82
2487,1638,38,Inovação,Líder 47,2023-07-11,2024-03-07,2024-02-19,Concluído,92.02,7.12
2488,1638,126,Inovação,Líder 2,2023-11-09,2024-08-05,2024-01-18,Concluído,96.13,9.38
2489,1638,21,Inovação,Líder 16,2023-02-01,2023-07-01,2023-08-08,Concluído,70.26,8.09
2490,1640,87,Inovação,Líder 25,2024-06-05,2024-12-31,2024-12-31,Concluído,89.74,9.06
2491,1640,101,Inovação,Líder 19,2024-11-25,2024-12-31,,Em Andamento,24.04,6.36
2492,1641,145,Tecnologia,Líder 10,2024-12-26,2024-12-31,,Em Andamento,68.92,5.17
2493,1641,293,Tecnologia,Líder 21,2024-12-20,2024-12-31,2024-12-31,Concluído,70.14,7.88
2494,1641,258,Tecnologia,Líder 42,2024-12-21,2024-12-31,2024-12-31,Concluído,81.07,6.13
2495,1642,39,Comercial,Líder 3,2024-10-24,2024-12-31,2024-12-22,Concluído,73.05,6.31
2496,1642,233,Comercial,Líder 14,2024-09-25,2024-12-31,2024-12-07,Concluído,77.17,8.86
2497,1644,348,Vendas,Líder 31,2024-06-11,2024-12-31,,Em Andamento,48.83,4.96
2498,1645,75,Comercial,Líder 26,2024-12-15,2024-12-31,2024-12-31,Concluído,86.19,6.41
2499,1645,227,Comercial,Líder 33,2024-11-02,2024-12-31,2024-12-31,Concluído,94.27,9.0
2500,1645,333,Comercial,Líder 40,2024-11-29,2024-12-31,,Cancelado,25.29,4.09
2501,1646,207,Atendimento,Líder 1,2023-04-26,2023-11-22,2023-10-30,Concluído,87.24,8.75
2502,1646,9,Atendimento,Líder 40,2023-12-12,2024-12-06,,Em Andamento,50.9,5.1
2503,1646,459,Atendimento,Líder 23,2024-06-16,2024-11-13,,Em Andamento,60.6,6.5
2504,1647,150,Atendimento,Líder 21,2024-05-09,2024-12-31,,Em Andamento,44.57,5.61
2505,1647,276,Atendimento,Líder 3,2023-10-17,2024-02-14,2023-12-16,Concluído,71.29,9.96
2506,1648,349,Qualidade,Líder 49,2024-12-01,2024-12-31,,Em Andamento,37.9,6.79
2507,1648,69,Qualidade,Líder 35,2024-07-27,2024-12-31,2024-11-30,Concluído,98.63,9.69
2508,1649,425,Tecnologia,Líder 28,2024-11-02,2024-12-31,2024-11-26,Concluído,94.67,7.96
2509,1650,415,Gente & Gestão,Líder 40,2024-12-06,2024-12-31,,Em Andamento,48.44,6.39
2510,1650,336,Gente & Gestão,Líder 18,2024-12-30,2024-12-31,2024-12-31,Concluído,90.43,8.49
2511,1650,29,Gente & Gestão,Líder 16,2024-12-10,2024-12-31,2024-12-26,Concluído,71.49,7.23
2512,1651,216,Atendimento,Líder 45,2023-06-13,2023-12-10,2023-08-01,Concluído,91.94,9.16
2513,1651,435,Atendimento,Líder 2,2024-06-10,2024-11-07,2024-06-12,Concluído,97.42,9.49
2514,1652,237,Produto,Líder 11,2024-10-04,2024-12-31,,Em Andamento,29.82,7.11
2515,1657,43,Financeiro,Líder 49,2024-09-02,2024-12-31,2024-12-21,Concluído,82.55,7.2
2516,1657,61,Financeiro,Líder 27,2023-05-30,2024-03-25,2023-10-29,Concluído,92.07,6.65
2517,1659,164,Vendas,Líder 44,2024-10-04,2024-12-31,,Cancelado,6.48,3.33
2518,1662,109,Financeiro,Líder 48,2024-12-05,2024-12-31,,Cancelado,8.93,4.75
2519,1663,346,Marketing,Líder 21,2024-12-05,2024-12-31,2024-12-17,Concluído,86.23,6.69
2520,1663,371,Marketing,Líder 43,2024-10-27,2024-12-31,2024-12-31,Concluído,73.0,6.41
2521,1663,329,Marketing,Líder 32,2024-09-23,2024-12-31,2024-12-31,Concluído,74.05,6.26
2522,1664,31,Tecnologia,Líder 31,2024-11-27,2024-12-31,,Em Andamento,56.69,6.35
2523,1664,84,Tecnologia,Líder 19,2024-12-06,2024-12-31,,Em Andamento,44.55,5.54
2524,1664,326,Tecnologia,Líder 35,2024-11-27,2024-12-31,,Em Andamento,44.11,4.22
2525,1665,450,Suporte,Líder 50,2023-11-01,2024-08-27,2024-02-04,Concluído,83.29,7.93
2526,1665,104,Suporte,Líder 20,2024-11-17,2024-12-31,2024-11-20,Concluído,82.18,6.89
2527,1665,353,Suporte,Líder 8,2022-12-29,2023-03-29,,Cancelado,32.66,2.96
2528,1666,207,Vendas,Líder 2,2024-10-04,2024-12-31,2024-10-04,Concluído,71.82,9.35
2529,1666,388,Vendas,Líder 8,2023-06-03,2023-10-31,2023-07-20,Concluído,80.03,9.09
2530,1666,277,Vendas,Líder 45,2024-01-24,2024-04-23,2024-04-30,Concluído,92.48,9.95
2531,1668,251,Gente & Gestão,Líder 29,2024-12-11,2024-12-31,,Cancelado,24.66,3.36
2532,1668,5,Gente & Gestão,Líder 46,2024-10-31,2024-12-31,2024-11-10,Concluído,79.77,6.67
2533,1668,291,Gente & Gestão,Líder 16,2024-10-30,2024-12-31,2024-11-03,Concluído,84.81,8.36
2534,1669,40,Inovação,Líder 14,2024-08-26,2024-11-24,,Em Andamento,49.08,5.56
2535,1669,381,Inovação,Líder 48,2024-12-02,2024-12-31,,Cancelado,6.01,4.12
2536,1670,4,Gente & Gestão,Líder 39,2023-02-22,2023-11-19,,Cancelado,31.08,2.94
2537,1671,300,Vendas,Líder 10,2024-04-22,2024-12-31,2024-06-12,Concluído,83.52,6.16
2538,1671,247,Vendas,Líder 25,2024-11-24,2024-12-31,,Em Andamento,55.24,6.92
2539,1672,321,Comercial,Líder 9,2024-01-16,2024-12-31,2024-09-22,Concluído,85.16,6.46
2540,1672,323,Comercial,Líder 23,2022-12-31,2023-04-30,2023-01-01,Concluído,92.26,6.84
2541,1674,26,Suporte,Líder 10,2023-10-16,2024-03-14,2024-01-17,Concluído,76.43,9.52
2542,1674,6,Suporte,Líder 40,2024-06-27,2024-12-31,2024-11-09,Concluído,81.35,9.55
2543,1675,476,Qualidade,Líder 28,2023-11-21,2024-02-19,2023-12-31,Concluído,80.48,8.81
2544,1676,235,Operações,Líder 19,2024-04-08,2024-09-05,2024-05-02,Concluído,75.15,6.64
2545,1676,244,Operações,Líder 47,2024-08-24,2024-12-31,2024-12-31,Concluído,90.08,7.01
2546,1678,214,Atendimento,Líder 28,2024-11-11,2024-12-31,2024-12-25,Concluído,83.69,9.56
2547,1678,254,Atendimento,Líder 20,2023-07-09,2023-10-07,2023-11-06,Concluído,79.58,8.03
2548,1679,128,Inovação,Líder 48,2024-06-18,2024-11-15,2024-11-06,Concluído,84.76,7.95
2549,1679,237,Inovação,Líder 1,2024-07-05,2024-10-03,2024-08-29,Concluído,81.65,9.43
2550,1679,94,Inovação,Líder 35,2024-11-14,2024-12-31,2024-12-31,Concluído,81.87,6.43
2551,1680,42,Produto,Líder 35,2024-11-02,2024-12-31,,Em Andamento,75.06,5.39
2552,1680,15,Produto,Líder 18,2024-10-31,2024-12-31,,Em Andamento,30.02,6.49
2553,1681,398,Comercial,Líder 35,2024-09-19,2024-12-31,2024-12-28,Concluído,74.2,6.58
2554,1681,469,Comercial,Líder 5,2023-10-09,2024-06-05,2024-07-18,Concluído,94.69,8.22
2555,1683,79,Produto,Líder 46,2024-07-18,2024-12-31,,Em Andamento,35.87,5.54
2556,1683,378,Produto,Líder 38,2024-11-22,2024-12-31,,Cancelado,5.84,2.44
2557,1683,285,Produto,Líder 26,2024-05-08,2024-12-04,2024-10-28,Concluído,97.7,8.18
2558,1684,240,Comercial,Líder 1,2023-05-25,2023-11-21,2023-12-02,Concluído,74.28,6.56
2559,1684,31,Comercial,Líder 41,2023-09-21,2024-01-19,,Em Andamento,78.95,5.63
2560,1686,157,Qualidade,Líder 49,2023-09-23,2024-01-21,2024-02-06,Concluído,90.98,9.46
2561,1687,309,Operações,Líder 15,2022-11-06,2023-06-04,,Cancelado,36.43,5.05
2562,1687,459,Operações,Líder 16,2022-12-05,2023-03-05,,Cancelado,38.31,3.48
2563,1687,206,Operações,Líder 34,2022-09-10,2023-01-08,2023-03-06,Concluído,84.19,9.3
2564,1688,275,Operações,Líder 9,2024-09-28,2024-12-31,2024-12-09,Concluído,90.21,7.04
2565,1688,69,Operações,Líder 45,2024-11-26,2024-12-31,2024-12-31,Concluído,91.85,8.6
2566,1688,80,Operações,Líder 50,2024-10-26,2024-12-31,2024-12-03,Concluído,85.72,8.8
2567,1689,352,Vendas,Líder 6,2024-10-01,2024-12-31,,Em Andamento,59.98,6.41
2568,1689,469,Vendas,Líder 47,2024-01-27,2024-05-26,2024-06-16,Concluído,92.6,9.37
2569,1690,28,Qualidade,Líder 29,2023-12-22,2024-04-20,2024-01-31,Concluído,82.7,8.56
2570,1690,484,Qualidade,Líder 42,2024-05-07,2024-12-31,2024-11-10,Concluído,89.07,8.96
2571,1690,457,Qualidade,Líder 2,2024-03-03,2024-12-31,,Em Andamento,67.28,4.56
2572,1691,408,Qualidade,Líder 49,2024-11-11,2024-12-31,2024-12-04,Concluído,90.85,7.52
2573,1691,394,Qualidade,Líder 30,2024-04-07,2024-09-04,2024-04-24,Concluído,92.41,7.82
2574,1691,369,Qualidade,Líder 6,2024-06-28,2024-09-26,2024-10-25,Concluído,82.81,7.92
2575,1692,219,Atendimento,Líder 47,2024-04-15,2024-07-14,,Cancelado,24.03,2.13
2576,1692,156,Atendimento,Líder 16,2024-09-23,2024-12-31,2024-12-14,Concluído,94.18,8.56
2577,1693,298,Financeiro,Líder 40,2024-10-12,2024-12-31,2024-11-20,Concluído,97.69,9.94
2578,1695,30,Operações,Líder 15,2023-05-17,2023-11-13,,Cancelado,15.92,5.57
2579,1696,245,Qualidade,Líder 11,2024-10-08,2024-12-31,2024-12-09,Concluído,75.92,9.56
2580,1696,138,Qualidade,Líder 49,2023-02-17,2024-02-12,2023-03-02,Concluído,92.09,7.99
2581,1696,279,Qualidade,Líder 11,2024-06-11,2024-12-31,,Cancelado,3.37,2.54
2582,1699,430,Tecnologia,Líder 44,2023-06-30,2023-09-28,2023-11-03,Concluído,96.41,9.53
2583,1699,50,Tecnologia,Líder 1,2024-05-06,2024-12-31,2024-12-31,Concluído,72.55,6.36
2584,1700,196,Atendimento,Líder 47,2023-05-06,2024-01-31,2023-06-28,Concluído,87.92,7.02
2585,1700,177,Atendimento,Líder 24,2024-05-16,2024-12-31,,Em Andamento,53.78,7.4
2586,1701,159,Gente & Gestão,Líder 40,2024-10-27,2024-12-31,2024-12-31,Concluído,82.47,7.04
2587,1701,184,Gente & Gestão,Líder 12,2024-09-20,2024-12-31,2024-12-31,Concluído,83.75,8.38
2588,1701,339,Gente & Gestão,Líder 20,2024-02-29,2024-06-28,2024-08-06,Concluído,89.24,8.42
2589,1702,85,Suporte,Líder 40,2024-01-04,2024-08-31,2024-08-01,Concluído,77.09,6.05
2590,1702,123,Suporte,Líder 47,2024-08-27,2024-12-31,2024-11-24,Concluído,82.33,6.51
2591,1702,77,Suporte,Líder 12,2024-11-03,2024-12-31,2024-12-31,Concluído,99.82,8.05
2592,1703,18,Suporte,Líder 42,2024-06-07,2024-10-05,2024-10-26,Concluído,78.51,7.24
2593,1703,239,Suporte,Líder 48,2023-12-23,2024-05-21,2024-07-04,Concluído,85.2,9.7
2594,1705,300,Produto,Líder 42,2024-08-13,2024-12-31,,Em Andamento,65.78,5.21
2595,1705,423,Produto,Líder 44,2024-04-28,2024-12-31,2024-07-09,Concluído,80.39,9.62
2596,1705,190,Produto,Líder 35,2024-01-20,2024-09-16,,Em Andamento,73.44,4.94
2597,1706,363,Tecnologia,Líder 21,2024-11-04,2024-12-31,2024-12-31,Concluído,82.94,7.86
2598,1706,120,Tecnologia,Líder 5,2024-11-04,2024-12-31,,Em Andamento,24.63,5.88
2599,1706,316,Tecnologia,Líder 50,2024-12-16,2024-12-31,2024-12-27,Concluído,87.8,9.95
2600,1709,156,Suporte,Líder 44,2024-06-08,2024-12-31,2024-08-20,Concluído,78.5,8.66
2601,1709,147,Suporte,Líder 9,2024-12-07,2024-12-31,,Cancelado,3.15,3.27
2602,1710,301,Inovação,Líder 2,2024-10-16,2024-12-31,,Em Andamento,20.13,4.31
2603,1710,370,Inovação,Líder 6,2023-12-05,2024-11-29,,Em Andamento,49.99,7.52
2604,1712,104,Suporte,Líder 42,2024-02-27,2024-09-24,,Em Andamento,73.68,5.48
2605,1713,394,Inovação,Líder 12,2024-11-19,2024-12-31,2024-12-31,Concluído,71.91,9.95
2606,1713,155,Inovação,Líder 21,2024-11-26,2024-12-31,,Em Andamento,45.94,5.1
2607,1713,318,Inovação,Líder 1,2024-08-13,2024-12-31,2024-12-31,Concluído,98.65,6.78
2608,1714,58,Suporte,Líder 38,2023-05-31,2024-03-26,2023-10-05,Concluído,82.96,6.8
2609,1714,433,Suporte,Líder 4,2024-07-28,2024-12-31,2024-12-21,Concluído,90.02,9.4
2610,1716,296,Financeiro,Líder 8,2023-05-21,2023-12-17,2023-08-06,Concluído,85.92,9.94
2611,1716,36,Financeiro,Líder 37,2024-11-16,2024-12-31,,Cancelado,21.3,4.36
2612,1717,434,Vendas,Líder 11,2023-04-26,2024-03-21,,Em Andamento,53.81,6.24
2613,1717,272,Vendas,Líder 7,2022-05-05,2022-09-02,2022-06-09,Concluído,73.86,8.46
2614,1718,278,Produto,Líder 40,2024-02-15,2024-12-31,2024-03-16,Concluído,70.1,6.0
2615,1719,348,Operações,Líder 36,2023-08-22,2024-02-18,,Em Andamento,76.22,4.66
2616,1719,49,Operações,Líder 6,2023-11-25,2024-07-22,2024-03-01,Concluído,93.0,6.62
2617,1719,280,Operações,Líder 38,2024-07-03,2024-12-31,2024-12-31,Concluído,99.06,8.11
2618,1720,318,Financeiro,Líder 17,2024-06-26,2024-10-24,2024-11-15,Concluído,83.04,6.84
2619,1722,271,Comercial,Líder 43,2024-02-02,2024-06-01,2024-04-11,Concluído,88.11,9.08
2620,1723,343,Operações,Líder 48,2023-09-03,2024-06-29,,Em Andamento,39.38,4.35
2621,1723,281,Operações,Líder 34,2023-12-26,2024-04-24,2024-01-05,Concluído,94.3,9.64
2622,1724,109,Suporte,Líder 21,2023-11-03,2024-02-01,2024-03-03,Concluído,80.32,9.16
2623,1724,417,Suporte,Líder 27,2023-12-13,2024-09-08,2024-07-25,Concluído,76.33,8.79
2624,1724,310,Suporte,Líder 39,2023-10-02,2024-09-26,2024-11-24,Concluído,94.89,9.5
2625,1725,164,Inovação,Líder 35,2024-06-23,2024-12-31,2024-12-31,Concluído,92.18,6.12
2626,1725,357,Inovação,Líder 46,2024-04-04,2024-12-31,2024-11-09,Concluído,82.99,6.54
2627,1725,95,Inovação,Líder 10,2024-05-08,2024-12-31,2024-12-31,Concluído,97.89,6.07
2628,1728,267,Gente & Gestão,Líder 21,2024-06-13,2024-12-31,2024-10-30,Concluído,72.65,8.0
2629,1728,417,Gente & Gestão,Líder 14,2024-12-31,2024-12-31,,Em Andamento,68.61,6.86
2630,1728,355,Gente & Gestão,Líder 49,2024-12-08,2024-12-31,2024-12-31,Concluído,75.54,8.5
2631,1730,412,Atendimento,Líder 45,2024-12-11,2024-12-31,2024-12-31,Concluído,93.32,7.05
2632,1732,497,Atendimento,Líder 4,2024-10-05,2024-12-31,,Cancelado,6.81,5.27
2633,1733,466,Operações,Líder 13,2024-10-22,2024-12-31,2024-12-31,Concluído,99.45,6.46
2634,1733,131,Operações,Líder 36,2024-12-30,2024-12-31,2024-12-31,Concluído,97.8,7.4
2635,1733,219,Operações,Líder 4,2024-10-23,2024-12-31,2024-12-31,Concluído,95.0,6.54
2636,1734,46,Suporte,Líder 28,2024-06-03,2024-09-01,2024-09-24,Concluído,83.46,6.55
2637,1735,230,Operações,Líder 23,2024-12-20,2024-12-31,2024-12-31,Concluído,89.31,8.17
2638,1735,322,Operações,Líder 42,2024-11-12,2024-12-31,2024-12-22,Concluído,92.01,7.9
2639,1735,361,Operações,Líder 4,2024-10-04,2024-12-31,2024-12-31,Concluído,83.82,9.41
2640,1736,118,Gente & Gestão,Líder 49,2024-07-11,2024-11-08,,Cancelado,24.37,2.93
2641,1736,168,Gente & Gestão,Líder 49,2024-09-29,2024-12-31,2024-11-30,Concluído,81.24,6.64
2642,1736,205,Gente & Gestão,Líder 27,2024-12-16,2024-12-31,,Em Andamento,77.37,5.84
2643,1737,386,Produto,Líder 18,2024-11-08,2024-12-31,,Cancelado,9.89,4.14
2644,1737,114,Produto,Líder 5,2024-11-17,2024-12-31,,Em Andamento,20.2,4.36
2645,1737,254,Produto,Líder 30,2024-11-23,2024-12-31,2024-12-05,Concluído,82.29,8.33
2646,1739,207,Qualidade,Líder 19,2023-12-09,2024-11-03,2024-12-17,Concluído,93.25,7.6
2647,1739,34,Qualidade,Líder 12,2023-10-20,2024-02-17,,Cancelado,23.71,5.23
2648,1739,305,Qualidade,Líder 41,2023-11-03,2024-08-29,2024-01-06,Concluído,86.7,6.57
2649,1740,73,Financeiro,Líder 30,2024-01-11,2024-12-06,2024-11-27,Concluído,72.93,9.83
2650,1741,231,Comercial,Líder 45,2024-12-30,2024-12-31,2024-12-31,Concluído,80.09,8.95
2651,1744,208,Tecnologia,Líder 36,2024-09-18,2024-12-31,2024-11-21,Concluído,93.07,6.66
2652,1744,291,Tecnologia,Líder 30,2024-10-17,2024-12-31,,Cancelado,35.98,4.78
2653,1744,19,Tecnologia,Líder 6,2024-10-08,2024-12-31,2024-10-15,Concluído,90.76,6.21
2654,1745,219,Atendimento,Líder 48,2024-09-20,2024-12-31,2024-12-31,Concluído,71.07,9.43
2655,1745,41,Atendimento,Líder 18,2024-06-02,2024-12-31,2024-11-24,Concluído,70.05,7.23
2656,1747,64,Gente & Gestão,Líder 32,2024-04-14,2024-10-11,2024-06-27,Concluído,89.76,6.31
2657,1747,446,Gente & Gestão,Líder 30,2024-10-08,2024-12-31,,Cancelado,14.74,5.89
2658,1747,55,Gente & Gestão,Líder 5,2024-10-13,2024-12-31,2024-12-31,Concluído,74.63,7.21
2659,1748,81,Tecnologia,Líder 42,2022-11-26,2023-04-25,2023-04-26,Concluído,90.8,7.22
2660,1748,5,Tecnologia,Líder 25,2024-04-06,2024-10-03,2024-11-01,Concluído,95.1,6.97
2661,1749,367,Marketing,Líder 48,2024-03-29,2024-12-31,2024-09-04,Concluído,89.53,7.41
2662,1750,468,Comercial,Líder 50,2023-10-22,2024-03-20,,Cancelado,26.91,2.11
2663,1752,500,Produto,Líder 31,2024-11-26,2024-12-31,2024-12-31,Concluído,99.49,7.35
2664,1753,369,Operações,Líder 5,2024-10-14,2024-12-31,2024-11-14,Concluído,70.84,6.88
2665,1753,405,Operações,Líder 26,2024-11-03,2024-12-31,,Em Andamento,38.47,7.38
2666,1754,448,Marketing,Líder 21,2024-11-16,2024-12-31,2024-12-31,Concluído,71.68,8.63
2667,1755,403,Comercial,Líder 3,2024-07-26,2024-11-23,2024-10-30,Concluído,93.95,7.89
2668,1755,200,Comercial,Líder 32,2023-04-21,2024-01-16,2023-06-28,Concluído,88.91,8.47
2669,1755,498,Comercial,Líder 15,2024-08-02,2024-12-31,2024-12-31,Concluído,93.61,6.07
2670,1757,464,Financeiro,Líder 45,2024-06-21,2024-12-31,2024-12-31,Concluído,78.2,9.03
2671,1758,221,Operações,Líder 37,2022-09-07,2023-08-03,,Em Andamento,62.45,5.64
2672,1760,169,Gente & Gestão,Líder 20,2024-12-30,2024-12-31,,Em Andamento,48.87,4.24
2673,1760,103,Gente & Gestão,Líder 9,2024-12-30,2024-12-31,2024-12-31,Concluído,78.79,8.89
2674,1761,256,Marketing,Líder 34,2024-02-17,2024-12-31,2024-06-22,Concluído,79.02,9.79
2675,1762,39,Qualidade,Líder 36,2024-12-01,2024-12-31,2024-12-31,Concluído,72.4,6.69
2676,1762,419,Qualidade,Líder 33,2024-10-10,2024-12-31,2024-12-31,Concluído,85.77,8.14
2677,1763,409,Atendimento,Líder 45,2022-10-09,2023-07-06,2023-05-07,Concluído,71.21,7.28
2678,1764,329,Atendimento,Líder 46,2024-12-12,2024-12-31,2024-12-31,Concluído,89.53,6.66
2679,1766,138,Atendimento,Líder 22,2023-02-06,2023-10-04,,Em Andamento,30.86,6.45
2680,1767,256,Operações,Líder 26,2024-11-12,2024-12-31,,Em Andamento,20.96,7.31
2681,1767,140,Operações,Líder 7,2023-10-11,2024-07-07,2024-03-17,Concluído,90.5,9.09
2682,1768,485,Atendimento,Líder 46,2024-01-21,2024-07-19,,Em Andamento,69.04,6.18
2683,1768,368,Atendimento,Líder 41,2023-11-09,2024-10-04,,Em Andamento,46.31,6.4
2684,1768,449,Atendimento,Líder 11,2022-11-19,2023-06-17,2023-03-15,Concluído,97.69,7.63
2685,1769,80,Qualidade,Líder 43,2024-03-25,2024-06-23,2024-05-09,Concluído,96.87,7.32
2686,1771,234,Gente & Gestão,Líder 11,2023-02-14,2023-12-11,2023-08-23,Concluído,83.47,6.65
2687,1771,483,Gente & Gestão,Líder 14,2022-08-31,2022-12-29,2022-10-16,Concluído,82.73,6.91
2688,1771,174,Gente & Gestão,Líder 1,2024-06-22,2024-11-19,2024-08-03,Concluído,85.57,7.67
2689,1772,256,Inovação,Líder 30,2024-07-01,2024-12-31,2024-08-02,Concluído,74.77,9.22
2690,1772,414,Inovação,Líder 32,2023-11-04,2024-07-31,2024-08-07,Concluído,75.32,9.32
2691,1773,361,Tecnologia,Líder 24,2023-10-15,2024-01-13,2024-02-02,Concluído,88.92,9.26
2692,1773,346,Tecnologia,Líder 17,2024-08-25,2024-12-31,2024-11-07,Concluído,81.91,6.86
2693,1773,490,Tecnologia,Líder 29,2024-10-18,2024-12-31,2024-10-20,Concluído,88.71,7.41
2694,1775,221,Suporte,Líder 22,2023-12-14,2024-04-12,2024-05-17,Concluído,84.47,6.88
2695,1775,364,Suporte,Líder 5,2023-12-12,2024-12-06,2024-02-21,Concluído,87.54,9.94
2696,1775,202,Suporte,Líder 24,2023-12-23,2024-11-17,2024-05-23,Concluído,72.86,8.9
2697,1778,420,Produto,Líder 12,2024-09-14,2024-12-13,2024-10-03,Concluído,95.5,6.47
2698,1778,180,Produto,Líder 32,2024-11-21,2024-12-31,2024-11-30,Concluído,92.54,6.66
2699,1779,183,Inovação,Líder 14,2024-05-17,2024-12-31,2024-05-20,Concluído,76.74,7.6
2700,1779,143,Inovação,Líder 47,2024-08-16,2024-12-31,,Em Andamento,62.65,4.59
2701,1781,323,Comercial,Líder 26,2024-05-29,2024-12-31,2024-06-29,Concluído,94.86,9.4
2702,1781,280,Comercial,Líder 3,2024-08-25,2024-12-23,2024-10-06,Concluído,99.31,9.56
2703,1784,221,Operações,Líder 41,2024-07-21,2024-12-31,,Em Andamento,25.22,7.49
2704,1784,283,Operações,Líder 10,2024-12-29,2024-12-31,,Cancelado,25.23,5.02
2705,1784,338,Operações,Líder 11,2024-01-30,2024-11-25,,Em Andamento,54.29,6.25
2706,1785,427,Atendimento,Líder 35,2024-03-04,2024-08-01,,Em Andamento,46.39,4.32
2707,1785,442,Atendimento,Líder 14,2024-10-22,2024-12-31,2024-12-31,Concluído,94.1,9.59
2708,1785,500,Atendimento,Líder 8,2024-06-14,2024-11-11,2024-10-10,Concluído,78.7,6.56
2709,1786,199,Marketing,Líder 6,2022-12-15,2023-10-11,,Em Andamento,59.73,7.89
2710,1786,348,Marketing,Líder 48,2024-12-07,2024-12-31,2024-12-31,Concluído,86.46,9.23
2711,1786,217,Marketing,Líder 8,2024-07-04,2024-12-31,,Cancelado,28.18,5.5
2712,1787,470,Financeiro,Líder 39,2023-04-02,2023-07-01,2023-08-02,Concluído,71.42,9.15
2713,1787,435,Financeiro,Líder 19,2023-12-07,2024-07-04,2024-02-27,Concluído,85.99,7.45
2714,1787,180,Financeiro,Líder 37,2023-03-06,2023-08-03,,Em Andamento,64.6,4.14
2715,1788,181,Comercial,Líder 24,2024-12-30,2024-12-31,2024-12-31,Concluído,75.84,7.56
2716,1788,60,Comercial,Líder 23,2024-10-26,2024-12-31,,Em Andamento,61.98,7.27
2717,1788,273,Comercial,Líder 16,2024-11-01,2024-12-31,,Em Andamento,35.08,6.02
2718,1789,98,Comercial,Líder 4,2024-08-25,2024-12-31,2024-09-26,Concluído,96.2,8.15
2719,1789,431,Comercial,Líder 36,2024-09-11,2024-12-31,,Em Andamento,31.17,7.9
2720,1789,308,Comercial,Líder 49,2024-06-16,2024-11-13,2024-07-19,Concluído,72.09,8.13
2721,1790,111,Operações,Líder 13,2023-02-09,2024-02-04,2024-02-12,Concluído,85.23,7.61
2722,1790,327,Operações,Líder 14,2023-12-11,2024-11-05,2023-12-31,Concluído,71.78,7.08
2723,1790,388,Operações,Líder 46,2024-01-15,2024-04-14,2024-06-07,Concluído,77.17,7.66
2724,1791,25,Qualidade,Líder 50,2024-02-01,2024-05-01,,Cancelado,39.56,5.5
2725,1791,441,Qualidade,Líder 16,2024-05-17,2024-12-31,2024-08-07,Concluído,71.14,9.53
2726,1793,293,Produto,Líder 11,2023-11-29,2024-02-27,2024-01-06,Concluído,80.21,7.91
2727,1793,204,Produto,Líder 43,2023-11-14,2024-04-12,2024-03-02,Concluído,74.6,8.3
2728,1793,230,Produto,Líder 5,2023-08-22,2024-04-18,2023-09-20,Concluído,77.46,8.2
2729,1795,289,Comercial,Líder 18,2023-11-17,2024-11-11,2024-06-07,Concluído,91.23,7.03
2730,1795,17,Comercial,Líder 38,2024-09-23,2024-12-31,,Em Andamento,25.37,5.06
2731,1796,341,Inovação,Líder 50,2023-04-12,2024-02-06,2024-01-24,Concluído,86.32,7.23
2732,1797,440,Tecnologia,Líder 33,2024-10-09,2024-12-31,,Cancelado,2.69,5.31
2733,1797,444,Tecnologia,Líder 22,2022-11-21,2023-09-17,2023-10-28,Concluído,84.24,9.22
2734,1797,204,Tecnologia,Líder 35,2022-05-14,2023-02-08,2022-11-24,Concluído,77.68,9.0
2735,1798,264,Gente & Gestão,Líder 9,2024-11-01,2024-12-31,2024-12-21,Concluído,96.76,8.98
2736,1798,186,Gente & Gestão,Líder 45,2024-11-09,2024-12-31,,Em Andamento,37.18,5.06
2737,1801,327,Marketing,Líder 30,2022-05-09,2022-12-05,2022-11-17,Concluído,73.2,6.27
2738,1802,403,Financeiro,Líder 18,2022-11-24,2023-04-23,,Em Andamento,54.22,4.6
2739,1802,77,Financeiro,Líder 12,2023-05-28,2024-01-23,2023-08-09,Concluído,88.46,7.75
2740,1802,426,Financeiro,Líder 4,2022-12-26,2023-08-23,,Em Andamento,74.75,7.62
2741,1803,469,Produto,Líder 3,2024-11-22,2024-12-31,2024-12-31,Concluído,80.38,6.77
2742,1803,165,Produto,Líder 28,2024-12-05,2024-12-31,2024-12-31,Concluído,87.15,8.94
2743,1803,409,Produto,Líder 43,2024-10-31,2024-12-31,2024-12-31,Concluído,88.47,7.75
2744,1804,121,Atendimento,Líder 39,2023-08-08,2024-02-04,2024-03-04,Concluído,95.41,9.42
2745,1805,233,Atendimento,Líder 12,2023-11-28,2024-08-24,2024-05-10,Concluído,96.29,7.65
2746,1805,220,Atendimento,Líder 20,2024-06-18,2024-12-31,,Em Andamento,55.74,5.34
2747,1806,495,Financeiro,Líder 3,2024-06-01,2024-12-31,,Em Andamento,65.22,7.27
2748,1806,481,Financeiro,Líder 32,2024-06-04,2024-12-31,,Em Andamento,40.49,4.91
2749,1807,239,Financeiro,Líder 27,2024-12-27,2024-12-31,,Cancelado,33.36,4.04
2750,1809,111,Atendimento,Líder 43,2024-02-14,2024-07-13,,Em Andamento,60.64,4.87
2751,1809,1,Atendimento,Líder 12,2024-09-29,2024-12-31,2024-10-03,Concluído,88.28,6.32
2752,1810,90,Comercial,Líder 5,2024-09-09,2024-12-31,2024-10-26,Concluído,99.41,7.68
2753,1812,81,Comercial,Líder 21,2023-10-24,2024-06-20,2023-11-22,Concluído,92.48,9.88
2754,1812,144,Comercial,Líder 34,2024-05-26,2024-11-22,2024-10-24,Concluído,90.93,8.18
2755,1812,432,Comercial,Líder 1,2024-09-21,2024-12-31,2024-10-29,Concluído,76.12,6.83
2756,1814,128,Inovação,Líder 38,2024-01-03,2024-12-28,,Cancelado,18.28,3.21
2757,1815,372,Qualidade,Líder 49,2023-02-04,2023-08-03,2023-08-22,Concluído,98.11,9.65
2758,1815,43,Qualidade,Líder 14,2023-12-31,2024-05-29,2024-05-14,Concluído,92.38,7.41
2759,1815,486,Qualidade,Líder 8,2022-11-11,2023-04-10,2023-02-25,Concluído,83.89,9.85
2760,1816,442,Gente & Gestão,Líder 49,2024-11-09,2024-12-31,2024-12-31,Concluído,71.13,9.78
2761,1817,273,Marketing,Líder 35,2022-05-21,2023-01-16,,Em Andamento,48.79,6.95
2762,1817,273,Marketing,Líder 17,2022-09-30,2023-06-27,2022-12-12,Concluído,89.99,7.95
2763,1818,50,Gente & Gestão,Líder 40,2024-11-24,2024-12-31,2024-12-31,Concluído,78.13,9.63
2764,1818,441,Gente & Gestão,Líder 40,2024-04-26,2024-12-31,2024-12-31,Concluído,79.59,6.43
2765,1818,476,Gente & Gestão,Líder 6,2024-01-05,2024-04-04,2024-05-06,Concluído,85.79,7.75
2766,1820,323,Atendimento,Líder 17,2023-07-09,2023-11-06,2023-09-29,Concluído,77.46,7.68
2767,1821,50,Produto,Líder 49,2022-12-10,2023-03-10,2023-04-17,Concluído,71.3,8.88
2768,1821,10,Produto,Líder 47,2024-01-09,2024-09-05,2024-06-15,Concluído,96.6,8.61
2769,1821,405,Produto,Líder 33,2024-10-19,2024-12-31,,Em Andamento,35.48,7.46
2770,1822,476,Tecnologia,Líder 11,2023-11-17,2024-08-13,,Cancelado,38.25,5.0
2771,1825,314,Marketing,Líder 43,2024-04-19,2024-09-16,2024-08-19,Concluído,81.61,9.04
2772,1827,493,Produto,Líder 9,2024-10-25,2024-12-31,2024-12-31,Concluído,80.88,7.19
2773,1827,121,Produto,Líder 21,2023-06-10,2024-06-04,,Em Andamento,73.35,7.14
2774,1828,464,Marketing,Líder 32,2024-04-25,2024-09-22,,Em Andamento,48.69,6.67
2775,1829,209,Comercial,Líder 30,2023-12-29,2024-07-26,,Em Andamento,71.49,6.52
2776,1829,48,Comercial,Líder 9,2023-06-18,2024-06-12,,Em Andamento,46.17,4.75
2777,1832,309,Gente & Gestão,Líder 1,2023-06-25,2023-11-22,2023-08-14,Concluído,82.93,6.38
2778,1833,246,Operações,Líder 13,2024-02-09,2024-05-09,2024-02-29,Concluído,84.04,7.54
2779,1833,105,Operações,Líder 2,2024-05-28,2024-11-24,2024-09-18,Concluído,79.89,6.24
2780,1835,31,Comercial,Líder 25,2022-07-27,2023-04-23,,Cancelado,18.97,3.73
2781,1835,240,Comercial,Líder 37,2024-11-06,2024-12-31,,Cancelado,17.72,4.22
2782,1836,365,Inovação,Líder 40,2023-06-12,2024-02-07,2023-10-26,Concluído,90.29,9.46
2783,1836,35,Inovação,Líder 9,2022-11-18,2023-06-16,,Cancelado,25.37,4.92
2784,1836,229,Inovação,Líder 6,2024-08-06,2024-12-31,2024-10-13,Concluído,85.38,6.59
2785,1837,271,Comercial,Líder 2,2024-11-07,2024-12-31,2024-12-23,Concluído,98.55,8.82
2786,1838,173,Atendimento,Líder 22,2024-02-25,2024-05-25,2024-04-29,Concluído,86.31,6.8
2787,1839,134,Qualidade,Líder 48,2024-11-20,2024-12-31,,Cancelado,27.68,3.75
2788,1839,336,Qualidade,Líder 17,2024-11-30,2024-12-31,,Cancelado,17.0,5.28
2789,1839,491,Qualidade,Líder 36,2024-09-19,2024-12-31,2024-12-31,Concluído,87.8,7.36
2790,1843,131,Marketing,Líder 15,2024-04-27,2024-09-24,2024-06-21,Concluído,76.34,7.75
2791,1843,317,Marketing,Líder 43,2023-07-20,2024-01-16,2023-08-08,Concluído,78.5,6.34
2792,1843,246,Marketing,Líder 16,2022-09-28,2023-09-23,2023-08-09,Concluído,93.85,6.69
2793,1844,72,Vendas,Líder 38,2024-06-28,2024-12-31,2024-09-04,Concluído,79.41,7.8
2794,1845,156,Financeiro,Líder 45,2024-10-23,2024-12-31,,Cancelado,16.72,5.38
2795,1845,188,Financeiro,Líder 45,2024-11-03,2024-12-31,,Cancelado,4.27,3.34
2796,1845,102,Financeiro,Líder 15,2024-06-02,2024-12-31,,Em Andamento,45.87,4.59
2797,1847,157,Suporte,Líder 10,2024-05-28,2024-10-25,2024-08-03,Concluído,70.22,7.88
2798,1847,156,Suporte,Líder 37,2024-03-26,2024-12-31,2024-12-31,Concluído,91.77,8.88
2799,1847,337,Suporte,Líder 44,2023-12-29,2024-08-25,2024-08-20,Concluído,80.03,8.7
2800,1848,89,Inovação,Líder 19,2024-09-12,2024-12-31,,Em Andamento,28.12,6.51
2801,1848,40,Inovação,Líder 36,2024-12-24,2024-12-31,2024-12-31,Concluído,97.11,6.87
2802,1849,245,Comercial,Líder 5,2024-09-15,2024-12-31,2024-12-31,Concluído,99.4,7.32
2803,1850,463,Gente & Gestão,Líder 33,2024-09-09,2024-12-31,2024-12-31,Concluído,70.34,9.93
2804,1850,348,Gente & Gestão,Líder 35,2024-05-19,2024-12-31,2024-08-31,Concluído,73.03,9.83
2805,1850,22,Gente & Gestão,Líder 33,2023-07-28,2024-04-23,2024-06-01,Concluído,71.59,6.6
2806,1851,256,Financeiro,Líder 23,2024-07-02,2024-12-31,2024-08-29,Concluído,76.3,9.4
2807,1851,341,Financeiro,Líder 38,2024-04-15,2024-12-31,,Cancelado,28.92,3.84
2808,1852,373,Comercial,Líder 42,2024-07-24,2024-10-22,2024-12-17,Concluído,87.37,7.79
2809,1852,111,Comercial,Líder 26,2024-09-28,2024-12-31,2024-11-14,Concluído,90.81,8.3
2810,1853,19,Gente & Gestão,Líder 10,2024-10-15,2024-12-31,,Em Andamento,58.56,5.97
2811,1853,424,Gente & Gestão,Líder 5,2024-07-21,2024-11-18,2024-10-31,Concluído,72.46,9.14
2812,1855,226,Suporte,Líder 31,2024-09-23,2024-12-31,,Em Andamento,29.41,5.65
2813,1857,241,Suporte,Líder 43,2024-07-02,2024-12-31,2024-11-08,Concluído,82.13,7.73
2814,1857,249,Suporte,Líder 29,2024-05-20,2024-12-31,2024-09-01,Concluído,72.34,9.62
2815,1858,240,Suporte,Líder 1,2024-02-16,2024-11-12,2024-05-25,Concluído,88.03,6.94
2816,1859,433,Atendimento,Líder 36,2024-11-27,2024-12-31,2024-12-31,Concluído,97.97,9.98
2817,1860,282,Operações,Líder 20,2024-07-13,2024-12-31,2024-08-21,Concluído,77.88,9.63
2818,1860,360,Operações,Líder 24,2024-12-24,2024-12-31,2024-12-31,Concluído,98.87,7.4
2819,1861,113,Inovação,Líder 40,2023-03-30,2024-02-23,2024-04-15,Concluído,99.38,9.61
2820,1863,19,Qualidade,Líder 2,2024-12-10,2024-12-31,,Cancelado,19.69,5.66
2821,1863,54,Qualidade,Líder 18,2024-11-25,2024-12-31,2024-12-31,Concluído,99.03,6.92
2822,1864,483,Qualidade,Líder 7,2023-10-29,2024-04-26,2024-06-08,Concluído,76.06,9.04
2823,1864,414,Qualidade,Líder 17,2024-11-21,2024-12-31,,Em Andamento,40.24,7.5
2824,1864,254,Qualidade,Líder 41,2024-10-02,2024-12-31,,Em Andamento,45.89,7.5
2825,1865,19,Inovação,Líder 31,2024-05-28,2024-12-31,2024-08-26,Concluído,79.77,9.29
2826,1866,234,Produto,Líder 11,2024-04-02,2024-09-29,,Em Andamento,47.06,7.94
2827,1866,117,Produto,Líder 10,2024-09-18,2024-12-31,2024-12-31,Concluído,85.14,6.82
2828,1866,108,Produto,Líder 19,2024-09-02,2024-12-31,2024-12-23,Concluído,92.31,7.38
2829,1867,470,Marketing,Líder 28,2023-02-25,2024-02-20,2023-05-24,Concluído,86.97,6.13
2830,1867,1,Marketing,Líder 26,2024-10-15,2024-12-31,2024-10-16,Concluído,89.89,8.39
2831,1867,470,Marketing,Líder 40,2022-09-28,2023-05-26,,Em Andamento,68.72,7.63
2832,1869,479,Produto,Líder 12,2024-11-21,2024-12-31,2024-11-21,Concluído,88.46,9.21
2833,1869,431,Produto,Líder 32,2022-11-21,2023-03-21,,Em Andamento,44.1,5.71
2834,1869,62,Produto,Líder 10,2024-01-05,2024-05-04,2024-06-29,Concluído,86.97,6.26
2835,1870,116,Suporte,Líder 27,2024-03-24,2024-10-20,,Em Andamento,78.63,6.71
2836,1871,24,Atendimento,Líder 45,2024-06-03,2024-12-31,,Em Andamento,74.21,4.21
2837,1872,267,Financeiro,Líder 17,2024-10-25,2024-12-31,2024-12-31,Concluído,97.08,9.75
2838,1872,489,Financeiro,Líder 13,2024-11-28,2024-12-31,2024-12-31,Concluído,88.48,8.8
2839,1873,22,Comercial,Líder 13,2022-08-11,2023-01-08,,Cancelado,23.2,2.61
2840,1873,386,Comercial,Líder 46,2024-10-09,2024-12-31,,Em Andamento,50.98,4.63
2841,1874,369,Atendimento,Líder 45,2024-08-28,2024-12-31,2024-10-10,Concluído,72.76,9.01
2842,1875,166,Tecnologia,Líder 21,2023-05-06,2024-04-30,,Em Andamento,21.35,7.13
2843,1875,216,Tecnologia,Líder 9,2024-02-21,2024-07-20,,Em Andamento,29.25,5.34
2844,1875,253,Tecnologia,Líder 43,2023-10-28,2024-05-25,2024-01-31,Concluído,93.96,8.92
2845,1876,131,Suporte,Líder 27,2024-11-23,2024-12-31,,Cancelado,19.75,2.35
2846,1876,53,Suporte,Líder 29,2024-12-24,2024-12-31,2024-12-29,Concluído,79.8,8.86
2847,1877,71,Qualidade,Líder 21,2023-03-16,2023-11-11,2023-04-25,Concluído,72.62,6.05
2848,1877,199,Qualidade,Líder 48,2024-08-03,2024-12-31,,Em Andamento,76.27,7.76
2849,1877,427,Qualidade,Líder 7,2023-11-27,2024-07-24,2024-07-23,Concluído,87.91,7.34
2850,1878,475,Inovação,Líder 47,2024-01-25,2024-09-21,2024-03-02,Concluído,72.26,7.78
2851,1878,175,Inovação,Líder 48,2024-04-25,2024-12-31,2024-05-26,Concluído,75.55,7.49
2852,1878,489,Inovação,Líder 17,2024-02-02,2024-07-31,2024-06-25,Concluído,93.56,6.13
2853,1879,278,Qualidade,Líder 34,2024-04-11,2024-10-08,2024-12-02,Concluído,91.92,8.26
2854,1879,29,Qualidade,Líder 1,2023-03-13,2023-11-08,2023-11-14,Concluído,92.76,9.35
2855,1879,230,Qualidade,Líder 3,2024-04-05,2024-08-03,2024-09-06,Concluído,79.94,7.24
2856,1882,349,Atendimento,Líder 35,2023-01-28,2023-09-25,,Cancelado,14.37,4.38
2857,1882,97,Atendimento,Líder 50,2023-01-24,2023-10-21,,Cancelado,33.51,5.28
2858,1882,367,Atendimento,Líder 28,2024-06-23,2024-12-31,2024-09-14,Concluído,70.23,9.75
2859,1883,86,Marketing,Líder 23,2022-08-22,2023-06-18,,Em Andamento,41.91,6.79
2860,1884,2,Comercial,Líder 38,2023-08-12,2024-01-09,2023-11-04,Concluído,81.54,6.74
2861,1885,32,Comercial,Líder 45,2023-02-26,2023-08-25,,Em Andamento,28.34,5.64
2862,1885,174,Comercial,Líder 5,2023-02-26,2023-12-23,2023-09-23,Concluído,73.53,7.32
2863,1886,192,Operações,Líder 27,2022-12-28,2023-10-24,2023-01-01,Concluído,94.41,7.61
2864,1887,349,Comercial,Líder 18,2023-11-13,2024-07-10,2024-02-27,Concluído,71.08,7.26
2865,1887,269,Comercial,Líder 21,2023-09-11,2024-08-06,2023-09-20,Concluído,77.95,7.86
2866,1888,268,Atendimento,Líder 45,2024-07-17,2024-12-31,,Em Andamento,55.8,7.43
2867,1888,278,Atendimento,Líder 22,2024-05-27,2024-10-24,2024-10-27,Concluído,73.61,7.23
2868,1888,428,Atendimento,Líder 23,2023-12-19,2024-12-13,2024-10-02,Concluído,84.79,7.4
2869,1889,164,Suporte,Líder 33,2024-11-08,2024-12-31,2024-11-10,Concluído,100.0,7.29
2870,1890,484,Inovação,Líder 36,2022-09-06,2022-12-05,,Em Andamento,29.02,7.55
2871,1890,482,Inovação,Líder 22,2023-05-11,2024-03-06,,Cancelado,39.61,3.82
2872,1891,380,Vendas,Líder 41,2023-02-05,2023-07-05,2023-04-09,Concluído,94.47,6.7
2873,1891,431,Vendas,Líder 23,2023-10-15,2024-09-09,2023-12-14,Concluído,94.76,9.32
2874,1891,497,Vendas,Líder 11,2022-08-05,2023-03-03,,Cancelado,39.41,5.54
2875,1892,354,Atendimento,Líder 3,2023-07-11,2023-10-09,2023-08-02,Concluído,87.21,8.71
2876,1893,422,Gente & Gestão,Líder 32,2024-01-27,2024-12-22,,Cancelado,27.66,2.85
2877,1893,121,Gente & Gestão,Líder 20,2024-09-23,2024-12-31,2024-09-28,Concluído,73.49,6.07
2878,1893,100,Gente & Gestão,Líder 40,2024-02-15,2024-12-31,2024-04-06,Concluído,85.1,9.88
2879,1894,257,Tecnologia,Líder 3,2024-03-31,2024-06-29,2024-06-20,Concluído,94.15,7.49
2880,1895,97,Operações,Líder 14,2024-10-21,2024-12-31,2024-11-24,Concluído,80.31,7.83
2881,1896,270,Suporte,Líder 8,2024-07-19,2024-12-31,2024-08-22,Concluído,94.23,9.27
2882,1896,487,Suporte,Líder 19,2024-09-08,2024-12-31,2024-12-31,Concluído,85.67,7.07
2883,1896,106,Suporte,Líder 10,2024-05-13,2024-12-31,,Em Andamento,52.89,5.28
2884,1899,311,Tecnologia,Líder 43,2024-12-25,2024-12-31,,Em Andamento,72.9,6.94
2885,1899,488,Tecnologia,Líder 33,2024-12-25,2024-12-31,,Em Andamento,54.23,7.08
2886,1899,367,Tecnologia,Líder 20,2024-12-29,2024-12-31,2024-12-31,Concluído,90.4,9.84
2887,1900,16,Marketing,Líder 50,2024-04-26,2024-09-23,2024-10-11,Concluído,74.8,6.73
2888,1900,182,Marketing,Líder 17,2024-09-24,2024-12-31,2024-10-02,Concluído,96.12,8.11
2889,1900,350,Marketing,Líder 40,2023-07-25,2024-01-21,2024-03-12,Concluído,73.16,6.72
2890,1901,63,Comercial,Líder 45,2022-04-30,2023-02-24,,Em Andamento,46.0,5.11
2891,1901,307,Comercial,Líder 37,2024-07-07,2024-10-05,2024-10-18,Concluído,89.87,9.27
2892,1903,286,Vendas,Líder 39,2022-07-26,2023-06-21,2023-03-20,Concluído,86.88,9.47
2893,1903,218,Vendas,Líder 29,2023-05-10,2023-09-07,2023-06-28,Concluído,94.29,6.32
2894,1904,487,Suporte,Líder 46,2024-12-25,2024-12-31,2024-12-31,Concluído,96.77,6.58
2895,1905,492,Inovação,Líder 46,2024-09-04,2024-12-31,2024-09-19,Concluído,71.99,9.4
2896,1906,131,Atendimento,Líder 42,2023-01-07,2023-08-05,,Cancelado,6.08,3.77
2897,1906,46,Atendimento,Líder 48,2023-10-28,2024-04-25,2024-04-02,Concluído,95.98,9.09
2898,1906,370,Atendimento,Líder 43,2024-02-07,2024-06-06,2024-04-09,Concluído,82.81,6.44
2899,1910,378,Vendas,Líder 44,2024-12-10,2024-12-31,2024-12-31,Concluído,90.86,9.57
2900,1914,50,Tecnologia,Líder 7,2024-07-08,2024-12-05,2024-11-13,Concluído,93.71,6.38
2901,1914,123,Tecnologia,Líder 36,2024-11-23,2024-12-31,2024-12-31,Concluído,89.86,9.28
2902,1914,140,Tecnologia,Líder 35,2024-06-08,2024-12-05,,Em Andamento,59.99,7.87
2903,1915,409,Inovação,Líder 42,2024-12-06,2024-12-31,2024-12-31,Concluído,98.93,9.75
2904,1915,63,Inovação,Líder 12,2024-12-08,2024-12-31,2024-12-31,Concluído,91.11,7.25
2905,1915,52,Inovação,Líder 20,2024-12-04,2024-12-31,,Cancelado,22.48,3.4
2906,1916,351,Produto,Líder 45,2022-09-01,2023-02-28,,Em Andamento,59.85,5.14
2907,1916,435,Produto,Líder 32,2023-04-22,2024-02-16,2024-03-15,Concluído,96.34,6.84
2908,1917,156,Comercial,Líder 13,2024-09-09,2024-12-31,,Em Andamento,39.74,4.9
2909,1919,57,Comercial,Líder 17,2024-11-15,2024-12-31,2024-12-31,Concluído,70.26,9.87
2910,1920,224,Suporte,Líder 38,2023-12-14,2024-05-12,2023-12-21,Concluído,82.31,6.97
2911,1921,456,Produto,Líder 43,2024-07-16,2024-10-14,,Em Andamento,25.95,7.31
2912,1926,297,Operações,Líder 24,2024-12-21,2024-12-31,2024-12-31,Concluído,84.01,8.97
2913,1926,383,Operações,Líder 23,2024-12-26,2024-12-31,2024-12-31,Concluído,74.18,6.12
2914,1927,415,Comercial,Líder 37,2024-10-22,2024-12-31,2024-12-08,Concluído,86.21,9.65
2915,1929,20,Gente & Gestão,Líder 46,2024-06-19,2024-12-31,2024-12-31,Concluído,76.88,7.16
2916,1929,149,Gente & Gestão,Líder 30,2023-08-12,2024-02-08,2023-10-02,Concluído,76.67,6.99
2917,1929,420,Gente & Gestão,Líder 30,2023-07-30,2023-11-27,2023-11-03,Concluído,95.44,9.6
2918,1930,137,Marketing,Líder 30,2024-12-10,2024-12-31,2024-12-31,Concluído,77.56,7.31
2919,1930,295,Marketing,Líder 37,2024-05-10,2024-10-07,,Em Andamento,68.59,5.79
2920,1931,349,Comercial,Líder 19,2023-10-17,2024-02-14,,Em Andamento,23.08,6.45
2921,1931,126,Comercial,Líder 1,2024-03-07,2024-12-31,2024-12-03,Concluído,94.06,9.96
2922,1931,52,Comercial,Líder 12,2023-06-21,2024-04-16,2023-07-11,Concluído,88.21,6.3
2923,1933,115,Comercial,Líder 27,2022-12-03,2023-09-29,2023-08-14,Concluído,75.53,6.36
2924,1933,31,Comercial,Líder 2,2024-05-11,2024-10-08,,Em Andamento,62.01,6.78
2925,1935,340,Tecnologia,Líder 8,2022-07-04,2023-05-30,2022-07-12,Concluído,83.55,9.0
2926,1936,72,Operações,Líder 30,2023-02-02,2023-07-02,2023-05-10,Concluído,70.26,8.24
2927,1937,202,Marketing,Líder 11,2024-05-14,2024-10-11,2024-11-03,Concluído,77.08,8.08
2928,1938,99,Produto,Líder 47,2024-12-10,2024-12-31,2024-12-30,Concluído,95.46,6.89
2929,1938,442,Produto,Líder 27,2024-12-20,2024-12-31,,Cancelado,37.51,2.85
2930,1939,76,Qualidade,Líder 1,2024-07-12,2024-11-09,,Em Andamento,77.15,7.81
2931,1939,10,Qualidade,Líder 17,2024-08-07,2024-12-31,2024-08-29,Concluído,90.7,9.03
2932,1939,172,Qualidade,Líder 26,2024-07-27,2024-12-31,2024-09-02,Concluído,99.84,6.32
2933,1940,479,Marketing,Líder 4,2024-12-01,2024-12-31,,Cancelado,35.92,3.16
2934,1943,267,Comercial,Líder 27,2024-10-08,2024-12-31,2024-12-31,Concluído,70.83,7.68
2935,1943,141,Comercial,Líder 9,2024-06-07,2024-12-31,2024-08-20,Concluído,93.07,7.42
2936,1943,193,Comercial,Líder 16,2023-10-14,2024-09-08,2023-12-30,Concluído,90.8,8.63
2937,1944,24,Financeiro,Líder 47,2023-12-01,2024-10-26,,Em Andamento,34.4,4.71
2938,1945,36,Tecnologia,Líder 40,2023-11-09,2024-10-04,,Em Andamento,32.58,5.9
2939,1947,262,Inovação,Líder 36,2023-09-19,2024-05-16,2024-01-07,Concluído,78.4,8.61
2940,1947,163,Inovação,Líder 42,2023-03-06,2023-06-04,2023-06-09,Concluído,70.38,9.12
2941,1948,121,Gente & Gestão,Líder 37,2024-08-20,2024-12-31,2024-12-31,Concluído,91.45,9.67
2942,1948,439,Gente & Gestão,Líder 18,2024-06-24,2024-09-22,2024-07-09,Concluído,77.35,6.3
2943,1948,425,Gente & Gestão,Líder 29,2024-08-26,2024-12-31,2024-12-31,Concluído,75.8,6.19
2944,1949,368,Qualidade,Líder 16,2023-04-29,2024-01-24,,Em Andamento,33.12,6.8
2945,1949,389,Qualidade,Líder 5,2022-04-06,2023-04-01,2022-09-07,Concluído,97.04,8.72
2946,1949,270,Qualidade,Líder 36,2022-07-31,2023-04-27,2023-02-02,Concluído,91.28,8.45
2947,1951,99,Suporte,Líder 36,2023-05-25,2023-08-23,2023-10-14,Concluído,91.87,6.38
2948,1951,373,Suporte,Líder 6,2022-10-22,2023-03-21,,Cancelado,16.03,5.36
2949,1952,58,Inovação,Líder 15,2022-07-29,2023-05-25,2022-11-02,Concluído,79.45,9.32
2950,1952,269,Inovação,Líder 1,2022-07-30,2023-02-25,,Cancelado,11.59,3.78
2951,1952,129,Inovação,Líder 40,2022-04-16,2022-10-13,2022-10-27,Concluído,78.56,9.96
2952,1955,75,Financeiro,Líder 12,2024-09-15,2024-12-31,,Em Andamento,69.51,7.47
2953,1956,179,Inovação,Líder 37,2024-03-18,2024-08-15,2024-08-05,Concluído,99.39,7.47
2954,1956,393,Inovação,Líder 15,2024-02-18,2024-10-15,2024-03-29,Concluído,77.97,6.39
2955,1956,27,Inovação,Líder 47,2023-08-27,2024-07-22,2024-05-19,Concluído,76.11,9.65
2956,1958,224,Gente & Gestão,Líder 26,2024-03-16,2024-12-31,2024-11-21,Concluído,92.32,9.58
2957,1958,239,Gente & Gestão,Líder 5,2024-11-28,2024-12-31,2024-12-31,Concluído,84.91,6.33
2958,1958,331,Gente & Gestão,Líder 22,2023-10-24,2024-07-20,2024-01-26,Concluído,87.61,9.35
2959,1959,159,Atendimento,Líder 13,2023-06-26,2024-01-22,2023-07-26,Concluído,89.52,6.11
2960,1959,146,Atendimento,Líder 18,2023-08-11,2024-08-05,,Cancelado,38.24,2.21
2961,1960,466,Gente & Gestão,Líder 12,2024-09-27,2024-12-31,2024-10-13,Concluído,88.57,6.51
2962,1961,8,Qualidade,Líder 10,2024-12-06,2024-12-31,2024-12-30,Concluído,77.02,7.15
2963,1961,68,Qualidade,Líder 2,2024-12-12,2024-12-31,2024-12-31,Concluído,96.34,9.42
2964,1961,112,Qualidade,Líder 43,2024-05-10,2024-12-31,,Em Andamento,60.74,6.15
2965,1962,36,Produto,Líder 19,2024-09-05,2024-12-31,,Em Andamento,35.2,7.96
2966,1962,481,Produto,Líder 27,2024-09-08,2024-12-31,,Em Andamento,23.43,4.9
2967,1963,248,Tecnologia,Líder 8,2024-10-06,2024-12-31,2024-12-30,Concluído,88.51,8.31
2968,1965,469,Qualidade,Líder 47,2024-09-29,2024-12-31,2024-10-27,Concluído,87.59,8.27
2969,1965,469,Qualidade,Líder 14,2024-04-30,2024-11-26,2024-11-26,Concluído,88.54,8.13
2970,1966,466,Produto,Líder 27,2024-08-02,2024-12-31,,Em Andamento,70.93,4.57
2971,1966,263,Produto,Líder 7,2024-09-11,2024-12-31,2024-09-14,Concluído,70.89,7.27
2972,1966,193,Produto,Líder 37,2024-08-26,2024-12-31,2024-11-29,Concluído,78.08,8.27
2973,1968,376,Vendas,Líder 13,2023-06-11,2024-01-07,2023-08-01,Concluído,80.7,8.54
2974,1968,140,Vendas,Líder 39,2023-05-15,2023-08-13,2023-09-17,Concluído,82.49,9.14
2975,1969,410,Gente & Gestão,Líder 33,2024-12-26,2024-12-31,,Em Andamento,44.1,6.29
2976,1969,299,Gente & Gestão,Líder 15,2024-12-18,2024-12-31,2024-12-31,Concluído,73.91,7.18
2977,1970,400,Suporte,Líder 13,2024-05-01,2024-12-31,2024-05-27,Concluído,75.15,6.18
2978,1971,485,Comercial,Líder 26,2024-07-16,2024-12-31,2024-11-24,Concluído,86.03,9.84
2979,1971,268,Comercial,Líder 2,2024-12-26,2024-12-31,,Em Andamento,63.73,7.84
2980,1972,345,Inovação,Líder 30,2024-12-18,2024-12-31,2024-12-21,Concluído,79.06,8.92
2981,1972,234,Inovação,Líder 26,2024-11-10,2024-12-31,,Em Andamento,23.87,4.86
2982,1972,245,Inovação,Líder 22,2024-03-06,2024-12-31,2024-11-19,Concluído,95.09,8.15
2983,1973,442,Marketing,Líder 12,2023-05-18,2023-08-16,,Em Andamento,39.77,6.14
2984,1973,43,Marketing,Líder 18,2023-04-22,2023-10-19,,Cancelado,16.8,5.19
2985,1973,226,Marketing,Líder 44,2023-08-10,2024-08-04,,Em Andamento,37.74,6.04
2986,1974,67,Marketing,Líder 4,2024-07-18,2024-11-15,2024-08-18,Concluído,73.6,9.08
2987,1975,41,Tecnologia,Líder 44,2022-08-19,2022-12-17,2022-11-02,Concluído,81.1,9.97
2988,1975,41,Tecnologia,Líder 6,2023-09-25,2024-04-22,2023-11-02,Concluído,92.94,6.84
2989,1975,320,Tecnologia,Líder 41,2024-09-08,2024-12-31,2024-09-14,Concluído,70.26,6.71
2990,1976,33,Vendas,Líder 3,2024-12-10,2024-12-31,2024-12-31,Concluído,98.75,8.17
2991,1977,265,Gente & Gestão,Líder 14,2024-11-08,2024-12-31,2024-12-31,Concluído,73.76,9.37
2992,1977,77,Gente & Gestão,Líder 46,2024-11-12,2024-12-31,,Em Andamento,40.34,7.82
2993,1977,335,Gente & Gestão,Líder 37,2024-10-30,2024-12-31,2024-12-09,Concluído,74.99,9.1
2994,1979,246,Tecnologia,Líder 27,2024-10-24,2024-12-31,,Cancelado,32.83,3.37
2995,1979,469,Tecnologia,Líder 46,2024-09-18,2024-12-31,,Cancelado,8.29,2.59
2996,1979,306,Tecnologia,Líder 7,2024-10-24,2024-12-31,2024-12-31,Concluído,87.3,6.46
2997,1980,82,Atendimento,Líder 46,2024-12-31,2024-12-31,2024-12-31,Concluído,85.04,8.91
2998,1981,284,Produto,Líder 41,2024-06-07,2024-12-31,2024-12-31,Concluído,78.46,8.45
2999,1981,202,Produto,Líder 12,2024-02-07,2024-07-06,2024-04-14,Concluído,75.07,9.72
3000,1981,1,Produto,Líder 25,2024-03-15,2024-12-31,2024-06-14,Concluído,71.75,8.64
3001,1982,61,Produto,Líder 9,2023-11-23,2024-10-18,2024-11-04,Concluído,74.32,8.27
3002,1982,145,Produto,Líder 35,2024-12-20,2024-12-31,2024-12-31,Concluído,86.74,7.22
3003,1983,462,Inovação,Líder 49,2024-09-24,2024-12-31,2024-12-31,Concluído,91.84,7.78
3004,1983,211,Inovação,Líder 28,2024-09-26,2024-12-31,2024-11-10,Concluído,81.61,6.3
3005,1984,241,Qualidade,Líder 7,2024-06-27,2024-10-25,2024-06-29,Concluído,79.76,9.15
3006,1984,95,Qualidade,Líder 13,2024-12-05,2024-12-31,2024-12-12,Concluído,89.02,9.73
3007,1985,104,Operações,Líder 24,2022-09-18,2023-03-17,2023-03-05,Concluído,85.77,7.43
3008,1985,107,Operações,Líder 30,2024-04-12,2024-08-10,2024-05-21,Concluído,88.74,6.91
3009,1986,317,Inovação,Líder 7,2023-12-09,2024-03-08,2024-02-01,Concluído,71.06,8.85
3010,1987,371,Atendimento,Líder 38,2024-10-15,2024-12-31,,Cancelado,13.34,3.97
3011,1987,401,Atendimento,Líder 50,2024-09-10,2024-12-31,2024-11-21,Concluído,70.91,7.68
3012,1987,12,Atendimento,Líder 2,2024-09-13,2024-12-31,2024-12-31,Concluído,90.93,8.68
3013,1988,381,Inovação,Líder 39,2024-02-27,2024-12-31,2024-08-14,Concluído,86.88,7.78
3014,1988,383,Inovação,Líder 37,2024-12-30,2024-12-31,,Em Andamento,52.6,5.01
3015,1988,402,Inovação,Líder 38,2024-12-22,2024-12-31,2024-12-31,Concluído,71.08,8.18
3016,1990,265,Inovação,Líder 32,2024-09-16,2024-12-31,2024-12-16,Concluído,75.81,8.08
3017,1992,119,Comercial,Líder 32,2023-12-03,2024-05-01,,Em Andamento,32.19,5.16
3018,1992,338,Comercial,Líder 9,2022-07-30,2023-02-25,2022-10-27,Concluído,78.08,7.8
3019,1992,306,Comercial,Líder 32,2023-08-16,2024-04-12,,Em Andamento,45.45,6.93
3020,1994,31,Gente & Gestão,Líder 4,2024-12-27,2024-12-31,2024-12-31,Concluído,70.91,7.43
3021,1994,123,Gente & Gestão,Líder 36,2024-12-23,2024-12-31,2024-12-31,Concluído,84.29,9.49
3022,1995,16,Produto,Líder 48,2024-12-23,2024-12-31,,Cancelado,8.93,5.61
3023,1995,473,Produto,Líder 43,2023-07-11,2023-11-08,,Cancelado,13.27,5.55
3024,1995,330,Produto,Líder 1,2022-10-07,2023-06-04,2023-06-27,Concluído,83.25,8.59
3025,1996,80,Gente & Gestão,Líder 12,2024-05-23,2024-10-20,2024-09-01,Concluído,72.1,8.28
3026,1997,43,Qualidade,Líder 5,2024-12-18,2024-12-31,2024-12-31,Concluído,83.34,6.05
3027,1998,455,Inovação,Líder 23,2024-10-02,2024-12-31,2024-10-27,Concluído,75.38,7.66
3028,1999,259,Inovação,Líder 40,2024-07-06,2024-12-31,2024-12-31,Concluído,94.97,7.54
3029,2000,156,Tecnologia,Líder 34,2024-07-31,2024-12-28,,Cancelado,27.27,4.01
3030,2001,338,Atendimento,Líder 14,2024-07-14,2024-12-31,,Em Andamento,64.42,6.28
3031,2002,150,Marketing,Líder 20,2024-05-31,2024-12-31,2024-09-07,Concluído,88.57,9.15
3032,2002,92,Marketing,Líder 19,2024-06-19,2024-12-31,2024-08-03,Concluído,71.77,8.97
3033,2002,231,Marketing,Líder 44,2023-01-27,2023-11-23,,Em Andamento,67.98,6.0
3034,2005,122,Vendas,Líder 3,2024-12-29,2024-12-31,2024-12-31,Concluído,88.85,6.58
3035,2005,175,Vendas,Líder 26,2024-12-02,2024-12-31,2024-12-31,Concluído,96.17,9.93
3036,2006,375,Inovação,Líder 8,2024-06-30,2024-12-31,,Cancelado,20.2,5.33
3037,2007,71,Vendas,Líder 23,2023-03-31,2023-12-26,2023-06-17,Concluído,85.1,6.54
3038,2007,446,Vendas,Líder 24,2023-01-27,2023-11-23,2023-05-26,Concluído,94.02,9.99
3039,2007,189,Vendas,Líder 27,2023-12-18,2024-07-15,2024-07-29,Concluído,79.29,8.07
3040,2008,297,Operações,Líder 47,2023-01-10,2023-06-09,2023-05-21,Concluído,71.98,9.51
3041,2008,226,Operações,Líder 11,2023-09-14,2024-08-09,2023-10-15,Concluído,94.44,9.66
3042,2009,48,Comercial,Líder 8,2024-12-02,2024-12-31,2024-12-31,Concluído,72.18,7.05
3043,2010,147,Comercial,Líder 37,2024-07-20,2024-12-31,2024-11-13,Concluído,93.24,8.74
3044,2011,29,Financeiro,Líder 27,2024-03-19,2024-10-15,2024-08-28,Concluído,84.26,8.55
3045,2011,399,Financeiro,Líder 49,2023-06-03,2024-04-28,,Cancelado,37.53,5.16
3046,2011,290,Financeiro,Líder 47,2022-08-23,2023-08-18,2022-09-30,Concluído,90.4,7.79
3047,2012,44,Marketing,Líder 6,2024-06-25,2024-12-31,2024-12-31,Concluído,81.11,7.49
3048,2013,167,Operações,Líder 18,2024-11-23,2024-12-31,2024-12-31,Concluído,74.62,7.87
3049,2013,316,Operações,Líder 18,2024-10-25,2024-12-31,,Em Andamento,26.52,4.37
3050,2014,470,Vendas,Líder 27,2023-08-29,2024-04-25,,Em Andamento,50.79,4.75
3051,2015,80,Operações,Líder 17,2024-03-19,2024-12-14,2024-12-25,Concluído,70.01,8.55
3052,2015,258,Operações,Líder 16,2023-12-07,2024-12-01,2024-09-30,Concluído,81.24,6.19
3053,2017,459,Comercial,Líder 1,2024-12-15,2024-12-31,2024-12-31,Concluído,98.88,8.52
3054,2017,298,Comercial,Líder 18,2024-11-19,2024-12-31,2024-12-31,Concluído,85.08,9.65
3055,2017,467,Comercial,Líder 47,2024-12-22,2024-12-31,2024-12-31,Concluído,92.47,6.58
3056,2018,52,Produto,Líder 25,2024-08-23,2024-12-31,2024-11-05,Concluído,74.22,6.43
3057,2020,392,Marketing,Líder 21,2024-12-30,2024-12-31,,Em Andamento,41.24,4.16
3058,2020,462,Marketing,Líder 35,2024-11-05,2024-12-31,2024-12-31,Concluído,88.85,6.83
3059,2021,100,Produto,Líder 3,2024-11-08,2024-12-31,2024-12-16,Concluído,76.05,6.13
3060,2021,422,Produto,Líder 11,2024-07-18,2024-12-15,,Em Andamento,38.91,4.22
3061,2022,280,Tecnologia,Líder 21,2024-08-12,2024-12-31,2024-10-31,Concluído,86.7,6.78
3062,2022,313,Tecnologia,Líder 12,2024-12-09,2024-12-31,,Em Andamento,74.94,7.98
3063,2022,190,Tecnologia,Líder 44,2024-04-18,2024-07-17,,Em Andamento,60.68,6.34
3064,2023,136,Comercial,Líder 1,2024-10-08,2024-12-31,,Cancelado,3.85,2.33
3065,2024,309,Inovação,Líder 45,2024-11-11,2024-12-31,2024-12-31,Concluído,89.58,6.62
3066,2024,478,Inovação,Líder 45,2024-03-16,2024-09-12,2024-11-01,Concluído,96.39,7.94
3067,2025,338,Operações,Líder 10,2024-05-29,2024-11-25,2024-07-01,Concluído,87.98,8.31
3068,2025,406,Operações,Líder 1,2024-10-25,2024-12-31,,Em Andamento,79.12,4.27
3069,2026,465,Financeiro,Líder 19,2024-12-19,2024-12-31,2024-12-31,Concluído,83.27,7.54
3070,2026,429,Financeiro,Líder 46,2024-07-06,2024-12-31,2024-10-15,Concluído,97.19,9.2
3071,2027,251,Gente & Gestão,Líder 38,2024-12-23,2024-12-31,2024-12-31,Concluído,85.58,8.79
3072,2028,156,Gente & Gestão,Líder 48,2024-11-13,2024-12-31,,Em Andamento,78.02,4.34
3073,2028,495,Gente & Gestão,Líder 17,2024-10-07,2024-12-31,2024-12-31,Concluído,79.56,6.67
3074,2028,455,Gente & Gestão,Líder 48,2024-07-10,2024-12-31,2024-12-31,Concluído,90.03,8.28
3075,2029,422,Marketing,Líder 10,2023-12-09,2024-03-08,,Cancelado,20.71,4.29
3076,2029,76,Marketing,Líder 40,2024-09-09,2024-12-08,2024-12-31,Concluído,80.73,7.34
3077,2030,424,Atendimento,Líder 15,2024-10-22,2024-12-31,2024-12-31,Concluído,71.91,9.9
3078,2030,392,Atendimento,Líder 47,2024-10-28,2024-12-31,2024-12-31,Concluído,90.72,6.27
3079,2030,268,Atendimento,Líder 6,2024-11-27,2024-12-31,2024-12-31,Concluído,90.31,6.05
3080,2031,219,Tecnologia,Líder 35,2024-11-07,2024-12-31,2024-12-05,Concluído,73.71,9.25
3081,2031,78,Tecnologia,Líder 46,2024-04-15,2024-08-13,2024-09-15,Concluído,86.94,6.79
3082,2031,402,Tecnologia,Líder 48,2023-12-31,2024-05-29,,Em Andamento,68.77,4.56
3083,2033,455,Inovação,Líder 43,2024-06-09,2024-12-31,2024-08-23,Concluído,90.03,8.15
3084,2033,439,Inovação,Líder 37,2024-02-05,2024-09-02,2024-07-05,Concluído,97.26,6.26
3085,2034,388,Produto,Líder 5,2024-01-18,2024-04-17,,Cancelado,32.18,4.11
3086,2034,496,Produto,Líder 22,2024-04-22,2024-12-31,,Cancelado,33.46,3.15
3087,2034,429,Produto,Líder 42,2024-09-08,2024-12-31,2024-09-12,Concluído,88.28,8.51
3088,2035,375,Financeiro,Líder 18,2024-12-08,2024-12-31,2024-12-31,Concluído,70.05,8.61
3089,2035,62,Financeiro,Líder 28,2024-12-19,2024-12-31,2024-12-31,Concluído,94.81,8.58
3090,2035,251,Financeiro,Líder 37,2024-11-11,2024-12-31,,Cancelado,28.77,3.16
3091,2036,254,Suporte,Líder 46,2024-09-21,2024-12-31,,Cancelado,24.74,2.93
3092,2037,365,Tecnologia,Líder 33,2024-12-28,2024-12-31,2024-12-31,Concluído,86.92,7.65
3093,2038,466,Comercial,Líder 29,2023-12-19,2024-08-15,,Em Andamento,30.89,4.84
3094,2039,480,Comercial,Líder 22,2023-09-26,2023-12-25,2024-02-15,Concluído,83.76,7.28
3095,2039,241,Comercial,Líder 30,2023-07-27,2024-04-22,2023-11-03,Concluído,74.89,6.08
3096,2039,255,Comercial,Líder 40,2024-01-24,2024-12-31,,Em Andamento,65.36,5.76
3097,2040,145,Comercial,Líder 18,2024-06-06,2024-12-31,,Cancelado,31.64,2.04
3098,2040,134,Comercial,Líder 4,2024-04-30,2024-11-26,2024-06-03,Concluído,99.92,8.33
3099,2042,132,Inovação,Líder 16,2024-05-21,2024-12-31,,Cancelado,1.07,5.42
3100,2042,375,Inovação,Líder 27,2024-03-20,2024-12-31,2024-12-31,Concluído,91.28,7.24
3101,2042,149,Inovação,Líder 50,2024-09-01,2024-11-30,2024-11-24,Concluído,73.69,6.15
3102,2043,315,Vendas,Líder 12,2024-11-12,2024-12-31,2024-11-28,Concluído,98.08,6.44
3103,2043,204,Vendas,Líder 31,2024-08-30,2024-11-28,2024-10-11,Concluído,99.69,7.2
3104,2045,159,Produto,Líder 34,2022-12-28,2023-07-26,,Em Andamento,54.38,6.08
3105,2045,145,Produto,Líder 29,2022-02-16,2022-11-13,2022-03-15,Concluído,74.76,6.36
3106,2045,55,Produto,Líder 32,2023-05-22,2024-05-16,2023-06-18,Concluído,99.31,6.12
3107,2046,208,Suporte,Líder 5,2024-11-11,2024-12-31,2024-12-31,Concluído,73.59,9.84
3108,2046,361,Suporte,Líder 6,2023-10-21,2024-01-19,,Cancelado,16.77,4.7
3109,2047,42,Qualidade,Líder 21,2024-12-30,2024-12-31,2024-12-31,Concluído,78.72,6.38
3110,2047,408,Qualidade,Líder 8,2024-12-26,2024-12-31,2024-12-31,Concluído,75.09,6.68
3111,2047,99,Qualidade,Líder 47,2024-12-27,2024-12-31,,Cancelado,31.79,2.75
3112,2049,440,Comercial,Líder 43,2024-12-23,2024-12-31,2024-12-31,Concluído,78.77,8.22
3113,2049,376,Comercial,Líder 43,2024-12-27,2024-12-31,2024-12-31,Concluído,87.23,6.39
3114,2049,249,Comercial,Líder 4,2024-12-18,2024-12-31,2024-12-31,Concluído,84.09,8.88
3115,2050,87,Tecnologia,Líder 29,2022-11-03,2023-09-29,,Cancelado,9.94,2.0
3116,2050,236,Tecnologia,Líder 3,2024-01-17,2024-12-12,2024-07-30,Concluído,84.39,6.06
3117,2050,428,Tecnologia,Líder 34,2024-09-17,2024-12-31,,Cancelado,27.94,3.51
3118,2051,90,Financeiro,Líder 22,2024-01-02,2024-05-31,2024-06-11,Concluído,89.36,8.4
3119,2051,239,Financeiro,Líder 26,2023-12-23,2024-08-19,,Em Andamento,59.92,4.02
3120,2051,352,Financeiro,Líder 2,2024-05-14,2024-12-31,2024-09-04,Concluído,95.01,8.95
3121,2052,425,Produto,Líder 47,2023-12-20,2024-09-15,2024-03-05,Concluído,70.67,9.37
3122,2054,218,Operações,Líder 7,2023-01-13,2024-01-08,,Em Andamento,30.75,5.73
3123,2054,284,Operações,Líder 45,2024-07-18,2024-12-31,2024-07-18,Concluído,77.34,8.94
3124,2055,161,Gente & Gestão,Líder 27,2024-03-03,2024-08-30,2024-05-19,Concluído,84.32,6.2
3125,2055,284,Gente & Gestão,Líder 37,2024-09-22,2024-12-31,2024-11-13,Concluído,81.35,8.61
3126,2055,303,Gente & Gestão,Líder 46,2023-11-27,2024-09-22,,Em Andamento,64.28,7.16
3127,2057,252,Inovação,Líder 3,2024-10-26,2024-12-31,,Cancelado,22.88,4.05
3128,2057,307,Inovação,Líder 37,2024-11-28,2024-12-31,2024-12-30,Concluído,75.67,8.47
3129,2057,248,Inovação,Líder 17,2024-11-20,2024-12-31,,Em Andamento,62.61,7.05
3130,2058,478,Marketing,Líder 2,2024-12-31,2024-12-31,2024-12-31,Concluído,98.9,7.65
3131,2058,390,Marketing,Líder 6,2024-11-07,2024-12-31,2024-11-14,Concluído,92.65,9.97
3132,2058,226,Marketing,Líder 4,2024-11-05,2024-12-31,2024-12-16,Concluído,87.92,7.07
3133,2059,134,Marketing,Líder 2,2023-08-14,2024-03-11,,Em Andamento,50.66,4.47
3134,2059,466,Marketing,Líder 50,2024-11-04,2024-12-31,,Cancelado,3.83,2.88
3135,2059,340,Marketing,Líder 19,2024-06-17,2024-12-14,2024-10-12,Concluído,98.81,8.47
3136,2060,6,Suporte,Líder 23,2024-07-25,2024-12-31,2024-11-01,Concluído,82.93,6.07
3137,2060,131,Suporte,Líder 45,2024-06-14,2024-12-31,2024-10-13,Concluído,76.44,7.38
3138,2061,450,Qualidade,Líder 19,2024-09-03,2024-12-31,,Em Andamento,51.4,7.66
3139,2063,105,Vendas,Líder 28,2024-10-17,2024-12-31,2024-12-11,Concluído,79.85,8.18
3140,2063,236,Vendas,Líder 16,2024-12-01,2024-12-31,,Em Andamento,75.21,5.97
3141,2064,476,Suporte,Líder 32,2023-06-06,2024-03-02,2023-09-18,Concluído,90.15,6.4
3142,2066,219,Marketing,Líder 1,2023-06-29,2023-10-27,2023-11-07,Concluído,77.32,6.48
3143,2066,60,Marketing,Líder 12,2023-09-21,2024-07-17,2024-04-24,Concluído,91.37,6.3
3144,2066,352,Marketing,Líder 44,2023-12-11,2024-03-10,2024-04-27,Concluído,78.85,6.6
3145,2069,160,Marketing,Líder 10,2024-12-02,2024-12-31,2024-12-31,Concluído,77.47,6.62
3146,2069,107,Marketing,Líder 1,2024-08-11,2024-12-31,2024-12-03,Concluído,98.33,9.15
3147,2069,482,Marketing,Líder 33,2024-05-04,2024-12-31,,Cancelado,39.4,3.3
3148,2070,4,Produto,Líder 27,2023-07-12,2023-12-09,2023-10-02,Concluído,99.41,6.28
3149,2071,26,Operações,Líder 15,2022-12-14,2023-04-13,,Em Andamento,54.07,5.03
3150,2073,466,Atendimento,Líder 5,2024-12-04,2024-12-31,2024-12-31,Concluído,80.45,7.95
3151,2073,100,Atendimento,Líder 37,2024-10-04,2024-12-31,2024-12-31,Concluído,86.2,7.42
3152,2075,134,Atendimento,Líder 1,2023-05-25,2024-02-19,2024-01-16,Concluído,74.69,8.31
3153,2076,71,Atendimento,Líder 18,2024-04-07,2024-07-06,2024-04-12,Concluído,90.53,8.37
3154,2076,475,Atendimento,Líder 26,2024-04-13,2024-12-31,2024-06-28,Concluído,74.05,9.1
3155,2077,107,Financeiro,Líder 9,2024-12-29,2024-12-31,2024-12-31,Concluído,84.14,9.67
3156,2077,463,Financeiro,Líder 49,2024-12-30,2024-12-31,2024-12-31,Concluído,78.23,8.76
3157,2078,23,Comercial,Líder 25,2024-09-03,2024-12-31,2024-09-16,Concluído,71.31,6.6
3158,2078,429,Comercial,Líder 25,2024-06-17,2024-12-31,2024-12-31,Concluído,89.42,7.59
3159,2078,208,Comercial,Líder 35,2024-09-22,2024-12-31,2024-12-31,Concluído,78.19,6.57
3160,2079,307,Vendas,Líder 9,2024-08-17,2024-12-31,2024-12-31,Concluído,80.04,9.62
3161,2079,216,Vendas,Líder 12,2023-05-04,2023-10-31,2023-09-30,Concluído,91.23,7.69
3162,2080,217,Qualidade,Líder 19,2023-01-06,2023-08-04,2023-05-12,Concluído,94.33,6.29
3163,2080,477,Qualidade,Líder 19,2023-03-04,2023-09-30,2023-07-13,Concluído,84.0,7.16
3164,2080,298,Qualidade,Líder 10,2022-07-26,2022-11-23,,Cancelado,36.77,3.95
3165,2081,445,Produto,Líder 45,2023-03-04,2023-09-30,2023-08-10,Concluído,71.01,7.85
3166,2081,400,Produto,Líder 7,2023-05-11,2024-04-05,,Cancelado,6.46,2.62
3167,2081,416,Produto,Líder 43,2022-09-13,2023-03-12,2022-10-25,Concluído,86.49,8.14
3168,2083,423,Comercial,Líder 45,2024-02-02,2024-08-30,2024-04-09,Concluído,70.53,9.84
3169,2083,246,Comercial,Líder 27,2023-07-14,2024-01-10,2023-11-27,Concluído,88.58,9.32
3170,2084,436,Comercial,Líder 33,2024-12-28,2024-12-31,2024-12-31,Concluído,87.81,8.7
3171,2085,410,Inovação,Líder 4,2024-12-26,2024-12-31,2024-12-31,Concluído,92.58,8.43
3172,2086,54,Produto,Líder 21,2022-11-30,2023-03-30,,Em Andamento,33.84,6.35
3173,2086,412,Produto,Líder 45,2023-05-26,2023-12-22,,Em Andamento,64.49,4.19
3174,2086,54,Produto,Líder 2,2023-12-16,2024-12-10,,Em Andamento,62.43,7.8
3175,2089,294,Operações,Líder 7,2023-06-27,2024-03-23,2024-02-04,Concluído,72.93,7.64
3176,2090,302,Tecnologia,Líder 45,2023-06-13,2023-11-10,2023-09-01,Concluído,82.09,9.04
3177,2093,29,Operações,Líder 10,2024-10-26,2024-12-31,,Em Andamento,58.32,5.81
3178,2094,380,Suporte,Líder 2,2024-12-06,2024-12-31,2024-12-13,Concluído,77.39,9.79
3179,2094,341,Suporte,Líder 24,2024-11-06,2024-12-31,2024-12-31,Concluído,91.61,9.43
3180,2095,335,Tecnologia,Líder 4,2022-09-24,2023-05-22,,Cancelado,1.57,4.16
3181,2095,355,Tecnologia,Líder 46,2024-06-25,2024-12-31,2024-07-16,Concluído,89.15,7.87
3182,2095,332,Tecnologia,Líder 44,2024-09-07,2024-12-31,2024-10-16,Concluído,91.11,9.11
3183,2096,353,Produto,Líder 25,2023-05-22,2024-04-16,2023-10-04,Concluído,87.4,6.78
3184,2097,494,Qualidade,Líder 8,2024-12-12,2024-12-31,2024-12-28,Concluído,93.86,8.55
3185,2098,445,Atendimento,Líder 47,2024-10-21,2024-12-31,2024-12-24,Concluído,84.65,6.02
3186,2099,288,Marketing,Líder 8,2022-07-17,2022-11-14,,Cancelado,28.99,3.65
3187,2099,64,Marketing,Líder 12,2024-09-29,2024-12-31,2024-12-31,Concluído,77.75,7.64
3188,2099,307,Marketing,Líder 38,2024-07-04,2024-12-31,2024-11-24,Concluído,89.31,7.75
3189,2100,420,Tecnologia,Líder 7,2022-03-10,2023-03-05,2022-09-24,Concluído,73.18,9.91
3190,2100,74,Tecnologia,Líder 14,2023-06-05,2024-01-01,2023-08-14,Concluído,80.11,8.16
3191,2101,32,Vendas,Líder 11,2023-02-08,2023-10-06,,Em Andamento,45.01,4.73
3192,2103,479,Qualidade,Líder 27,2024-06-17,2024-10-15,,Cancelado,14.49,3.97
3193,2104,253,Comercial,Líder 21,2024-12-31,2024-12-31,,Cancelado,32.5,4.91
3194,2105,491,Operações,Líder 47,2022-11-09,2023-09-05,,Em Andamento,43.95,4.91
3195,2105,458,Operações,Líder 49,2022-10-15,2023-02-12,2023-03-25,Concluído,91.77,7.31
3196,2105,3,Operações,Líder 11,2024-11-04,2024-12-31,,Em Andamento,53.62,6.85
3197,2106,274,Gente & Gestão,Líder 38,2024-07-13,2024-12-31,2024-08-16,Concluído,99.93,8.0
3198,2106,159,Gente & Gestão,Líder 26,2024-10-15,2024-12-31,,Em Andamento,27.39,7.29
3199,2107,44,Inovação,Líder 5,2024-08-29,2024-12-31,2024-12-28,Concluído,70.92,6.87
3200,2108,276,Atendimento,Líder 49,2024-10-28,2024-12-31,2024-12-31,Concluído,71.65,9.4
3201,2108,158,Atendimento,Líder 26,2024-11-11,2024-12-31,,Cancelado,12.58,2.48
3202,2110,143,Produto,Líder 14,2024-09-16,2024-12-31,2024-12-31,Concluído,90.08,9.12
3203,2110,190,Produto,Líder 15,2024-11-24,2024-12-31,2024-12-04,Concluído,96.75,7.14
3204,2111,408,Vendas,Líder 23,2023-11-07,2024-08-03,,Em Andamento,62.17,7.56
3205,2112,354,Comercial,Líder 37,2023-09-01,2024-05-28,2024-05-17,Concluído,89.38,9.83
3206,2112,271,Comercial,Líder 24,2023-04-24,2023-07-23,2023-08-17,Concluído,81.59,6.98
3207,2112,499,Comercial,Líder 30,2024-05-16,2024-12-12,2024-12-17,Concluído,72.45,8.0
3208,2113,249,Vendas,Líder 27,2024-12-23,2024-12-31,,Em Andamento,42.93,5.1
3209,2113,261,Vendas,Líder 41,2024-12-17,2024-12-31,2024-12-31,Concluído,88.7,7.57
3210,2113,21,Vendas,Líder 2,2024-12-24,2024-12-31,,Em Andamento,73.24,6.06
3211,2114,150,Tecnologia,Líder 35,2023-06-23,2024-02-18,,Cancelado,28.07,5.79
3212,2119,498,Suporte,Líder 24,2024-08-03,2024-12-31,2024-10-02,Concluído,89.21,8.11
3213,2119,296,Suporte,Líder 6,2024-03-22,2024-12-17,2024-12-23,Concluído,79.62,7.6
3214,2120,177,Comercial,Líder 37,2023-11-26,2024-02-24,2024-03-14,Concluído,90.58,9.04
3215,2125,207,Atendimento,Líder 41,2023-07-11,2023-12-08,2023-08-30,Concluído,99.82,8.84
3216,2125,48,Atendimento,Líder 32,2023-08-07,2024-05-03,,Em Andamento,56.68,5.29
3217,2126,236,Inovação,Líder 34,2024-05-11,2024-08-09,2024-06-01,Concluído,92.37,8.28
3218,2126,481,Inovação,Líder 47,2024-08-05,2024-12-03,2024-11-13,Concluído,78.5,7.5
3219,2126,237,Inovação,Líder 44,2024-06-14,2024-11-11,2024-06-23,Concluído,79.42,7.08
3220,2127,451,Qualidade,Líder 16,2023-08-28,2024-08-22,2024-07-13,Concluído,70.93,8.54
3221,2128,169,Vendas,Líder 26,2024-03-23,2024-08-20,2024-10-05,Concluído,80.93,6.91
3222,2128,207,Vendas,Líder 37,2024-02-05,2024-08-03,2024-08-08,Concluído,94.76,6.28
3223,2128,477,Vendas,Líder 8,2024-11-22,2024-12-31,,Cancelado,18.94,4.77
3224,2129,190,Comercial,Líder 13,2024-11-30,2024-12-31,2024-12-31,Concluído,81.48,7.59
3225,2131,118,Tecnologia,Líder 36,2024-03-29,2024-12-31,,Em Andamento,72.62,6.4
3226,2131,19,Tecnologia,Líder 50,2024-11-09,2024-12-31,2024-12-10,Concluído,80.03,7.23
3227,2131,409,Tecnologia,Líder 22,2024-05-13,2024-09-10,,Em Andamento,79.21,5.61
3228,2132,105,Tecnologia,Líder 30,2024-11-19,2024-12-31,2024-12-26,Concluído,92.06,9.1
3229,2132,190,Tecnologia,Líder 38,2023-03-10,2023-09-06,2023-07-03,Concluído,74.6,6.68
3230,2133,444,Qualidade,Líder 23,2023-01-17,2023-05-17,2023-04-23,Concluído,77.18,7.95
3231,2133,101,Qualidade,Líder 15,2024-08-28,2024-12-31,2024-12-31,Concluído,73.06,6.3
3232,2134,458,Tecnologia,Líder 4,2024-12-22,2024-12-31,2024-12-31,Concluído,78.61,7.05
3233,2134,345,Tecnologia,Líder 3,2024-12-19,2024-12-31,,Em Andamento,39.55,4.1
3234,2137,294,Financeiro,Líder 30,2024-09-29,2024-12-28,,Em Andamento,69.93,6.18
3235,2137,277,Financeiro,Líder 21,2024-12-16,2024-12-31,,Em Andamento,30.34,5.94
3236,2137,330,Financeiro,Líder 18,2024-11-07,2024-12-31,2024-11-12,Concluído,85.61,6.65
3237,2138,295,Tecnologia,Líder 19,2023-12-03,2024-05-01,,Em Andamento,31.53,5.17
3238,2138,100,Tecnologia,Líder 42,2023-06-27,2024-04-22,2024-03-11,Concluído,92.5,8.45
3239,2138,426,Tecnologia,Líder 46,2024-09-23,2024-12-22,2024-11-21,Concluído,97.67,7.85
3240,2139,286,Suporte,Líder 32,2024-09-16,2024-12-31,2024-11-29,Concluído,78.14,6.67
3241,2139,382,Suporte,Líder 34,2024-03-28,2024-12-23,,Em Andamento,72.69,6.05
3242,2139,199,Suporte,Líder 41,2024-12-03,2024-12-31,,Cancelado,4.88,5.14
3243,2140,83,Atendimento,Líder 33,2024-07-31,2024-12-31,2024-11-07,Concluído,93.7,8.88
3244,2140,424,Atendimento,Líder 19,2024-12-05,2024-12-31,,Cancelado,36.96,5.79
3245,2140,143,Atendimento,Líder 25,2024-08-11,2024-12-31,2024-12-14,Concluído,71.0,8.9
3246,2142,15,Comercial,Líder 36,2024-10-16,2024-12-31,,Cancelado,38.02,3.51
3247,2142,65,Comercial,Líder 34,2023-06-16,2023-10-14,,Em Andamento,58.76,6.12
3248,2142,231,Comercial,Líder 19,2023-04-25,2023-08-23,2023-06-27,Concluído,89.39,8.7
3249,2143,500,Tecnologia,Líder 18,2024-11-29,2024-12-31,,Cancelado,20.44,3.5
3250,2144,350,Gente & Gestão,Líder 25,2024-10-28,2024-12-31,,Cancelado,16.85,3.01
3251,2145,95,Comercial,Líder 39,2024-03-30,2024-06-28,,Em Andamento,58.09,5.87
3252,2145,58,Comercial,Líder 16,2023-10-15,2024-08-10,,Em Andamento,41.09,6.33
3253,2145,304,Comercial,Líder 43,2024-07-22,2024-11-19,2024-08-12,Concluído,82.16,7.32
3254,2146,458,Gente & Gestão,Líder 13,2022-07-21,2023-07-16,2023-05-03,Concluído,85.49,8.07
3255,2146,82,Gente & Gestão,Líder 22,2023-07-30,2024-03-26,2024-02-03,Concluído,79.91,9.96
3256,2147,256,Comercial,Líder 30,2024-12-12,2024-12-31,2024-12-31,Concluído,78.5,8.54
3257,2147,362,Comercial,Líder 41,2024-10-22,2024-12-31,,Em Andamento,72.95,4.32
3258,2148,407,Atendimento,Líder 38,2024-03-11,2024-12-31,2024-10-20,Concluído,90.16,7.18
3259,2151,342,Suporte,Líder 43,2024-05-03,2024-12-31,2024-12-31,Concluído,84.36,6.09
3260,2151,459,Suporte,Líder 3,2024-04-15,2024-08-13,2024-04-28,Concluído,86.6,9.04
3261,2151,52,Suporte,Líder 44,2024-12-27,2024-12-31,2024-12-31,Concluído,84.64,9.57
3262,2152,186,Produto,Líder 46,2023-02-11,2023-09-09,2023-04-19,Concluído,79.95,9.11
3263,2152,438,Produto,Líder 7,2024-06-28,2024-11-25,2024-08-28,Concluído,95.04,7.65
3264,2153,482,Inovação,Líder 45,2024-08-31,2024-11-29,2024-11-21,Concluído,79.64,9.93
3265,2154,90,Atendimento,Líder 40,2024-11-19,2024-12-31,2024-12-31,Concluído,88.82,9.6
3266,2154,136,Atendimento,Líder 38,2024-11-24,2024-12-31,2024-12-31,Concluído,99.53,7.15
3267,2155,7,Vendas,Líder 25,2023-06-06,2023-12-03,2024-01-17,Concluído,88.25,7.04
3268,2155,227,Vendas,Líder 48,2023-05-21,2023-12-17,2023-12-05,Concluído,96.73,9.91
3269,2156,238,Suporte,Líder 16,2023-06-22,2023-10-20,,Em Andamento,60.72,6.42
3270,2156,297,Suporte,Líder 42,2023-06-28,2024-02-23,2024-02-13,Concluído,71.64,9.55
3271,2158,3,Operações,Líder 12,2024-11-20,2024-12-31,2024-12-23,Concluído,97.79,9.9
3272,2158,153,Operações,Líder 7,2024-10-08,2024-12-31,2024-12-31,Concluído,95.87,9.24
3273,2158,68,Operações,Líder 39,2024-11-15,2024-12-31,2024-12-31,Concluído,98.35,8.4
3274,2159,41,Gente & Gestão,Líder 32,2023-03-01,2023-09-27,,Cancelado,39.96,4.23
3275,2161,394,Produto,Líder 20,2023-12-16,2024-06-13,,Cancelado,33.62,2.62
3276,2163,178,Comercial,Líder 28,2023-02-26,2023-11-23,2023-04-10,Concluído,86.62,9.36
3277,2163,26,Comercial,Líder 32,2023-04-30,2024-03-25,2023-10-09,Concluído,88.34,6.09
3278,2164,26,Tecnologia,Líder 20,2024-12-03,2024-12-31,,Em Andamento,76.38,7.57
3279,2164,200,Tecnologia,Líder 33,2024-11-02,2024-12-31,,Em Andamento,46.73,4.29
3280,2165,300,Vendas,Líder 41,2024-09-15,2024-12-14,2024-12-07,Concluído,96.55,8.27
3281,2165,244,Vendas,Líder 18,2024-12-13,2024-12-31,,Em Andamento,38.36,4.61
3282,2166,236,Qualidade,Líder 27,2024-12-25,2024-12-31,2024-12-30,Concluído,85.78,9.57
3283,2166,204,Qualidade,Líder 29,2024-12-17,2024-12-31,,Em Andamento,60.46,4.08
3284,2167,77,Qualidade,Líder 48,2024-09-11,2024-12-31,2024-12-31,Concluído,81.65,8.58
3285,2167,68,Qualidade,Líder 45,2024-07-07,2024-12-31,2024-12-19,Concluído,72.11,6.47
3286,2167,164,Qualidade,Líder 8,2024-08-12,2024-12-31,2024-12-31,Concluído,71.99,6.12
3287,2168,497,Tecnologia,Líder 6,2023-09-02,2024-02-29,2024-04-06,Concluído,97.02,7.39
3288,2169,437,Gente & Gestão,Líder 4,2024-06-09,2024-10-07,2024-09-21,Concluído,85.32,8.83
3289,2169,285,Gente & Gestão,Líder 21,2024-06-10,2024-12-31,2024-12-31,Concluído,83.71,7.7
3290,2169,497,Gente & Gestão,Líder 7,2024-08-27,2024-12-31,2024-09-17,Concluído,77.24,6.54
3291,2170,181,Financeiro,Líder 17,2023-11-09,2024-02-07,2024-03-17,Concluído,76.41,9.42
3292,2171,112,Financeiro,Líder 37,2023-09-08,2024-03-06,,Em Andamento,46.16,7.69
3293,2171,429,Financeiro,Líder 32,2022-08-18,2023-02-14,2023-03-14,Concluído,99.01,6.09
3294,2171,217,Financeiro,Líder 7,2024-08-14,2024-12-31,2024-09-04,Concluído,76.6,6.04
3295,2172,488,Qualidade,Líder 22,2024-11-12,2024-12-31,,Cancelado,33.15,4.39
3296,2173,116,Qualidade,Líder 38,2024-02-21,2024-12-31,2024-09-24,Concluído,93.75,8.05
3297,2173,461,Qualidade,Líder 48,2023-03-20,2024-01-14,,Em Andamento,63.12,7.96
3298,2173,86,Qualidade,Líder 10,2024-03-17,2024-12-12,,Em Andamento,56.3,7.04
3299,2175,369,Operações,Líder 4,2023-06-05,2024-03-31,2024-02-27,Concluído,80.1,7.77
3300,2178,101,Operações,Líder 33,2024-11-25,2024-12-31,2024-11-26,Concluído,72.73,8.56
3301,2180,475,Produto,Líder 18,2023-12-01,2024-09-26,,Em Andamento,23.61,7.57
3302,2180,151,Produto,Líder 41,2024-07-28,2024-12-31,2024-12-31,Concluído,91.87,6.57
3303,2180,72,Produto,Líder 26,2023-12-23,2024-08-19,2024-01-06,Concluído,95.1,6.67
3304,2181,134,Produto,Líder 30,2024-12-27,2024-12-31,2024-12-31,Concluído,70.02,9.7
3305,2181,31,Produto,Líder 6,2024-11-25,2024-12-31,,Cancelado,22.02,2.02
3306,2182,415,Financeiro,Líder 30,2024-08-26,2024-12-31,2024-12-19,Concluído,87.77,9.77
3307,2182,127,Financeiro,Líder 8,2024-09-28,2024-12-31,,Em Andamento,54.79,4.47
3308,2182,471,Financeiro,Líder 30,2024-06-03,2024-09-01,2024-10-29,Concluído,84.98,7.42
3309,2183,136,Produto,Líder 20,2023-05-16,2023-08-14,2023-07-23,Concluído,80.96,6.75
3310,2184,487,Inovação,Líder 16,2024-12-18,2024-12-31,,Cancelado,20.23,5.42
3311,2185,142,Inovação,Líder 5,2023-06-14,2024-04-09,2023-08-07,Concluído,82.51,9.26
3312,2185,367,Inovação,Líder 27,2023-04-03,2023-09-30,2023-09-10,Concluído,95.93,9.23
3313,2187,473,Vendas,Líder 4,2024-10-13,2024-12-31,2024-12-31,Concluído,94.06,8.29
3314,2189,112,Vendas,Líder 25,2024-03-26,2024-08-23,,Cancelado,19.18,4.23
3315,2189,3,Vendas,Líder 50,2023-11-06,2024-08-02,,Em Andamento,69.59,4.73
3316,2189,136,Vendas,Líder 19,2024-06-06,2024-12-31,2024-07-04,Concluído,74.19,9.64
3317,2190,355,Gente & Gestão,Líder 25,2024-05-15,2024-09-12,2024-11-02,Concluído,90.47,7.39
3318,2192,460,Tecnologia,Líder 24,2024-09-30,2024-12-31,2024-10-06,Concluído,80.9,9.16
3319,2192,321,Tecnologia,Líder 42,2024-10-06,2024-12-31,2024-12-14,Concluído,73.09,6.73
3320,2192,451,Tecnologia,Líder 47,2024-08-09,2024-12-31,2024-12-31,Concluído,76.25,6.59
3321,2194,309,Suporte,Líder 46,2024-08-29,2024-12-31,,Em Andamento,31.49,5.74
3322,2195,58,Produto,Líder 42,2023-01-12,2023-11-08,,Em Andamento,59.89,5.69
3323,2195,444,Produto,Líder 47,2024-08-17,2024-12-31,2024-09-26,Concluído,94.04,8.11
3324,2195,386,Produto,Líder 28,2024-02-19,2024-09-16,2024-06-14,Concluído,84.41,7.94
3325,2196,152,Inovação,Líder 47,2024-09-01,2024-12-31,2024-11-11,Concluído,94.5,9.43
3326,2196,365,Inovação,Líder 28,2024-07-17,2024-12-31,,Em Andamento,25.73,6.84
3327,2197,274,Suporte,Líder 19,2024-12-20,2024-12-31,2024-12-31,Concluído,94.39,9.88
3328,2197,169,Suporte,Líder 35,2023-05-06,2024-03-31,2023-09-27,Concluído,94.97,7.72
3329,2198,39,Financeiro,Líder 44,2024-11-23,2024-12-31,,Em Andamento,73.5,5.99
3330,2198,226,Financeiro,Líder 6,2024-10-01,2024-12-31,2024-10-01,Concluído,90.62,9.07
3331,2199,302,Comercial,Líder 42,2022-04-25,2022-08-23,2022-05-27,Concluído,77.31,8.05
3332,2200,489,Vendas,Líder 19,2023-05-13,2023-08-11,2023-05-22,Concluído,98.87,8.25
3333,2200,164,Vendas,Líder 20,2024-12-13,2024-12-31,2024-12-31,Concluído,83.41,6.33
3334,2200,161,Vendas,Líder 21,2023-12-24,2024-04-22,2024-06-13,Concluído,79.11,7.59
3335,2201,376,Operações,Líder 8,2024-12-31,2024-12-31,2024-12-31,Concluído,96.72,9.56
3336,2201,353,Operações,Líder 4,2024-12-24,2024-12-31,,Cancelado,33.45,5.69
3337,2201,55,Operações,Líder 44,2024-12-21,2024-12-31,2024-12-31,Concluído,71.05,8.8
3338,2202,119,Marketing,Líder 19,2024-09-01,2024-12-31,2024-10-14,Concluído,81.39,8.13
3339,2202,58,Marketing,Líder 5,2024-02-05,2024-06-04,2024-03-11,Concluído,80.67,7.19
3340,2203,420,Tecnologia,Líder 40,2024-05-22,2024-11-18,2024-06-29,Concluído,77.05,7.1
3341,2204,283,Financeiro,Líder 37,2023-08-18,2024-06-13,2023-10-01,Concluído,90.53,7.59
3342,2204,476,Financeiro,Líder 13,2023-12-02,2024-03-31,2024-04-13,Concluído,76.91,8.09
3343,2205,241,Qualidade,Líder 10,2023-05-21,2023-10-18,,Em Andamento,36.41,7.04
3344,2205,347,Qualidade,Líder 25,2022-12-06,2023-12-01,2022-12-17,Concluído,75.72,7.44
3345,2205,153,Qualidade,Líder 42,2022-11-21,2023-10-17,2023-01-29,Concluído,99.61,9.85
3346,2206,233,Financeiro,Líder 15,2024-09-21,2024-12-31,,Em Andamento,79.4,7.23
3347,2206,218,Financeiro,Líder 26,2024-10-01,2024-12-31,,Em Andamento,72.32,6.61
3348,2207,493,Produto,Líder 30,2023-12-20,2024-03-19,,Em Andamento,21.21,7.39
3349,2207,386,Produto,Líder 18,2023-11-18,2024-07-15,2024-05-26,Concluído,92.71,9.28
3350,2207,93,Produto,Líder 5,2022-10-28,2023-05-26,2023-02-26,Concluído,81.35,8.61
3351,2209,1,Tecnologia,Líder 33,2023-08-03,2024-07-28,2024-07-26,Concluído,99.38,8.84
3352,2209,412,Tecnologia,Líder 18,2024-07-23,2024-12-31,2024-12-31,Concluído,70.11,8.11
3353,2211,469,Operações,Líder 43,2024-10-24,2024-12-31,2024-12-31,Concluído,92.01,8.36
3354,2211,143,Operações,Líder 38,2024-07-14,2024-12-31,,Em Andamento,46.49,4.34
3355,2211,243,Operações,Líder 35,2024-12-23,2024-12-31,,Em Andamento,60.05,7.73
3356,2212,402,Comercial,Líder 45,2022-04-27,2023-04-22,2023-06-17,Concluído,99.91,7.43
3357,2214,331,Marketing,Líder 48,2024-12-10,2024-12-31,2024-12-31,Concluído,92.7,9.48
3358,2214,262,Marketing,Líder 21,2022-06-27,2023-01-23,,Em Andamento,77.04,7.74
3359,2215,156,Marketing,Líder 4,2022-07-22,2023-04-18,2023-01-18,Concluído,85.05,8.02
3360,2216,496,Suporte,Líder 38,2024-11-30,2024-12-31,,Cancelado,36.36,3.51
3361,2217,92,Gente & Gestão,Líder 29,2023-08-02,2023-12-30,,Em Andamento,59.25,7.77
3362,2218,209,Tecnologia,Líder 10,2023-07-14,2023-12-11,2023-12-02,Concluído,90.46,6.35
3363,2218,425,Tecnologia,Líder 13,2024-08-16,2024-12-14,,Em Andamento,25.02,4.44
3364,2218,470,Tecnologia,Líder 41,2024-06-11,2024-12-31,,Em Andamento,77.1,6.03
3365,2220,23,Qualidade,Líder 21,2024-05-26,2024-12-31,,Cancelado,16.87,2.83
3366,2222,6,Tecnologia,Líder 36,2024-12-31,2024-12-31,,Cancelado,4.56,3.86
3367,2222,247,Tecnologia,Líder 29,2024-01-21,2024-11-16,,Em Andamento,65.43,7.51
3368,2222,33,Tecnologia,Líder 47,2024-06-02,2024-12-31,2024-08-10,Concluído,77.12,9.74
3369,2223,322,Gente & Gestão,Líder 15,2024-01-13,2024-09-09,2024-08-12,Concluído,92.1,8.31
3370,2223,414,Gente & Gestão,Líder 3,2024-05-25,2024-12-21,2024-07-24,Concluído,89.39,9.5
3371,2224,49,Inovação,Líder 5,2024-04-21,2024-07-20,,Cancelado,21.76,2.08
3372,2225,245,Qualidade,Líder 11,2022-08-30,2022-11-28,2022-09-08,Concluído,95.15,7.75
3373,2225,458,Qualidade,Líder 12,2024-05-29,2024-12-25,,Cancelado,34.86,2.06
3374,2225,8,Qualidade,Líder 1,2024-03-17,2024-12-31,2024-05-04,Concluído,79.12,8.0
3375,2226,19,Inovação,Líder 32,2024-12-22,2024-12-31,2024-12-31,Concluído,76.15,6.56
3376,2226,55,Inovação,Líder 16,2024-11-30,2024-12-31,2024-12-31,Concluído,93.37,6.68
3377,2227,43,Inovação,Líder 4,2024-12-18,2024-12-31,2024-12-27,Concluído,96.29,6.74
3378,2227,490,Inovação,Líder 24,2024-09-22,2024-12-31,,Em Andamento,70.03,7.9
3379,2229,409,Marketing,Líder 26,2024-12-18,2024-12-31,2024-12-31,Concluído,78.3,9.16
3380,2229,401,Marketing,Líder 36,2024-11-14,2024-12-31,2024-12-31,Concluído,94.28,9.78
3381,2229,47,Marketing,Líder 11,2024-06-10,2024-10-08,2024-09-10,Concluído,99.67,9.28
3382,2230,94,Inovação,Líder 35,2024-08-16,2024-12-31,,Cancelado,0.11,2.22
3383,2230,68,Inovação,Líder 7,2024-08-16,2024-12-31,2024-12-31,Concluído,80.43,7.02
3384,2231,211,Marketing,Líder 29,2024-11-07,2024-12-31,2024-12-06,Concluído,99.44,8.55
3385,2231,409,Marketing,Líder 37,2024-12-21,2024-12-31,,Em Andamento,38.49,5.93
3386,2231,53,Marketing,Líder 8,2024-12-16,2024-12-31,,Em Andamento,77.03,4.29
3387,2232,131,Tecnologia,Líder 6,2024-01-27,2024-11-22,,Cancelado,33.27,3.7
3388,2233,123,Inovação,Líder 41,2024-12-16,2024-12-31,2024-12-28,Concluído,79.93,9.48
3389,2233,494,Inovação,Líder 26,2024-12-20,2024-12-31,,Cancelado,28.39,5.9
3390,2233,370,Inovação,Líder 26,2024-12-24,2024-12-31,,Em Andamento,65.89,7.45
3391,2234,442,Inovação,Líder 42,2024-12-07,2024-12-31,2024-12-31,Concluído,95.9,7.14
3392,2234,101,Inovação,Líder 40,2024-12-21,2024-12-31,2024-12-31,Concluído,71.44,9.41
3393,2235,384,Inovação,Líder 27,2024-09-13,2024-12-31,2024-12-31,Concluído,70.51,8.58
3394,2235,214,Inovação,Líder 12,2024-07-10,2024-12-31,2024-12-31,Concluído,86.45,6.71
3395,2235,263,Inovação,Líder 36,2024-12-28,2024-12-31,,Em Andamento,49.06,7.97
3396,2238,179,Tecnologia,Líder 13,2022-11-27,2023-04-26,2023-06-13,Concluído,76.57,9.47
3397,2238,305,Tecnologia,Líder 13,2023-11-20,2024-04-18,2023-12-29,Concluído,71.97,9.48
3398,2238,303,Tecnologia,Líder 42,2024-04-07,2024-08-05,2024-06-13,Concluído,95.37,9.07
3399,2240,395,Suporte,Líder 39,2024-10-08,2024-12-31,,Em Andamento,40.47,7.99
3400,2240,248,Suporte,Líder 32,2023-05-11,2024-01-06,2023-07-21,Concluído,76.42,6.46
3401,2240,429,Suporte,Líder 42,2023-03-07,2024-01-31,2023-09-04,Concluído,74.71,9.07
3402,2241,275,Financeiro,Líder 22,2024-12-10,2024-12-31,2024-12-24,Concluído,94.18,9.18
3403,2241,473,Financeiro,Líder 8,2024-11-23,2024-12-31,2024-12-29,Concluído,84.76,8.82
3404,2241,203,Financeiro,Líder 49,2024-11-11,2024-12-31,2024-11-24,Concluído,83.78,7.69
3405,2242,357,Operações,Líder 44,2024-12-24,2024-12-31,2024-12-31,Concluído,98.68,6.86
3406,2242,241,Operações,Líder 18,2024-11-14,2024-12-31,2024-12-06,Concluído,70.2,8.18
3407,2242,136,Operações,Líder 21,2024-11-28,2024-12-31,2024-11-29,Concluído,81.33,8.57
3408,2243,130,Produto,Líder 32,2024-12-28,2024-12-31,,Em Andamento,41.02,6.3
3409,2245,73,Suporte,Líder 23,2024-11-30,2024-12-31,2024-12-31,Concluído,80.63,9.3
3410,2245,65,Suporte,Líder 49,2024-11-27,2024-12-31,,Em Andamento,20.28,5.12
3411,2245,210,Suporte,Líder 47,2024-11-22,2024-12-31,2024-12-31,Concluído,81.96,6.97
3412,2246,50,Marketing,Líder 25,2024-11-22,2024-12-31,2024-12-31,Concluído,91.12,8.58
3413,2246,483,Marketing,Líder 12,2024-09-13,2024-12-31,2024-12-16,Concluído,83.13,8.16
3414,2246,310,Marketing,Líder 1,2024-04-05,2024-12-01,2024-08-07,Concluído,99.26,7.66
3415,2247,168,Qualidade,Líder 32,2024-11-27,2024-12-31,2024-12-31,Concluído,91.39,8.07
3416,2248,484,Financeiro,Líder 30,2024-05-16,2024-12-31,2024-11-23,Concluído,95.42,6.1
3417,2248,266,Financeiro,Líder 4,2022-10-04,2023-04-02,2023-03-31,Concluído,83.52,6.3
3418,2248,483,Financeiro,Líder 45,2022-09-05,2023-08-31,2023-02-08,Concluído,97.75,9.86
3419,2249,83,Financeiro,Líder 13,2024-08-12,2024-12-31,2024-12-31,Concluído,98.15,10.0
3420,2249,322,Financeiro,Líder 20,2023-06-27,2023-12-24,,Cancelado,10.11,2.49
3421,2249,4,Financeiro,Líder 18,2023-07-10,2023-11-07,2023-12-26,Concluído,85.1,6.28
3422,2250,248,Comercial,Líder 45,2022-09-07,2023-06-04,,Em Andamento,32.58,6.8
3423,2250,357,Comercial,Líder 17,2024-09-28,2024-12-31,2024-12-31,Concluído,90.38,6.67
3424,2251,343,Atendimento,Líder 6,2024-12-19,2024-12-31,2024-12-31,Concluído,92.24,7.4
3425,2252,373,Comercial,Líder 19,2022-06-10,2023-04-06,2022-12-24,Concluído,72.56,6.5
3426,2252,391,Comercial,Líder 21,2024-09-26,2024-12-31,2024-12-31,Concluído,81.71,7.23
3427,2255,407,Inovação,Líder 17,2024-11-20,2024-12-31,2024-12-31,Concluído,97.6,9.77
3428,2257,152,Financeiro,Líder 11,2024-09-22,2024-12-31,2024-12-31,Concluído,88.54,6.7
3429,2257,31,Financeiro,Líder 20,2024-07-06,2024-10-04,2024-08-10,Concluído,97.87,6.87
3430,2260,207,Vendas,Líder 9,2024-12-23,2024-12-31,,Cancelado,7.38,5.74
3431,2260,405,Vendas,Líder 18,2024-06-27,2024-12-31,2024-07-28,Concluído,85.02,7.12
3432,2261,497,Vendas,Líder 37,2024-04-12,2024-12-31,2024-10-23,Concluído,77.62,9.16
3433,2262,410,Qualidade,Líder 1,2024-12-24,2024-12-31,2024-12-31,Concluído,77.27,6.1
3434,2262,467,Qualidade,Líder 39,2024-12-31,2024-12-31,2024-12-31,Concluído,90.74,6.83
3435,2262,251,Qualidade,Líder 26,2024-12-31,2024-12-31,2024-12-31,Concluído,72.96,6.28
3436,2263,317,Marketing,Líder 12,2024-12-26,2024-12-31,2024-12-31,Concluído,78.44,6.44
3437,2264,40,Tecnologia,Líder 20,2024-12-30,2024-12-31,2024-12-31,Concluído,77.91,7.1
3438,2264,123,Tecnologia,Líder 16,2024-12-22,2024-12-31,2024-12-31,Concluído,77.59,9.84
3439,2264,419,Tecnologia,Líder 3,2024-12-24,2024-12-31,2024-12-24,Concluído,79.03,7.97
3440,2265,372,Tecnologia,Líder 22,2023-07-01,2023-09-29,2023-07-16,Concluído,77.26,8.25
3441,2265,127,Tecnologia,Líder 42,2023-12-13,2024-10-08,,Em Andamento,46.41,6.6
3442,2265,340,Tecnologia,Líder 12,2023-08-29,2023-12-27,2023-09-03,Concluído,82.72,6.94
3443,2267,166,Operações,Líder 2,2024-02-21,2024-12-31,2024-11-18,Concluído,94.21,9.71
3444,2267,293,Operações,Líder 19,2024-12-28,2024-12-31,2024-12-31,Concluído,74.61,9.54
3445,2268,329,Comercial,Líder 11,2024-06-25,2024-12-22,2024-08-14,Concluído,90.9,7.66
3446,2268,193,Comercial,Líder 45,2024-02-01,2024-12-31,2024-04-26,Concluído,91.69,7.29
3447,2269,253,Financeiro,Líder 8,2023-03-21,2024-02-14,,Em Andamento,30.58,7.34
3448,2269,251,Financeiro,Líder 44,2023-05-31,2023-08-29,,Cancelado,20.05,2.16
3449,2269,135,Financeiro,Líder 33,2023-08-03,2024-06-28,,Cancelado,38.24,4.83
3450,2270,299,Produto,Líder 21,2024-12-05,2024-12-31,,Cancelado,30.82,2.16
3451,2270,250,Produto,Líder 42,2024-10-22,2024-12-31,2024-11-29,Concluído,80.76,6.87
3452,2272,162,Produto,Líder 40,2024-07-20,2024-10-18,2024-09-13,Concluído,92.63,6.12
3453,2272,492,Produto,Líder 12,2024-11-25,2024-12-31,2024-12-31,Concluído,99.42,6.14
3454,2272,417,Produto,Líder 20,2024-11-21,2024-12-31,,Em Andamento,31.66,6.39
3455,2273,238,Atendimento,Líder 2,2024-12-13,2024-12-31,2024-12-31,Concluído,89.6,7.56
3456,2273,161,Atendimento,Líder 12,2024-12-25,2024-12-31,2024-12-31,Concluído,81.17,7.05
3457,2275,232,Vendas,Líder 13,2022-12-14,2023-11-09,2023-02-01,Concluído,76.37,8.4
3458,2276,20,Operações,Líder 21,2022-03-07,2023-01-31,2023-03-26,Concluído,87.08,9.23
3459,2276,432,Operações,Líder 16,2022-10-29,2023-10-24,2023-12-13,Concluído,93.47,7.63
3460,2276,423,Operações,Líder 44,2023-10-24,2024-09-18,2024-07-24,Concluído,94.32,8.84
3461,2278,163,Atendimento,Líder 6,2024-11-25,2024-12-31,,Em Andamento,41.89,7.69
3462,2282,300,Produto,Líder 8,2024-11-14,2024-12-31,,Em Andamento,69.23,4.02
3463,2282,383,Produto,Líder 50,2023-07-29,2024-04-24,2023-08-23,Concluído,78.47,6.45
3464,2282,370,Produto,Líder 46,2023-11-03,2024-03-02,2024-04-19,Concluído,72.28,9.0
3465,2283,99,Vendas,Líder 30,2024-06-11,2024-12-31,2024-10-10,Concluído,77.28,7.39
3466,2283,140,Vendas,Líder 5,2022-11-11,2023-04-10,,Em Andamento,69.5,7.64
3467,2284,160,Qualidade,Líder 41,2024-10-07,2024-12-31,,Em Andamento,73.98,6.71
3468,2288,436,Qualidade,Líder 42,2024-07-29,2024-12-31,,Em Andamento,78.31,5.87
3469,2289,237,Tecnologia,Líder 7,2024-02-02,2024-09-29,,Em Andamento,28.02,7.1
3470,2290,173,Produto,Líder 21,2023-11-08,2024-06-05,,Cancelado,19.4,3.17
3471,2290,191,Produto,Líder 1,2022-10-07,2023-08-03,2023-05-02,Concluído,79.9,6.5
3472,2291,137,Atendimento,Líder 45,2024-12-03,2024-12-31,2024-12-05,Concluído,92.25,8.28
3473,2291,194,Atendimento,Líder 26,2024-05-31,2024-12-31,2024-07-06,Concluído,84.94,6.32
3474,2291,222,Atendimento,Líder 14,2024-10-10,2024-12-31,,Cancelado,18.82,5.33
3475,2294,343,Tecnologia,Líder 16,2023-05-20,2023-11-16,2023-12-27,Concluído,87.81,7.56
3476,2294,121,Tecnologia,Líder 25,2022-12-18,2023-04-17,,Em Andamento,54.22,6.52
3477,2296,218,Produto,Líder 16,2024-09-13,2024-12-31,,Cancelado,24.88,3.2
3478,2296,368,Produto,Líder 15,2024-03-07,2024-12-31,2024-09-26,Concluído,73.36,7.32
3479,2297,461,Vendas,Líder 1,2024-12-06,2024-12-31,,Cancelado,2.46,5.06
3480,2299,95,Produto,Líder 32,2023-10-29,2024-05-26,,Em Andamento,20.3,4.38
3481,2300,245,Produto,Líder 41,2024-12-21,2024-12-31,2024-12-31,Concluído,98.39,6.51
3482,2300,272,Produto,Líder 10,2024-12-31,2024-12-31,2024-12-31,Concluído,96.09,6.85
3483,2304,230,Atendimento,Líder 30,2024-06-17,2024-12-31,2024-11-21,Concluído,92.87,6.89
3484,2304,94,Atendimento,Líder 11,2024-07-23,2024-12-31,,Em Andamento,79.02,5.24
3485,2307,318,Gente & Gestão,Líder 10,2024-10-28,2024-12-31,2024-11-03,Concluído,78.63,8.17
3486,2310,425,Financeiro,Líder 29,2023-12-28,2024-10-23,2024-10-31,Concluído,83.33,8.05
3487,2310,324,Financeiro,Líder 12,2024-06-18,2024-11-15,2024-07-26,Concluído,86.84,9.97
3488,2310,416,Financeiro,Líder 33,2024-04-18,2024-07-17,2024-08-12,Concluído,99.57,6.97
3489,2311,83,Suporte,Líder 28,2024-01-26,2024-05-25,,Cancelado,16.35,3.94
3490,2311,225,Suporte,Líder 36,2023-11-22,2024-02-20,,Em Andamento,51.69,5.62
3491,2311,444,Suporte,Líder 8,2023-10-25,2024-08-20,,Em Andamento,22.06,4.52
3492,2312,286,Inovação,Líder 19,2023-07-07,2024-03-03,2023-07-11,Concluído,92.58,8.01
3493,2312,463,Inovação,Líder 13,2024-03-06,2024-12-31,,Em Andamento,46.13,6.87
3494,2312,131,Inovação,Líder 49,2023-09-08,2023-12-07,2024-01-20,Concluído,90.77,8.69
3495,2313,309,Tecnologia,Líder 14,2023-07-07,2023-12-04,2023-10-01,Concluído,95.14,6.63
3496,2314,48,Qualidade,Líder 49,2024-06-18,2024-12-15,2024-12-17,Concluído,92.05,9.36
3497,2314,250,Qualidade,Líder 9,2024-03-18,2024-10-14,,Cancelado,31.21,4.0
3498,2317,145,Operações,Líder 12,2024-07-12,2024-12-09,,Em Andamento,42.38,5.34
3499,2319,496,Inovação,Líder 29,2024-03-21,2024-12-31,,Em Andamento,21.13,5.71
3500,2319,361,Inovação,Líder 13,2024-11-02,2024-12-31,2024-12-31,Concluído,97.04,8.53
3501,2320,462,Financeiro,Líder 12,2022-08-20,2023-05-17,,Em Andamento,39.01,4.3
3502,2321,321,Gente & Gestão,Líder 1,2024-12-11,2024-12-31,,Cancelado,8.98,2.95
3503,2321,477,Gente & Gestão,Líder 21,2024-12-27,2024-12-31,2024-12-31,Concluído,98.93,6.49
3504,2323,289,Atendimento,Líder 48,2024-11-18,2024-12-31,,Em Andamento,25.43,7.64
3505,2323,133,Atendimento,Líder 2,2024-07-15,2024-11-12,2024-12-04,Concluído,83.6,7.45
3506,2324,167,Atendimento,Líder 12,2024-06-19,2024-12-31,2024-10-25,Concluído,77.67,9.99
3507,2326,266,Comercial,Líder 49,2024-12-28,2024-12-31,2024-12-31,Concluído,82.61,6.41
3508,2328,111,Gente & Gestão,Líder 34,2023-07-26,2023-11-23,2023-08-03,Concluído,76.64,9.08
3509,2328,106,Gente & Gestão,Líder 2,2023-02-15,2023-06-15,2023-02-27,Concluído,93.59,6.97
3510,2328,29,Gente & Gestão,Líder 34,2022-08-03,2023-01-30,2022-10-06,Concluído,79.46,7.79
3511,2330,31,Financeiro,Líder 24,2024-08-21,2024-12-31,2024-10-19,Concluído,72.64,7.81
3512,2331,163,Tecnologia,Líder 3,2022-10-28,2023-10-23,2023-12-21,Concluído,99.1,8.0
3513,2331,229,Tecnologia,Líder 46,2023-09-10,2024-07-06,2024-07-30,Concluído,71.21,8.46
3514,2334,87,Operações,Líder 46,2023-11-11,2024-06-08,2024-07-23,Concluído,83.28,6.22
3515,2334,80,Operações,Líder 8,2023-06-17,2023-10-15,,Cancelado,36.74,2.5
3516,2334,428,Operações,Líder 18,2022-11-17,2023-04-16,2023-03-07,Concluído,78.06,7.37
3517,2335,112,Inovação,Líder 22,2024-04-02,2024-12-31,2024-04-09,Concluído,73.22,6.95
3518,2335,48,Inovação,Líder 9,2024-12-19,2024-12-31,2024-12-31,Concluído,87.95,9.58
3519,2335,355,Inovação,Líder 41,2023-12-22,2024-12-16,,Em Andamento,24.22,6.08
3520,2336,492,Tecnologia,Líder 2,2024-11-18,2024-12-31,,Em Andamento,40.96,7.24
3521,2337,100,Qualidade,Líder 18,2023-08-17,2023-12-15,,Em Andamento,64.81,6.18
3522,2337,470,Qualidade,Líder 33,2022-11-10,2023-06-08,2023-07-04,Concluído,74.3,8.66
3523,2337,428,Qualidade,Líder 9,2024-07-18,2024-12-31,,Cancelado,5.49,2.22
3524,2338,75,Tecnologia,Líder 27,2024-02-23,2024-12-31,,Em Andamento,25.85,6.95
3525,2338,154,Tecnologia,Líder 17,2024-10-15,2024-12-31,,Em Andamento,66.13,6.53
3526,2339,241,Inovação,Líder 42,2024-09-16,2024-12-31,,Em Andamento,75.13,5.45
3527,2339,413,Inovação,Líder 20,2024-09-28,2024-12-31,2024-12-31,Concluído,81.73,7.64
3528,2340,259,Operações,Líder 39,2024-05-10,2024-12-06,2024-12-31,Concluído,88.33,7.62
3529,2342,185,Suporte,Líder 30,2024-11-19,2024-12-31,2024-12-31,Concluído,89.66,8.86
3530,2343,276,Suporte,Líder 50,2024-09-09,2024-12-31,,Cancelado,16.8,4.21
3531,2344,457,Comercial,Líder 6,2024-01-13,2024-06-11,2024-06-02,Concluído,83.35,6.65
3532,2344,375,Comercial,Líder 10,2023-11-28,2024-03-27,2024-01-04,Concluído,72.73,6.11
3533,2345,211,Qualidade,Líder 9,2023-12-30,2024-09-25,2024-01-16,Concluído,70.66,8.17
3534,2345,425,Qualidade,Líder 30,2024-05-08,2024-11-04,2024-12-31,Concluído,79.53,8.76
3535,2345,111,Qualidade,Líder 23,2023-03-05,2023-07-03,2023-08-05,Concluído,85.72,7.98
3536,2346,130,Qualidade,Líder 38,2024-03-12,2024-12-31,2024-10-02,Concluído,92.11,7.19
3537,2347,133,Gente & Gestão,Líder 30,2024-02-25,2024-05-25,2024-05-14,Concluído,74.49,6.26
3538,2347,200,Gente & Gestão,Líder 42,2023-11-23,2024-11-17,2024-09-20,Concluído,87.44,6.79
3539,2348,63,Financeiro,Líder 49,2023-11-04,2024-07-31,2024-02-14,Concluído,94.13,9.88
3540,2351,275,Tecnologia,Líder 1,2024-09-08,2024-12-31,2024-11-27,Concluído,82.78,9.04
3541,2351,28,Tecnologia,Líder 9,2024-06-21,2024-12-31,2024-12-28,Concluído,88.01,8.63
3542,2351,352,Tecnologia,Líder 18,2023-07-30,2024-07-24,,Em Andamento,21.02,4.56
3543,2355,410,Suporte,Líder 41,2024-12-07,2024-12-31,,Cancelado,6.93,3.48
3544,2356,124,Vendas,Líder 33,2023-08-15,2024-04-11,2023-10-29,Concluído,93.87,9.54
3545,2356,184,Vendas,Líder 18,2024-02-06,2024-11-02,2024-07-24,Concluído,81.3,9.7
3546,2357,66,Suporte,Líder 18,2024-11-17,2024-12-31,,Em Andamento,50.25,5.41
3547,2358,246,Tecnologia,Líder 28,2024-04-17,2024-07-16,,Em Andamento,35.03,5.46
3548,2358,173,Tecnologia,Líder 43,2024-01-05,2024-05-04,,Em Andamento,22.22,7.89
3549,2358,178,Tecnologia,Líder 3,2024-08-16,2024-12-31,,Cancelado,6.92,2.48
3550,2361,478,Atendimento,Líder 38,2024-04-01,2024-11-27,,Em Andamento,54.23,5.06
3551,2362,299,Tecnologia,Líder 25,2024-11-11,2024-12-31,2024-12-31,Concluído,83.02,9.64
3552,2363,128,Financeiro,Líder 34,2024-12-25,2024-12-31,2024-12-31,Concluído,82.1,7.57
3553,2363,338,Financeiro,Líder 23,2023-09-18,2024-05-15,,Cancelado,32.9,4.97
3554,2363,474,Financeiro,Líder 10,2024-07-09,2024-12-31,2024-11-14,Concluído,93.18,7.44
3555,2365,487,Gente & Gestão,Líder 40,2023-05-03,2023-12-29,2023-10-09,Concluído,95.2,8.86
3556,2367,21,Suporte,Líder 19,2024-07-12,2024-10-10,,Cancelado,19.38,5.2
3557,2370,293,Comercial,Líder 1,2024-06-14,2024-11-11,2024-12-31,Concluído,79.55,7.96
3558,2370,412,Comercial,Líder 48,2024-04-02,2024-12-28,2024-08-03,Concluído,90.89,6.47
3559,2370,176,Comercial,Líder 3,2024-11-03,2024-12-31,2024-12-12,Concluído,87.27,8.5
3560,2371,355,Tecnologia,Líder 19,2023-04-14,2023-07-13,2023-06-01,Concluído,99.11,8.51
3561,2371,371,Tecnologia,Líder 38,2023-10-12,2024-10-06,2023-11-16,Concluído,79.17,7.26
3562,2374,499,Vendas,Líder 13,2024-11-20,2024-12-31,2024-12-31,Concluído,77.75,8.55
3563,2374,138,Vendas,Líder 22,2024-11-25,2024-12-31,2024-12-31,Concluído,86.65,7.94
3564,2375,441,Comercial,Líder 45,2024-08-05,2024-12-31,,Cancelado,14.86,5.04
3565,2377,463,Produto,Líder 42,2024-03-09,2024-09-05,,Em Andamento,38.42,4.77
3566,2378,32,Tecnologia,Líder 5,2024-12-22,2024-12-31,,Em Andamento,24.99,5.12
3567,2378,307,Tecnologia,Líder 5,2024-02-11,2024-11-07,2024-05-01,Concluído,86.84,6.33
3568,2379,332,Suporte,Líder 11,2024-03-31,2024-09-27,2024-08-16,Concluído,92.9,9.38
3569,2380,214,Inovação,Líder 19,2024-05-30,2024-12-31,2024-12-18,Concluído,84.08,6.05
3570,2380,5,Inovação,Líder 49,2023-04-06,2023-11-02,2023-11-24,Concluído,72.56,6.34
3571,2380,282,Inovação,Líder 19,2022-06-07,2023-01-03,,Em Andamento,56.48,7.94
3572,2382,413,Operações,Líder 39,2024-09-14,2024-12-31,2024-12-13,Concluído,77.37,7.41
3573,2382,44,Operações,Líder 44,2023-06-05,2024-05-30,2024-06-06,Concluído,92.75,9.41
3574,2382,269,Operações,Líder 38,2024-08-11,2024-12-31,,Em Andamento,32.67,4.75
3575,2383,200,Operações,Líder 16,2023-10-28,2024-07-24,2024-07-27,Concluído,84.51,7.54
3576,2383,308,Operações,Líder 49,2024-11-17,2024-12-31,2024-12-21,Concluído,87.09,9.54
3577,2384,143,Qualidade,Líder 45,2024-08-07,2024-12-31,2024-12-13,Concluído,97.62,6.34
3578,2384,315,Qualidade,Líder 33,2023-09-01,2024-08-26,,Cancelado,33.11,2.83
3579,2384,447,Qualidade,Líder 31,2023-02-04,2023-05-05,,Em Andamento,42.12,5.24
3580,2385,495,Marketing,Líder 17,2022-08-24,2023-02-20,,Cancelado,10.81,4.61
3581,2386,162,Suporte,Líder 2,2024-12-17,2024-12-31,2024-12-31,Concluído,75.13,9.07
3582,2387,402,Vendas,Líder 20,2024-03-02,2024-09-28,2024-07-05,Concluído,88.6,6.82
3583,2388,417,Financeiro,Líder 9,2024-10-11,2024-12-31,,Cancelado,36.07,4.12
3584,2388,471,Financeiro,Líder 35,2024-11-23,2024-12-31,2024-12-31,Concluído,71.26,8.92
3585,2388,490,Financeiro,Líder 8,2024-07-30,2024-12-31,2024-12-31,Concluído,81.85,9.81
3586,2389,317,Suporte,Líder 26,2023-03-02,2023-12-27,2024-01-14,Concluído,79.83,8.44
3587,2390,423,Inovação,Líder 30,2024-01-04,2024-04-03,2024-01-12,Concluído,93.1,6.29
3588,2390,92,Inovação,Líder 39,2023-12-10,2024-10-05,2024-11-15,Concluído,70.44,7.05
3589,2390,267,Inovação,Líder 15,2024-02-27,2024-10-24,2024-07-23,Concluído,92.66,6.91
3590,2391,216,Produto,Líder 14,2024-08-05,2024-11-03,2024-08-19,Concluído,95.65,9.72
3591,2392,436,Vendas,Líder 33,2024-11-27,2024-12-31,2024-12-31,Concluído,76.37,8.38
3592,2393,491,Tecnologia,Líder 9,2024-08-20,2024-12-31,2024-12-31,Concluído,90.56,9.76
3593,2393,322,Tecnologia,Líder 13,2024-08-04,2024-12-31,2024-08-20,Concluído,79.51,9.87
3594,2394,455,Financeiro,Líder 42,2023-04-20,2023-12-16,2024-01-18,Concluído,73.68,8.17
3595,2395,415,Produto,Líder 17,2024-04-24,2024-09-21,,Em Andamento,37.14,4.62
3596,2395,59,Produto,Líder 35,2024-08-19,2024-12-31,2024-12-27,Concluído,81.79,9.46
3597,2396,233,Qualidade,Líder 39,2024-11-11,2024-12-31,2024-12-31,Concluído,79.44,8.46
3598,2398,13,Marketing,Líder 24,2023-10-08,2024-01-06,2023-10-30,Concluído,79.71,6.81
3599,2398,332,Marketing,Líder 19,2024-12-03,2024-12-31,,Cancelado,13.36,5.41
3600,2398,345,Marketing,Líder 32,2024-10-02,2024-12-31,2024-11-18,Concluído,95.95,7.6
3601,2399,13,Vendas,Líder 23,2024-10-20,2024-12-31,2024-12-31,Concluído,86.78,8.25
3602,2399,196,Vendas,Líder 31,2023-07-03,2024-03-29,,Em Andamento,60.71,5.84
3603,2399,259,Vendas,Líder 24,2023-07-01,2023-09-29,2023-08-08,Concluído,92.77,7.41
3604,2402,216,Tecnologia,Líder 44,2022-12-01,2023-04-30,2023-03-12,Concluído,72.46,6.32
3605,2402,215,Tecnologia,Líder 47,2024-06-24,2024-12-31,2024-07-30,Concluído,71.94,7.98
3606,2402,81,Tecnologia,Líder 6,2022-09-14,2023-09-09,2023-10-07,Concluído,87.8,6.83
3607,2403,490,Inovação,Líder 35,2023-09-27,2024-05-24,2024-02-04,Concluído,91.43,6.84
3608,2403,90,Inovação,Líder 7,2024-08-01,2024-10-30,2024-08-29,Concluído,88.51,6.7
3609,2403,103,Inovação,Líder 41,2024-12-04,2024-12-31,,Em Andamento,54.61,6.82
3610,2404,285,Financeiro,Líder 34,2024-06-29,2024-12-31,,Em Andamento,44.84,4.77
3611,2404,446,Financeiro,Líder 18,2024-09-23,2024-12-31,2024-12-19,Concluído,95.61,9.88
3612,2405,491,Inovação,Líder 7,2024-10-08,2024-12-31,2024-10-30,Concluído,71.7,7.43
3613,2405,217,Inovação,Líder 25,2024-04-05,2024-12-31,,Em Andamento,41.77,7.75
3614,2405,263,Inovação,Líder 7,2024-06-26,2024-12-23,2024-10-09,Concluído,93.86,8.3
3615,2406,334,Marketing,Líder 39,2024-03-10,2024-12-05,2024-06-11,Concluído,95.79,9.74
3616,2406,75,Marketing,Líder 37,2024-09-06,2024-12-05,2024-12-14,Concluído,84.23,6.4
3617,2406,132,Marketing,Líder 29,2024-08-06,2024-12-31,,Em Andamento,39.14,5.9
3618,2407,135,Vendas,Líder 25,2024-11-15,2024-12-31,,Em Andamento,58.5,5.16
3619,2407,339,Vendas,Líder 49,2024-11-12,2024-12-31,2024-12-11,Concluído,79.72,6.39
3620,2407,400,Vendas,Líder 38,2024-12-11,2024-12-31,,Cancelado,9.25,3.97
3621,2409,411,Financeiro,Líder 13,2023-10-14,2024-05-11,2024-04-02,Concluído,81.99,8.37
3622,2411,103,Marketing,Líder 9,2024-01-27,2024-04-26,2024-02-28,Concluído,93.9,9.22
3623,2412,106,Suporte,Líder 10,2024-03-22,2024-12-31,2024-06-07,Concluído,93.39,9.23
3624,2412,412,Suporte,Líder 45,2024-06-06,2024-12-31,2024-07-18,Concluído,96.7,8.64
3625,2412,53,Suporte,Líder 49,2024-04-26,2024-07-25,2024-07-21,Concluído,86.65,6.47
3626,2413,247,Inovação,Líder 27,2024-08-20,2024-12-31,2024-12-27,Concluído,76.43,7.61
3627,2413,356,Inovação,Líder 35,2024-10-21,2024-12-31,,Cancelado,11.61,2.49
3628,2413,202,Inovação,Líder 43,2024-06-30,2024-12-31,2024-07-01,Concluído,81.31,7.69
3629,2414,470,Gente & Gestão,Líder 26,2024-12-07,2024-12-31,2024-12-31,Concluído,84.7,6.66
3630,2414,140,Gente & Gestão,Líder 39,2024-12-08,2024-12-31,2024-12-11,Concluído,73.86,6.57
3631,2414,64,Gente & Gestão,Líder 6,2024-10-25,2024-12-31,,Em Andamento,36.21,5.94
3632,2415,282,Comercial,Líder 1,2022-09-14,2023-06-11,,Em Andamento,74.99,4.24
3633,2416,475,Tecnologia,Líder 14,2024-12-16,2024-12-31,2024-12-31,Concluído,77.79,9.04
3634,2416,321,Tecnologia,Líder 1,2024-06-02,2024-11-29,,Em Andamento,26.46,4.97
3635,2416,163,Tecnologia,Líder 48,2024-12-03,2024-12-31,2024-12-15,Concluído,89.45,6.11
3636,2418,323,Inovação,Líder 11,2024-03-08,2024-06-06,,Em Andamento,58.79,6.53
3637,2418,183,Inovação,Líder 18,2023-10-28,2024-04-25,,Em Andamento,76.8,7.76
3638,2418,366,Inovação,Líder 48,2023-12-19,2024-05-17,2024-03-16,Concluído,93.5,8.77
3639,2419,63,Produto,Líder 22,2024-12-04,2024-12-31,2024-12-31,Concluído,91.65,8.4
3640,2420,258,Operações,Líder 23,2024-01-20,2024-06-18,2024-04-04,Concluído,84.82,6.21
3641,2420,216,Operações,Líder 17,2024-11-22,2024-12-31,2024-12-14,Concluído,88.64,6.3
3642,2421,141,Qualidade,Líder 38,2024-12-13,2024-12-31,,Cancelado,25.77,2.26
3643,2421,335,Qualidade,Líder 11,2024-11-01,2024-12-31,2024-12-31,Concluído,99.96,6.91
3644,2421,313,Qualidade,Líder 42,2024-12-07,2024-12-31,2024-12-14,Concluído,74.48,7.3
3645,2422,22,Marketing,Líder 9,2023-10-24,2024-04-21,,Cancelado,36.32,2.25
3646,2423,122,Vendas,Líder 36,2024-04-24,2024-10-21,2024-08-22,Concluído,94.17,7.94
3647,2423,177,Vendas,Líder 40,2024-12-02,2024-12-31,2024-12-02,Concluído,86.86,9.51
3648,2423,213,Vendas,Líder 20,2024-06-24,2024-12-21,2024-07-19,Concluído,92.84,6.64
3649,2424,229,Atendimento,Líder 47,2024-02-08,2024-06-07,2024-05-13,Concluído,75.07,7.65
3650,2424,403,Atendimento,Líder 11,2023-06-16,2023-11-13,2023-09-20,Concluído,90.27,9.69
3651,2424,341,Atendimento,Líder 38,2024-01-25,2024-09-21,2024-01-26,Concluído,84.1,7.89
3652,2425,214,Vendas,Líder 22,2024-12-27,2024-12-31,2024-12-31,Concluído,73.02,7.56
3653,2425,361,Vendas,Líder 10,2024-08-28,2024-12-31,2024-12-01,Concluído,89.4,7.61
3654,2426,183,Operações,Líder 48,2024-12-23,2024-12-31,,Em Andamento,72.18,7.79
3655,2426,116,Operações,Líder 36,2024-07-22,2024-12-31,2024-08-08,Concluído,70.58,6.32
3656,2427,328,Vendas,Líder 40,2023-11-09,2024-10-04,2024-11-24,Concluído,94.69,6.79
3657,2427,26,Vendas,Líder 48,2024-06-04,2024-12-31,2024-12-17,Concluído,77.68,8.55
3658,2429,424,Inovação,Líder 38,2024-12-22,2024-12-31,2024-12-31,Concluído,89.89,6.34
3659,2429,310,Inovação,Líder 35,2024-12-19,2024-12-31,2024-12-31,Concluído,97.12,6.24
3660,2429,68,Inovação,Líder 15,2024-11-08,2024-12-31,2024-12-31,Concluído,78.85,8.29
3661,2430,467,Tecnologia,Líder 37,2024-11-23,2024-12-31,2024-12-31,Concluído,86.44,6.08
3662,2430,460,Tecnologia,Líder 20,2024-12-31,2024-12-31,2024-12-31,Concluído,85.23,6.42
3663,2431,206,Inovação,Líder 42,2024-11-09,2024-12-31,2024-12-31,Concluído,80.41,7.39
3664,2433,17,Inovação,Líder 4,2024-11-15,2024-12-31,2024-11-28,Concluído,96.05,6.05
3665,2434,333,Suporte,Líder 38,2024-07-26,2024-11-23,2024-09-01,Concluído,76.21,7.34
3666,2434,483,Suporte,Líder 19,2024-11-03,2024-12-31,2024-12-31,Concluído,83.55,8.81
3667,2435,47,Operações,Líder 22,2023-07-28,2024-04-23,2024-03-23,Concluído,79.97,6.13
3668,2436,130,Inovação,Líder 45,2024-11-15,2024-12-31,2024-12-31,Concluído,99.7,6.72
3669,2436,352,Inovação,Líder 41,2024-12-18,2024-12-31,,Em Andamento,20.86,7.58
3670,2436,282,Inovação,Líder 27,2024-09-30,2024-12-31,2024-10-11,Concluído,87.71,7.8
3671,2437,354,Gente & Gestão,Líder 4,2024-04-25,2024-08-23,,Cancelado,34.0,5.99
3672,2437,467,Gente & Gestão,Líder 3,2023-03-19,2024-03-13,2024-04-21,Concluído,95.34,9.15
3673,2437,40,Gente & Gestão,Líder 49,2024-03-05,2024-12-30,2024-08-11,Concluído,87.42,8.67
3674,2439,311,Qualidade,Líder 24,2023-10-10,2024-02-07,2023-11-16,Concluído,70.91,6.72
3675,2439,282,Qualidade,Líder 4,2024-08-26,2024-12-31,2024-12-31,Concluído,83.89,9.1
3676,2439,174,Qualidade,Líder 10,2023-07-12,2023-10-10,2023-09-02,Concluído,71.94,8.37
3677,2441,478,Qualidade,Líder 27,2024-12-23,2024-12-31,2024-12-31,Concluído,89.29,8.27
3678,2441,85,Qualidade,Líder 37,2024-11-28,2024-12-31,,Em Andamento,73.99,4.51
3679,2441,110,Qualidade,Líder 43,2024-12-07,2024-12-31,,Em Andamento,20.42,6.42
3680,2442,307,Qualidade,Líder 28,2024-11-21,2024-12-31,2024-12-31,Concluído,77.41,7.21
3681,2444,423,Tecnologia,Líder 47,2022-11-17,2023-08-14,,Em Andamento,59.53,6.64
3682,2445,368,Tecnologia,Líder 33,2023-08-08,2023-11-06,2023-10-26,Concluído,80.03,9.08
3683,2445,144,Tecnologia,Líder 10,2023-05-14,2023-12-10,,Em Andamento,62.46,4.04
3684,2446,60,Comercial,Líder 10,2024-12-16,2024-12-31,2024-12-31,Concluído,92.64,6.04
3685,2447,496,Atendimento,Líder 31,2024-12-26,2024-12-31,2024-12-29,Concluído,88.69,6.92
3686,2448,498,Qualidade,Líder 24,2024-12-17,2024-12-31,,Cancelado,12.09,3.58
3687,2448,220,Qualidade,Líder 23,2024-08-28,2024-12-31,2024-10-09,Concluído,75.31,8.03
3688,2449,375,Vendas,Líder 26,2024-05-25,2024-12-31,,Em Andamento,73.88,7.65
3689,2450,181,Financeiro,Líder 31,2022-07-03,2023-05-29,2023-07-05,Concluído,97.27,8.12
3690,2450,210,Financeiro,Líder 9,2022-05-04,2023-04-29,,Cancelado,39.77,4.25
3691,2451,14,Suporte,Líder 29,2024-05-30,2024-12-26,,Em Andamento,46.67,7.84
3692,2451,482,Suporte,Líder 4,2024-04-14,2024-12-31,,Em Andamento,71.06,6.11
3693,2452,439,Vendas,Líder 3,2023-08-06,2024-07-31,,Em Andamento,73.74,4.5
3694,2452,480,Vendas,Líder 9,2022-09-14,2023-09-09,2023-01-07,Concluído,82.23,8.0
3695,2453,75,Suporte,Líder 42,2024-07-30,2024-12-31,2024-12-31,Concluído,73.21,9.21
3696,2453,486,Suporte,Líder 12,2024-07-11,2024-10-09,2024-09-13,Concluído,78.54,9.04
3697,2453,199,Suporte,Líder 16,2024-11-28,2024-12-31,2024-12-31,Concluído,96.21,9.35
3698,2454,27,Suporte,Líder 37,2024-12-15,2024-12-31,,Em Andamento,32.89,6.28
3699,2457,218,Comercial,Líder 40,2024-12-28,2024-12-31,,Em Andamento,40.81,4.34
3700,2458,278,Atendimento,Líder 47,2024-12-16,2024-12-31,,Em Andamento,61.47,7.08
3701,2459,264,Qualidade,Líder 39,2024-11-22,2024-12-31,2024-12-31,Concluído,77.58,8.81
3702,2459,195,Qualidade,Líder 49,2024-12-02,2024-12-31,,Em Andamento,73.73,6.26
3703,2459,451,Qualidade,Líder 44,2024-10-18,2024-12-31,2024-10-27,Concluído,87.41,6.46
3704,2460,263,Financeiro,Líder 10,2023-11-05,2024-02-03,,Em Andamento,39.01,4.73
3705,2461,384,Produto,Líder 2,2023-02-01,2023-05-02,2023-03-10,Concluído,75.07,6.2
3706,2461,479,Produto,Líder 49,2024-03-01,2024-10-27,2024-06-10,Concluído,90.06,9.39
3707,2461,221,Produto,Líder 6,2022-12-28,2023-10-24,2023-10-22,Concluído,79.66,7.97
3708,2462,75,Comercial,Líder 22,2024-12-28,2024-12-31,,Cancelado,17.76,5.94
3709,2462,8,Comercial,Líder 28,2024-06-27,2024-12-31,,Cancelado,39.89,4.64
3710,2463,246,Financeiro,Líder 22,2023-12-10,2024-06-07,,Cancelado,34.38,5.24
3711,2464,481,Atendimento,Líder 13,2024-02-18,2024-06-17,,Cancelado,10.12,3.58
3712,2464,300,Atendimento,Líder 33,2022-09-14,2023-08-10,2023-07-17,Concluído,98.57,7.88
3713,2464,242,Atendimento,Líder 4,2024-12-22,2024-12-31,2024-12-31,Concluído,84.79,7.09
3714,2465,457,Qualidade,Líder 45,2024-12-31,2024-12-31,2024-12-31,Concluído,86.35,9.13
3715,2465,449,Qualidade,Líder 27,2024-12-31,2024-12-31,,Cancelado,17.98,5.06
3716,2465,457,Qualidade,Líder 24,2024-12-31,2024-12-31,2024-12-31,Concluído,86.44,8.96
3717,2466,241,Produto,Líder 32,2023-11-11,2024-11-05,2024-02-07,Concluído,95.29,8.38
3718,2466,247,Produto,Líder 12,2023-02-05,2023-10-03,,Cancelado,31.17,2.47
3719,2468,187,Qualidade,Líder 38,2024-10-24,2024-12-31,2024-12-22,Concluído,98.31,8.43
3720,2468,229,Qualidade,Líder 45,2024-09-21,2024-12-31,2024-11-19,Concluído,87.27,8.45
3721,2468,104,Qualidade,Líder 27,2024-11-15,2024-12-31,2024-12-16,Concluído,73.43,9.21
3722,2469,188,Qualidade,Líder 17,2024-05-29,2024-08-27,2024-06-01,Concluído,91.0,9.9
3723,2469,268,Qualidade,Líder 3,2023-10-31,2024-03-29,2024-04-08,Concluído,84.78,6.33
3724,2469,440,Qualidade,Líder 20,2023-03-21,2023-06-19,2023-04-28,Concluído,74.48,9.54
3725,2470,175,Suporte,Líder 3,2024-05-09,2024-11-05,2024-12-16,Concluído,98.98,8.0
3726,2470,204,Suporte,Líder 48,2023-06-11,2024-05-06,2024-05-31,Concluído,95.88,9.14
3727,2471,315,Qualidade,Líder 16,2024-09-10,2024-12-31,2024-12-25,Concluído,91.55,9.6
3728,2471,495,Qualidade,Líder 11,2024-11-06,2024-12-31,2024-11-17,Concluído,81.5,9.78
3729,2471,416,Qualidade,Líder 20,2023-04-05,2023-10-02,2023-08-22,Concluído,84.69,8.58
3730,2472,462,Vendas,Líder 21,2024-10-01,2024-12-31,2024-10-11,Concluído,77.53,8.82
3731,2472,10,Vendas,Líder 35,2024-10-17,2024-12-31,2024-12-11,Concluído,96.46,6.68
3732,2472,209,Vendas,Líder 12,2024-08-26,2024-12-31,2024-11-02,Concluído,91.04,9.86
3733,2474,37,Tecnologia,Líder 3,2022-10-03,2023-01-01,2022-10-27,Concluído,93.45,6.66
3734,2475,76,Vendas,Líder 45,2024-06-07,2024-12-31,2024-12-16,Concluído,84.32,7.23
3735,2475,226,Vendas,Líder 24,2024-10-04,2024-12-31,,Cancelado,15.4,2.36
3736,2477,393,Operações,Líder 27,2024-09-16,2024-12-31,2024-10-08,Concluído,83.84,6.46
3737,2478,168,Financeiro,Líder 40,2024-07-01,2024-12-28,2024-12-28,Concluído,79.91,7.28
3738,2478,1,Financeiro,Líder 14,2023-07-11,2024-03-07,,Em Andamento,26.51,7.0
3739,2480,125,Financeiro,Líder 5,2023-08-19,2024-02-15,2023-09-18,Concluído,97.26,9.95
3740,2480,409,Financeiro,Líder 38,2023-02-12,2023-10-10,2023-08-23,Concluído,88.33,6.41
3741,2480,100,Financeiro,Líder 41,2024-10-05,2024-12-31,2024-12-31,Concluído,88.46,9.66
3742,2482,443,Operações,Líder 2,2024-06-16,2024-11-13,,Cancelado,19.38,4.1
3743,2483,307,Operações,Líder 1,2023-12-24,2024-07-21,2024-06-16,Concluído,89.31,9.11
3744,2483,27,Operações,Líder 21,2023-08-18,2024-08-12,2023-12-17,Concluído,76.19,6.79
3745,2483,123,Operações,Líder 31,2023-11-01,2024-07-28,2024-07-06,Concluído,97.75,8.97
3746,2484,103,Tecnologia,Líder 15,2023-10-26,2024-07-22,2023-12-02,Concluído,91.8,7.26
3747,2484,423,Tecnologia,Líder 24,2023-12-13,2024-04-11,,Em Andamento,63.01,5.65
3748,2484,272,Tecnologia,Líder 26,2024-06-11,2024-12-08,,Cancelado,5.27,5.52
3749,2485,186,Qualidade,Líder 50,2023-12-08,2024-04-06,2024-05-13,Concluído,80.95,6.59
3750,2485,122,Qualidade,Líder 13,2024-06-15,2024-10-13,2024-07-21,Concluído,70.24,8.36
3751,2485,91,Qualidade,Líder 46,2023-08-14,2024-03-11,,Em Andamento,71.71,5.62
3752,2487,442,Marketing,Líder 36,2023-10-21,2024-07-17,,Cancelado,8.12,4.93
3753,2492,396,Atendimento,Líder 50,2023-05-17,2024-04-11,2023-06-27,Concluído,96.55,9.11
3754,2494,438,Tecnologia,Líder 44,2024-02-01,2024-05-31,2024-06-26,Concluído,81.5,9.17
3755,2494,223,Tecnologia,Líder 10,2024-07-24,2024-12-31,,Cancelado,18.5,4.03
3756,2495,487,Operações,Líder 43,2024-01-18,2024-12-31,2024-12-26,Concluído,76.2,8.22
3757,2495,63,Operações,Líder 23,2023-11-15,2024-09-10,2023-12-02,Concluído,98.61,7.24
3758,2495,433,Operações,Líder 2,2023-11-30,2024-10-25,2024-08-06,Concluído,85.44,7.87
3759,2497,355,Suporte,Líder 15,2024-04-14,2024-12-31,2024-06-13,Concluído,93.85,8.39
3760,2497,26,Suporte,Líder 38,2023-12-18,2024-07-15,2024-06-23,Concluído,89.13,6.18
3761,2497,391,Suporte,Líder 29,2024-04-17,2024-08-15,,Em Andamento,56.55,7.25
3762,2499,2,Produto,Líder 2,2024-09-15,2024-12-31,,Cancelado,3.93,4.33
3763,2499,179,Produto,Líder 44,2023-10-20,2024-10-14,2023-10-30,Concluído,80.81,7.72
3764,2499,455,Produto,Líder 45,2024-11-29,2024-12-31,2024-12-31,Concluído,86.97,6.81
3765,2500,80,Comercial,Líder 1,2024-11-06,2024-12-31,2024-11-23,Concluído,99.62,8.45
3766,2503,463,Atendimento,Líder 27,2024-10-01,2024-12-31,2024-12-31,Concluído,84.13,8.58
3767,2504,169,Comercial,Líder 6,2024-09-15,2024-12-31,2024-12-19,Concluído,96.19,6.71
3768,2504,392,Comercial,Líder 41,2022-08-03,2022-12-31,,Cancelado,17.14,3.25
3769,2505,199,Vendas,Líder 50,2024-10-02,2024-12-31,2024-12-26,Concluído,91.45,7.51
3770,2505,336,Vendas,Líder 46,2023-09-14,2023-12-13,2023-09-15,Concluído,71.36,6.09
3771,2506,35,Financeiro,Líder 43,2024-04-15,2024-10-12,,Em Andamento,53.88,6.78
3772,2507,268,Comercial,Líder 42,2024-06-15,2024-12-31,2024-07-21,Concluído,75.51,8.26
3773,2507,126,Comercial,Líder 15,2024-12-27,2024-12-31,2024-12-31,Concluído,70.7,8.99
3774,2507,384,Comercial,Líder 31,2024-01-13,2024-06-11,2024-05-07,Concluído,90.65,9.43
3775,2508,227,Qualidade,Líder 8,2024-01-25,2024-07-23,2024-09-06,Concluído,70.36,7.77
3776,2508,358,Qualidade,Líder 33,2024-11-02,2024-12-31,2024-11-19,Concluído,93.62,7.34
3777,2510,40,Vendas,Líder 8,2024-06-02,2024-12-29,2024-12-31,Concluído,72.29,8.18
3778,2510,309,Vendas,Líder 38,2024-06-07,2024-12-04,2024-12-31,Concluído,92.42,8.68
3779,2512,1,Inovação,Líder 43,2022-09-11,2023-02-08,2023-01-17,Concluído,92.58,7.87
3780,2512,129,Inovação,Líder 5,2022-09-22,2023-09-17,,Em Andamento,31.9,4.48
3781,2512,245,Inovação,Líder 3,2024-05-24,2024-10-21,2024-11-30,Concluído,98.65,8.23
3782,2514,22,Comercial,Líder 3,2022-04-28,2023-03-24,2022-11-03,Concluído,90.75,6.97
3783,2514,327,Comercial,Líder 10,2024-02-29,2024-10-26,2024-10-30,Concluído,92.83,8.29
3784,2515,218,Produto,Líder 25,2024-12-24,2024-12-31,,Em Andamento,46.63,5.83
3785,2515,409,Produto,Líder 22,2024-12-11,2024-12-31,2024-12-31,Concluído,84.52,6.24
3786,2515,104,Produto,Líder 22,2024-11-24,2024-12-31,,Em Andamento,49.07,6.79
3787,2517,259,Gente & Gestão,Líder 40,2024-12-12,2024-12-31,2024-12-14,Concluído,71.08,8.81
3788,2517,408,Gente & Gestão,Líder 4,2024-11-12,2024-12-31,,Em Andamento,62.49,6.82
3789,2517,455,Gente & Gestão,Líder 29,2024-11-28,2024-12-31,,Em Andamento,23.18,5.5
3790,2518,381,Marketing,Líder 49,2024-08-21,2024-12-31,2024-12-31,Concluído,74.08,8.41
3791,2520,110,Qualidade,Líder 48,2024-03-15,2024-10-11,2024-05-28,Concluído,73.02,9.57
3792,2520,115,Qualidade,Líder 40,2024-09-12,2024-12-31,2024-10-06,Concluído,93.26,7.0
3793,2521,422,Financeiro,Líder 27,2024-12-13,2024-12-31,2024-12-31,Concluído,71.95,7.84
3794,2524,313,Tecnologia,Líder 23,2024-09-12,2024-12-31,2024-12-31,Concluído,79.14,7.4
3795,2524,96,Tecnologia,Líder 50,2023-06-30,2024-04-25,2024-02-03,Concluído,85.42,7.05
3796,2525,16,Comercial,Líder 23,2024-05-21,2024-08-19,2024-08-20,Concluído,96.28,8.18
3797,2525,384,Comercial,Líder 33,2023-06-18,2023-11-15,2023-12-09,Concluído,76.76,8.64
3798,2526,145,Comercial,Líder 48,2022-05-25,2023-05-20,2023-01-18,Concluído,77.74,8.56
3799,2526,280,Comercial,Líder 34,2024-04-29,2024-10-26,,Cancelado,17.62,4.41
3800,2526,17,Comercial,Líder 39,2023-02-27,2023-06-27,,Cancelado,2.02,4.04
3801,2527,260,Atendimento,Líder 15,2023-08-18,2024-03-15,2024-04-16,Concluído,92.53,9.58
3802,2528,284,Atendimento,Líder 26,2024-12-31,2024-12-31,,Em Andamento,49.6,5.51
3803,2531,167,Operações,Líder 19,2024-09-15,2024-12-31,,Em Andamento,72.09,7.71
3804,2531,180,Operações,Líder 17,2023-05-06,2024-01-31,2024-02-01,Concluído,87.5,6.13
3805,2531,184,Operações,Líder 2,2024-02-10,2024-07-09,2024-06-19,Concluído,99.3,8.34
3806,2532,52,Financeiro,Líder 7,2023-11-10,2024-02-08,,Cancelado,21.04,2.58
3807,2532,228,Financeiro,Líder 14,2023-02-24,2023-12-21,2024-01-03,Concluído,78.93,9.37
3808,2533,79,Produto,Líder 27,2023-09-13,2024-04-10,2023-09-28,Concluído,73.01,9.48
3809,2534,432,Qualidade,Líder 31,2023-11-27,2024-04-25,2024-06-05,Concluído,71.31,6.3
3810,2536,191,Produto,Líder 39,2023-10-12,2024-07-08,2023-11-20,Concluído,73.53,7.71
3811,2536,271,Produto,Líder 38,2024-01-17,2024-12-31,2024-11-23,Concluído,88.15,9.62
3812,2537,358,Suporte,Líder 12,2024-12-14,2024-12-31,,Cancelado,26.98,2.85
3813,2537,270,Suporte,Líder 40,2024-12-25,2024-12-31,2024-12-31,Concluído,70.21,7.68
3814,2537,209,Suporte,Líder 16,2024-12-10,2024-12-31,,Cancelado,19.87,4.11
3815,2538,457,Gente & Gestão,Líder 45,2023-11-13,2024-10-08,,Em Andamento,28.95,6.87
3816,2538,407,Gente & Gestão,Líder 23,2022-12-22,2023-03-22,2023-05-21,Concluído,74.27,6.67
3817,2538,384,Gente & Gestão,Líder 36,2023-05-30,2024-01-25,2024-02-11,Concluído,81.97,8.49
3818,2541,78,Qualidade,Líder 15,2024-01-30,2024-06-28,,Em Andamento,73.98,5.22
3819,2541,498,Qualidade,Líder 50,2024-10-07,2024-12-31,2024-12-31,Concluído,91.03,8.23
3820,2541,56,Qualidade,Líder 14,2022-08-26,2022-11-24,2022-12-30,Concluído,75.59,8.37
3821,2542,316,Inovação,Líder 28,2024-11-21,2024-12-31,2024-12-27,Concluído,91.6,6.97
3822,2542,336,Inovação,Líder 4,2024-11-18,2024-12-31,2024-12-06,Concluído,97.97,8.4
3823,2543,459,Vendas,Líder 8,2024-11-03,2024-12-31,,Em Andamento,50.07,4.85
3824,2544,491,Vendas,Líder 50,2023-04-27,2024-03-22,,Em Andamento,77.7,7.85
3825,2544,79,Vendas,Líder 15,2023-03-19,2023-09-15,,Em Andamento,61.23,4.38
3826,2544,46,Vendas,Líder 35,2024-11-23,2024-12-31,,Cancelado,2.46,4.44
3827,2545,490,Vendas,Líder 43,2023-09-30,2024-06-26,2024-06-16,Concluído,99.07,7.84
3828,2545,277,Vendas,Líder 10,2023-10-13,2024-09-07,,Em Andamento,41.03,5.51
3829,2546,90,Gente & Gestão,Líder 12,2024-09-11,2024-12-31,2024-12-31,Concluído,93.75,9.09
3830,2546,488,Gente & Gestão,Líder 31,2024-08-21,2024-12-31,,Em Andamento,50.8,4.15
3831,2546,76,Gente & Gestão,Líder 7,2024-07-20,2024-12-17,2024-12-31,Concluído,89.96,8.77
3832,2547,143,Vendas,Líder 43,2024-12-03,2024-12-31,,Em Andamento,30.63,6.31
3833,2548,415,Atendimento,Líder 49,2024-10-03,2024-12-31,2024-12-31,Concluído,97.13,8.19
3834,2548,273,Atendimento,Líder 28,2024-12-23,2024-12-31,2024-12-31,Concluído,99.87,7.75
3835,2550,229,Produto,Líder 11,2024-12-11,2024-12-31,,Em Andamento,38.88,6.86
3836,2550,472,Produto,Líder 45,2024-12-11,2024-12-31,2024-12-31,Concluído,93.12,8.69
3837,2550,263,Produto,Líder 39,2024-02-26,2024-12-31,,Cancelado,39.35,2.37
3838,2552,279,Marketing,Líder 21,2023-09-07,2024-01-05,2024-01-19,Concluído,79.38,6.16
3839,2552,414,Marketing,Líder 37,2024-04-01,2024-12-31,2024-08-26,Concluído,74.88,9.76
3840,2552,324,Marketing,Líder 15,2024-02-28,2024-12-31,2024-06-10,Concluído,70.21,7.29
3841,2554,185,Produto,Líder 13,2023-05-13,2024-03-08,2023-10-04,Concluído,93.07,9.77
3842,2554,266,Produto,Líder 1,2024-10-18,2024-12-31,2024-12-31,Concluído,77.23,7.84
3843,2554,140,Produto,Líder 27,2023-12-09,2024-06-06,2024-06-27,Concluído,74.3,8.47
3844,2555,281,Tecnologia,Líder 5,2024-03-24,2024-09-20,2024-08-17,Concluído,80.94,9.55
3845,2556,419,Suporte,Líder 44,2024-09-17,2024-12-31,2024-12-16,Concluído,97.48,8.11
3846,2556,422,Suporte,Líder 37,2024-12-31,2024-12-31,2024-12-31,Concluído,82.75,8.37
3847,2557,27,Financeiro,Líder 50,2023-08-29,2024-08-23,2024-09-25,Concluído,94.4,7.79
3848,2558,405,Inovação,Líder 10,2024-05-02,2024-12-31,,Cancelado,16.45,2.57
3849,2558,409,Inovação,Líder 40,2024-11-18,2024-12-31,,Em Andamento,39.95,4.55
3850,2559,35,Tecnologia,Líder 23,2023-03-25,2023-08-22,2023-09-25,Concluído,70.28,8.98
3851,2560,187,Marketing,Líder 29,2024-11-08,2024-12-31,2024-12-25,Concluído,77.45,8.92
3852,2561,32,Gente & Gestão,Líder 20,2024-05-26,2024-09-23,2024-08-05,Concluído,84.79,6.48
3853,2561,395,Gente & Gestão,Líder 18,2024-04-01,2024-09-28,2024-07-13,Concluído,92.92,9.14
3854,2562,169,Tecnologia,Líder 47,2024-09-01,2024-12-31,2024-09-28,Concluído,86.66,9.32
3855,2562,432,Tecnologia,Líder 17,2024-03-21,2024-08-18,2024-07-04,Concluído,71.4,6.83
3856,2563,409,Qualidade,Líder 1,2024-08-10,2024-12-31,2024-12-31,Concluído,94.37,9.09
3857,2564,201,Comercial,Líder 13,2024-08-24,2024-12-31,2024-12-31,Concluído,97.26,7.18
3858,2565,366,Marketing,Líder 41,2024-03-26,2024-10-22,2024-06-30,Concluído,82.94,8.92
3859,2567,66,Tecnologia,Líder 13,2024-07-16,2024-10-14,2024-10-03,Concluído,75.07,9.27
3860,2567,178,Tecnologia,Líder 29,2024-08-17,2024-12-31,2024-09-16,Concluído,93.56,6.31
3861,2567,450,Tecnologia,Líder 50,2024-09-19,2024-12-31,2024-12-01,Concluído,96.54,6.42
3862,2568,339,Gente & Gestão,Líder 29,2024-12-28,2024-12-31,2024-12-31,Concluído,83.04,7.85
3863,2568,22,Gente & Gestão,Líder 20,2024-10-15,2024-12-31,2024-12-31,Concluído,79.09,9.8
3864,2568,171,Gente & Gestão,Líder 7,2024-09-28,2024-12-31,2024-10-02,Concluído,77.9,9.13
3865,2569,155,Vendas,Líder 25,2024-11-21,2024-12-31,,Cancelado,33.44,2.16
3866,2570,226,Inovação,Líder 6,2024-08-28,2024-12-31,,Em Andamento,31.88,4.9
3867,2570,467,Inovação,Líder 6,2024-11-23,2024-12-31,2024-12-31,Concluído,73.69,7.7
3868,2570,495,Inovação,Líder 4,2024-11-14,2024-12-31,2024-12-31,Concluído,77.66,6.04
3869,2575,60,Operações,Líder 29,2023-09-03,2024-03-31,2024-03-13,Concluído,92.38,6.82
3870,2576,336,Marketing,Líder 32,2024-10-21,2024-12-31,2024-12-31,Concluído,91.0,6.11
3871,2577,158,Gente & Gestão,Líder 12,2024-09-02,2024-12-31,2024-10-30,Concluído,84.08,7.43
3872,2577,376,Gente & Gestão,Líder 42,2024-06-23,2024-12-31,,Em Andamento,20.57,5.85
3873,2579,44,Comercial,Líder 39,2022-08-09,2023-02-05,2023-02-02,Concluído,91.69,9.23
3874,2579,447,Comercial,Líder 3,2022-12-04,2023-03-04,,Cancelado,14.1,2.64
3875,2580,312,Gente & Gestão,Líder 11,2023-09-05,2024-08-30,2024-07-30,Concluído,89.25,8.12
3876,2582,359,Qualidade,Líder 34,2024-11-02,2024-12-31,2024-12-29,Concluído,87.91,7.94
3877,2582,430,Qualidade,Líder 20,2024-10-17,2024-12-31,,Em Andamento,37.11,6.59
3878,2583,447,Tecnologia,Líder 45,2023-09-17,2024-03-15,,Cancelado,29.21,4.3
3879,2584,23,Vendas,Líder 47,2024-10-09,2024-12-31,2024-11-10,Concluído,73.08,8.74
3880,2586,305,Atendimento,Líder 28,2024-10-21,2024-12-31,2024-12-07,Concluído,92.2,7.47
3881,2586,129,Atendimento,Líder 1,2024-10-04,2024-12-31,2024-11-25,Concluído,72.1,9.34
3882,2588,286,Inovação,Líder 11,2024-11-22,2024-12-31,,Cancelado,23.46,5.6
3883,2588,335,Inovação,Líder 12,2023-03-05,2023-08-02,2023-09-11,Concluído,81.26,8.7
3884,2588,140,Inovação,Líder 21,2024-03-20,2024-12-31,2024-12-30,Concluído,99.37,8.23
3885,2589,153,Financeiro,Líder 49,2024-12-09,2024-12-31,,Em Andamento,64.64,7.48
3886,2589,203,Financeiro,Líder 48,2022-06-01,2023-05-27,,Em Andamento,43.24,5.74
3887,2590,24,Tecnologia,Líder 44,2024-09-08,2024-12-31,2024-10-23,Concluído,80.25,6.4
3888,2592,401,Comercial,Líder 42,2024-03-29,2024-12-24,2024-10-28,Concluído,89.6,9.97
3889,2592,84,Comercial,Líder 17,2024-03-13,2024-12-31,2024-10-19,Concluído,87.12,9.38
3890,2593,449,Atendimento,Líder 24,2024-11-03,2024-12-31,2024-12-22,Concluído,98.58,9.77
3891,2593,373,Atendimento,Líder 43,2024-09-05,2024-12-04,2024-10-30,Concluído,78.16,9.81
3892,2594,402,Atendimento,Líder 35,2024-05-27,2024-09-24,2024-08-17,Concluído,82.77,9.34
3893,2594,496,Atendimento,Líder 33,2024-10-10,2024-12-31,,Cancelado,5.39,4.37
3894,2595,248,Qualidade,Líder 18,2024-12-02,2024-12-31,2024-12-15,Concluído,79.13,9.41
3895,2595,456,Qualidade,Líder 42,2024-11-02,2024-12-31,2024-12-31,Concluído,99.8,6.87
3896,2596,144,Comercial,Líder 49,2024-10-12,2024-12-31,2024-12-23,Concluído,84.23,8.44
3897,2596,439,Comercial,Líder 31,2024-05-07,2024-12-31,2024-12-31,Concluído,84.94,9.19
3898,2597,252,Operações,Líder 26,2024-05-09,2024-12-31,2024-05-11,Concluído,99.69,6.63
3899,2597,238,Operações,Líder 32,2023-10-25,2024-01-23,2023-12-13,Concluído,87.87,9.81
3900,2598,26,Qualidade,Líder 7,2024-08-29,2024-11-27,2024-08-30,Concluído,88.12,9.43
3901,2598,209,Qualidade,Líder 35,2024-09-26,2024-12-31,2024-11-20,Concluído,71.26,6.26
3902,2598,442,Qualidade,Líder 33,2024-11-09,2024-12-31,2024-12-05,Concluído,77.69,7.7
3903,2599,460,Suporte,Líder 17,2024-09-13,2024-12-31,2024-09-19,Concluído,90.39,7.29
3904,2599,16,Suporte,Líder 37,2024-10-25,2024-12-31,,Em Andamento,34.42,4.31
3905,2600,5,Atendimento,Líder 45,2024-08-09,2024-12-31,2024-12-31,Concluído,74.68,9.8
3906,2602,282,Produto,Líder 27,2024-09-04,2024-12-31,2024-10-29,Concluído,94.76,9.24
3907,2604,301,Marketing,Líder 39,2024-09-13,2024-12-31,,Em Andamento,59.3,4.89
3908,2605,325,Gente & Gestão,Líder 3,2022-04-06,2022-08-04,2022-07-04,Concluído,97.19,6.19
3909,2606,307,Qualidade,Líder 12,2024-12-19,2024-12-31,2024-12-31,Concluído,91.39,7.41
3910,2607,358,Gente & Gestão,Líder 27,2023-09-14,2024-01-12,2023-11-28,Concluído,76.33,6.25
3911,2607,131,Gente & Gestão,Líder 40,2024-01-24,2024-11-19,2024-06-26,Concluído,75.07,9.04
3912,2610,314,Inovação,Líder 1,2024-05-01,2024-12-27,,Em Andamento,64.26,7.82
3913,2611,96,Operações,Líder 14,2024-11-04,2024-12-31,,Em Andamento,59.67,5.83
3914,2612,96,Produto,Líder 15,2023-08-21,2024-04-17,2024-05-29,Concluído,78.72,7.05
3915,2612,32,Produto,Líder 19,2024-10-19,2024-12-31,,Cancelado,24.23,4.44
3916,2613,307,Qualidade,Líder 18,2024-11-15,2024-12-31,2024-12-21,Concluído,99.77,9.53
3917,2615,311,Vendas,Líder 13,2024-03-07,2024-12-31,,Cancelado,6.65,4.97
3918,2615,410,Vendas,Líder 34,2023-03-07,2023-07-05,,Em Andamento,68.17,4.25
3919,2615,302,Vendas,Líder 41,2023-07-09,2024-05-04,2024-05-03,Concluído,82.24,6.25
3920,2616,445,Gente & Gestão,Líder 40,2024-02-08,2024-06-07,2024-02-29,Concluído,88.73,6.76
3921,2617,420,Vendas,Líder 47,2024-12-26,2024-12-31,2024-12-31,Concluído,85.95,8.31
3922,2617,243,Vendas,Líder 2,2024-11-18,2024-12-31,2024-11-21,Concluído,79.23,8.25
3923,2619,404,Vendas,Líder 15,2024-08-04,2024-11-02,,Em Andamento,48.39,4.02
3924,2619,435,Vendas,Líder 1,2024-09-12,2024-12-31,2024-12-25,Concluído,82.25,7.19
3925,2619,228,Vendas,Líder 9,2022-08-06,2023-06-02,,Em Andamento,51.08,7.52
3926,2621,491,Suporte,Líder 45,2024-08-10,2024-12-31,,Em Andamento,56.93,5.78
3927,2622,139,Marketing,Líder 28,2024-07-17,2024-12-31,2024-12-18,Concluído,80.95,9.73
3928,2622,449,Marketing,Líder 32,2024-04-03,2024-08-31,2024-09-03,Concluído,80.95,6.41
3929,2622,238,Marketing,Líder 15,2024-10-24,2024-12-31,,Cancelado,4.04,5.93
3930,2623,426,Qualidade,Líder 23,2023-08-29,2024-03-26,2023-11-04,Concluído,97.34,8.42
3931,2623,59,Qualidade,Líder 42,2024-01-31,2024-12-26,2024-03-15,Concluído,76.18,6.79
3932,2623,311,Qualidade,Líder 3,2024-08-12,2024-12-31,2024-11-15,Concluído,71.66,9.25
3933,2624,410,Qualidade,Líder 39,2023-03-28,2023-12-23,2023-07-17,Concluído,88.97,6.09
3934,2625,366,Marketing,Líder 6,2024-03-24,2024-11-19,,Em Andamento,63.91,4.58
3935,2625,240,Marketing,Líder 41,2024-04-03,2024-11-29,2024-08-01,Concluído,87.35,9.49
3936,2625,484,Marketing,Líder 13,2024-09-27,2024-12-26,2024-12-31,Concluído,73.4,8.17
3937,2626,303,Produto,Líder 9,2023-04-14,2024-01-09,2023-08-14,Concluído,83.63,9.37
3938,2628,292,Inovação,Líder 38,2023-02-19,2023-06-19,2023-08-17,Concluído,97.34,8.82
3939,2628,15,Inovação,Líder 11,2024-06-04,2024-12-31,2024-09-25,Concluído,91.16,9.88
3940,2629,36,Gente & Gestão,Líder 16,2024-10-05,2024-12-31,,Em Andamento,64.06,7.58
3941,2629,68,Gente & Gestão,Líder 44,2024-11-30,2024-12-31,2024-12-16,Concluído,73.96,6.34
3942,2629,426,Gente & Gestão,Líder 24,2024-09-04,2024-12-31,2024-12-31,Concluído,83.82,6.64
3943,2630,145,Produto,Líder 45,2023-09-02,2024-04-29,,Cancelado,11.03,2.49
3944,2630,257,Produto,Líder 31,2023-12-03,2024-05-31,,Em Andamento,68.9,6.37
3945,2630,483,Produto,Líder 34,2023-09-13,2024-04-10,2023-12-05,Concluído,98.45,7.05
3946,2631,451,Inovação,Líder 43,2023-12-11,2024-10-06,2024-04-20,Concluído,85.14,8.43
3947,2631,83,Inovação,Líder 26,2024-06-02,2024-08-31,,Cancelado,16.22,3.14
3948,2631,484,Inovação,Líder 13,2024-09-06,2024-12-31,2024-10-31,Concluído,91.57,9.03
3949,2632,321,Produto,Líder 43,2024-12-01,2024-12-31,2024-12-06,Concluído,93.89,9.03
3950,2633,381,Gente & Gestão,Líder 35,2023-09-14,2024-06-10,,Em Andamento,52.23,6.86
3951,2633,278,Gente & Gestão,Líder 40,2024-02-16,2024-11-12,,Em Andamento,57.23,5.55
3952,2634,489,Atendimento,Líder 49,2024-09-29,2024-12-31,2024-12-31,Concluído,99.38,7.53
3953,2634,76,Atendimento,Líder 16,2024-06-08,2024-11-05,2024-07-21,Concluído,76.01,8.21
3954,2634,373,Atendimento,Líder 19,2023-12-26,2024-09-21,,Em Andamento,38.44,4.26
3955,2635,444,Marketing,Líder 11,2024-06-14,2024-12-31,2024-12-31,Concluído,79.24,9.14
3956,2635,242,Marketing,Líder 16,2022-09-13,2023-05-11,,Em Andamento,45.2,7.29
3957,2637,212,Gente & Gestão,Líder 11,2023-08-23,2024-08-17,,Em Andamento,34.77,5.83
3958,2638,343,Marketing,Líder 32,2024-03-03,2024-12-31,2024-12-26,Concluído,99.33,8.76
3959,2639,239,Financeiro,Líder 42,2024-04-16,2024-12-31,2024-09-22,Concluído,74.19,9.48
3960,2639,448,Financeiro,Líder 44,2024-09-28,2024-12-31,,Cancelado,8.82,4.0
3961,2640,346,Produto,Líder 47,2024-03-21,2024-12-31,,Em Andamento,77.47,5.3
3962,2641,178,Vendas,Líder 30,2024-10-01,2024-12-31,2024-12-31,Concluído,96.22,6.37
3963,2642,420,Marketing,Líder 26,2024-07-20,2024-10-18,2024-10-22,Concluído,91.12,9.57
3964,2643,4,Comercial,Líder 11,2024-01-18,2024-08-15,2024-04-27,Concluído,97.34,9.89
3965,2643,48,Comercial,Líder 6,2024-07-19,2024-12-16,,Em Andamento,48.87,6.87
3966,2643,141,Comercial,Líder 30,2024-02-20,2024-08-18,2024-04-11,Concluído,96.0,6.35
3967,2645,141,Marketing,Líder 21,2024-03-12,2024-10-08,2024-08-15,Concluído,73.0,9.93
3968,2645,247,Marketing,Líder 45,2024-09-13,2024-12-31,2024-10-06,Concluído,86.76,8.09
3969,2645,111,Marketing,Líder 46,2024-01-21,2024-12-31,2024-12-31,Concluído,90.84,6.6
3970,2646,331,Marketing,Líder 21,2024-11-11,2024-12-31,2024-12-31,Concluído,88.4,9.67
3971,2646,72,Marketing,Líder 40,2024-09-08,2024-12-31,2024-12-31,Concluído,87.36,9.57
3972,2647,77,Produto,Líder 7,2024-04-10,2024-12-31,,Cancelado,21.76,5.88
3973,2648,31,Suporte,Líder 19,2023-02-09,2023-08-08,,Cancelado,19.77,4.07
3974,2648,459,Suporte,Líder 46,2024-06-18,2024-12-31,2024-07-08,Concluído,97.06,9.89
3975,2648,231,Suporte,Líder 25,2023-07-18,2024-07-12,,Cancelado,24.65,3.97
3976,2649,427,Qualidade,Líder 12,2024-07-08,2024-12-31,2024-07-16,Concluído,85.66,7.37
3977,2649,376,Qualidade,Líder 33,2024-11-10,2024-12-31,,Em Andamento,25.03,6.81
3978,2649,447,Qualidade,Líder 7,2024-10-03,2024-12-31,2024-12-31,Concluído,70.54,6.17
3979,2650,349,Atendimento,Líder 49,2024-07-26,2024-11-23,2024-10-18,Concluído,72.16,9.44
3980,2650,489,Atendimento,Líder 18,2024-11-08,2024-12-31,2024-12-31,Concluído,79.01,9.17
3981,2651,424,Operações,Líder 6,2023-07-01,2023-11-28,2023-10-17,Concluído,75.37,7.89
3982,2654,445,Atendimento,Líder 1,2023-08-23,2024-08-17,,Em Andamento,32.31,5.1
3983,2655,14,Marketing,Líder 17,2024-10-11,2024-12-31,,Em Andamento,71.56,4.31
3984,2655,193,Marketing,Líder 9,2024-11-19,2024-12-31,2024-12-31,Concluído,92.15,7.76
3985,2655,93,Marketing,Líder 35,2024-06-24,2024-12-31,2024-12-31,Concluído,84.53,9.89
3986,2656,50,Tecnologia,Líder 22,2024-12-01,2024-12-31,,Cancelado,26.81,5.08
3987,2657,461,Gente & Gestão,Líder 21,2024-09-20,2024-12-19,2024-12-31,Concluído,83.98,6.87
3988,2658,392,Qualidade,Líder 29,2024-11-22,2024-12-31,,Em Andamento,72.47,4.31
3989,2658,216,Qualidade,Líder 15,2024-10-05,2024-12-31,2024-12-31,Concluído,92.81,6.89
3990,2659,256,Atendimento,Líder 49,2023-12-28,2024-08-24,2024-05-04,Concluído,85.79,9.4
3991,2659,389,Atendimento,Líder 25,2022-09-04,2023-02-01,2023-02-15,Concluído,81.63,7.81
3992,2659,36,Atendimento,Líder 35,2022-09-01,2023-02-28,2022-12-22,Concluído,83.05,9.78
3993,2660,289,Tecnologia,Líder 28,2023-11-04,2024-09-29,2024-05-22,Concluído,81.11,9.62
3994,2660,115,Tecnologia,Líder 33,2024-10-24,2024-12-31,2024-11-15,Concluído,88.01,8.84
3995,2661,128,Tecnologia,Líder 11,2024-11-06,2024-12-31,2024-12-13,Concluído,71.47,9.63
3996,2661,315,Tecnologia,Líder 18,2023-04-25,2023-10-22,2023-10-19,Concluído,72.63,9.62
3997,2663,452,Qualidade,Líder 30,2024-06-13,2024-12-31,,Cancelado,39.65,5.94
3998,2663,86,Qualidade,Líder 28,2023-09-09,2024-08-04,2023-09-20,Concluído,70.94,7.54
3999,2663,254,Qualidade,Líder 23,2024-08-07,2024-11-05,2024-10-11,Concluído,93.25,8.07
4000,2664,285,Comercial,Líder 33,2024-11-28,2024-12-31,,Em Andamento,78.7,7.66
4001,2665,49,Suporte,Líder 46,2024-11-23,2024-12-31,2024-11-23,Concluído,77.2,8.49
4002,2666,87,Gente & Gestão,Líder 1,2024-02-11,2024-08-09,,Em Andamento,39.04,7.64
4003,2666,139,Gente & Gestão,Líder 44,2024-11-25,2024-12-31,2024-12-31,Concluído,91.44,9.7
4004,2666,406,Gente & Gestão,Líder 37,2023-12-23,2024-09-18,2024-09-03,Concluído,72.29,8.81
4005,2667,469,Vendas,Líder 7,2022-05-11,2023-05-06,2022-09-06,Concluído,90.76,9.0
4006,2667,121,Vendas,Líder 32,2022-11-28,2023-09-24,2023-05-11,Concluído,74.71,8.39
4007,2667,376,Vendas,Líder 33,2024-06-16,2024-11-13,2024-12-31,Concluído,77.87,6.89
4008,2668,183,Gente & Gestão,Líder 7,2024-01-22,2024-10-18,,Cancelado,12.0,2.79
4009,2669,64,Gente & Gestão,Líder 21,2024-12-07,2024-12-31,2024-12-20,Concluído,94.19,7.31
4010,2671,482,Financeiro,Líder 15,2024-11-21,2024-12-31,2024-12-31,Concluído,70.09,9.1
4011,2672,490,Tecnologia,Líder 34,2024-01-31,2024-11-26,2024-09-23,Concluído,94.76,7.31
4012,2673,384,Marketing,Líder 32,2024-12-23,2024-12-31,2024-12-31,Concluído,91.21,7.51
4013,2673,328,Marketing,Líder 2,2024-12-20,2024-12-31,2024-12-31,Concluído,87.94,7.87
4014,2673,450,Marketing,Líder 4,2024-10-10,2024-12-31,,Em Andamento,35.54,7.54
4015,2674,363,Financeiro,Líder 3,2024-08-05,2024-12-31,2024-08-23,Concluído,73.19,7.6
4016,2674,6,Financeiro,Líder 2,2024-10-30,2024-12-31,2024-12-31,Concluído,75.24,6.57
4017,2674,370,Financeiro,Líder 18,2024-02-14,2024-08-12,2024-04-10,Concluído,97.11,7.33
4018,2675,38,Qualidade,Líder 44,2022-06-20,2023-04-16,2023-06-10,Concluído,80.2,7.7
4019,2675,291,Qualidade,Líder 31,2022-10-17,2023-03-16,,Em Andamento,59.89,7.61
4020,2675,150,Qualidade,Líder 11,2024-12-27,2024-12-31,,Em Andamento,31.78,4.59
4021,2676,412,Atendimento,Líder 41,2023-08-09,2024-04-05,,Em Andamento,68.55,6.01
4022,2677,140,Produto,Líder 17,2024-12-21,2024-12-31,2024-12-31,Concluído,86.68,9.25
4023,2677,237,Produto,Líder 12,2024-12-28,2024-12-31,2024-12-31,Concluído,87.19,9.37
4024,2678,126,Gente & Gestão,Líder 50,2024-12-04,2024-12-31,,Em Andamento,31.72,6.12
4025,2678,235,Gente & Gestão,Líder 6,2024-11-23,2024-12-31,2024-12-31,Concluído,88.73,8.7
4026,2679,477,Gente & Gestão,Líder 22,2023-10-11,2024-03-09,,Em Andamento,77.38,7.64
4027,2680,33,Produto,Líder 50,2024-03-25,2024-12-31,,Cancelado,14.53,4.95
4028,2680,468,Produto,Líder 16,2023-03-02,2023-08-29,,Em Andamento,67.83,6.46
4029,2681,148,Financeiro,Líder 11,2024-09-27,2024-12-31,2024-12-12,Concluído,85.84,8.61
4030,2681,219,Financeiro,Líder 27,2024-09-05,2024-12-04,,Em Andamento,30.0,6.11
4031,2681,95,Financeiro,Líder 12,2024-01-07,2024-08-04,2024-05-31,Concluído,75.56,7.33
4032,2682,482,Comercial,Líder 40,2023-09-12,2024-01-10,,Cancelado,28.11,5.96
4033,2682,291,Comercial,Líder 32,2022-11-19,2023-10-15,,Cancelado,12.01,5.73
4034,2682,201,Comercial,Líder 9,2023-10-06,2024-08-31,2024-03-01,Concluído,82.26,6.29
4035,2684,17,Suporte,Líder 37,2024-07-16,2024-12-31,2024-09-10,Concluído,76.99,7.41
4036,2684,314,Suporte,Líder 40,2024-05-23,2024-12-31,2024-08-12,Concluído,94.24,7.42
4037,2686,194,Suporte,Líder 47,2024-12-31,2024-12-31,2024-12-31,Concluído,99.23,8.18
4038,2688,12,Gente & Gestão,Líder 46,2024-07-13,2024-12-31,2024-08-15,Concluído,93.71,9.73
4039,2688,30,Gente & Gestão,Líder 11,2023-10-14,2024-06-10,2023-10-30,Concluído,78.44,9.68
4040,2688,56,Gente & Gestão,Líder 26,2022-12-05,2023-07-03,2023-08-13,Concluído,94.43,7.17
4041,2689,96,Suporte,Líder 48,2023-02-01,2023-07-31,,Em Andamento,39.06,5.44
4042,2691,231,Qualidade,Líder 48,2024-12-27,2024-12-31,,Em Andamento,38.13,5.14
4043,2691,459,Qualidade,Líder 19,2024-10-08,2024-12-31,,Em Andamento,24.52,5.73
4044,2692,9,Financeiro,Líder 14,2023-06-23,2024-01-19,,Em Andamento,76.13,7.06
4045,2692,38,Financeiro,Líder 47,2022-05-10,2023-05-05,2022-05-13,Concluído,85.95,6.86
4046,2692,454,Financeiro,Líder 49,2022-04-18,2022-11-14,,Cancelado,5.83,5.95
4047,2693,38,Comercial,Líder 46,2022-09-26,2023-06-23,2023-08-11,Concluído,73.37,9.77
4048,2693,429,Comercial,Líder 21,2022-06-21,2023-06-16,2023-03-24,Concluído,79.65,7.99
4049,2693,114,Comercial,Líder 9,2024-08-06,2024-12-04,,Em Andamento,38.29,4.12
4050,2694,273,Marketing,Líder 7,2023-08-06,2024-05-02,2024-06-17,Concluído,92.89,8.4
4051,2695,432,Gente & Gestão,Líder 5,2024-12-18,2024-12-31,2024-12-31,Concluído,80.58,8.05
4052,2695,234,Gente & Gestão,Líder 23,2024-12-30,2024-12-31,,Em Andamento,27.58,6.83
4053,2696,486,Vendas,Líder 12,2024-09-20,2024-12-31,2024-12-31,Concluído,87.79,9.65
4054,2696,395,Vendas,Líder 16,2024-11-28,2024-12-31,,Em Andamento,37.18,4.67
4055,2696,472,Vendas,Líder 35,2024-05-27,2024-12-31,2024-12-11,Concluído,83.36,9.17
4056,2697,90,Vendas,Líder 44,2024-01-16,2024-10-12,2024-10-02,Concluído,99.69,6.91
4057,2697,490,Vendas,Líder 18,2023-05-15,2023-12-11,,Cancelado,11.18,4.22
4058,2697,209,Vendas,Líder 4,2024-12-21,2024-12-31,,Em Andamento,48.52,5.59
4059,2698,58,Suporte,Líder 15,2023-04-21,2023-12-17,2024-01-17,Concluído,89.22,8.49
4060,2698,306,Suporte,Líder 12,2024-10-29,2024-12-31,,Cancelado,0.21,2.33
4061,2699,12,Tecnologia,Líder 20,2024-05-10,2024-12-31,2024-11-26,Concluído,76.26,7.7
4062,2699,181,Tecnologia,Líder 15,2024-11-28,2024-12-31,2024-12-29,Concluído,72.93,8.23
4063,2699,490,Tecnologia,Líder 29,2024-11-11,2024-12-31,2024-11-12,Concluído,98.28,9.45
4064,2700,65,Produto,Líder 21,2023-04-07,2023-10-04,2023-09-10,Concluído,86.27,6.66
4065,2700,178,Produto,Líder 10,2023-12-12,2024-09-07,,Cancelado,17.4,3.74
4066,2701,117,Produto,Líder 32,2022-11-01,2023-06-29,2023-07-13,Concluído,90.57,7.66
4067,2701,174,Produto,Líder 30,2023-10-24,2024-02-21,,Cancelado,10.16,4.25
4068,2701,147,Produto,Líder 45,2022-12-12,2023-11-07,2024-01-03,Concluído,97.34,6.93
4069,2704,400,Inovação,Líder 40,2024-11-22,2024-12-31,,Em Andamento,23.61,6.73
4070,2704,112,Inovação,Líder 19,2024-01-19,2024-09-15,2024-04-11,Concluído,89.19,6.33
4071,2706,21,Comercial,Líder 18,2022-11-16,2023-05-15,,Em Andamento,20.7,7.6
4072,2706,305,Comercial,Líder 9,2023-07-10,2024-05-05,,Em Andamento,46.39,7.14
4073,2707,112,Financeiro,Líder 3,2023-11-06,2024-02-04,2024-01-28,Concluído,72.06,9.25
4074,2708,358,Comercial,Líder 50,2023-04-01,2023-06-30,2023-05-30,Concluído,71.07,9.47
4075,2708,281,Comercial,Líder 47,2024-07-06,2024-12-03,2024-11-13,Concluído,72.31,6.87
4076,2708,21,Comercial,Líder 38,2024-01-23,2024-06-21,2024-03-14,Concluído,75.47,8.82
4077,2710,370,Atendimento,Líder 39,2023-04-29,2023-09-26,2023-10-19,Concluído,77.81,8.03
4078,2710,340,Atendimento,Líder 35,2023-04-10,2024-03-05,2023-05-28,Concluído,96.96,8.93
4079,2710,408,Atendimento,Líder 32,2023-06-29,2024-04-24,,Em Andamento,47.98,5.9
4080,2711,392,Inovação,Líder 5,2024-07-12,2024-12-31,,Em Andamento,63.2,6.39
4081,2712,345,Qualidade,Líder 42,2024-09-03,2024-12-31,2024-12-31,Concluído,78.34,9.44
4082,2712,251,Qualidade,Líder 24,2024-12-02,2024-12-31,2024-12-31,Concluído,72.68,8.44
4083,2713,344,Inovação,Líder 3,2023-01-09,2023-05-09,,Em Andamento,37.32,6.7
4084,2713,136,Inovação,Líder 29,2023-05-29,2023-09-26,2023-06-24,Concluído,81.75,7.35
4085,2714,453,Atendimento,Líder 37,2023-08-26,2023-12-24,,Em Andamento,67.98,6.07
4086,2714,33,Atendimento,Líder 49,2023-11-29,2024-04-27,2024-02-04,Concluído,84.62,8.57
4087,2714,11,Atendimento,Líder 8,2023-11-28,2024-09-23,2024-11-16,Concluído,80.72,8.9
4088,2715,386,Suporte,Líder 16,2024-12-18,2024-12-31,2024-12-31,Concluído,88.27,6.89
4089,2715,439,Suporte,Líder 40,2024-10-26,2024-12-31,,Em Andamento,30.0,5.24
4090,2716,457,Produto,Líder 49,2024-09-14,2024-12-31,2024-10-07,Concluído,95.49,9.08
4091,2716,366,Produto,Líder 37,2024-07-12,2024-12-31,2024-12-01,Concluído,87.41,8.84
4092,2719,340,Qualidade,Líder 7,2024-07-23,2024-12-31,,Cancelado,7.77,3.87
4093,2719,344,Qualidade,Líder 42,2023-11-08,2024-09-03,2024-04-10,Concluído,72.4,6.81
4094,2719,215,Qualidade,Líder 5,2023-09-22,2024-01-20,,Cancelado,34.5,4.29
4095,2721,302,Financeiro,Líder 19,2023-05-03,2024-04-27,2024-01-06,Concluído,80.99,7.88
4096,2723,273,Operações,Líder 27,2024-05-02,2024-12-31,,Em Andamento,74.41,6.14
4097,2723,137,Operações,Líder 32,2023-12-30,2024-12-24,2024-12-31,Concluído,84.82,8.62
4098,2725,270,Comercial,Líder 46,2022-10-11,2023-08-07,2023-03-19,Concluído,70.93,7.69
4099,2725,43,Comercial,Líder 5,2022-04-08,2023-02-02,2022-05-15,Concluído,74.6,7.36
4100,2725,179,Comercial,Líder 37,2023-12-20,2024-08-16,,Em Andamento,59.67,5.17
4101,2726,96,Atendimento,Líder 19,2024-12-11,2024-12-31,,Em Andamento,36.95,6.77
4102,2726,133,Atendimento,Líder 7,2024-10-20,2024-12-31,,Cancelado,9.59,2.08
4103,2726,340,Atendimento,Líder 19,2024-11-15,2024-12-31,2024-11-25,Concluído,77.18,8.52
4104,2727,353,Gente & Gestão,Líder 20,2024-11-01,2024-12-31,2024-12-31,Concluído,85.22,6.02
4105,2727,421,Gente & Gestão,Líder 40,2024-11-07,2024-12-31,,Cancelado,29.3,4.02
4106,2731,386,Produto,Líder 49,2024-08-13,2024-12-31,2024-12-31,Concluído,76.13,6.44
4107,2732,254,Qualidade,Líder 24,2024-08-31,2024-12-31,2024-10-20,Concluído,96.31,8.44
4108,2732,347,Qualidade,Líder 30,2024-06-11,2024-10-09,2024-06-20,Concluído,82.05,6.32
4109,2733,287,Gente & Gestão,Líder 41,2024-05-12,2024-12-31,,Em Andamento,68.04,6.49
4110,2733,437,Gente & Gestão,Líder 16,2024-08-18,2024-12-31,2024-11-28,Concluído,85.12,8.37
4111,2734,118,Comercial,Líder 39,2024-03-10,2024-08-07,2024-07-08,Concluído,88.39,8.42
4112,2735,77,Suporte,Líder 8,2023-12-25,2024-04-23,2024-03-25,Concluído,86.21,8.89
4113,2735,35,Suporte,Líder 44,2023-03-07,2024-03-01,2023-05-10,Concluído,81.13,6.32
4114,2735,55,Suporte,Líder 26,2024-01-07,2024-11-02,,Em Andamento,22.5,5.34
4115,2736,491,Comercial,Líder 26,2024-11-15,2024-12-31,2024-11-15,Concluído,94.63,7.69
4116,2737,107,Qualidade,Líder 37,2024-12-15,2024-12-31,2024-12-31,Concluído,92.17,7.4
4117,2737,241,Qualidade,Líder 37,2024-09-10,2024-12-31,2024-10-16,Concluído,77.15,9.03
4118,2737,78,Qualidade,Líder 47,2024-10-13,2024-12-31,,Cancelado,19.94,5.38
4119,2738,90,Financeiro,Líder 8,2023-03-14,2023-09-10,2023-07-10,Concluído,78.22,8.38
4120,2739,273,Inovação,Líder 22,2024-08-14,2024-12-31,2024-08-31,Concluído,99.67,8.35
4121,2739,201,Inovação,Líder 10,2023-10-27,2024-10-21,2024-02-17,Concluído,93.79,8.37
4122,2739,463,Inovação,Líder 20,2024-03-22,2024-10-18,2024-09-12,Concluído,82.16,7.17
4123,2740,298,Qualidade,Líder 32,2024-03-20,2024-10-16,,Em Andamento,20.78,6.86
4124,2740,471,Qualidade,Líder 35,2024-05-24,2024-12-31,,Cancelado,38.97,2.7
4125,2740,71,Qualidade,Líder 13,2024-01-14,2024-04-13,2024-02-03,Concluído,97.86,7.09
4126,2741,148,Gente & Gestão,Líder 11,2024-07-16,2024-12-13,2024-09-12,Concluído,99.09,9.11
4127,2742,85,Vendas,Líder 30,2024-05-11,2024-12-31,,Em Andamento,49.81,5.19
4128,2742,287,Vendas,Líder 28,2024-02-06,2024-08-04,2024-03-11,Concluído,78.59,7.68
4129,2742,440,Vendas,Líder 20,2024-11-13,2024-12-31,2024-12-31,Concluído,87.59,8.78
4130,2743,474,Inovação,Líder 9,2022-12-30,2023-06-28,,Cancelado,2.82,2.93
4131,2743,383,Inovação,Líder 12,2024-09-04,2024-12-31,2024-12-31,Concluído,97.61,8.86
4132,2745,111,Vendas,Líder 26,2022-04-05,2022-12-01,,Em Andamento,50.33,5.75
4133,2745,258,Vendas,Líder 12,2022-08-19,2023-08-14,2023-02-28,Concluído,81.49,9.39
4134,2746,431,Financeiro,Líder 44,2024-03-13,2024-12-08,2024-12-31,Concluído,74.43,6.32
4135,2746,264,Financeiro,Líder 23,2022-12-24,2023-03-24,,Em Andamento,45.43,5.76
4136,2746,494,Financeiro,Líder 20,2024-05-09,2024-12-31,2024-08-28,Concluído,89.37,8.39
4137,2747,176,Suporte,Líder 2,2024-06-26,2024-12-31,,Em Andamento,57.91,4.83
4138,2748,329,Gente & Gestão,Líder 8,2024-10-25,2024-12-31,2024-12-31,Concluído,81.96,8.8
4139,2748,319,Gente & Gestão,Líder 12,2024-04-30,2024-12-31,2024-09-11,Concluído,94.93,6.12
4140,2748,188,Gente & Gestão,Líder 9,2024-06-24,2024-12-31,,Cancelado,12.83,5.65
4141,2749,349,Tecnologia,Líder 47,2023-12-26,2024-04-24,2024-04-24,Concluído,92.82,8.58
4142,2750,189,Financeiro,Líder 5,2023-04-04,2023-10-01,2023-11-24,Concluído,78.15,8.18
4143,2750,77,Financeiro,Líder 26,2024-12-11,2024-12-31,2024-12-31,Concluído,98.57,6.11
4144,2750,131,Financeiro,Líder 44,2024-10-05,2024-12-31,2024-12-23,Concluído,91.86,8.36
4145,2751,263,Tecnologia,Líder 38,2024-07-24,2024-12-31,,Em Andamento,25.1,4.24
4146,2751,263,Tecnologia,Líder 17,2024-04-14,2024-11-10,2024-09-26,Concluído,76.05,9.33
4147,2751,199,Tecnologia,Líder 25,2024-10-12,2024-12-31,,Em Andamento,39.24,7.66
4148,2752,320,Qualidade,Líder 25,2024-10-22,2024-12-31,,Em Andamento,38.01,6.25
4149,2752,3,Qualidade,Líder 29,2024-08-26,2024-11-24,2024-11-24,Concluído,91.94,7.71
4150,2753,238,Marketing,Líder 30,2022-06-20,2023-06-15,2023-06-01,Concluído,86.23,8.56
4151,2753,377,Marketing,Líder 18,2022-08-28,2023-03-26,2022-10-07,Concluído,70.94,6.54
4152,2753,309,Marketing,Líder 26,2022-08-01,2023-06-27,2023-04-08,Concluído,83.68,6.95
4153,2754,472,Vendas,Líder 43,2024-08-29,2024-12-27,2024-12-31,Concluído,70.85,8.04
4154,2754,288,Vendas,Líder 21,2024-09-05,2024-12-04,2024-12-31,Concluído,84.64,7.07
4155,2754,398,Vendas,Líder 23,2024-04-29,2024-12-31,2024-12-31,Concluído,96.85,7.35
4156,2757,6,Inovação,Líder 25,2024-10-09,2024-12-31,,Cancelado,9.73,5.82
4157,2757,321,Inovação,Líder 23,2024-11-22,2024-12-31,2024-12-31,Concluído,95.63,8.78
4158,2759,11,Atendimento,Líder 16,2024-03-01,2024-11-26,2024-11-18,Concluído,70.31,8.61
4159,2759,122,Atendimento,Líder 1,2024-01-02,2024-06-30,2024-04-18,Concluído,91.01,6.99
4160,2760,391,Marketing,Líder 2,2024-07-09,2024-12-31,,Em Andamento,54.7,5.16
4161,2760,113,Marketing,Líder 20,2023-11-27,2024-05-25,,Em Andamento,58.9,4.21
4162,2761,175,Marketing,Líder 42,2024-09-28,2024-12-31,2024-12-31,Concluído,92.41,7.39
4163,2761,104,Marketing,Líder 14,2024-09-14,2024-12-31,2024-11-07,Concluído,99.84,7.4
4164,2762,464,Inovação,Líder 47,2024-06-03,2024-12-30,,Cancelado,17.66,4.59
4165,2763,180,Gente & Gestão,Líder 3,2024-06-22,2024-12-31,2024-09-10,Concluído,75.13,7.21
4166,2763,298,Gente & Gestão,Líder 5,2024-03-15,2024-06-13,2024-05-06,Concluído,76.56,7.99
4167,2763,275,Gente & Gestão,Líder 30,2024-12-23,2024-12-31,2024-12-30,Concluído,85.2,7.56
4168,2764,377,Comercial,Líder 20,2024-06-15,2024-12-12,2024-07-31,Concluído,90.05,8.29
4169,2764,495,Comercial,Líder 35,2024-03-17,2024-11-12,2024-11-02,Concluído,74.46,7.54
4170,2765,299,Comercial,Líder 28,2023-01-17,2023-04-17,,Cancelado,11.65,3.91
4171,2765,343,Comercial,Líder 7,2023-06-01,2024-03-27,2023-09-29,Concluído,74.59,9.36
4172,2765,249,Comercial,Líder 43,2022-09-17,2023-02-14,,Em Andamento,69.22,6.28
4173,2767,73,Gente & Gestão,Líder 33,2024-01-02,2024-09-28,,Em Andamento,62.67,7.63
4174,2767,167,Gente & Gestão,Líder 30,2024-11-26,2024-12-31,2024-12-07,Concluído,91.53,6.26
4175,2767,442,Gente & Gestão,Líder 3,2024-03-14,2024-07-12,,Cancelado,9.75,2.12
4176,2768,385,Inovação,Líder 22,2024-09-11,2024-12-31,2024-12-31,Concluído,74.78,9.09
4177,2768,300,Inovação,Líder 44,2024-10-23,2024-12-31,2024-12-31,Concluído,86.06,8.09
4178,2768,242,Inovação,Líder 42,2024-11-06,2024-12-31,2024-12-31,Concluído,85.01,9.48
4179,2771,447,Marketing,Líder 15,2024-12-27,2024-12-31,2024-12-31,Concluído,83.65,7.31
4180,2771,69,Marketing,Líder 29,2024-02-12,2024-12-31,2024-10-30,Concluído,75.11,7.65
4181,2772,10,Gente & Gestão,Líder 14,2023-12-05,2024-08-31,2023-12-30,Concluído,98.68,6.1
4182,2773,214,Inovação,Líder 8,2024-11-10,2024-12-31,,Em Andamento,71.81,5.65
4183,2774,108,Qualidade,Líder 45,2023-03-10,2023-10-06,2023-06-30,Concluído,74.92,8.81
4184,2774,222,Qualidade,Líder 34,2023-12-07,2024-03-06,2024-01-07,Concluído,96.56,6.73
4185,2775,183,Atendimento,Líder 26,2024-09-26,2024-12-31,,Em Andamento,37.0,5.59
4186,2775,44,Atendimento,Líder 8,2024-11-17,2024-12-31,,Em Andamento,63.04,4.47
4187,2776,489,Tecnologia,Líder 43,2023-08-14,2024-03-11,2024-04-27,Concluído,98.65,7.43
4188,2777,51,Tecnologia,Líder 27,2024-12-04,2024-12-31,2024-12-31,Concluído,87.46,8.18
4189,2777,331,Tecnologia,Líder 36,2023-07-17,2024-04-12,2023-09-19,Concluído,97.55,7.15
4190,2777,145,Tecnologia,Líder 2,2024-09-18,2024-12-31,,Em Andamento,32.85,6.58
4191,2778,317,Operações,Líder 22,2024-08-31,2024-12-29,2024-11-07,Concluído,98.61,6.05
4192,2781,20,Vendas,Líder 7,2024-12-25,2024-12-31,2024-12-31,Concluído,99.87,9.45
4193,2783,438,Produto,Líder 11,2024-06-21,2024-12-31,2024-12-31,Concluído,85.83,7.93
4194,2783,155,Produto,Líder 44,2024-03-22,2024-12-31,,Em Andamento,27.42,6.74
4195,2784,76,Marketing,Líder 43,2024-09-01,2024-12-31,2024-09-04,Concluído,93.91,8.35
4196,2784,364,Marketing,Líder 42,2024-04-15,2024-12-31,2024-05-20,Concluído,78.22,9.75
4197,2785,73,Comercial,Líder 7,2023-09-09,2024-02-06,2024-03-08,Concluído,94.77,7.44
4198,2785,157,Comercial,Líder 23,2023-04-29,2023-11-25,,Em Andamento,32.94,4.91
4199,2786,70,Operações,Líder 44,2024-11-12,2024-12-31,,Em Andamento,37.3,7.07
4200,2786,457,Operações,Líder 6,2024-06-14,2024-12-31,2024-07-02,Concluído,79.34,7.98
4201,2787,44,Vendas,Líder 6,2024-05-26,2024-12-31,2024-11-07,Concluído,89.0,7.79
4202,2788,463,Suporte,Líder 41,2024-12-15,2024-12-31,2024-12-31,Concluído,85.61,7.23
4203,2788,153,Suporte,Líder 1,2023-04-02,2023-10-29,2023-12-13,Concluído,85.75,8.12
4204,2788,337,Suporte,Líder 39,2023-01-25,2023-05-25,,Em Andamento,20.15,4.98
4205,2789,380,Vendas,Líder 48,2022-10-11,2023-03-10,2023-03-20,Concluído,81.2,9.36
4206,2789,64,Vendas,Líder 15,2023-07-11,2024-04-06,2024-02-21,Concluído,98.69,9.02
4207,2790,433,Operações,Líder 36,2023-08-05,2024-05-01,2024-04-21,Concluído,86.91,9.34
4208,2791,30,Financeiro,Líder 21,2024-04-01,2024-11-27,,Em Andamento,48.7,4.91
4209,2792,424,Comercial,Líder 1,2024-11-04,2024-12-31,2024-12-31,Concluído,78.18,8.07
4210,2793,257,Marketing,Líder 2,2024-05-03,2024-11-29,2024-06-09,Concluído,80.66,8.63
4211,2793,246,Marketing,Líder 21,2023-07-20,2024-07-14,2024-01-25,Concluído,79.17,9.68
4212,2794,167,Financeiro,Líder 3,2023-08-25,2024-07-20,2024-03-22,Concluído,93.16,7.2
4213,2794,90,Financeiro,Líder 10,2023-06-18,2023-09-16,,Cancelado,36.74,4.91
4214,2794,484,Financeiro,Líder 15,2022-07-24,2022-11-21,2022-07-29,Concluído,85.99,8.1
4215,2796,360,Gente & Gestão,Líder 33,2024-07-10,2024-12-31,2024-12-31,Concluído,87.89,8.96
4216,2796,151,Gente & Gestão,Líder 37,2024-12-02,2024-12-31,2024-12-31,Concluído,87.66,9.62
4217,2800,390,Comercial,Líder 42,2023-05-12,2024-01-07,2023-10-07,Concluído,80.86,8.84
4218,2800,121,Comercial,Líder 13,2024-03-09,2024-06-07,,Em Andamento,75.23,5.6
4219,2800,161,Comercial,Líder 12,2022-05-06,2022-09-03,2022-06-22,Concluído,93.02,9.24
4220,2801,77,Produto,Líder 22,2024-05-25,2024-12-31,2024-06-24,Concluído,84.21,7.08
4221,2802,2,Vendas,Líder 21,2022-12-30,2023-09-26,2023-05-27,Concluído,91.92,6.13
4222,2802,116,Vendas,Líder 25,2023-01-01,2023-08-29,2023-07-08,Concluído,81.52,7.39
4223,2803,383,Inovação,Líder 5,2024-07-02,2024-12-29,2024-12-20,Concluído,70.93,6.1
4224,2803,419,Inovação,Líder 33,2022-11-05,2023-08-02,2023-09-14,Concluído,94.15,6.03
4225,2804,276,Tecnologia,Líder 6,2024-05-12,2024-09-09,2024-05-31,Concluído,84.41,7.6
4226,2804,324,Tecnologia,Líder 10,2022-10-23,2023-07-20,2023-03-03,Concluído,88.17,7.24
4227,2806,346,Qualidade,Líder 48,2024-11-27,2024-12-31,,Em Andamento,33.56,7.76
4228,2806,236,Qualidade,Líder 38,2024-12-28,2024-12-31,,Em Andamento,57.8,5.31
4229,2807,16,Qualidade,Líder 34,2024-12-28,2024-12-31,2024-12-31,Concluído,83.24,9.59
4230,2807,149,Qualidade,Líder 30,2024-12-20,2024-12-31,2024-12-31,Concluído,85.34,7.43
4231,2808,153,Marketing,Líder 16,2024-08-13,2024-12-31,2024-12-31,Concluído,91.47,8.67
4232,2809,444,Qualidade,Líder 48,2024-12-20,2024-12-31,,Em Andamento,31.89,4.9
4233,2809,14,Qualidade,Líder 36,2024-12-27,2024-12-31,2024-12-31,Concluído,93.99,8.99
4234,2810,436,Comercial,Líder 10,2024-05-15,2024-09-12,,Em Andamento,47.49,4.71
4235,2810,99,Comercial,Líder 19,2024-06-23,2024-12-31,2024-09-27,Concluído,84.19,8.25
4236,2810,487,Comercial,Líder 44,2024-05-13,2024-12-31,2024-09-11,Concluído,77.46,7.2
4237,2811,216,Suporte,Líder 19,2023-05-12,2024-04-06,,Em Andamento,64.94,6.67
4238,2812,335,Qualidade,Líder 15,2024-09-16,2024-12-31,,Em Andamento,24.96,6.07
4239,2812,290,Qualidade,Líder 18,2023-07-01,2023-12-28,,Cancelado,24.3,5.88
4240,2812,216,Qualidade,Líder 32,2022-10-07,2023-01-05,,Em Andamento,65.62,7.95
4241,2813,300,Marketing,Líder 1,2024-12-20,2024-12-31,,Em Andamento,40.04,6.39
4242,2813,279,Marketing,Líder 46,2024-12-25,2024-12-31,,Em Andamento,41.4,4.11
4243,2813,128,Marketing,Líder 27,2024-12-31,2024-12-31,2024-12-31,Concluído,94.65,9.81
4244,2814,291,Gente & Gestão,Líder 22,2024-06-18,2024-12-15,2024-11-11,Concluído,99.77,7.89
4245,2814,169,Gente & Gestão,Líder 24,2024-04-25,2024-12-31,2024-09-29,Concluído,75.37,9.43
4246,2815,187,Comercial,Líder 23,2024-12-25,2024-12-31,,Em Andamento,23.88,7.61
4247,2815,344,Comercial,Líder 7,2024-08-22,2024-12-31,2024-12-12,Concluído,74.57,9.85
4248,2818,84,Tecnologia,Líder 24,2024-03-29,2024-12-24,2024-04-16,Concluído,87.86,8.43
4249,2818,6,Tecnologia,Líder 39,2024-03-31,2024-06-29,,Cancelado,32.92,4.65
4250,2818,238,Tecnologia,Líder 45,2024-03-23,2024-07-21,,Em Andamento,65.74,5.96
4251,2819,203,Operações,Líder 44,2022-05-09,2022-08-07,2022-07-16,Concluído,81.15,6.1
4252,2820,160,Suporte,Líder 24,2024-02-22,2024-09-19,2024-08-18,Concluído,87.69,7.72
4253,2820,154,Suporte,Líder 20,2024-08-19,2024-12-31,2024-12-31,Concluído,82.61,6.81
4254,2821,92,Suporte,Líder 48,2024-04-11,2024-11-07,,Em Andamento,76.31,6.8
4255,2821,432,Suporte,Líder 34,2024-11-14,2024-12-31,2024-12-04,Concluído,92.41,8.94
4256,2821,9,Suporte,Líder 26,2024-05-15,2024-12-31,,Cancelado,34.48,3.59
4257,2823,92,Inovação,Líder 4,2022-11-09,2023-11-04,,Em Andamento,67.9,4.08
4258,2824,115,Operações,Líder 18,2024-06-16,2024-12-31,2024-12-06,Concluído,86.31,7.71
4259,2825,311,Atendimento,Líder 11,2024-08-20,2024-12-31,2024-12-31,Concluído,85.17,6.19
4260,2826,127,Operações,Líder 29,2023-09-09,2024-07-05,2024-01-01,Concluído,82.07,7.64
4261,2826,340,Operações,Líder 25,2023-09-08,2024-07-04,2024-03-10,Concluído,85.81,8.7
4262,2827,388,Marketing,Líder 32,2024-03-08,2024-06-06,2024-07-04,Concluído,98.19,7.25
4263,2828,23,Qualidade,Líder 24,2024-11-16,2024-12-31,2024-12-14,Concluído,94.33,7.23
4264,2830,20,Comercial,Líder 1,2024-12-02,2024-12-31,2024-12-25,Concluído,74.35,9.24
4265,2830,438,Comercial,Líder 30,2023-03-23,2023-09-19,,Em Andamento,28.72,4.12
4266,2830,118,Comercial,Líder 22,2024-01-19,2024-08-16,,Cancelado,9.21,3.4
4267,2831,2,Marketing,Líder 11,2024-11-09,2024-12-31,2024-12-31,Concluído,91.91,7.32
4268,2832,143,Operações,Líder 42,2024-10-30,2024-12-31,,Em Andamento,59.55,4.6
4269,2832,243,Operações,Líder 45,2023-11-17,2024-02-15,,Cancelado,23.16,4.89
4270,2832,254,Operações,Líder 44,2024-02-09,2024-05-09,2024-02-28,Concluído,71.37,6.57
4271,2833,253,Suporte,Líder 46,2022-10-26,2023-10-21,2023-08-01,Concluído,87.55,6.33
4272,2833,108,Suporte,Líder 12,2023-11-05,2024-07-02,2024-08-16,Concluído,89.79,8.33
4273,2833,57,Suporte,Líder 4,2024-06-28,2024-12-31,,Cancelado,3.35,2.6
4274,2834,320,Qualidade,Líder 50,2024-09-09,2024-12-31,2024-12-31,Concluído,88.13,9.2
4275,2834,294,Qualidade,Líder 46,2024-12-19,2024-12-31,,Cancelado,28.22,2.63
4276,2836,9,Comercial,Líder 17,2024-12-14,2024-12-31,,Em Andamento,70.72,4.82
4277,2836,145,Comercial,Líder 45,2024-05-17,2024-10-14,2024-06-17,Concluído,70.84,6.95
4278,2836,237,Comercial,Líder 22,2024-07-26,2024-11-23,2024-08-29,Concluído,91.54,6.49
4279,2837,91,Produto,Líder 6,2024-10-10,2024-12-31,2024-12-31,Concluído,70.31,8.57
4280,2837,198,Produto,Líder 9,2024-11-17,2024-12-31,2024-12-31,Concluído,76.47,7.12
4281,2837,270,Produto,Líder 19,2024-12-25,2024-12-31,2024-12-31,Concluído,97.82,6.46
4282,2839,61,Vendas,Líder 23,2024-10-14,2024-12-31,2024-12-31,Concluído,83.69,6.71
4283,2840,309,Comercial,Líder 34,2024-07-11,2024-12-31,2024-11-25,Concluído,96.92,6.31
4284,2842,477,Suporte,Líder 25,2024-12-18,2024-12-31,2024-12-23,Concluído,75.28,7.8
4285,2844,371,Financeiro,Líder 26,2024-10-12,2024-12-31,,Em Andamento,26.59,6.36
4286,2844,395,Financeiro,Líder 24,2024-08-08,2024-12-31,2024-12-31,Concluído,79.39,6.56
4287,2844,494,Financeiro,Líder 2,2024-08-19,2024-12-17,,Cancelado,22.99,4.24
4288,2847,166,Operações,Líder 3,2024-09-09,2024-12-31,2024-12-31,Concluído,95.29,6.95
4289,2847,280,Operações,Líder 31,2023-12-11,2024-11-05,2024-12-22,Concluído,91.78,6.11
4290,2847,124,Operações,Líder 34,2023-08-03,2023-12-01,2023-12-01,Concluído,76.19,6.67
4291,2848,495,Tecnologia,Líder 12,2024-02-24,2024-08-22,2024-05-02,Concluído,89.75,7.49
4292,2848,131,Tecnologia,Líder 40,2024-12-26,2024-12-31,2024-12-31,Concluído,92.67,6.55
4293,2849,159,Qualidade,Líder 11,2024-03-07,2024-06-05,,Cancelado,17.36,3.39
4294,2850,19,Produto,Líder 1,2024-12-09,2024-12-31,,Cancelado,16.45,4.55
4295,2850,398,Produto,Líder 22,2024-11-07,2024-12-31,2024-11-07,Concluído,70.37,7.66
4296,2850,463,Produto,Líder 23,2024-11-11,2024-12-31,,Em Andamento,48.95,5.46
4297,2851,106,Inovação,Líder 3,2023-03-03,2023-12-28,,Em Andamento,72.8,4.04
4298,2852,72,Tecnologia,Líder 3,2024-01-18,2024-07-16,2024-06-09,Concluído,70.43,9.45
4299,2853,183,Produto,Líder 39,2024-07-18,2024-12-31,,Cancelado,27.53,2.96
4300,2854,58,Tecnologia,Líder 6,2024-07-25,2024-12-31,2024-11-22,Concluído,94.06,7.34
4301,2855,268,Financeiro,Líder 29,2024-07-03,2024-12-31,,Cancelado,6.25,3.19
4302,2855,72,Financeiro,Líder 26,2024-10-08,2024-12-31,2024-12-11,Concluído,76.75,9.85
4303,2856,288,Produto,Líder 45,2024-02-01,2024-05-01,2024-03-14,Concluído,88.82,8.17
4304,2857,487,Produto,Líder 49,2022-11-08,2023-10-04,2023-01-29,Concluído,99.4,7.48
4305,2857,24,Produto,Líder 7,2024-01-11,2024-09-07,2024-01-16,Concluído,93.59,9.96
4306,2857,317,Produto,Líder 50,2023-04-22,2023-07-21,2023-06-23,Concluído,98.14,9.46
4307,2858,48,Atendimento,Líder 49,2023-07-18,2024-01-14,2024-01-14,Concluído,92.76,7.65
4308,2859,444,Marketing,Líder 36,2024-12-29,2024-12-31,2024-12-31,Concluído,96.53,8.46
4309,2860,446,Comercial,Líder 19,2024-05-19,2024-12-31,,Cancelado,7.28,5.24
4310,2860,42,Comercial,Líder 20,2024-09-17,2024-12-31,2024-09-26,Concluído,88.3,6.59
4311,2860,254,Comercial,Líder 4,2024-07-09,2024-12-31,2024-10-27,Concluído,76.82,8.37
4312,2861,450,Atendimento,Líder 23,2024-07-27,2024-12-31,,Em Andamento,51.73,5.29
4313,2862,117,Atendimento,Líder 12,2024-09-01,2024-12-31,,Em Andamento,22.93,7.83
4314,2862,3,Atendimento,Líder 4,2024-07-28,2024-12-31,2024-12-25,Concluído,74.14,6.94
4315,2862,311,Atendimento,Líder 11,2024-08-06,2024-12-31,2024-12-01,Concluído,81.35,8.96
4316,2864,231,Suporte,Líder 42,2024-07-09,2024-12-31,,Em Andamento,73.67,5.3
4317,2864,367,Suporte,Líder 26,2024-08-15,2024-12-13,2024-11-29,Concluído,80.76,6.12
4318,2865,193,Atendimento,Líder 22,2023-08-25,2023-12-23,2024-01-12,Concluído,91.95,6.02
4319,2865,393,Atendimento,Líder 6,2024-09-07,2024-12-31,,Em Andamento,58.13,5.26
4320,2866,394,Tecnologia,Líder 42,2024-10-11,2024-12-31,,Cancelado,39.59,4.82
4321,2866,177,Tecnologia,Líder 30,2023-05-10,2023-10-07,2023-08-28,Concluído,98.47,7.94
4322,2867,237,Gente & Gestão,Líder 41,2024-10-25,2024-12-31,2024-11-28,Concluído,99.71,8.5
4323,2868,212,Gente & Gestão,Líder 47,2024-07-15,2024-11-12,2024-11-27,Concluído,73.4,9.2
4324,2869,298,Suporte,Líder 14,2024-01-15,2024-07-13,2024-02-16,Concluído,94.45,7.55
4325,2869,462,Suporte,Líder 44,2024-08-29,2024-11-27,,Em Andamento,33.16,7.98
4326,2870,121,Vendas,Líder 42,2024-09-22,2024-12-31,2024-11-09,Concluído,99.69,9.99
4327,2870,52,Vendas,Líder 11,2024-07-08,2024-12-05,2024-09-21,Concluído,70.4,6.38
4328,2871,46,Tecnologia,Líder 43,2024-08-23,2024-12-21,2024-12-31,Concluído,99.7,8.6
4329,2871,383,Tecnologia,Líder 36,2024-08-27,2024-12-31,2024-12-31,Concluído,70.74,8.09
4330,2871,190,Tecnologia,Líder 9,2023-12-10,2024-03-09,2024-03-09,Concluído,83.23,8.78
4331,2872,68,Gente & Gestão,Líder 18,2023-07-09,2024-02-04,2024-01-21,Concluído,90.12,9.69
4332,2872,244,Gente & Gestão,Líder 42,2024-08-29,2024-12-31,2024-09-09,Concluído,77.08,8.35
4333,2873,316,Financeiro,Líder 14,2024-12-31,2024-12-31,2024-12-31,Concluído,78.75,9.17
4334,2873,182,Financeiro,Líder 26,2023-10-20,2024-03-18,2024-03-10,Concluído,82.16,7.91
4335,2874,191,Qualidade,Líder 36,2024-12-07,2024-12-31,,Em Andamento,64.85,6.71
4336,2875,115,Marketing,Líder 10,2023-06-07,2023-09-05,2023-10-02,Concluído,98.66,6.59
4337,2876,264,Atendimento,Líder 49,2022-08-27,2023-08-22,,Cancelado,19.67,5.35
4338,2877,495,Marketing,Líder 15,2024-06-29,2024-12-31,2024-12-09,Concluído,72.14,7.02
4339,2877,26,Marketing,Líder 5,2024-05-11,2024-12-31,2024-07-02,Concluído,77.38,8.08
4340,2877,493,Marketing,Líder 37,2024-11-17,2024-12-31,,Em Andamento,60.14,5.21
4341,2878,311,Operações,Líder 45,2024-12-11,2024-12-31,2024-12-31,Concluído,90.1,8.48
4342,2878,420,Operações,Líder 31,2024-11-14,2024-12-31,2024-11-17,Concluído,95.28,6.22
4343,2879,490,Atendimento,Líder 21,2024-09-03,2024-12-31,2024-12-17,Concluído,92.76,7.15
4344,2879,138,Atendimento,Líder 44,2022-11-25,2023-08-22,,Cancelado,38.6,5.64
4345,2880,156,Suporte,Líder 17,2024-02-25,2024-11-21,2024-03-28,Concluído,73.34,8.86
4346,2880,144,Suporte,Líder 38,2024-04-27,2024-07-26,,Em Andamento,79.61,7.25
4347,2881,94,Suporte,Líder 47,2024-11-28,2024-12-31,2024-12-31,Concluído,79.22,7.22
4348,2882,139,Financeiro,Líder 5,2024-03-23,2024-09-19,,Em Andamento,45.82,5.77
4349,2882,493,Financeiro,Líder 32,2024-07-02,2024-12-31,2024-12-31,Concluído,71.39,6.68
4350,2883,107,Operações,Líder 50,2022-10-18,2023-06-15,,Em Andamento,21.72,6.18
4351,2883,2,Operações,Líder 43,2023-03-02,2024-02-25,2023-06-16,Concluído,80.79,8.51
4352,2884,52,Produto,Líder 22,2022-05-16,2023-01-11,2022-12-12,Concluído,78.02,6.56
4353,2884,479,Produto,Líder 11,2023-09-20,2024-01-18,2024-01-23,Concluído,80.84,9.46
4354,2885,494,Atendimento,Líder 32,2023-05-07,2024-01-02,2023-05-23,Concluído,83.16,8.9
4355,2885,26,Atendimento,Líder 38,2024-12-06,2024-12-31,2024-12-31,Concluído,77.5,9.69
4356,2886,412,Atendimento,Líder 10,2024-03-10,2024-07-08,2024-06-07,Concluído,80.49,8.06
4357,2886,227,Atendimento,Líder 30,2024-10-12,2024-12-31,,Em Andamento,77.26,4.02
4358,2887,25,Produto,Líder 35,2024-03-10,2024-07-08,2024-03-12,Concluído,71.05,6.26
4359,2887,64,Produto,Líder 2,2024-11-10,2024-12-31,2024-12-31,Concluído,82.1,8.03
4360,2888,42,Qualidade,Líder 26,2024-07-16,2024-12-31,2024-12-31,Concluído,72.54,9.49
4361,2888,130,Qualidade,Líder 32,2024-02-13,2024-06-12,,Em Andamento,65.99,5.06
4362,2888,344,Qualidade,Líder 11,2023-10-25,2024-06-21,,Em Andamento,48.23,7.98
4363,2889,39,Suporte,Líder 28,2024-11-30,2024-12-31,2024-12-31,Concluído,82.48,9.85
4364,2889,387,Suporte,Líder 13,2024-12-09,2024-12-31,2024-12-31,Concluído,90.82,9.9
4365,2889,89,Suporte,Líder 30,2024-11-25,2024-12-31,2024-12-31,Concluído,94.08,7.39
4366,2890,64,Qualidade,Líder 41,2024-04-02,2024-12-28,2024-12-31,Concluído,95.81,7.35
4367,2891,75,Vendas,Líder 32,2024-12-27,2024-12-31,2024-12-31,Concluído,71.39,9.02
4368,2893,202,Financeiro,Líder 30,2023-09-04,2024-06-30,2024-01-01,Concluído,84.75,6.29
4369,2893,93,Financeiro,Líder 49,2024-09-06,2024-12-31,2024-10-20,Concluído,71.58,8.17
4370,2893,143,Financeiro,Líder 50,2024-02-02,2024-07-31,2024-02-28,Concluído,82.86,9.0
4371,2894,452,Marketing,Líder 13,2022-03-17,2022-11-12,2022-06-12,Concluído,96.0,7.65
4372,2894,299,Marketing,Líder 6,2022-03-29,2022-11-24,,Cancelado,15.86,2.84
4373,2896,41,Tecnologia,Líder 18,2023-01-04,2023-04-04,2023-06-03,Concluído,73.63,7.9
4374,2897,170,Gente & Gestão,Líder 28,2022-12-20,2023-09-16,2023-03-11,Concluído,96.21,7.59
4375,2897,284,Gente & Gestão,Líder 20,2024-01-03,2024-09-29,2024-01-07,Concluído,83.55,6.09
4376,2900,14,Financeiro,Líder 45,2024-02-14,2024-06-13,2024-03-17,Concluído,81.98,8.66
4377,2900,33,Financeiro,Líder 7,2024-06-05,2024-12-31,2024-10-28,Concluído,98.49,8.21
4378,2901,314,Operações,Líder 27,2024-10-18,2024-12-31,2024-11-04,Concluído,73.86,6.8
4379,2902,193,Gente & Gestão,Líder 13,2024-10-15,2024-12-31,,Cancelado,0.41,4.75
4380,2902,76,Gente & Gestão,Líder 48,2024-11-02,2024-12-31,2024-12-31,Concluído,82.75,8.08
4381,2903,164,Vendas,Líder 37,2023-02-05,2023-06-05,2023-05-26,Concluído,84.75,9.08
4382,2903,270,Vendas,Líder 23,2023-11-20,2024-09-15,2024-02-15,Concluído,74.5,6.4
4383,2903,292,Vendas,Líder 33,2024-07-11,2024-12-08,2024-12-31,Concluído,79.71,9.86
4384,2904,72,Qualidade,Líder 29,2024-03-28,2024-10-24,2024-08-05,Concluído,99.44,9.32
4385,2904,381,Qualidade,Líder 11,2024-01-15,2024-04-14,2024-05-04,Concluído,78.35,9.89
4386,2905,415,Comercial,Líder 7,2024-08-14,2024-12-31,2024-12-21,Concluído,81.5,6.94
4387,2905,121,Comercial,Líder 38,2024-03-11,2024-07-09,,Em Andamento,24.42,6.54
4388,2906,31,Tecnologia,Líder 22,2024-02-12,2024-05-12,2024-03-26,Concluído,80.49,9.63
4389,2906,463,Tecnologia,Líder 3,2024-08-06,2024-12-31,,Cancelado,13.48,4.51
4390,2907,459,Operações,Líder 50,2024-12-08,2024-12-31,2024-12-31,Concluído,75.69,6.92
4391,2908,490,Financeiro,Líder 26,2024-09-24,2024-12-23,,Em Andamento,27.31,5.7
4392,2908,342,Financeiro,Líder 28,2023-05-06,2024-01-01,2024-01-18,Concluído,73.35,9.13
4393,2909,304,Gente & Gestão,Líder 6,2024-06-11,2024-11-08,2024-10-10,Concluído,71.14,6.86
4394,2910,391,Atendimento,Líder 35,2024-11-03,2024-12-31,,Em Andamento,60.78,5.49
4395,2911,248,Inovação,Líder 4,2024-03-12,2024-12-31,2024-09-25,Concluído,84.77,6.49
4396,2911,182,Inovação,Líder 20,2023-10-01,2024-01-29,,Em Andamento,34.36,6.61
4397,2913,435,Gente & Gestão,Líder 39,2023-11-22,2024-09-17,,Em Andamento,55.77,4.93
4398,2913,414,Gente & Gestão,Líder 2,2024-08-11,2024-12-31,2024-12-31,Concluído,97.66,7.52
4399,2913,214,Gente & Gestão,Líder 45,2023-03-23,2023-06-21,,Em Andamento,30.42,4.56
4400,2914,490,Produto,Líder 16,2024-11-26,2024-12-31,2024-12-31,Concluído,76.01,9.45
4401,2914,275,Produto,Líder 11,2024-11-20,2024-12-31,,Em Andamento,36.61,5.43
4402,2915,383,Operações,Líder 29,2024-02-04,2024-08-02,,Cancelado,33.0,5.77
4403,2915,145,Operações,Líder 23,2024-06-05,2024-12-31,2024-09-08,Concluído,77.58,6.69
4404,2915,148,Operações,Líder 34,2024-02-08,2024-05-08,2024-05-20,Concluído,96.07,9.21
4405,2916,346,Suporte,Líder 45,2024-07-29,2024-12-31,2024-12-16,Concluído,86.93,8.08
4406,2916,45,Suporte,Líder 40,2024-09-12,2024-12-31,,Em Andamento,36.28,6.1
4407,2916,60,Suporte,Líder 39,2024-12-19,2024-12-31,2024-12-31,Concluído,95.89,8.85
4408,2917,382,Operações,Líder 28,2024-07-12,2024-12-31,2024-12-31,Concluído,76.12,7.0
4409,2917,415,Operações,Líder 16,2024-11-18,2024-12-31,,Cancelado,28.22,3.83
4410,2917,383,Operações,Líder 44,2024-07-20,2024-12-31,,Em Andamento,45.67,7.05
4411,2918,229,Operações,Líder 7,2023-11-01,2024-02-29,2024-04-07,Concluído,85.44,9.68
4412,2919,16,Produto,Líder 17,2024-08-17,2024-11-15,2024-12-30,Concluído,78.23,7.23
4413,2919,336,Produto,Líder 29,2024-10-02,2024-12-31,,Em Andamento,38.8,5.38
4414,2919,424,Produto,Líder 10,2024-08-10,2024-11-08,2024-12-15,Concluído,86.52,7.87
4415,2920,457,Gente & Gestão,Líder 17,2024-12-29,2024-12-31,2024-12-31,Concluído,74.61,6.61
4416,2920,374,Gente & Gestão,Líder 36,2024-12-13,2024-12-31,2024-12-31,Concluído,76.16,7.8
4417,2920,320,Gente & Gestão,Líder 32,2024-12-20,2024-12-31,2024-12-31,Concluído,94.03,6.6
4418,2921,397,Comercial,Líder 16,2024-12-05,2024-12-31,2024-12-31,Concluído,99.33,9.7
4419,2921,41,Comercial,Líder 19,2024-11-12,2024-12-31,2024-12-31,Concluído,84.51,9.83
4420,2921,1,Comercial,Líder 30,2024-05-24,2024-12-31,2024-12-31,Concluído,78.86,9.05
4421,2922,288,Marketing,Líder 38,2024-12-25,2024-12-31,,Em Andamento,54.74,5.69
4422,2923,173,Marketing,Líder 32,2024-09-18,2024-12-31,2024-10-07,Concluído,70.21,9.92
4423,2923,349,Marketing,Líder 12,2023-09-30,2024-09-24,2024-08-14,Concluído,83.61,9.23
4424,2924,93,Financeiro,Líder 18,2024-11-19,2024-12-31,2024-12-31,Concluído,88.19,8.46
4425,2927,351,Qualidade,Líder 11,2024-11-27,2024-12-31,,Cancelado,14.64,3.58
4426,2928,431,Atendimento,Líder 25,2024-08-03,2024-11-01,,Em Andamento,42.33,4.32
4427,2929,366,Vendas,Líder 7,2022-11-24,2023-06-22,2022-11-26,Concluído,78.12,8.35
4428,2930,472,Gente & Gestão,Líder 10,2024-07-28,2024-10-26,,Cancelado,19.73,3.1
4429,2931,305,Inovação,Líder 38,2024-07-25,2024-12-31,2024-10-21,Concluído,95.54,7.24
4430,2931,432,Inovação,Líder 33,2024-03-11,2024-12-31,2024-12-31,Concluído,77.83,7.0
4431,2932,300,Qualidade,Líder 15,2024-10-23,2024-12-31,2024-12-31,Concluído,74.06,9.09
4432,2932,266,Qualidade,Líder 39,2024-08-13,2024-12-31,2024-09-09,Concluído,96.62,7.05
4433,2932,49,Qualidade,Líder 26,2023-11-14,2024-02-12,2024-03-17,Concluído,97.9,6.09
4434,2933,347,Produto,Líder 39,2023-11-22,2024-11-16,2024-10-29,Concluído,88.72,8.42
4435,2936,294,Atendimento,Líder 2,2024-03-24,2024-12-19,2024-12-31,Concluído,91.64,9.67
4436,2936,452,Atendimento,Líder 47,2024-06-08,2024-09-06,,Em Andamento,53.71,5.82
4437,2937,36,Suporte,Líder 39,2023-06-18,2023-09-16,2023-11-01,Concluído,85.47,9.73
4438,2937,205,Suporte,Líder 37,2023-06-01,2023-09-29,,Cancelado,26.62,3.07
4439,2938,86,Gente & Gestão,Líder 44,2024-06-19,2024-12-31,2024-08-16,Concluído,82.37,8.97
4440,2938,217,Gente & Gestão,Líder 5,2024-03-01,2024-06-29,,Cancelado,25.85,2.32
4441,2939,27,Inovação,Líder 43,2023-05-23,2023-12-19,2023-12-17,Concluído,76.09,9.14
4442,2941,167,Suporte,Líder 35,2024-11-15,2024-12-31,,Cancelado,38.94,5.8
4443,2942,108,Qualidade,Líder 36,2024-04-03,2024-11-29,2024-05-15,Concluído,73.3,9.33
4444,2942,398,Qualidade,Líder 44,2023-08-30,2024-04-26,2024-01-20,Concluído,98.05,6.86
4445,2943,486,Tecnologia,Líder 50,2024-01-04,2024-11-29,,Cancelado,28.85,3.9
4446,2943,317,Tecnologia,Líder 25,2024-03-03,2024-12-31,2024-12-28,Concluído,90.15,9.08
4447,2943,372,Tecnologia,Líder 2,2024-12-20,2024-12-31,2024-12-20,Concluído,91.91,7.45
4448,2945,396,Vendas,Líder 48,2022-10-26,2023-10-21,2023-11-12,Concluído,91.49,8.48
4449,2946,206,Suporte,Líder 15,2024-11-12,2024-12-31,,Cancelado,33.43,4.88
4450,2948,342,Tecnologia,Líder 25,2024-12-11,2024-12-31,,Cancelado,31.84,4.69
4451,2948,200,Tecnologia,Líder 32,2024-11-19,2024-12-31,,Cancelado,11.04,2.81
4452,2948,479,Tecnologia,Líder 23,2024-07-25,2024-12-31,,Cancelado,13.22,5.22
4453,2950,412,Comercial,Líder 23,2022-09-29,2023-03-28,,Em Andamento,72.96,5.94
4454,2950,438,Comercial,Líder 36,2024-04-28,2024-11-24,2024-07-15,Concluído,91.83,6.0
4455,2952,416,Financeiro,Líder 22,2024-09-20,2024-12-31,2024-10-07,Concluído,71.9,9.75
4456,2952,377,Financeiro,Líder 17,2024-11-04,2024-12-31,2024-11-06,Concluído,99.5,9.39
4457,2953,137,Comercial,Líder 40,2023-03-27,2023-09-23,2023-10-05,Concluído,85.79,6.0
4458,2953,398,Comercial,Líder 17,2023-01-11,2023-10-08,2023-07-18,Concluído,75.52,6.77
4459,2954,283,Financeiro,Líder 8,2024-12-30,2024-12-31,2024-12-31,Concluído,73.56,7.48
4460,2955,206,Atendimento,Líder 29,2023-12-29,2024-04-27,,Cancelado,21.58,5.57
4461,2955,358,Atendimento,Líder 19,2024-12-21,2024-12-31,2024-12-31,Concluído,82.19,7.75
4462,2957,55,Produto,Líder 48,2024-04-02,2024-12-28,2024-05-04,Concluído,79.36,8.8
4463,2958,115,Vendas,Líder 16,2024-08-13,2024-12-31,2024-11-04,Concluído,96.63,7.32
4464,2958,483,Vendas,Líder 8,2024-07-12,2024-12-31,,Em Andamento,74.7,6.12
4465,2959,150,Tecnologia,Líder 8,2023-11-26,2024-06-23,2023-12-22,Concluído,92.16,8.36
4466,2959,132,Tecnologia,Líder 29,2023-09-18,2024-02-15,,Em Andamento,56.03,5.37
4467,2959,108,Tecnologia,Líder 1,2023-01-07,2023-09-04,2023-07-09,Concluído,73.9,9.26
4468,2960,332,Gente & Gestão,Líder 39,2024-05-20,2024-10-17,2024-09-11,Concluído,74.73,8.66
4469,2960,99,Gente & Gestão,Líder 3,2024-12-08,2024-12-31,2024-12-31,Concluído,72.92,9.08
4470,2961,103,Atendimento,Líder 9,2023-11-20,2024-02-18,,Cancelado,25.11,5.85
4471,2961,320,Atendimento,Líder 11,2024-02-10,2024-07-09,2024-07-14,Concluído,90.33,6.53
4472,2961,340,Atendimento,Líder 5,2024-11-28,2024-12-31,2024-12-31,Concluído,71.03,6.97
4473,2962,176,Suporte,Líder 45,2024-08-21,2024-12-31,2024-10-31,Concluído,99.0,9.24
4474,2962,132,Suporte,Líder 46,2024-06-07,2024-12-04,2024-11-13,Concluído,93.29,6.97
4475,2963,442,Operações,Líder 38,2023-09-25,2024-03-23,2024-03-06,Concluído,81.5,7.9
4476,2964,208,Produto,Líder 40,2024-11-19,2024-12-31,2024-12-12,Concluído,91.11,7.47
4477,2964,8,Produto,Líder 4,2024-10-14,2024-12-31,,Em Andamento,79.75,7.71
4478,2964,97,Produto,Líder 26,2024-07-28,2024-12-31,2024-10-11,Concluído,85.65,6.0
4479,2965,65,Vendas,Líder 46,2024-06-07,2024-12-31,,Cancelado,3.14,5.41
4480,2966,91,Marketing,Líder 10,2024-12-29,2024-12-31,2024-12-31,Concluído,94.5,7.88
4481,2967,316,Suporte,Líder 40,2024-08-29,2024-12-31,,Em Andamento,42.22,6.38
4482,2967,110,Suporte,Líder 14,2024-12-16,2024-12-31,2024-12-31,Concluído,95.63,6.32
4483,2971,465,Comercial,Líder 20,2024-10-10,2024-12-31,,Cancelado,19.9,4.25
4484,2971,238,Comercial,Líder 4,2024-08-26,2024-12-31,2024-09-19,Concluído,88.86,7.16
4485,2971,171,Comercial,Líder 29,2024-11-02,2024-12-31,2024-12-31,Concluído,89.83,7.15
4486,2972,111,Marketing,Líder 30,2024-11-05,2024-12-31,,Em Andamento,56.8,5.41
4487,2972,200,Marketing,Líder 22,2024-11-13,2024-12-31,2024-12-31,Concluído,98.08,6.04
4488,2972,65,Marketing,Líder 46,2024-08-25,2024-12-31,2024-12-31,Concluído,82.44,8.61
4489,2973,458,Tecnologia,Líder 2,2024-08-23,2024-12-31,2024-12-31,Concluído,91.15,6.46
4490,2973,243,Tecnologia,Líder 23,2024-07-26,2024-12-31,2024-12-31,Concluído,93.44,7.73
4491,2973,491,Tecnologia,Líder 45,2024-11-22,2024-12-31,2024-12-21,Concluído,99.71,6.09
4492,2974,401,Inovação,Líder 47,2024-10-09,2024-12-31,2024-12-31,Concluído,91.87,9.61
4493,2974,373,Inovação,Líder 49,2024-11-27,2024-12-31,2024-12-24,Concluído,98.87,9.81
4494,2974,46,Inovação,Líder 29,2024-11-23,2024-12-31,2024-12-31,Concluído,86.38,9.1
4495,2975,447,Suporte,Líder 6,2024-06-04,2024-12-31,2024-08-05,Concluído,83.67,9.94
4496,2975,312,Suporte,Líder 35,2024-12-06,2024-12-31,2024-12-31,Concluído,77.06,9.6
4497,2975,113,Suporte,Líder 44,2024-01-28,2024-10-24,,Cancelado,8.93,3.44
4498,2976,412,Comercial,Líder 32,2024-08-23,2024-12-31,2024-12-03,Concluído,99.55,6.2
4499,2976,500,Comercial,Líder 18,2024-08-16,2024-12-31,2024-10-20,Concluído,70.13,9.52
4500,2976,364,Comercial,Líder 36,2024-12-28,2024-12-31,,Cancelado,7.43,5.07
4501,2977,172,Financeiro,Líder 42,2023-09-29,2024-07-25,2024-01-10,Concluído,80.71,7.61
4502,2977,161,Financeiro,Líder 27,2024-09-29,2024-12-28,,Cancelado,2.15,3.82
4503,2977,37,Financeiro,Líder 21,2024-06-09,2024-12-31,2024-09-25,Concluído,88.74,7.63
4504,2980,97,Qualidade,Líder 8,2024-09-01,2024-12-31,2024-12-31,Concluído,71.47,7.67
4505,2980,403,Qualidade,Líder 17,2024-11-11,2024-12-31,,Em Andamento,41.99,7.24
4506,2981,362,Vendas,Líder 31,2024-11-21,2024-12-31,2024-12-31,Concluído,94.55,7.93
4507,2981,279,Vendas,Líder 23,2024-01-01,2024-09-27,2024-10-06,Concluído,92.24,6.76
4508,2981,359,Vendas,Líder 2,2024-09-04,2024-12-31,2024-11-22,Concluído,85.02,6.49
4509,2984,101,Suporte,Líder 49,2024-02-12,2024-11-08,2024-04-10,Concluído,92.39,7.84
4510,2985,6,Qualidade,Líder 18,2024-12-14,2024-12-31,2024-12-20,Concluído,97.26,9.05
4511,2986,109,Inovação,Líder 10,2023-08-20,2024-08-14,,Em Andamento,49.81,5.53
4512,2987,476,Marketing,Líder 32,2022-12-11,2023-12-06,2023-04-22,Concluído,70.61,10.0
4513,2988,456,Produto,Líder 2,2024-11-15,2024-12-31,2024-12-26,Concluído,95.97,7.17
4514,2989,442,Gente & Gestão,Líder 29,2024-08-17,2024-12-31,,Em Andamento,46.19,7.69
4515,2989,243,Gente & Gestão,Líder 16,2024-09-20,2024-12-31,,Em Andamento,33.48,4.81
4516,2990,230,Atendimento,Líder 9,2024-05-11,2024-12-31,,Cancelado,37.26,3.66
4517,2990,396,Atendimento,Líder 35,2024-12-09,2024-12-31,2024-12-09,Concluído,92.04,8.59
4518,2990,388,Atendimento,Líder 9,2024-11-22,2024-12-31,2024-12-30,Concluído,76.35,9.54
4519,2991,216,Financeiro,Líder 50,2024-12-18,2024-12-31,2024-12-31,Concluído,84.34,7.57
4520,2992,166,Gente & Gestão,Líder 48,2024-12-07,2024-12-31,,Em Andamento,71.86,6.41
4521,2992,231,Gente & Gestão,Líder 24,2024-12-20,2024-12-31,2024-12-31,Concluído,77.59,8.49
4522,2992,219,Gente & Gestão,Líder 1,2024-12-10,2024-12-31,2024-12-10,Concluído,88.27,9.7
4523,2993,46,Tecnologia,Líder 19,2024-09-16,2024-12-31,,Cancelado,4.77,4.49
4524,2994,21,Produto,Líder 13,2022-10-10,2023-05-08,,Em Andamento,43.92,5.16
4525,2994,77,Produto,Líder 20,2024-01-10,2024-06-08,2024-05-05,Concluído,78.18,7.83
4526,2994,271,Produto,Líder 28,2024-11-10,2024-12-31,2024-12-31,Concluído,91.71,7.98
4527,2995,154,Inovação,Líder 12,2024-11-25,2024-12-31,2024-12-31,Concluído,76.46,6.47
4528,2996,431,Operações,Líder 42,2024-10-10,2024-12-31,,Em Andamento,62.39,6.22
4529,2996,379,Operações,Líder 34,2024-08-08,2024-12-31,2024-11-08,Concluído,72.51,9.41
4530,2997,373,Atendimento,Líder 13,2023-08-19,2024-07-14,,Em Andamento,36.13,5.45
4531,2997,237,Atendimento,Líder 35,2024-03-25,2024-07-23,2024-08-13,Concluído,96.53,7.04
4532,2999,390,Comercial,Líder 16,2024-07-29,2024-10-27,,Cancelado,15.13,4.7
4533,3000,174,Produto,Líder 15,2023-06-29,2024-05-24,,Em Andamento,46.61,7.83
