ID,Funcionario_ID,Treinamento_ID,Nome_Treinamento,Data_Inicio,Data_Conclusao,Horas_Capacitacao,Aderencia_Plano_Educacional,Avaliacao_Eficacia,Status
1,1,81,Python Avançado,2024-10-07,,13.0,82.02,,Em Andamento
2,2,36,Liderança e Gestão de Pessoas,2023-12-25,2024-04-01,25.62,88.11,9.2,Concluído
3,2,43,Machine Learning,2024-12-01,2024-12-29,19.02,96.51,7.31,Concluído
4,2,34,Product Management,2023-12-24,2024-05-12,16.6,72.38,6.68,Concluído
5,2,94,Liderança e Gestão de Pessoas,2024-08-23,2024-12-30,13.48,64.39,7.66,Concluído
6,2,21,Machine Learning,2024-07-03,,17.84,66.49,,Em Andamento
7,2,72,Machine Learning,2024-12-15,2024-12-19,8.17,74.76,7.53,Concluído
8,4,22,Excel Avançado,2023-10-16,2024-04-15,35.06,61.68,9.64,Concluído
9,5,12,Machine Learning,2024-09-17,2024-09-23,38.47,89.36,7.05,Concluído
10,5,64,Vendas Consultivas,2023-12-16,2024-04-28,26.47,89.95,9.06,Concluído
11,5,16,Gestão de Projetos,2024-08-29,2024-12-16,29.2,73.14,6.17,Concluído
12,5,33,Power BI,2024-05-27,2024-12-11,27.69,76.43,9.53,Concluído
13,5,65,Gestão de Tempo,2024-06-02,2024-06-19,9.15,82.54,7.64,Concluído
14,5,69,Python Avançado,2024-01-01,2024-01-04,36.63,75.29,7.78,Concluído
15,6,47,Segurança da Informação,2024-09-25,2024-10-05,19.45,68.8,9.61,Concluído
16,7,60,JavaScript Moderno,2024-09-06,,12.73,58.55,,Em Andamento
17,7,11,Product Management,2023-12-14,2024-05-23,28.59,94.62,7.01,Concluído
18,7,59,Customer Success,2022-11-27,2022-12-12,21.8,93.27,6.32,Concluído
19,7,1,Design Thinking,2024-12-03,,7.39,21.48,,Cancelado
20,7,37,Gestão de Projetos,2024-01-22,,11.96,16.11,,Em Andamento
21,7,6,Design Thinking,2023-10-26,2024-09-11,7.7,79.33,7.71,Concluído
22,7,23,DevOps e CI/CD,2024-01-01,2024-11-06,28.77,91.94,8.9,Concluído
23,8,20,Power BI,2023-02-07,2023-09-06,8.22,85.4,6.04,Concluído
24,8,26,Python Avançado,2023-04-13,2024-04-20,38.27,81.39,8.49,Concluído
25,8,89,DevOps e CI/CD,2024-12-08,,18.41,25.23,,Em Andamento
26,8,76,Liderança e Gestão de Pessoas,2024-10-09,2024-10-31,24.74,61.8,8.75,Concluído
27,8,76,Excel Avançado,2024-07-12,2024-11-09,14.32,90.93,8.51,Concluído
28,8,52,Oratória,2024-09-04,2024-11-29,7.26,73.69,9.1,Concluído
29,8,5,JavaScript Moderno,2022-06-08,2024-07-08,18.94,82.37,6.06,Concluído
30,8,22,JavaScript Moderno,2023-04-08,2023-06-19,27.69,95.0,9.4,Concluído
31,10,80,Power BI,2023-11-17,2024-05-08,36.46,95.4,8.48,Concluído
32,10,53,Python Avançado,2023-06-27,2024-07-19,19.77,77.42,9.01,Concluído
33,10,96,JavaScript Moderno,2024-03-14,2024-09-08,32.99,75.86,8.17,Concluído
34,10,32,Data Analytics,2023-09-05,,2.98,70.25,,Em Andamento
35,10,36,Product Management,2024-01-13,2024-02-14,37.34,67.11,8.48,Concluído
36,10,50,Design Thinking,2022-09-22,,19.9,82.23,,Em Andamento
37,11,84,Gestão de Projetos,2024-12-14,2024-12-29,32.83,92.89,9.28,Concluído
38,11,26,Oratória,2024-11-29,,16.71,48.22,,Em Andamento
39,11,38,Vendas Consultivas,2024-10-12,2024-10-13,39.36,72.9,7.75,Concluído
40,11,92,Negociação,2024-11-02,,9.71,9.63,,Cancelado
41,12,84,Gestão de Projetos,2024-11-02,2024-11-17,19.5,72.53,8.81,Concluído
42,12,36,DevOps e CI/CD,2022-09-21,2024-06-26,25.93,61.53,7.99,Concluído
43,12,79,Excel Avançado,2024-08-19,2024-08-21,17.43,78.7,7.14,Concluído
44,14,74,Oratória,2024-08-19,2024-08-23,13.46,86.19,6.51,Concluído
45,14,25,Gestão de Projetos,2022-10-11,,9.66,33.15,,Em Andamento
46,14,7,Gestão de Projetos,2024-04-02,,2.86,82.9,,Em Andamento
47,14,62,Python Avançado,2024-11-02,2024-11-23,37.39,73.14,9.66,Concluído
48,14,4,Data Analytics,2024-11-10,2024-12-15,31.89,79.39,7.13,Concluído
49,15,24,Cloud Computing AWS,2024-10-07,2024-12-03,32.23,72.59,6.66,Concluído
50,15,8,Gestão de Projetos,2024-11-28,2024-12-22,38.63,93.69,6.29,Concluído
51,15,66,Python Avançado,2024-10-13,2024-10-24,13.1,77.51,6.37,Concluído
52,15,89,Machine Learning,2024-11-22,2024-12-06,17.01,84.89,9.93,Concluído
53,15,17,Python Avançado,2024-11-02,2024-12-20,4.88,71.58,6.37,Concluído
54,15,48,Gestão de Projetos,2024-08-26,2024-09-01,26.75,89.4,9.91,Concluído
55,16,61,Customer Success,2023-07-17,2024-02-20,36.91,90.87,6.87,Concluído
56,17,58,Gestão de Tempo,2023-10-22,2024-08-10,17.78,83.36,9.57,Concluído
57,17,48,Power BI,2024-10-31,2024-11-03,26.02,66.03,8.27,Concluído
58,17,6,Cloud Computing AWS,2023-12-21,2024-01-17,17.52,67.95,7.47,Concluído
59,17,79,Segurança da Informação,2023-08-17,2024-10-24,33.86,79.09,6.49,Concluído
60,17,56,Vendas Consultivas,2023-08-23,2024-10-13,15.27,68.87,6.28,Concluído
61,17,55,Product Management,2024-03-16,,9.75,18.68,,Em Andamento
62,18,36,Data Analytics,2024-05-14,2024-08-03,36.44,83.85,8.77,Concluído
63,18,14,Design Thinking,2024-11-02,2024-11-05,8.22,83.35,9.02,Concluído
64,18,75,Vendas Consultivas,2024-10-13,2024-10-27,32.43,84.69,8.14,Concluído
65,18,20,Machine Learning,2024-10-28,2024-11-03,12.63,60.31,6.51,Concluído
66,18,98,Data Analytics,2024-08-02,,14.45,47.26,,Em Andamento
67,19,92,Python Avançado,2024-03-07,2024-05-21,4.15,84.42,7.3,Concluído
68,19,70,JavaScript Moderno,2023-09-19,2024-10-22,4.21,90.99,7.24,Concluído
69,19,20,DevOps e CI/CD,2024-12-06,2024-12-21,22.54,79.99,6.16,Concluído
70,20,26,Liderança e Gestão de Pessoas,2023-06-29,2024-11-29,21.16,98.09,8.42,Concluído
71,20,72,DevOps e CI/CD,2024-06-14,2024-10-17,11.39,62.32,6.77,Concluído
72,20,78,Negociação,2023-06-15,2023-07-30,35.79,61.18,8.26,Concluído
73,20,13,Excel Avançado,2024-07-24,2024-08-06,20.71,78.67,8.52,Concluído
74,20,65,Negociação,2024-12-25,,4.49,0.29,,Em Andamento
75,20,55,DevOps e CI/CD,2023-07-27,2024-01-22,22.99,86.01,8.02,Concluído
76,21,68,Excel Avançado,2024-12-18,2024-12-25,17.62,80.17,9.41,Concluído
77,21,35,Agile/Scrum,2024-12-11,2024-12-17,5.69,81.77,7.48,Concluído
78,21,77,Product Management,2024-12-16,2024-12-25,4.84,87.1,9.1,Concluído
79,21,78,JavaScript Moderno,2024-12-11,2024-12-31,7.63,78.25,8.44,Concluído
80,21,93,Segurança da Informação,2024-12-06,2024-12-08,5.49,70.58,8.12,Concluído
81,21,59,Gestão de Projetos,2024-12-25,2024-12-31,34.61,96.33,7.03,Concluído
82,21,25,Oratória,2024-12-24,2024-12-27,33.52,81.36,9.59,Concluído
83,21,89,Comunicação Eficaz,2024-12-19,,7.73,33.94,,Em Andamento
84,22,4,JavaScript Moderno,2023-08-24,2023-09-29,7.6,80.17,8.68,Concluído
85,22,78,DevOps e CI/CD,2024-07-13,2024-09-28,30.18,96.88,6.22,Concluído
86,22,72,Excel Avançado,2023-11-23,2024-10-16,14.93,79.95,6.1,Concluído
87,22,43,Gestão de Projetos,2024-12-02,2024-12-08,20.02,85.7,9.69,Concluído
88,22,11,Power BI,2023-10-16,2024-07-12,19.06,60.92,8.11,Concluído
89,22,13,Customer Success,2024-10-06,,5.38,38.02,,Cancelado
90,22,16,Power BI,2024-04-30,2024-05-20,11.21,66.68,7.13,Concluído
91,23,36,Customer Success,2024-12-25,,3.43,23.77,,Cancelado
92,23,5,Comunicação Eficaz,2024-12-22,2024-12-31,8.0,69.04,6.64,Concluído
93,23,5,Design Thinking,2024-12-29,,10.6,39.12,,Em Andamento
94,23,36,Negociação,2024-12-23,,18.59,39.65,,Em Andamento
95,23,58,Product Management,2024-12-23,,15.75,29.88,,Em Andamento
96,23,90,Vendas Consultivas,2024-12-25,,2.25,24.0,,Cancelado
97,23,44,Machine Learning,2024-12-27,2024-12-30,34.33,72.64,8.52,Concluído
98,24,74,JavaScript Moderno,2023-12-02,2024-06-25,32.38,84.41,7.82,Concluído
99,24,54,Gestão de Tempo,2023-05-03,,2.46,39.31,,Cancelado
100,24,34,Machine Learning,2024-11-27,2024-11-29,19.6,99.56,6.4,Concluído
101,24,68,Python Avançado,2023-10-27,2024-02-24,19.78,86.84,8.23,Concluído
102,25,50,Power BI,2024-06-16,2024-11-01,11.3,84.23,8.67,Concluído
103,25,24,JavaScript Moderno,2023-03-02,2024-05-09,35.72,89.59,8.6,Concluído
104,25,47,Excel Avançado,2023-11-21,,19.69,5.44,,Em Andamento
105,26,11,Design Thinking,2024-03-23,2024-08-30,23.97,86.07,6.8,Concluído
106,26,83,Vendas Consultivas,2024-12-29,2024-12-31,18.78,74.63,6.93,Concluído
107,26,50,Product Management,2022-12-02,2024-02-14,6.78,71.41,7.65,Concluído
108,26,11,Liderança e Gestão de Pessoas,2024-06-21,2024-11-23,6.72,82.66,9.13,Concluído
109,26,42,Gestão de Projetos,2022-12-18,2023-12-18,19.47,83.72,9.34,Concluído
110,26,7,Vendas Consultivas,2023-10-13,,18.84,22.38,,Em Andamento
111,27,95,Machine Learning,2024-10-12,,17.38,11.73,,Em Andamento
112,28,24,Vendas Consultivas,2024-09-30,,2.08,58.2,,Em Andamento
113,28,26,JavaScript Moderno,2024-11-16,2024-12-19,23.8,78.31,9.74,Concluído
114,28,100,Liderança e Gestão de Pessoas,2024-12-26,2024-12-27,11.14,75.87,7.65,Concluído
115,28,97,Product Management,2024-09-17,2024-12-07,20.11,86.71,8.13,Concluído
116,28,33,Agile/Scrum,2024-09-20,,3.68,60.21,,Em Andamento
117,28,59,Gestão de Projetos,2024-09-27,2024-11-19,38.22,65.91,7.08,Concluído
118,28,18,DevOps e CI/CD,2024-10-25,2024-12-04,33.95,76.56,9.05,Concluído
119,29,63,Design Thinking,2023-09-26,,19.52,25.6,,Em Andamento
120,29,46,Comunicação Eficaz,2023-10-15,2024-01-04,18.81,88.04,8.03,Concluído
121,29,95,Data Analytics,2024-12-17,2024-12-26,25.58,72.66,7.97,Concluído
122,29,68,Cloud Computing AWS,2023-09-24,2024-03-19,6.51,66.55,9.53,Concluído
123,29,30,Cloud Computing AWS,2024-03-15,2024-10-06,35.04,70.95,9.69,Concluído
124,29,83,Gestão de Projetos,2024-04-03,2024-12-13,39.87,71.17,7.83,Concluído
125,30,55,Power BI,2024-08-05,2024-10-24,39.11,78.26,7.38,Concluído
126,30,61,Machine Learning,2024-12-02,2024-12-25,14.17,99.88,6.22,Concluído
127,30,62,Segurança da Informação,2024-07-11,2024-10-20,26.91,96.54,8.88,Concluído
128,30,85,JavaScript Moderno,2024-12-26,,15.3,45.89,,Em Andamento
129,31,5,Python Avançado,2024-11-30,2024-12-26,26.6,62.98,8.64,Concluído
130,31,73,Gestão de Tempo,2024-12-28,2024-12-29,14.5,66.6,8.45,Concluído
131,31,46,Power BI,2024-12-04,2024-12-08,13.35,65.07,6.51,Concluído
132,31,99,Negociação,2024-12-22,,5.23,30.99,,Cancelado
133,32,47,Vendas Consultivas,2024-05-22,2024-09-20,27.16,82.72,8.26,Concluído
134,32,15,Negociação,2024-08-27,2024-10-11,28.43,74.01,9.57,Concluído
135,33,4,Power BI,2024-02-08,2024-03-08,13.55,78.7,8.87,Concluído
136,33,76,Negociação,2024-10-14,2024-11-11,34.72,89.35,6.28,Concluído
137,34,35,Gestão de Tempo,2024-10-15,2024-12-12,15.62,91.34,8.16,Concluído
138,34,67,Customer Success,2024-09-30,2024-12-28,21.01,64.94,8.91,Concluído
139,34,13,Cloud Computing AWS,2023-12-25,2024-03-28,32.59,85.5,7.57,Concluído
140,34,28,Negociação,2023-12-28,2024-09-07,13.45,80.21,9.9,Concluído
141,34,4,Segurança da Informação,2024-10-08,,1.47,2.33,,Cancelado
142,35,50,Gestão de Projetos,2024-12-27,2024-12-28,27.23,97.31,8.55,Concluído
143,35,26,Data Analytics,2024-09-06,2024-10-09,10.45,94.94,8.86,Concluído
144,35,33,JavaScript Moderno,2024-11-07,2024-12-27,9.51,81.01,7.98,Concluído
145,35,64,Machine Learning,2024-07-31,2024-10-01,26.37,96.98,7.76,Concluído
146,35,25,Machine Learning,2024-10-13,2024-11-07,38.94,84.87,8.48,Concluído
147,35,36,Product Management,2024-12-12,,16.59,27.05,,Em Andamento
148,35,29,Comunicação Eficaz,2024-08-17,,16.52,49.08,,Em Andamento
149,36,22,Design Thinking,2024-12-02,,9.01,6.14,,Cancelado
150,36,41,Product Management,2024-09-15,2024-11-08,4.64,74.08,9.21,Concluído
151,36,95,Gestão de Tempo,2024-10-28,2024-12-25,37.43,81.74,9.41,Concluído
152,36,83,Machine Learning,2024-09-03,2024-10-02,15.93,68.19,6.77,Concluído
153,36,50,Segurança da Informação,2024-10-06,2024-12-28,27.95,79.8,7.2,Concluído
154,36,15,Agile/Scrum,2024-11-25,2024-12-20,34.94,62.02,7.44,Concluído
155,36,99,Gestão de Projetos,2024-08-14,2024-12-28,10.18,86.52,7.7,Concluído
156,36,97,Excel Avançado,2024-11-08,,16.79,60.33,,Em Andamento
157,37,84,Liderança e Gestão de Pessoas,2024-12-05,2024-12-10,8.34,69.09,9.77,Concluído
158,37,28,Liderança e Gestão de Pessoas,2024-11-05,2024-12-15,10.96,73.24,8.8,Concluído
159,37,94,Machine Learning,2024-12-22,,19.75,18.74,,Em Andamento
160,37,64,Oratória,2024-09-19,2024-12-16,36.65,94.84,6.67,Concluído
161,37,51,Vendas Consultivas,2024-11-11,,8.93,16.86,,Em Andamento
162,37,21,Negociação,2024-11-12,2024-11-18,15.42,95.27,6.31,Concluído
163,37,42,Comunicação Eficaz,2024-12-03,2024-12-08,23.41,61.05,9.44,Concluído
164,38,35,Gestão de Tempo,2023-11-15,2024-10-14,15.18,86.17,7.2,Concluído
165,38,98,Python Avançado,2024-06-07,2024-08-16,17.52,87.14,7.26,Concluído
166,38,92,Product Management,2023-11-07,2024-08-17,28.09,98.63,7.11,Concluído
167,38,30,JavaScript Moderno,2024-09-04,2024-09-14,37.89,78.02,9.38,Concluído
168,38,70,DevOps e CI/CD,2024-05-05,2024-05-21,27.29,64.39,7.28,Concluído
169,38,69,JavaScript Moderno,2024-02-03,2024-02-19,36.68,63.59,9.75,Concluído
170,38,95,DevOps e CI/CD,2024-03-27,2024-09-25,4.68,70.96,8.32,Concluído
171,39,52,DevOps e CI/CD,2024-11-29,,1.69,16.33,,Cancelado
172,39,35,Segurança da Informação,2024-11-16,2024-12-08,38.87,70.81,6.22,Concluído
173,39,89,Gestão de Projetos,2024-09-01,2024-11-24,10.67,78.14,7.49,Concluído
174,39,25,Vendas Consultivas,2024-12-08,2024-12-21,34.39,78.32,7.45,Concluído
175,39,42,JavaScript Moderno,2024-12-12,2024-12-14,14.83,77.33,7.35,Concluído
176,41,40,Power BI,2024-10-16,2024-12-10,32.2,67.43,9.04,Concluído
177,41,43,Machine Learning,2024-08-20,,17.08,75.39,,Em Andamento
178,42,100,Segurança da Informação,2024-06-07,,16.23,28.98,,Em Andamento
179,42,54,Vendas Consultivas,2024-05-10,2024-09-13,4.0,62.81,8.84,Concluído
180,42,8,JavaScript Moderno,2024-12-08,2024-12-29,37.64,74.06,7.51,Concluído
181,43,59,Python Avançado,2023-05-26,2023-07-21,8.38,93.89,6.88,Concluído
182,43,82,Liderança e Gestão de Pessoas,2024-03-09,2024-05-10,13.69,93.59,7.84,Concluído
183,43,53,Machine Learning,2024-07-01,2024-07-28,28.29,99.15,8.38,Concluído
184,43,54,Segurança da Informação,2023-05-08,2023-06-27,26.39,70.85,8.2,Concluído
185,43,97,Agile/Scrum,2023-09-04,2024-05-23,35.06,80.52,6.88,Concluído
186,43,65,Machine Learning,2024-10-10,2024-12-07,29.64,81.57,9.4,Concluído
187,43,51,JavaScript Moderno,2023-12-23,2024-11-06,20.39,81.24,7.61,Concluído
188,44,2,DevOps e CI/CD,2023-09-20,2024-06-04,13.13,87.84,6.75,Concluído
189,44,76,Liderança e Gestão de Pessoas,2024-10-26,2024-12-07,6.33,92.57,7.03,Concluído
190,44,94,Design Thinking,2023-04-08,2023-11-16,39.79,94.32,7.54,Concluído
191,44,67,Agile/Scrum,2023-05-29,,8.87,68.82,,Em Andamento
192,44,52,Agile/Scrum,2023-12-31,2024-09-30,9.74,71.75,6.73,Concluído
193,44,58,Vendas Consultivas,2024-12-05,2024-12-31,33.97,85.63,9.25,Concluído
194,44,28,Agile/Scrum,2024-05-26,2024-08-06,6.01,66.71,8.68,Concluído
195,44,69,Python Avançado,2024-04-08,,9.35,21.22,,Em Andamento
196,45,14,Power BI,2024-04-08,,16.93,5.65,,Em Andamento
197,46,57,Agile/Scrum,2024-05-17,2024-12-09,33.06,71.03,6.09,Concluído
198,46,45,Gestão de Tempo,2022-07-10,2023-04-25,30.41,62.4,8.39,Concluído
199,46,64,Oratória,2022-07-27,2023-03-13,25.77,96.31,8.46,Concluído
200,46,10,Oratória,2023-12-21,,19.99,63.3,,Em Andamento
201,46,65,Gestão de Tempo,2024-04-23,2024-09-07,32.43,60.84,8.39,Concluído
202,46,40,DevOps e CI/CD,2024-04-15,2024-05-23,19.22,93.3,9.57,Concluído
203,46,13,Agile/Scrum,2023-08-04,,9.68,65.03,,Em Andamento
204,46,1,Python Avançado,2023-09-22,2024-11-23,28.65,66.53,8.44,Concluído
205,47,71,Machine Learning,2024-09-23,2024-12-27,5.07,99.15,8.08,Concluído
206,47,62,JavaScript Moderno,2024-10-22,,1.1,24.92,,Cancelado
207,47,1,Machine Learning,2024-12-17,2024-12-23,39.1,67.07,8.81,Concluído
208,47,53,Liderança e Gestão de Pessoas,2024-10-16,2024-10-25,7.01,80.8,8.99,Concluído
209,47,40,Agile/Scrum,2024-11-13,2024-12-11,24.1,66.09,6.71,Concluído
210,47,35,Gestão de Tempo,2024-10-25,2024-11-28,20.86,64.02,8.58,Concluído
211,48,52,Negociação,2024-03-07,2024-12-26,17.06,60.4,6.15,Concluído
212,48,97,Power BI,2024-03-07,2024-05-15,26.42,77.72,9.93,Concluído
213,48,22,Machine Learning,2024-11-11,2024-12-02,5.98,94.01,8.31,Concluído
214,48,89,DevOps e CI/CD,2024-08-05,2024-11-06,26.21,70.56,8.97,Concluído
215,48,16,Comunicação Eficaz,2024-03-30,2024-08-01,10.55,60.17,8.09,Concluído
216,49,14,Customer Success,2024-12-24,2024-12-25,13.95,74.83,8.69,Concluído
217,49,27,Data Analytics,2024-12-28,2024-12-30,17.05,69.94,9.22,Concluído
218,49,41,Machine Learning,2024-12-17,2024-12-27,31.29,64.7,7.98,Concluído
219,49,90,Cloud Computing AWS,2024-12-14,2024-12-22,39.3,69.39,6.59,Concluído
220,49,56,JavaScript Moderno,2024-11-30,2024-12-26,24.48,91.66,8.97,Concluído
221,50,91,DevOps e CI/CD,2024-07-01,2024-08-28,21.67,60.49,7.5,Concluído
222,50,67,Comunicação Eficaz,2024-09-21,2024-09-27,29.94,72.19,10.0,Concluído
223,50,47,Cloud Computing AWS,2024-09-04,2024-11-13,34.89,75.16,6.64,Concluído
224,50,3,Design Thinking,2024-12-31,2025-01-01,10.47,89.97,9.47,Concluído
225,50,49,DevOps e CI/CD,2024-06-27,2024-11-04,17.0,88.96,9.81,Concluído
226,52,91,Liderança e Gestão de Pessoas,2024-08-13,2024-09-17,8.79,90.23,7.67,Concluído
227,52,11,Agile/Scrum,2024-09-24,,4.36,0.8,,Cancelado
228,52,4,Design Thinking,2024-02-21,,13.45,40.43,,Em Andamento
229,52,44,Data Analytics,2024-06-05,2024-08-18,33.86,77.75,9.75,Concluído
230,52,76,Product Management,2024-10-07,2024-11-07,21.55,99.5,9.95,Concluído
231,52,75,Oratória,2024-11-28,2024-12-20,5.12,67.37,6.99,Concluído
232,52,85,Oratória,2023-10-19,2024-09-19,29.36,68.92,9.13,Concluído
233,52,47,Gestão de Tempo,2024-09-05,,7.94,61.91,,Em Andamento
234,53,42,Machine Learning,2024-09-30,2024-11-06,13.71,66.34,7.33,Concluído
235,53,85,Product Management,2023-11-09,,4.76,48.75,,Em Andamento
236,53,17,Data Analytics,2024-09-26,2024-10-29,18.68,92.0,8.71,Concluído
237,54,6,Python Avançado,2024-01-02,2024-10-15,20.11,97.71,8.71,Concluído
238,54,68,DevOps e CI/CD,2023-12-26,2024-02-03,13.47,75.37,6.15,Concluído
239,54,67,Data Analytics,2024-11-14,2024-11-19,26.19,98.97,7.52,Concluído
240,54,14,Product Management,2023-06-17,2024-11-18,10.68,79.81,7.49,Concluído
241,54,84,Liderança e Gestão de Pessoas,2024-02-08,2024-02-15,10.86,83.94,7.44,Concluído
242,54,18,DevOps e CI/CD,2023-11-29,2024-09-22,5.24,72.0,7.53,Concluído
243,55,87,Customer Success,2023-02-19,2024-10-08,23.67,92.92,8.7,Concluído
244,55,12,Oratória,2024-02-08,2024-08-23,22.68,81.01,9.05,Concluído
245,55,52,Gestão de Projetos,2023-12-15,2024-03-14,25.45,68.17,9.66,Concluído
246,57,99,DevOps e CI/CD,2024-05-01,2024-09-21,16.01,71.45,8.65,Concluído
247,57,26,Comunicação Eficaz,2024-08-01,,10.78,70.16,,Em Andamento
248,57,64,Cloud Computing AWS,2024-11-22,,14.85,44.49,,Em Andamento
249,58,65,Data Analytics,2024-12-27,2024-12-28,38.3,63.04,8.86,Concluído
250,58,76,Liderança e Gestão de Pessoas,2024-12-11,2024-12-21,22.45,61.87,8.79,Concluído
251,58,66,Machine Learning,2024-10-12,,3.97,30.85,,Cancelado
252,58,96,Comunicação Eficaz,2024-07-04,2024-07-13,8.38,81.02,6.26,Concluído
253,58,50,Machine Learning,2024-07-30,2024-09-27,25.54,66.38,6.42,Concluído
254,58,28,Design Thinking,2024-10-25,2024-10-26,15.13,65.25,6.87,Concluído
255,59,18,JavaScript Moderno,2022-11-24,2022-12-12,8.08,88.13,7.23,Concluído
256,60,22,Customer Success,2024-11-16,2024-11-22,7.31,84.44,8.13,Concluído
257,60,59,Gestão de Projetos,2024-07-25,2024-08-24,34.85,65.21,7.52,Concluído
258,60,13,Cloud Computing AWS,2024-07-06,2024-08-02,35.97,73.76,6.04,Concluído
259,60,85,Liderança e Gestão de Pessoas,2023-06-16,,8.43,18.39,,Cancelado
260,60,84,Cloud Computing AWS,2024-04-23,2024-10-04,18.29,67.8,6.68,Concluído
261,60,84,Gestão de Projetos,2023-08-12,2023-08-29,20.16,94.02,6.71,Concluído
262,60,97,Oratória,2023-08-29,,7.61,6.73,,Em Andamento
263,61,60,Product Management,2024-11-15,2024-12-01,35.15,61.43,9.26,Concluído
264,61,37,Machine Learning,2024-07-17,,4.82,56.95,,Em Andamento
265,61,27,Design Thinking,2024-06-23,2024-11-12,24.57,89.43,6.03,Concluído
266,61,24,Design Thinking,2024-08-08,2024-08-15,11.45,76.09,6.45,Concluído
267,62,74,JavaScript Moderno,2024-01-27,,1.32,33.72,,Cancelado
268,62,47,Comunicação Eficaz,2024-02-23,,10.74,3.19,,Em Andamento
269,62,76,Agile/Scrum,2024-10-01,2024-10-28,16.17,65.02,6.89,Concluído
270,62,40,Product Management,2024-03-27,2024-06-12,35.14,60.0,7.17,Concluído
271,62,54,Agile/Scrum,2024-07-05,,8.08,56.86,,Em Andamento
272,62,67,DevOps e CI/CD,2024-02-02,2024-05-26,24.28,69.01,9.18,Concluído
273,63,90,Machine Learning,2024-10-14,2024-12-29,25.78,80.17,7.28,Concluído
274,63,47,Gestão de Projetos,2024-08-11,2024-11-20,14.74,75.09,6.57,Concluído
275,63,47,Liderança e Gestão de Pessoas,2024-08-27,2024-09-27,19.5,70.72,8.59,Concluído
276,63,92,Gestão de Projetos,2024-08-08,2024-11-11,13.2,74.43,9.47,Concluído
277,63,13,Vendas Consultivas,2024-11-11,,7.18,14.52,,Em Andamento
278,64,49,Python Avançado,2024-12-25,2024-12-27,25.52,60.09,6.85,Concluído
279,64,77,Design Thinking,2024-10-02,2024-12-19,23.71,89.77,6.03,Concluído
280,64,75,Python Avançado,2024-11-20,2024-12-12,5.16,99.32,6.48,Concluído
281,64,3,Cloud Computing AWS,2024-11-07,,10.31,57.06,,Em Andamento
282,64,66,Comunicação Eficaz,2024-11-09,2024-11-20,18.09,86.95,8.65,Concluído
283,64,82,Vendas Consultivas,2024-10-14,2024-11-28,28.26,95.19,7.7,Concluído
284,64,33,Oratória,2024-12-25,2024-12-27,32.25,95.53,6.04,Concluído
285,64,30,Oratória,2024-11-20,2024-12-05,5.08,86.95,7.53,Concluído
286,65,91,Machine Learning,2023-09-18,2024-02-15,7.18,88.9,9.14,Concluído
287,65,9,Machine Learning,2022-12-24,2024-03-17,24.95,73.48,9.75,Concluído
288,65,81,Vendas Consultivas,2023-09-05,2024-06-18,16.78,61.99,9.84,Concluído
289,65,61,Gestão de Tempo,2022-09-16,,7.47,14.0,,Cancelado
290,66,89,Customer Success,2024-04-04,,6.58,73.03,,Em Andamento
291,66,4,JavaScript Moderno,2024-09-24,2024-10-06,18.86,91.33,6.15,Concluído
292,66,67,Excel Avançado,2024-07-12,,6.7,5.1,,Em Andamento
293,67,1,Comunicação Eficaz,2024-12-28,2024-12-29,14.7,67.92,6.6,Concluído
294,68,43,Vendas Consultivas,2023-08-17,2023-08-24,32.24,74.52,6.67,Concluído
295,68,24,Customer Success,2023-11-17,2024-03-27,6.89,78.0,8.97,Concluído
296,68,35,Cloud Computing AWS,2024-11-03,2024-11-23,24.74,79.67,9.7,Concluído
297,68,71,Liderança e Gestão de Pessoas,2023-07-31,2024-11-02,39.19,74.04,8.46,Concluído
298,68,79,Comunicação Eficaz,2024-11-11,2024-11-24,8.09,68.45,8.45,Concluído
299,68,85,Product Management,2023-08-07,2024-01-22,37.02,76.93,9.21,Concluído
300,68,49,Design Thinking,2024-07-11,,2.23,2.44,,Cancelado
301,69,46,Product Management,2024-08-30,2024-10-31,34.12,78.54,7.5,Concluído
302,69,88,Product Management,2024-08-02,2024-10-08,5.72,62.32,9.69,Concluído
303,69,74,Agile/Scrum,2024-12-03,,17.94,27.51,,Em Andamento
304,69,22,Excel Avançado,2024-11-11,2024-11-12,20.87,83.16,9.52,Concluído
305,70,33,DevOps e CI/CD,2024-01-04,2024-11-21,22.75,93.31,7.34,Concluído
306,70,87,Power BI,2024-07-31,2024-10-25,9.51,69.84,6.56,Concluído
307,70,73,Oratória,2024-11-27,2024-12-05,33.98,98.58,8.15,Concluído
308,70,6,Negociação,2023-11-22,2024-03-07,10.68,90.85,9.24,Concluído
309,70,70,Customer Success,2024-02-11,2024-06-03,19.59,89.36,9.56,Concluído
310,70,82,Power BI,2024-12-23,2024-12-28,24.23,89.5,6.07,Concluído
311,70,83,Machine Learning,2024-06-28,2024-12-24,25.33,62.61,8.75,Concluído
312,70,5,Python Avançado,2024-11-14,2024-12-16,4.46,83.15,9.52,Concluído
313,71,91,Machine Learning,2023-05-17,,7.84,13.93,,Cancelado
314,71,15,Comunicação Eficaz,2022-08-15,,12.64,88.95,,Em Andamento
315,71,32,Vendas Consultivas,2023-03-31,2024-07-26,32.75,85.74,6.83,Concluído
316,71,55,Python Avançado,2024-09-18,2024-12-23,26.81,76.53,9.2,Concluído
317,71,53,Gestão de Tempo,2023-06-08,2023-11-23,20.63,67.2,8.25,Concluído
318,72,6,Cloud Computing AWS,2024-10-28,2024-12-01,10.03,79.56,9.79,Concluído
319,72,6,Data Analytics,2024-09-17,,13.08,51.39,,Em Andamento
320,72,88,Customer Success,2023-12-18,2024-02-12,15.56,70.62,9.7,Concluído
321,73,74,Vendas Consultivas,2023-11-02,2024-07-25,20.14,69.23,8.61,Concluído
322,73,5,Negociação,2024-07-18,2024-08-09,29.03,89.94,8.56,Concluído
323,73,31,Design Thinking,2023-07-18,2023-07-26,20.95,70.72,6.64,Concluído
324,74,28,Power BI,2024-09-08,2024-11-07,27.82,61.81,7.0,Concluído
325,74,45,Agile/Scrum,2024-09-29,,2.74,3.0,,Cancelado
326,74,14,Machine Learning,2024-11-17,2024-12-23,19.75,64.97,6.57,Concluído
327,74,69,Vendas Consultivas,2024-09-13,2024-09-17,36.29,70.21,7.78,Concluído
328,74,42,Machine Learning,2024-12-30,2024-12-31,12.24,71.22,7.25,Concluído
329,74,25,Design Thinking,2024-12-07,,17.67,40.69,,Em Andamento
330,75,61,Python Avançado,2024-09-29,2024-12-14,23.22,76.1,6.7,Concluído
331,78,47,Negociação,2024-05-03,2024-05-15,23.76,81.88,6.5,Concluído
332,78,67,Machine Learning,2024-01-25,2024-08-20,36.04,77.34,7.49,Concluído
333,78,9,Negociação,2022-10-11,,16.26,23.81,,Em Andamento
334,78,92,Negociação,2024-07-24,2024-08-27,31.04,97.92,7.13,Concluído
335,78,49,Cloud Computing AWS,2024-03-15,2024-04-18,10.14,70.49,7.87,Concluído
336,78,34,Liderança e Gestão de Pessoas,2024-12-02,2024-12-28,11.83,68.06,7.74,Concluído
337,78,20,Excel Avançado,2023-03-11,2023-09-22,22.59,65.35,7.81,Concluído
338,78,30,Excel Avançado,2024-09-17,2024-09-18,30.8,60.27,7.22,Concluído
339,80,75,Power BI,2023-02-17,2024-04-04,27.56,76.5,7.14,Concluído
340,80,30,Cloud Computing AWS,2024-05-21,2024-09-03,24.19,63.83,8.22,Concluído
341,80,14,Machine Learning,2024-03-04,2024-11-09,29.15,91.24,9.24,Concluído
342,80,65,Oratória,2022-07-25,2024-05-30,36.33,74.6,8.32,Concluído
343,80,7,Oratória,2023-01-20,2023-08-13,10.3,62.54,7.59,Concluído
344,80,2,Power BI,2023-01-15,2024-05-14,6.62,78.2,9.04,Concluído
345,80,89,JavaScript Moderno,2023-10-15,2023-10-23,25.52,76.55,7.89,Concluído
346,80,54,Comunicação Eficaz,2023-11-04,2024-10-25,4.14,83.51,6.12,Concluído
347,81,78,Oratória,2022-12-20,2023-08-27,22.39,85.35,7.78,Concluído
348,81,8,Oratória,2023-09-06,,12.21,84.76,,Em Andamento
349,81,83,Oratória,2023-03-12,,8.14,31.49,,Cancelado
350,81,100,Negociação,2023-01-11,2023-09-24,24.6,69.8,8.37,Concluído
351,81,81,DevOps e CI/CD,2024-05-31,2024-12-16,9.35,77.55,6.7,Concluído
352,81,87,Vendas Consultivas,2024-03-11,2024-04-24,34.95,91.99,7.36,Concluído
353,81,71,Cloud Computing AWS,2023-05-29,,8.36,15.55,,Cancelado
354,83,20,Excel Avançado,2023-04-19,2023-07-15,5.35,99.34,7.11,Concluído
355,84,97,Gestão de Projetos,2023-12-05,2024-02-25,7.79,82.47,6.15,Concluído
356,84,58,DevOps e CI/CD,2023-07-28,2024-12-25,20.07,67.43,7.32,Concluído
357,84,58,Oratória,2024-10-08,2024-11-06,6.53,65.2,9.21,Concluído
358,84,88,Segurança da Informação,2024-05-09,2024-11-20,18.98,95.04,6.75,Concluído
359,84,47,Customer Success,2023-05-25,2024-12-28,18.68,61.97,9.44,Concluído
360,84,54,Machine Learning,2024-01-11,2024-10-18,18.86,68.77,7.0,Concluído
361,84,65,Product Management,2023-11-23,2024-06-01,21.12,63.42,7.67,Concluído
362,84,47,Comunicação Eficaz,2024-03-15,2024-11-17,21.35,95.57,8.86,Concluído
363,85,69,Gestão de Tempo,2024-05-24,,5.55,16.56,,Cancelado
364,85,25,Negociação,2024-12-26,2024-12-31,14.5,96.16,9.5,Concluído
365,86,50,Liderança e Gestão de Pessoas,2024-12-05,2024-12-06,13.61,93.3,6.73,Concluído
366,86,43,Machine Learning,2024-12-27,2024-12-31,8.34,66.92,9.25,Concluído
367,86,30,Excel Avançado,2024-12-22,2024-12-29,6.58,88.93,9.04,Concluído
368,86,66,Segurança da Informação,2024-12-13,2024-12-23,9.83,93.36,6.01,Concluído
369,86,71,Gestão de Projetos,2024-12-06,2024-12-27,13.2,84.44,6.63,Concluído
370,86,14,Gestão de Projetos,2024-12-19,2024-12-21,15.48,76.53,6.06,Concluído
371,87,27,Gestão de Projetos,2023-12-30,,15.43,18.63,,Em Andamento
372,87,76,Agile/Scrum,2023-04-07,2023-09-25,14.94,91.77,8.7,Concluído
373,87,41,Vendas Consultivas,2023-02-11,2024-03-31,5.54,74.58,7.49,Concluído
374,87,88,Machine Learning,2023-06-14,2023-11-14,11.64,98.9,8.22,Concluído
375,87,44,Machine Learning,2024-06-25,2024-09-21,4.11,94.86,7.58,Concluído
376,87,1,Customer Success,2023-12-13,2024-05-07,29.81,82.89,6.46,Concluído
377,87,87,Gestão de Projetos,2024-09-12,2024-09-27,17.66,98.95,7.63,Concluído
378,88,89,Customer Success,2024-02-04,,4.96,16.23,,Cancelado
379,89,11,Vendas Consultivas,2024-07-10,2024-11-06,17.56,63.66,8.81,Concluído
380,89,43,Vendas Consultivas,2024-06-20,2024-09-28,28.86,99.0,9.47,Concluído
381,90,35,Customer Success,2024-11-07,2024-12-28,13.46,82.26,6.07,Concluído
382,90,81,Cloud Computing AWS,2023-08-25,2024-11-13,11.0,66.3,8.1,Concluído
383,90,91,Vendas Consultivas,2024-03-07,2024-09-28,38.29,62.01,7.51,Concluído
384,90,82,Python Avançado,2023-12-02,2024-09-12,15.53,64.32,6.14,Concluído
385,90,14,Gestão de Projetos,2023-01-07,2023-11-17,12.03,70.4,8.11,Concluído
386,90,79,JavaScript Moderno,2024-09-22,2024-12-04,8.35,94.66,9.52,Concluído
387,90,89,Liderança e Gestão de Pessoas,2024-11-26,2024-12-10,27.58,84.03,9.52,Concluído
388,91,26,Vendas Consultivas,2024-07-10,,3.26,14.7,,Em Andamento
389,91,6,Comunicação Eficaz,2024-12-19,2024-12-27,15.89,83.86,8.43,Concluído
390,91,8,Machine Learning,2024-07-02,2024-11-22,17.95,97.54,7.94,Concluído
391,91,57,Product Management,2024-10-27,2024-12-24,19.09,99.01,9.45,Concluído
392,92,52,Design Thinking,2024-03-18,,1.47,3.96,,Cancelado
393,93,75,Segurança da Informação,2024-11-19,,9.97,24.25,,Cancelado
394,93,11,Data Analytics,2023-11-22,2024-09-25,8.77,68.72,7.53,Concluído
395,93,17,Excel Avançado,2024-09-17,2024-11-14,15.82,64.73,8.33,Concluído
396,93,89,Gestão de Projetos,2024-05-22,2024-07-03,28.12,84.98,8.15,Concluído
397,93,58,Comunicação Eficaz,2024-05-14,2024-09-27,37.33,93.62,6.55,Concluído
398,93,63,Product Management,2024-04-24,,3.12,15.55,,Cancelado
399,93,67,Comunicação Eficaz,2024-12-28,2024-12-31,22.22,94.86,7.56,Concluído
400,94,42,Negociação,2024-12-28,2024-12-30,36.86,87.71,6.49,Concluído
401,94,38,Excel Avançado,2024-12-22,2024-12-27,36.37,87.48,8.44,Concluído
402,94,44,Comunicação Eficaz,2024-12-29,2024-12-31,20.49,72.01,6.55,Concluído
403,94,21,JavaScript Moderno,2024-12-29,2024-12-31,6.29,93.09,7.01,Concluído
404,94,32,Oratória,2024-12-29,2024-12-31,5.97,94.88,9.92,Concluído
405,94,58,Gestão de Tempo,2024-12-23,,8.87,0.66,,Em Andamento
406,94,41,Oratória,2024-12-24,,9.47,1.24,,Cancelado
407,95,83,Negociação,2024-12-09,2024-12-31,28.81,82.39,9.62,Concluído
408,95,25,Design Thinking,2023-10-11,2024-10-14,20.53,61.18,7.88,Concluído
409,95,51,Excel Avançado,2024-02-10,2024-12-14,11.76,99.41,8.51,Concluído
410,95,87,Segurança da Informação,2024-08-16,2024-12-17,39.88,72.18,8.77,Concluído
411,95,52,Product Management,2024-07-24,2024-11-24,31.47,62.68,9.11,Concluído
412,95,30,Cloud Computing AWS,2023-06-02,2024-11-24,19.83,76.15,7.64,Concluído
413,96,96,Oratória,2023-09-21,2024-01-23,23.23,67.92,6.04,Concluído
414,96,33,DevOps e CI/CD,2022-12-26,2024-06-07,33.49,61.09,7.69,Concluído
415,96,41,Product Management,2023-09-26,2024-07-13,33.7,61.21,7.95,Concluído
416,97,84,Product Management,2024-01-07,2024-05-14,38.4,98.63,9.27,Concluído
417,97,70,Customer Success,2023-12-28,2024-08-23,7.92,61.94,7.52,Concluído
418,97,21,Liderança e Gestão de Pessoas,2023-05-26,2024-02-06,35.11,96.72,9.59,Concluído
419,98,42,Gestão de Projetos,2024-01-08,2024-01-18,25.21,94.34,7.42,Concluído
420,98,5,Gestão de Projetos,2024-05-22,2024-09-09,18.38,83.95,8.48,Concluído
421,98,39,Agile/Scrum,2024-10-29,2024-11-04,11.87,72.65,9.14,Concluído
422,98,59,Gestão de Projetos,2024-05-14,,4.21,28.19,,Em Andamento
423,98,12,Customer Success,2024-09-15,2024-10-04,29.03,80.69,7.85,Concluído
424,98,26,Cloud Computing AWS,2024-08-28,2024-12-29,37.02,89.71,9.37,Concluído
425,98,20,Power BI,2024-04-20,2024-12-17,15.83,72.43,9.37,Concluído
426,98,11,Gestão de Projetos,2024-02-12,2024-07-26,13.23,98.53,7.79,Concluído
427,99,54,Cloud Computing AWS,2024-11-10,2024-12-26,33.93,62.12,9.09,Concluído
428,99,63,Vendas Consultivas,2023-09-18,2024-02-23,6.8,86.02,6.25,Concluído
429,99,55,Power BI,2024-07-23,2024-08-28,18.69,85.38,6.85,Concluído
430,99,9,Design Thinking,2024-08-08,,8.52,38.65,,Em Andamento
431,99,59,JavaScript Moderno,2024-10-07,2024-12-16,6.22,99.15,7.12,Concluído
432,99,97,Cloud Computing AWS,2024-03-26,2024-05-04,28.3,97.74,9.49,Concluído
433,100,27,Gestão de Tempo,2024-06-27,2024-11-29,22.36,72.0,6.46,Concluído
434,100,92,Customer Success,2024-07-17,2024-09-23,33.35,73.71,9.3,Concluído
435,100,96,DevOps e CI/CD,2024-06-03,,11.59,77.71,,Em Andamento
436,100,37,Gestão de Projetos,2024-12-10,2024-12-18,22.4,99.96,9.13,Concluído
437,100,100,Segurança da Informação,2024-09-17,,6.41,68.82,,Em Andamento
438,100,48,Liderança e Gestão de Pessoas,2024-11-23,2024-12-26,26.26,72.69,9.48,Concluído
439,100,35,Oratória,2024-06-09,2024-09-06,5.86,72.61,8.69,Concluído
440,100,56,DevOps e CI/CD,2024-09-26,2024-12-14,6.14,85.09,6.09,Concluído
441,101,59,Python Avançado,2024-10-31,,15.0,69.42,,Em Andamento
442,102,49,Segurança da Informação,2024-10-27,2024-11-26,32.46,81.41,6.48,Concluído
443,102,98,Vendas Consultivas,2024-11-06,,6.36,10.01,,Cancelado
444,102,22,JavaScript Moderno,2024-12-17,2024-12-28,15.54,83.38,6.07,Concluído
445,103,64,Python Avançado,2024-07-14,,2.86,42.5,,Em Andamento
446,103,4,Power BI,2023-08-01,,8.16,17.01,,Em Andamento
447,103,21,Liderança e Gestão de Pessoas,2024-03-18,2024-07-04,26.82,89.84,9.78,Concluído
448,104,48,JavaScript Moderno,2024-11-05,,14.26,69.21,,Em Andamento
449,104,39,Design Thinking,2024-12-20,,8.37,35.52,,Cancelado
450,104,29,Gestão de Tempo,2024-12-05,2024-12-29,32.68,81.85,9.7,Concluído
451,104,88,Power BI,2024-12-12,2024-12-22,24.9,61.18,6.83,Concluído
452,104,57,Design Thinking,2024-11-09,,5.54,14.14,,Cancelado
453,104,87,Oratória,2024-12-02,2024-12-31,10.73,94.21,8.12,Concluído
454,105,2,Machine Learning,2023-01-31,2023-10-07,33.89,80.74,8.42,Concluído
455,105,99,Agile/Scrum,2024-02-25,2024-08-29,19.56,83.54,8.52,Concluído
456,105,44,Negociação,2023-05-26,2023-06-14,32.56,90.15,9.33,Concluído
457,105,27,DevOps e CI/CD,2023-01-08,2024-01-30,28.44,60.14,8.56,Concluído
458,105,58,Cloud Computing AWS,2023-11-01,2024-09-24,23.23,74.27,8.03,Concluído
459,106,17,Liderança e Gestão de Pessoas,2023-09-04,2024-02-26,5.24,86.52,9.54,Concluído
460,106,27,Liderança e Gestão de Pessoas,2024-04-17,2024-05-12,36.19,99.23,9.55,Concluído
461,106,64,Excel Avançado,2023-08-24,2024-12-07,33.73,79.2,8.13,Concluído
462,106,2,Data Analytics,2024-01-21,2024-05-31,14.72,91.16,9.3,Concluído
463,106,96,Machine Learning,2024-03-31,2024-05-12,24.67,86.11,9.64,Concluído
464,108,88,Agile/Scrum,2024-12-19,2024-12-26,11.05,67.19,7.95,Concluído
465,109,56,Product Management,2024-07-03,,6.55,11.28,,Em Andamento
466,110,74,Product Management,2024-01-28,2024-03-02,13.89,79.55,9.96,Concluído
467,111,70,Design Thinking,2024-12-29,2024-12-30,19.13,88.29,9.95,Concluído
468,111,25,Power BI,2024-12-29,,9.11,30.48,,Cancelado
469,111,23,Gestão de Projetos,2024-12-31,2025-01-01,30.51,81.0,8.54,Concluído
470,112,64,Customer Success,2023-05-09,,9.41,2.38,,Cancelado
471,113,5,Agile/Scrum,2024-08-08,,14.8,24.1,,Em Andamento
472,113,51,Oratória,2024-08-02,2024-12-23,14.68,69.41,9.43,Concluído
473,113,36,Machine Learning,2023-12-03,2024-05-05,34.65,89.58,7.53,Concluído
474,113,83,Machine Learning,2023-11-08,2024-05-28,5.74,78.17,6.25,Concluído
475,114,16,Machine Learning,2024-08-04,2024-09-16,35.88,64.89,6.29,Concluído
476,114,80,Liderança e Gestão de Pessoas,2023-06-28,2023-07-25,33.03,70.29,8.02,Concluído
477,114,51,Oratória,2023-06-14,2024-09-24,27.59,73.79,6.24,Concluído
478,115,81,Segurança da Informação,2024-12-17,,9.71,29.79,,Em Andamento
479,115,29,Design Thinking,2024-10-31,2024-11-02,20.19,92.22,9.55,Concluído
480,115,11,Product Management,2024-12-14,2024-12-23,30.22,97.27,9.07,Concluído
481,115,62,Gestão de Projetos,2024-12-03,2024-12-22,29.78,68.7,9.35,Concluído
482,116,1,Vendas Consultivas,2024-06-11,2024-07-23,18.48,61.72,6.87,Concluído
483,116,4,Vendas Consultivas,2024-02-17,,5.48,78.93,,Em Andamento
484,116,5,Comunicação Eficaz,2024-07-18,,5.13,70.88,,Em Andamento
485,116,45,Gestão de Projetos,2023-09-21,2024-05-18,38.31,70.48,7.4,Concluído
486,116,55,Data Analytics,2024-10-28,2024-12-05,26.18,63.57,9.16,Concluído
487,116,82,Data Analytics,2024-06-05,2024-10-04,6.9,65.64,9.42,Concluído
488,116,23,Data Analytics,2023-10-05,2024-06-21,33.13,78.99,6.66,Concluído
489,116,96,Product Management,2024-01-02,2024-10-07,35.16,62.12,9.07,Concluído
490,117,2,Oratória,2024-12-09,,8.32,39.56,,Cancelado
491,117,65,Oratória,2024-11-17,2024-11-23,29.69,90.87,6.43,Concluído
492,117,100,Gestão de Projetos,2024-01-21,2024-02-21,35.67,72.74,7.59,Concluído
493,117,67,Segurança da Informação,2024-12-04,2024-12-09,7.34,88.09,7.78,Concluído
494,118,30,Gestão de Projetos,2024-12-11,2024-12-26,7.41,96.01,10.0,Concluído
495,119,15,JavaScript Moderno,2023-12-25,2024-08-29,37.56,86.14,6.81,Concluído
496,119,56,Agile/Scrum,2023-11-18,2024-06-08,4.24,81.04,8.14,Concluído
497,119,61,Comunicação Eficaz,2024-06-13,,8.48,4.03,,Cancelado
498,119,73,Power BI,2024-05-09,,17.12,38.5,,Em Andamento
499,119,57,Customer Success,2024-02-18,2024-05-24,14.51,72.7,7.37,Concluído
500,120,62,Oratória,2023-11-17,,13.52,44.22,,Em Andamento
501,120,50,Power BI,2024-02-25,,8.73,34.92,,Em Andamento
502,120,4,Liderança e Gestão de Pessoas,2022-11-15,2024-09-12,39.07,79.22,7.0,Concluído
503,120,8,Python Avançado,2022-12-27,2024-09-17,4.61,85.86,7.41,Concluído
504,120,79,Segurança da Informação,2024-06-23,2024-12-05,6.76,63.9,9.98,Concluído
505,120,63,Product Management,2024-04-14,2024-06-26,30.55,86.02,6.89,Concluído
506,121,83,JavaScript Moderno,2024-05-01,2024-10-28,19.07,85.55,6.37,Concluído
507,121,65,Gestão de Tempo,2024-11-06,2024-12-31,28.65,92.17,6.92,Concluído
508,121,100,Vendas Consultivas,2023-12-27,2024-12-11,37.27,87.34,9.27,Concluído
509,121,94,Gestão de Projetos,2024-06-20,2024-10-29,30.46,88.79,6.35,Concluído
510,121,69,DevOps e CI/CD,2024-06-01,2024-07-21,33.82,97.2,6.11,Concluído
511,121,26,Liderança e Gestão de Pessoas,2024-05-08,,13.5,19.39,,Em Andamento
512,121,67,Comunicação Eficaz,2024-08-27,2024-10-22,12.99,87.7,8.11,Concluído
513,122,90,Segurança da Informação,2024-03-10,2024-07-16,31.26,65.8,7.14,Concluído
514,122,96,Comunicação Eficaz,2022-09-23,2023-02-18,20.7,81.47,6.38,Concluído
515,122,26,Vendas Consultivas,2023-02-21,2024-07-17,18.65,84.11,7.21,Concluído
516,122,82,JavaScript Moderno,2023-07-24,2024-11-30,30.26,88.77,6.1,Concluído
517,122,72,Cloud Computing AWS,2024-02-06,,3.88,60.48,,Em Andamento
518,122,57,Excel Avançado,2022-07-30,2024-01-20,16.54,75.11,9.16,Concluído
519,122,86,Machine Learning,2023-01-15,2023-07-26,35.02,63.85,7.35,Concluído
520,123,14,Segurança da Informação,2024-08-30,,3.01,0.28,,Cancelado
521,123,60,Gestão de Tempo,2024-09-12,,7.68,10.45,,Cancelado
522,123,52,DevOps e CI/CD,2024-08-17,2024-09-20,34.59,93.79,7.21,Concluído
523,123,48,Negociação,2024-12-12,2024-12-26,31.45,62.66,8.37,Concluído
524,123,42,Agile/Scrum,2024-09-17,2024-12-11,17.38,82.13,6.57,Concluído
525,123,46,Comunicação Eficaz,2024-11-02,2024-12-26,29.62,85.02,7.31,Concluído
526,123,69,Segurança da Informação,2024-07-27,2024-08-08,29.53,76.78,7.94,Concluído
527,123,56,Segurança da Informação,2024-10-01,2024-12-26,12.13,67.15,7.0,Concluído
528,125,17,Oratória,2023-07-09,2024-01-06,25.84,94.95,8.55,Concluído
529,125,2,Comunicação Eficaz,2023-11-17,2024-12-09,33.74,64.75,8.16,Concluído
530,125,90,Data Analytics,2023-11-19,,7.57,43.85,,Em Andamento
531,125,84,Design Thinking,2023-09-25,2023-11-15,33.07,90.63,6.41,Concluído
532,125,85,Python Avançado,2022-12-14,2024-04-01,14.54,82.73,9.46,Concluído
533,125,33,Agile/Scrum,2024-08-16,2024-10-16,24.77,72.54,9.76,Concluído
534,125,18,Vendas Consultivas,2024-06-06,,7.39,26.97,,Cancelado
535,126,50,Machine Learning,2022-11-04,2024-03-20,19.93,96.58,8.79,Concluído
536,126,58,Negociação,2023-08-02,2023-08-07,34.02,63.84,9.33,Concluído
537,126,85,Vendas Consultivas,2023-05-25,2024-02-08,36.76,81.05,6.06,Concluído
538,126,22,Data Analytics,2022-09-19,2024-11-02,38.95,89.34,8.15,Concluído
539,126,50,Excel Avançado,2024-06-01,2024-12-30,18.48,84.71,6.39,Concluído
540,126,42,Customer Success,2024-03-12,2024-12-27,5.19,76.83,6.98,Concluído
541,126,22,JavaScript Moderno,2024-12-09,2024-12-24,15.48,80.99,9.86,Concluído
542,127,2,Oratória,2024-03-14,2024-10-12,10.42,60.54,6.17,Concluído
543,127,66,Design Thinking,2024-09-29,2024-10-15,28.09,90.74,9.45,Concluído
544,127,20,Gestão de Projetos,2023-02-21,2024-01-28,4.0,78.24,9.71,Concluído
545,128,20,Product Management,2024-05-08,2024-11-26,26.67,93.88,8.9,Concluído
546,128,70,Liderança e Gestão de Pessoas,2024-12-31,,1.09,2.82,,Cancelado
547,128,60,Agile/Scrum,2024-01-27,2024-04-22,10.12,88.3,6.82,Concluído
548,128,90,Product Management,2024-09-12,2024-10-17,8.06,94.05,6.28,Concluído
549,128,100,Agile/Scrum,2024-07-03,,1.54,0.1,,Cancelado
550,128,40,JavaScript Moderno,2024-02-27,2024-05-23,26.31,87.78,9.33,Concluído
551,128,75,JavaScript Moderno,2024-09-27,2024-12-05,11.8,69.51,9.08,Concluído
552,128,82,Cloud Computing AWS,2024-11-08,,5.6,52.44,,Em Andamento
553,129,19,Machine Learning,2024-12-21,2024-12-27,26.17,62.12,8.44,Concluído
554,129,20,Power BI,2024-05-27,2024-10-04,34.57,93.81,7.39,Concluído
555,129,13,Negociação,2024-12-23,2024-12-27,18.4,92.64,8.59,Concluído
556,129,47,DevOps e CI/CD,2024-03-07,2024-08-19,4.96,82.2,9.84,Concluído
557,129,77,Data Analytics,2024-02-04,2024-09-01,9.39,88.78,6.35,Concluído
558,129,84,Liderança e Gestão de Pessoas,2024-12-03,2024-12-22,19.43,86.35,7.31,Concluído
559,129,13,Liderança e Gestão de Pessoas,2024-04-30,2024-09-08,32.11,89.22,8.46,Concluído
560,129,10,Comunicação Eficaz,2024-07-12,,18.6,7.28,,Em Andamento
561,130,69,Gestão de Tempo,2022-10-02,2023-07-16,9.82,80.64,7.35,Concluído
562,130,24,Machine Learning,2023-03-04,2023-04-19,5.55,66.97,8.31,Concluído
563,130,64,Oratória,2024-12-20,2024-12-26,38.93,93.61,8.94,Concluído
564,130,46,Cloud Computing AWS,2022-06-22,,12.03,59.58,,Em Andamento
565,130,98,Segurança da Informação,2024-08-30,2024-11-02,24.51,68.41,7.14,Concluído
566,130,90,Customer Success,2023-09-01,2024-12-09,9.29,73.21,8.47,Concluído
567,130,77,Design Thinking,2024-11-11,2024-12-26,22.01,70.74,8.75,Concluído
568,130,49,Gestão de Projetos,2022-06-02,2023-12-30,29.0,91.22,6.44,Concluído
569,131,1,Comunicação Eficaz,2024-04-13,2024-09-07,26.34,87.14,9.14,Concluído
570,131,18,JavaScript Moderno,2024-11-12,2024-11-15,24.6,86.04,7.57,Concluído
571,132,37,Comunicação Eficaz,2024-09-24,2024-11-24,37.8,95.9,8.76,Concluído
572,132,88,Oratória,2024-11-18,2024-12-04,20.49,98.28,9.81,Concluído
573,132,13,Oratória,2024-02-19,2024-11-20,8.75,97.79,8.41,Concluído
574,132,81,Liderança e Gestão de Pessoas,2023-08-23,2023-12-29,33.86,78.41,7.07,Concluído
575,133,87,Negociação,2022-04-09,,18.01,12.12,,Em Andamento
576,134,32,Cloud Computing AWS,2023-12-02,2024-09-16,32.12,73.77,7.91,Concluído
577,134,65,Data Analytics,2024-08-02,,7.97,30.04,,Cancelado
578,135,18,Product Management,2024-03-27,,4.24,14.29,,Cancelado
579,135,93,Customer Success,2024-06-19,2024-09-26,15.66,74.4,9.51,Concluído
580,135,52,DevOps e CI/CD,2024-10-27,2024-12-31,39.49,66.71,7.91,Concluído
581,135,7,Vendas Consultivas,2024-12-23,,5.26,8.97,,Cancelado
582,135,31,Liderança e Gestão de Pessoas,2023-12-31,2024-11-24,13.4,93.94,7.06,Concluído
583,135,66,Vendas Consultivas,2024-05-17,2024-10-14,16.57,85.07,7.06,Concluído
584,135,5,Vendas Consultivas,2024-02-27,2024-04-28,14.32,72.45,8.76,Concluído
585,136,14,Product Management,2024-02-04,2024-09-10,21.37,73.39,8.41,Concluído
586,136,47,Agile/Scrum,2024-12-18,2024-12-20,18.18,85.8,6.79,Concluído
587,136,86,Gestão de Tempo,2024-06-22,2024-08-07,14.06,97.57,8.3,Concluído
588,136,79,Data Analytics,2024-03-10,,13.66,25.99,,Em Andamento
589,136,11,Gestão de Tempo,2024-10-15,,18.03,64.69,,Em Andamento
590,137,49,Gestão de Projetos,2023-03-13,2024-06-27,17.59,92.72,7.18,Concluído
591,137,20,Liderança e Gestão de Pessoas,2023-08-20,2024-11-06,39.0,73.27,8.37,Concluído
592,137,99,Segurança da Informação,2023-03-04,,3.01,16.63,,Cancelado
593,137,67,Comunicação Eficaz,2024-03-18,2024-08-22,25.76,75.62,9.1,Concluído
594,137,90,Oratória,2024-07-11,2024-08-01,22.2,89.49,7.56,Concluído
595,137,87,Negociação,2024-10-04,2024-11-13,20.54,72.66,9.87,Concluído
596,137,93,Liderança e Gestão de Pessoas,2024-05-28,2024-11-03,6.93,72.72,7.66,Concluído
597,137,42,Agile/Scrum,2024-11-02,2024-11-05,24.32,61.11,8.56,Concluído
598,138,63,Agile/Scrum,2022-08-25,,1.18,12.74,,Cancelado
599,138,44,Vendas Consultivas,2022-06-12,2024-09-08,26.62,97.18,8.13,Concluído
600,138,73,Gestão de Tempo,2023-04-21,2024-07-17,38.87,72.84,7.69,Concluído
601,139,27,Cloud Computing AWS,2023-06-02,2024-10-22,12.18,78.04,8.07,Concluído
602,140,98,Negociação,2024-08-12,2024-10-30,16.55,89.46,6.44,Concluído
603,141,96,Customer Success,2023-11-07,2024-12-27,11.27,80.65,7.48,Concluído
604,141,23,Cloud Computing AWS,2023-01-10,2023-03-31,34.12,90.63,9.67,Concluído
605,141,53,Segurança da Informação,2022-12-22,2023-10-08,15.99,80.57,8.39,Concluído
606,141,5,Data Analytics,2022-08-05,2023-03-04,5.97,70.26,6.4,Concluído
607,142,30,Negociação,2024-04-22,2024-11-08,17.69,79.38,8.53,Concluído
608,142,96,Vendas Consultivas,2024-08-02,2024-11-17,14.07,85.98,6.01,Concluído
609,143,76,Data Analytics,2023-04-21,2023-07-06,18.33,85.53,8.84,Concluído
610,143,20,Oratória,2024-06-22,,2.68,15.39,,Em Andamento
611,143,30,Python Avançado,2023-08-16,2024-01-01,35.53,98.26,8.71,Concluído
612,143,6,Design Thinking,2022-11-18,2024-10-03,27.39,80.29,7.53,Concluído
613,143,82,Comunicação Eficaz,2024-08-29,2024-11-06,27.73,75.54,7.45,Concluído
614,143,22,JavaScript Moderno,2024-12-01,2024-12-11,12.85,66.15,8.62,Concluído
615,144,31,Liderança e Gestão de Pessoas,2024-12-19,,18.79,72.25,,Em Andamento
616,144,79,Liderança e Gestão de Pessoas,2024-12-21,,19.3,89.41,,Em Andamento
617,144,82,Gestão de Projetos,2024-12-09,2024-12-29,27.62,74.55,6.54,Concluído
618,144,86,Cloud Computing AWS,2024-12-15,2024-12-17,22.24,76.75,9.01,Concluído
619,145,9,Power BI,2023-10-15,2024-02-15,16.88,83.6,8.04,Concluído
620,145,68,Negociação,2023-04-13,2024-12-31,35.79,77.55,8.26,Concluído
621,145,27,Product Management,2024-06-22,2024-09-19,5.58,79.53,8.87,Concluído
622,146,74,Negociação,2024-02-12,2024-04-17,39.05,75.53,7.62,Concluído
623,146,41,Vendas Consultivas,2024-02-16,2024-08-24,20.41,78.2,6.1,Concluído
624,146,98,Gestão de Projetos,2024-07-30,2024-10-27,34.2,80.63,9.13,Concluído
625,148,96,Customer Success,2024-11-16,,17.62,44.72,,Em Andamento
626,148,52,JavaScript Moderno,2024-05-10,2024-05-21,14.42,60.73,7.01,Concluído
627,148,13,Power BI,2024-03-20,2024-10-26,35.23,78.77,9.41,Concluído
628,148,12,Power BI,2024-08-30,2024-09-10,16.24,91.88,9.05,Concluído
629,148,51,Vendas Consultivas,2024-05-02,,19.57,13.86,,Em Andamento
630,148,87,Python Avançado,2024-04-25,,5.89,49.84,,Em Andamento
631,149,19,Comunicação Eficaz,2023-07-12,2024-05-02,8.74,71.92,9.72,Concluído
632,150,90,Gestão de Tempo,2024-06-04,2024-07-13,12.63,65.26,6.93,Concluído
633,150,70,Liderança e Gestão de Pessoas,2024-04-29,2024-08-22,10.86,84.14,8.11,Concluído
634,150,13,Cloud Computing AWS,2024-07-02,2024-12-14,15.98,79.53,8.34,Concluído
635,150,63,Power BI,2024-07-20,2024-10-11,9.82,64.66,9.89,Concluído
636,151,49,Cloud Computing AWS,2023-12-25,2024-09-16,30.51,89.41,7.1,Concluído
637,151,77,Vendas Consultivas,2022-06-28,,11.67,86.99,,Em Andamento
638,151,71,Segurança da Informação,2023-08-14,2024-02-23,17.06,71.0,6.28,Concluído
639,151,31,Data Analytics,2022-05-02,2022-06-27,5.43,95.84,7.57,Concluído
640,151,61,Product Management,2022-06-27,2022-10-30,38.14,73.37,8.89,Concluído
641,151,38,Cloud Computing AWS,2023-07-07,2024-01-26,30.85,83.51,7.72,Concluído
642,152,89,Gestão de Tempo,2024-09-08,2024-10-04,35.14,89.65,8.18,Concluído
643,152,22,Vendas Consultivas,2023-02-20,,4.81,25.14,,Em Andamento
644,152,93,Gestão de Tempo,2022-12-12,2024-06-07,39.7,67.87,9.42,Concluído
645,152,77,Agile/Scrum,2023-02-26,2023-08-26,37.4,68.7,8.89,Concluído
646,152,6,Gestão de Projetos,2024-03-17,2024-08-14,28.54,92.73,9.68,Concluído
647,153,33,Comunicação Eficaz,2023-06-21,2023-12-03,15.21,99.49,6.74,Concluído
648,154,30,Product Management,2024-12-19,2024-12-30,22.81,83.01,8.27,Concluído
649,154,36,Design Thinking,2024-11-23,2024-12-06,36.72,98.18,6.79,Concluído
650,154,94,Python Avançado,2024-12-13,,17.46,49.75,,Em Andamento
651,154,80,Power BI,2024-12-04,2024-12-25,20.08,74.61,9.77,Concluído
652,154,44,Agile/Scrum,2024-12-30,2024-12-31,12.72,89.78,8.32,Concluído
653,155,17,Machine Learning,2024-07-05,2024-08-22,6.13,96.37,7.38,Concluído
654,155,54,Power BI,2024-01-03,2024-01-11,28.51,60.18,6.02,Concluído
655,155,60,Agile/Scrum,2024-09-19,2024-10-28,14.93,78.26,7.58,Concluído
656,155,83,Design Thinking,2023-12-20,2024-09-26,7.53,74.67,7.0,Concluído
657,155,18,Product Management,2024-07-06,2024-10-12,26.97,86.58,8.29,Concluído
658,155,82,Segurança da Informação,2023-07-01,2023-11-12,15.99,74.76,8.71,Concluído
659,155,46,Comunicação Eficaz,2023-10-14,2023-11-15,30.86,94.97,9.57,Concluído
660,155,54,DevOps e CI/CD,2023-12-30,2024-03-13,39.22,76.33,7.69,Concluído
661,156,73,Gestão de Projetos,2024-11-04,2024-11-21,24.51,89.56,9.8,Concluído
662,156,37,Product Management,2024-03-01,2024-10-05,12.94,66.82,9.29,Concluído
663,156,93,Customer Success,2024-10-21,2024-10-25,29.75,70.83,7.72,Concluído
664,156,29,Power BI,2023-12-09,,6.71,11.8,,Cancelado
665,156,27,Vendas Consultivas,2024-12-16,2024-12-31,27.97,99.8,9.36,Concluído
666,156,6,Machine Learning,2023-11-04,2024-11-03,36.03,91.8,7.07,Concluído
667,156,4,Gestão de Tempo,2023-11-01,2024-05-30,34.36,86.02,8.13,Concluído
668,156,47,Gestão de Tempo,2024-12-29,2024-12-30,12.67,67.45,8.99,Concluído
669,157,84,Product Management,2024-07-10,2024-11-28,14.14,77.39,7.85,Concluído
670,157,60,Product Management,2024-07-14,2024-12-22,22.23,69.31,9.75,Concluído
671,159,38,Negociação,2024-07-21,2024-07-31,30.34,71.77,6.44,Concluído
672,159,95,Negociação,2024-07-03,2024-09-18,25.82,64.19,9.77,Concluído
673,159,9,Negociação,2024-11-01,2024-11-03,25.11,70.25,6.1,Concluído
674,159,90,Liderança e Gestão de Pessoas,2024-12-16,,7.51,17.57,,Cancelado
675,159,4,Data Analytics,2024-12-24,2024-12-27,34.24,66.92,9.67,Concluído
676,159,11,Vendas Consultivas,2024-11-23,2024-12-20,4.59,95.53,7.16,Concluído
677,159,4,JavaScript Moderno,2024-07-19,2024-09-28,5.44,68.28,8.74,Concluído
678,160,5,Design Thinking,2023-04-01,2024-09-17,17.12,81.99,8.05,Concluído
679,160,15,Product Management,2024-05-21,2024-12-15,19.5,64.63,7.43,Concluído
680,160,16,Comunicação Eficaz,2024-09-07,2024-10-20,37.74,82.67,7.61,Concluído
681,160,9,Comunicação Eficaz,2023-08-04,,10.53,61.68,,Em Andamento
682,160,91,Customer Success,2023-11-13,2024-05-03,8.13,63.17,6.49,Concluído
683,161,25,Cloud Computing AWS,2024-12-17,2024-12-22,34.46,74.79,6.83,Concluído
684,161,33,Comunicação Eficaz,2024-06-07,2024-09-23,7.78,60.42,9.85,Concluído
685,161,90,Machine Learning,2024-06-26,,8.26,10.93,,Em Andamento
686,161,42,Liderança e Gestão de Pessoas,2024-09-14,2024-10-08,36.28,77.55,6.58,Concluído
687,161,3,Liderança e Gestão de Pessoas,2024-09-26,2024-12-28,15.02,72.03,8.99,Concluído
688,161,17,Oratória,2024-09-19,2024-12-23,32.48,86.97,8.44,Concluído
689,162,95,Power BI,2024-12-28,2024-12-31,5.4,97.23,6.06,Concluído
690,162,99,Gestão de Tempo,2024-04-28,2024-12-08,6.68,63.94,8.36,Concluído
691,162,93,Comunicação Eficaz,2024-11-17,2024-12-27,33.21,64.57,8.73,Concluído
692,162,18,Gestão de Tempo,2023-12-24,,3.99,71.22,,Em Andamento
693,162,76,Cloud Computing AWS,2024-02-28,2024-08-03,34.87,73.42,8.93,Concluído
694,163,91,Gestão de Tempo,2023-04-16,,6.76,17.25,,Em Andamento
695,163,91,Customer Success,2022-12-29,2024-10-20,19.35,69.71,6.69,Concluído
696,163,11,DevOps e CI/CD,2024-08-15,2024-12-05,18.17,81.95,9.58,Concluído
697,163,60,Liderança e Gestão de Pessoas,2023-10-22,2024-08-07,31.57,65.43,8.56,Concluído
698,164,85,Comunicação Eficaz,2024-08-20,2024-12-19,19.34,80.67,7.99,Concluído
699,164,18,Product Management,2024-10-27,2024-12-30,6.4,87.65,6.01,Concluído
700,165,29,Liderança e Gestão de Pessoas,2024-04-29,2024-07-30,12.03,87.78,6.33,Concluído
701,165,24,Data Analytics,2024-08-30,2024-10-28,39.76,62.19,8.31,Concluído
702,165,11,Power BI,2024-09-24,2024-12-24,7.02,66.56,7.55,Concluído
703,165,42,Segurança da Informação,2024-10-12,,2.36,32.46,,Cancelado
704,166,54,JavaScript Moderno,2024-08-11,2024-08-26,35.46,82.49,9.53,Concluído
705,167,87,Python Avançado,2023-01-30,,2.36,24.38,,Em Andamento
706,167,97,Power BI,2024-08-02,2024-12-03,24.45,79.34,7.56,Concluído
707,167,83,DevOps e CI/CD,2022-11-23,2023-06-23,19.03,83.33,6.87,Concluído
708,167,92,Design Thinking,2022-12-17,2024-10-06,29.28,77.13,9.99,Concluído
709,167,7,Customer Success,2023-10-30,2024-09-27,27.24,93.26,6.15,Concluído
710,167,89,Gestão de Tempo,2022-12-26,2024-09-27,5.55,74.43,8.49,Concluído
711,168,38,Liderança e Gestão de Pessoas,2024-12-26,,9.67,35.65,,Cancelado
712,168,54,Vendas Consultivas,2024-12-22,2024-12-24,30.96,70.45,9.38,Concluído
713,168,75,Agile/Scrum,2024-12-27,2024-12-29,4.46,90.06,8.38,Concluído
714,168,95,Gestão de Tempo,2024-12-21,2024-12-23,7.32,80.19,9.05,Concluído
715,168,34,Vendas Consultivas,2024-12-30,,5.79,44.4,,Em Andamento
716,168,90,Gestão de Tempo,2024-12-21,2024-12-23,34.15,71.16,7.8,Concluído
717,168,86,Agile/Scrum,2024-12-22,2024-12-28,19.68,98.76,7.49,Concluído
718,168,14,Liderança e Gestão de Pessoas,2024-12-25,2024-12-31,21.77,89.51,9.48,Concluído
719,169,7,Segurança da Informação,2023-03-19,2023-08-02,27.93,84.83,9.57,Concluído
720,169,75,Oratória,2022-11-30,,9.09,81.65,,Em Andamento
721,169,51,Liderança e Gestão de Pessoas,2022-10-26,2024-01-09,14.48,74.4,7.77,Concluído
722,169,32,Machine Learning,2024-11-20,2024-12-11,11.32,95.54,9.77,Concluído
723,169,64,Comunicação Eficaz,2024-01-28,2024-06-22,39.23,97.36,6.81,Concluído
724,171,1,Python Avançado,2023-01-11,2023-02-07,23.64,81.59,6.83,Concluído
725,171,31,Python Avançado,2022-07-24,2024-12-27,9.16,66.09,6.02,Concluído
726,171,79,Comunicação Eficaz,2022-10-28,,9.29,53.76,,Em Andamento
727,171,15,Gestão de Projetos,2024-03-02,2024-11-24,21.61,91.87,8.14,Concluído
728,171,77,Product Management,2023-09-02,2024-11-26,4.67,72.5,7.58,Concluído
729,171,83,Liderança e Gestão de Pessoas,2023-05-04,2024-06-16,25.24,77.37,8.87,Concluído
730,171,56,JavaScript Moderno,2022-11-26,2024-11-02,39.47,77.76,9.36,Concluído
731,171,93,Python Avançado,2022-08-09,2024-10-28,32.1,61.5,9.43,Concluído
732,172,53,Gestão de Projetos,2024-11-11,,11.42,27.2,,Em Andamento
733,172,50,Design Thinking,2024-11-05,2024-11-11,9.12,83.51,8.83,Concluído
734,172,80,Oratória,2024-09-11,,18.26,78.62,,Em Andamento
735,172,25,Excel Avançado,2024-12-20,2024-12-30,10.91,70.98,7.8,Concluído
736,172,11,Gestão de Tempo,2024-05-21,2024-10-07,10.34,77.64,7.18,Concluído
737,172,30,Vendas Consultivas,2024-07-21,2024-09-17,30.35,90.73,8.68,Concluído
738,173,44,Liderança e Gestão de Pessoas,2024-09-06,,1.56,13.17,,Cancelado
739,173,84,Power BI,2024-04-03,2024-07-23,19.94,88.61,6.42,Concluído
740,173,83,Comunicação Eficaz,2023-06-13,2023-11-23,4.58,83.75,7.14,Concluído
741,173,38,Machine Learning,2024-06-13,,8.15,76.23,,Em Andamento
742,173,21,Product Management,2024-12-21,,1.71,2.78,,Cancelado
743,173,12,Python Avançado,2024-02-20,2024-11-14,30.47,76.36,9.73,Concluído
744,175,17,DevOps e CI/CD,2024-11-05,2024-12-08,26.38,88.23,8.71,Concluído
745,175,33,Design Thinking,2024-11-18,2024-12-25,8.71,92.72,6.87,Concluído
746,175,74,Liderança e Gestão de Pessoas,2024-12-15,2024-12-26,29.99,69.3,6.07,Concluído
747,175,50,Oratória,2024-11-16,2024-11-29,35.81,75.08,8.99,Concluído
748,175,6,Gestão de Tempo,2024-12-31,2025-01-01,8.31,81.24,7.18,Concluído
749,175,29,JavaScript Moderno,2024-12-12,2024-12-20,32.57,82.24,6.73,Concluído
750,176,77,Design Thinking,2024-06-16,,2.4,1.5,,Em Andamento
751,177,10,Gestão de Tempo,2023-06-26,2024-11-16,29.4,97.75,8.07,Concluído
752,178,36,Liderança e Gestão de Pessoas,2023-11-28,2024-03-23,26.94,69.55,9.65,Concluído
753,178,45,Customer Success,2022-08-30,2024-05-09,23.0,89.75,9.97,Concluído
754,178,84,Comunicação Eficaz,2024-07-29,2024-12-04,11.51,64.32,8.24,Concluído
755,178,4,Machine Learning,2024-07-28,,7.54,79.52,,Em Andamento
756,178,6,Segurança da Informação,2024-09-18,,6.0,75.97,,Em Andamento
757,179,8,Gestão de Tempo,2023-06-01,,3.07,63.99,,Em Andamento
758,179,42,Segurança da Informação,2023-11-04,2024-04-23,20.07,61.38,7.34,Concluído
759,179,92,Data Analytics,2024-07-08,2024-12-19,32.64,92.74,8.53,Concluído
760,181,61,Product Management,2024-07-17,2024-08-04,39.91,98.88,7.08,Concluído
761,181,56,Comunicação Eficaz,2024-01-11,,7.88,3.73,,Cancelado
762,181,99,Power BI,2024-02-13,2024-03-17,19.72,80.33,8.57,Concluído
763,182,90,Comunicação Eficaz,2024-11-14,2024-12-06,14.86,81.1,6.3,Concluído
764,182,34,Segurança da Informação,2024-12-13,2024-12-20,21.84,75.47,6.24,Concluído
765,183,93,Gestão de Projetos,2023-11-20,2024-01-04,13.18,72.26,8.38,Concluído
766,183,87,Liderança e Gestão de Pessoas,2023-11-11,,12.59,29.47,,Em Andamento
767,183,55,Negociação,2024-11-18,2024-12-10,34.56,86.19,9.71,Concluído
768,183,43,JavaScript Moderno,2024-05-26,2024-10-16,26.53,79.14,7.9,Concluído
769,183,15,Comunicação Eficaz,2023-10-11,2024-06-09,14.72,71.32,9.05,Concluído
770,183,21,Data Analytics,2024-05-29,2024-12-15,35.61,85.9,6.51,Concluído
771,184,49,Design Thinking,2024-12-26,2024-12-28,38.71,96.52,8.28,Concluído
772,184,2,Machine Learning,2024-12-08,2024-12-17,20.35,93.0,7.36,Concluído
773,184,78,Power BI,2024-12-04,2024-12-29,38.87,82.9,9.95,Concluído
774,184,22,Segurança da Informação,2024-12-08,2024-12-21,15.85,85.14,8.63,Concluído
775,184,34,Cloud Computing AWS,2024-12-28,2024-12-30,24.82,70.28,6.13,Concluído
776,184,91,Machine Learning,2024-12-10,2024-12-17,35.55,99.14,8.44,Concluído
777,186,58,Oratória,2024-11-10,2024-12-25,17.86,66.58,9.5,Concluído
778,188,9,Power BI,2024-07-06,2024-08-13,36.57,80.78,9.46,Concluído
779,188,29,Design Thinking,2024-11-15,2024-12-27,12.4,91.13,9.89,Concluído
780,188,92,Gestão de Projetos,2023-12-25,,13.16,59.6,,Em Andamento
781,188,79,Power BI,2024-07-26,2024-09-10,13.73,62.43,9.21,Concluído
782,189,81,Oratória,2024-03-18,2024-12-12,19.28,88.96,7.54,Concluído
783,189,33,Gestão de Tempo,2024-12-25,2024-12-31,5.68,67.97,7.81,Concluído
784,189,71,Cloud Computing AWS,2024-11-19,2024-12-19,19.81,74.04,6.41,Concluído
785,189,52,Segurança da Informação,2024-06-22,2024-07-14,37.94,76.27,7.37,Concluído
786,190,64,Agile/Scrum,2024-12-23,2024-12-25,37.57,81.1,6.94,Concluído
787,190,16,Data Analytics,2024-05-19,2024-07-14,29.15,82.77,9.62,Concluído
788,191,40,DevOps e CI/CD,2024-10-29,,14.93,38.18,,Em Andamento
789,191,23,Product Management,2024-12-23,2024-12-30,27.15,96.9,7.92,Concluído
790,191,84,Agile/Scrum,2024-12-13,2024-12-19,15.23,79.76,6.5,Concluído
791,191,12,Oratória,2024-11-02,2024-12-02,39.53,93.68,6.41,Concluído
792,191,48,Comunicação Eficaz,2024-12-21,2024-12-31,16.94,78.24,6.56,Concluído
793,191,8,Cloud Computing AWS,2024-07-07,,9.97,23.91,,Cancelado
794,193,37,Vendas Consultivas,2023-06-08,2024-02-21,19.89,65.14,7.36,Concluído
795,193,24,Machine Learning,2023-07-05,,4.11,12.59,,Cancelado
796,193,78,Cloud Computing AWS,2023-06-04,2024-05-11,33.76,63.68,6.34,Concluído
797,195,13,Gestão de Projetos,2023-06-21,2024-01-10,27.51,64.68,9.31,Concluído
798,195,25,Product Management,2024-10-11,,7.63,49.82,,Em Andamento
799,195,32,Product Management,2024-09-29,2024-10-01,16.56,98.44,9.42,Concluído
800,195,94,Power BI,2024-03-13,,15.45,86.99,,Em Andamento
801,195,99,Agile/Scrum,2022-05-05,2023-03-09,16.14,78.05,8.79,Concluído
802,195,97,Gestão de Tempo,2022-06-11,2024-02-21,25.2,82.83,7.43,Concluído
803,195,85,Segurança da Informação,2023-07-28,2024-12-01,7.43,77.14,6.01,Concluído
804,196,40,Design Thinking,2024-12-23,2024-12-28,5.48,68.66,9.21,Concluído
805,196,61,Design Thinking,2024-11-11,,17.56,70.7,,Em Andamento
806,197,86,Negociação,2023-04-26,2024-06-29,19.61,93.3,8.53,Concluído
807,197,85,Vendas Consultivas,2023-10-05,,11.14,10.54,,Em Andamento
808,197,82,Product Management,2023-02-11,2024-05-16,32.22,82.58,9.05,Concluído
809,197,75,Gestão de Projetos,2024-02-21,,16.12,24.73,,Em Andamento
810,197,23,Vendas Consultivas,2022-11-06,2024-12-20,35.1,84.57,6.31,Concluído
811,197,85,Comunicação Eficaz,2024-07-13,2024-12-22,11.65,77.23,7.36,Concluído
812,197,16,Machine Learning,2022-12-23,2023-07-24,24.84,65.38,8.01,Concluído
813,197,76,Python Avançado,2022-10-20,,5.88,13.59,,Em Andamento
814,198,100,Data Analytics,2024-12-13,2024-12-15,38.99,95.55,6.42,Concluído
815,198,97,Design Thinking,2024-12-17,2024-12-24,14.73,82.35,6.31,Concluído
816,198,94,Liderança e Gestão de Pessoas,2024-12-30,2024-12-31,17.98,61.52,9.8,Concluído
817,198,35,Gestão de Projetos,2024-09-29,,7.88,88.47,,Em Andamento
818,198,36,DevOps e CI/CD,2024-12-04,2024-12-29,32.94,92.8,6.8,Concluído
819,198,95,Data Analytics,2024-10-29,2024-11-30,36.97,67.43,7.05,Concluído
820,198,80,Python Avançado,2024-10-14,,8.19,51.69,,Em Andamento
821,198,77,Gestão de Tempo,2024-10-15,2024-12-15,31.31,98.75,8.38,Concluído
822,199,63,Gestão de Tempo,2024-09-18,2024-09-27,25.68,71.71,6.94,Concluído
823,199,48,DevOps e CI/CD,2023-05-13,,6.12,0.72,,Cancelado
824,199,4,Excel Avançado,2023-04-28,2024-06-09,11.34,82.8,6.1,Concluído
825,199,44,Agile/Scrum,2023-08-27,,2.24,68.07,,Em Andamento
826,199,81,Data Analytics,2024-07-21,2024-10-04,26.47,71.98,6.84,Concluído
827,199,75,Data Analytics,2024-04-23,2024-06-16,25.88,60.12,6.5,Concluído
828,200,4,Liderança e Gestão de Pessoas,2024-04-24,2024-11-16,16.05,98.98,8.52,Concluído
829,200,87,Design Thinking,2024-06-16,2024-10-05,31.76,97.08,8.98,Concluído
830,200,3,Oratória,2024-11-30,2024-12-31,24.22,98.76,8.75,Concluído
831,200,42,Vendas Consultivas,2024-12-26,2024-12-29,13.53,88.04,8.21,Concluído
832,200,43,Design Thinking,2024-04-14,2024-07-31,24.53,71.31,6.65,Concluído
833,200,13,Segurança da Informação,2024-07-22,2024-12-14,36.82,67.96,6.82,Concluído
834,202,80,Negociação,2022-08-02,2023-09-16,33.32,87.49,7.99,Concluído
835,202,49,Design Thinking,2023-01-16,2023-12-23,22.26,94.02,8.71,Concluído
836,202,5,Negociação,2022-05-31,2024-02-11,39.84,83.6,7.04,Concluído
837,203,70,Negociação,2024-04-14,,3.94,36.47,,Cancelado
838,203,25,Customer Success,2023-12-30,2024-12-31,11.2,81.77,9.28,Concluído
839,203,71,Machine Learning,2022-09-15,2024-10-24,20.97,62.07,6.33,Concluído
840,203,59,Oratória,2023-10-15,2024-07-07,28.76,87.68,7.42,Concluído
841,203,76,Comunicação Eficaz,2024-02-05,2024-05-12,23.84,60.9,7.03,Concluído
842,203,71,Design Thinking,2024-07-29,2024-08-02,37.27,89.74,7.28,Concluído
843,203,5,Python Avançado,2023-04-27,2023-07-13,29.54,61.34,7.98,Concluído
844,203,93,Comunicação Eficaz,2024-01-31,,7.48,59.15,,Em Andamento
845,204,87,Data Analytics,2024-12-27,2024-12-28,37.31,83.31,9.5,Concluído
846,204,56,Customer Success,2024-08-21,2024-11-28,35.83,93.67,6.58,Concluído
847,205,8,Comunicação Eficaz,2023-07-15,2024-10-14,9.59,96.46,6.24,Concluído
848,206,15,JavaScript Moderno,2023-11-03,2023-12-29,25.2,77.25,7.99,Concluído
849,206,52,Python Avançado,2024-05-12,2024-07-16,12.43,61.51,9.0,Concluído
850,206,16,Customer Success,2023-11-17,,9.4,6.88,,Em Andamento
851,207,91,DevOps e CI/CD,2024-12-29,2024-12-30,22.59,62.57,6.01,Concluído
852,207,75,Data Analytics,2024-10-27,,1.21,16.79,,Cancelado
853,207,60,Product Management,2024-11-11,,6.63,15.61,,Cancelado
854,207,38,Power BI,2024-10-22,2024-11-16,30.17,72.3,7.55,Concluído
855,207,63,Power BI,2024-11-07,2024-11-19,36.07,60.91,9.21,Concluído
856,207,94,Comunicação Eficaz,2024-12-22,2024-12-26,6.01,99.83,8.05,Concluído
857,209,68,Gestão de Tempo,2024-04-29,2024-12-21,31.48,70.81,8.92,Concluído
858,209,11,Agile/Scrum,2024-06-03,2024-08-27,18.3,79.67,9.81,Concluído
859,209,7,Gestão de Projetos,2024-10-16,2024-11-22,10.66,64.89,9.81,Concluído
860,209,74,Design Thinking,2024-08-17,2024-11-15,38.47,96.21,8.96,Concluído
861,209,44,Negociação,2024-11-09,,17.75,33.58,,Em Andamento
862,210,33,Oratória,2024-09-09,2024-12-20,29.85,84.91,7.47,Concluído
863,211,100,Customer Success,2023-04-27,2023-09-06,21.42,65.66,8.21,Concluído
864,211,8,Negociação,2024-04-09,,14.06,50.99,,Em Andamento
865,211,59,Cloud Computing AWS,2022-12-28,,13.11,57.92,,Em Andamento
866,212,40,Product Management,2024-12-19,2024-12-23,27.54,65.82,8.88,Concluído
867,212,98,Customer Success,2024-12-30,2024-12-31,8.0,74.52,6.43,Concluído
868,213,9,JavaScript Moderno,2024-10-07,2024-10-15,6.18,71.23,9.53,Concluído
869,213,40,Power BI,2023-10-12,2023-11-15,8.07,72.09,7.13,Concluído
870,213,4,Cloud Computing AWS,2023-11-15,2024-07-17,20.74,95.0,8.01,Concluído
871,213,4,Design Thinking,2024-03-23,2024-05-31,26.22,98.63,9.57,Concluído
872,213,61,JavaScript Moderno,2024-05-09,2024-09-06,15.01,97.4,7.6,Concluído
873,213,86,Gestão de Tempo,2024-07-28,2024-11-21,22.65,74.06,8.78,Concluído
874,214,80,Vendas Consultivas,2023-01-25,2024-04-28,16.52,91.45,8.76,Concluído
875,214,53,Gestão de Tempo,2023-12-01,2024-11-27,29.22,68.71,7.61,Concluído
876,214,79,Negociação,2022-12-03,,9.97,81.97,,Em Andamento
877,214,13,Vendas Consultivas,2024-04-01,2024-10-01,27.69,65.13,8.54,Concluído
878,214,2,Agile/Scrum,2023-04-03,,16.19,43.52,,Em Andamento
879,214,92,Vendas Consultivas,2023-04-01,2024-11-05,29.19,69.42,8.9,Concluído
880,215,10,Data Analytics,2024-12-08,2024-12-15,14.96,95.8,6.45,Concluído
881,215,53,DevOps e CI/CD,2024-07-11,2024-12-29,26.37,87.13,7.89,Concluído
882,216,9,Liderança e Gestão de Pessoas,2024-09-16,2024-11-23,25.73,83.2,9.23,Concluído
883,216,26,Python Avançado,2023-09-03,2024-04-23,23.63,83.32,6.51,Concluído
884,216,52,Machine Learning,2023-09-03,2024-12-19,17.28,60.42,8.06,Concluído
885,216,66,Vendas Consultivas,2023-09-16,2024-09-21,35.32,73.56,9.36,Concluído
886,216,60,Oratória,2024-02-22,2024-06-07,30.67,92.5,7.78,Concluído
887,216,59,Oratória,2024-09-25,2024-12-20,4.93,85.85,6.09,Concluído
888,216,34,Agile/Scrum,2023-07-14,,16.74,44.79,,Em Andamento
889,217,22,Comunicação Eficaz,2024-02-13,2024-06-26,30.4,84.1,9.1,Concluído
890,217,52,Comunicação Eficaz,2024-06-24,,9.95,74.32,,Em Andamento
891,217,51,Product Management,2024-08-25,,3.58,21.55,,Cancelado
892,217,63,Segurança da Informação,2024-03-18,2024-10-13,22.86,66.75,6.27,Concluído
893,218,57,Power BI,2024-11-21,,10.35,52.93,,Em Andamento
894,218,32,Negociação,2024-12-20,2024-12-28,29.21,87.66,9.58,Concluído
895,218,42,Python Avançado,2024-12-13,2024-12-30,32.91,76.62,6.42,Concluído
896,218,99,Vendas Consultivas,2024-11-10,,16.24,24.96,,Em Andamento
897,218,93,Design Thinking,2024-11-24,2024-11-26,25.5,84.05,8.9,Concluído
898,218,81,Liderança e Gestão de Pessoas,2024-12-03,,13.55,74.92,,Em Andamento
899,218,63,Design Thinking,2024-11-24,,1.24,0.79,,Cancelado
900,219,45,Python Avançado,2024-08-13,,3.88,42.37,,Em Andamento
901,219,89,Excel Avançado,2022-12-07,2024-09-09,10.6,75.28,8.22,Concluído
902,219,14,JavaScript Moderno,2023-03-02,2024-12-23,17.18,66.5,9.66,Concluído
903,220,40,Machine Learning,2023-04-17,2024-03-11,16.79,86.0,6.62,Concluído
904,220,20,JavaScript Moderno,2024-08-11,,6.85,39.4,,Em Andamento
905,220,1,Negociação,2024-07-27,2024-09-13,9.54,71.01,6.51,Concluído
906,220,49,DevOps e CI/CD,2023-04-21,,9.3,41.18,,Em Andamento
907,220,60,Customer Success,2022-12-03,2024-11-06,38.34,71.14,6.43,Concluído
908,220,8,DevOps e CI/CD,2022-08-13,2023-04-08,20.25,74.96,7.76,Concluído
909,220,44,Excel Avançado,2023-02-25,,9.77,29.39,,Cancelado
910,221,6,Gestão de Tempo,2024-12-07,2024-12-31,6.13,89.13,6.0,Concluído
911,221,35,Product Management,2024-12-31,2025-01-01,26.62,80.79,9.66,Concluído
912,221,4,Design Thinking,2024-12-03,2024-12-12,13.0,96.22,6.29,Concluído
913,221,8,Liderança e Gestão de Pessoas,2024-12-05,2024-12-21,24.51,61.36,7.62,Concluído
914,221,60,DevOps e CI/CD,2024-12-04,2024-12-31,10.71,87.86,7.45,Concluído
915,221,4,Customer Success,2024-12-02,2024-12-28,21.02,83.06,6.72,Concluído
916,222,23,Negociação,2023-08-21,2024-01-07,6.9,68.47,8.71,Concluído
917,222,6,Cloud Computing AWS,2022-07-10,2023-04-30,5.68,91.6,6.87,Concluído
918,222,77,Segurança da Informação,2023-09-18,2024-05-14,9.16,97.25,7.02,Concluído
919,222,70,Customer Success,2024-12-27,2024-12-31,10.93,71.72,7.95,Concluído
920,222,68,Product Management,2022-07-10,2024-06-17,31.86,86.71,8.56,Concluído
921,223,5,Data Analytics,2024-12-10,2024-12-14,22.57,92.26,6.42,Concluído
922,223,22,Design Thinking,2024-11-19,2024-12-03,24.9,74.56,8.12,Concluído
923,223,4,JavaScript Moderno,2024-11-21,2024-12-09,16.08,80.97,7.15,Concluído
924,223,71,Product Management,2024-12-19,2024-12-24,10.74,84.38,8.2,Concluído
925,223,93,Comunicação Eficaz,2024-12-04,2024-12-27,34.39,64.19,6.68,Concluído
926,223,61,Design Thinking,2024-11-28,2024-12-14,8.67,83.52,6.79,Concluído
927,223,79,Liderança e Gestão de Pessoas,2024-11-16,2024-12-29,35.82,89.65,7.52,Concluído
928,225,84,Machine Learning,2024-02-19,2024-12-28,5.82,86.48,9.43,Concluído
929,225,63,Design Thinking,2022-12-30,2023-02-14,25.13,70.61,9.03,Concluído
930,225,43,Segurança da Informação,2024-09-08,2024-11-01,26.25,95.15,7.83,Concluído
931,225,24,Gestão de Projetos,2022-11-01,2023-04-23,32.03,78.04,6.95,Concluído
932,226,46,Product Management,2024-08-21,2024-12-01,15.72,81.49,6.04,Concluído
933,226,31,Agile/Scrum,2023-10-28,2024-05-23,5.13,75.72,7.28,Concluído
934,226,63,Cloud Computing AWS,2024-11-29,2024-12-04,18.55,63.08,9.04,Concluído
935,226,75,Negociação,2024-03-05,2024-06-01,16.52,67.14,8.73,Concluído
936,227,19,Product Management,2024-10-11,2024-10-30,9.03,93.92,6.52,Concluído
937,228,50,Power BI,2023-11-13,2024-05-01,23.87,79.14,9.16,Concluído
938,228,47,Agile/Scrum,2023-09-16,2023-12-08,28.47,70.33,6.64,Concluído
939,228,56,Negociação,2024-11-07,,19.58,78.89,,Em Andamento
940,228,66,DevOps e CI/CD,2022-05-17,2023-01-13,24.15,71.31,9.99,Concluído
941,228,51,Data Analytics,2024-05-22,,5.5,46.01,,Em Andamento
942,229,83,Design Thinking,2024-06-19,,9.46,36.52,,Em Andamento
943,230,43,Gestão de Projetos,2024-10-30,,10.66,33.23,,Em Andamento
944,230,79,Power BI,2023-06-15,2023-11-09,10.71,74.58,7.94,Concluído
945,230,72,Data Analytics,2024-06-15,2024-10-14,4.57,84.75,9.49,Concluído
946,230,19,Liderança e Gestão de Pessoas,2023-12-20,,10.15,7.83,,Em Andamento
947,230,64,Python Avançado,2023-12-01,,7.2,74.16,,Em Andamento
948,230,65,Excel Avançado,2023-12-13,2024-11-28,26.71,88.95,7.63,Concluído
949,230,54,Gestão de Tempo,2024-02-03,,7.9,14.2,,Em Andamento
950,230,66,JavaScript Moderno,2024-01-01,2024-07-22,31.39,94.89,8.92,Concluído
951,231,45,JavaScript Moderno,2024-01-12,2024-10-02,20.97,99.69,6.34,Concluído
952,231,4,Gestão de Tempo,2024-07-28,2024-11-12,36.76,86.59,9.68,Concluído
953,231,93,Excel Avançado,2024-08-01,,2.55,48.08,,Em Andamento
954,233,100,Gestão de Projetos,2024-04-27,2024-06-12,18.19,99.81,7.75,Concluído
955,233,34,Vendas Consultivas,2023-06-30,,5.34,32.35,,Em Andamento
956,233,23,JavaScript Moderno,2023-08-31,2024-08-19,32.7,88.24,8.81,Concluído
957,233,100,Cloud Computing AWS,2022-12-26,2023-12-18,15.35,72.8,6.95,Concluído
958,234,73,Product Management,2024-02-05,,5.38,78.64,,Em Andamento
959,235,100,Comunicação Eficaz,2024-11-28,2024-12-24,29.37,88.09,7.35,Concluído
960,235,42,Agile/Scrum,2024-12-06,2024-12-31,18.36,93.33,9.84,Concluído
961,235,44,Python Avançado,2024-11-10,2024-12-27,19.31,89.42,6.02,Concluído
962,235,96,Segurança da Informação,2024-11-23,,13.55,36.55,,Em Andamento
963,235,18,Vendas Consultivas,2024-12-13,2024-12-30,28.49,96.5,6.34,Concluído
964,235,34,Gestão de Projetos,2024-12-10,2024-12-14,30.53,63.49,8.33,Concluído
965,235,28,Product Management,2024-11-24,,17.49,69.78,,Em Andamento
966,236,95,Excel Avançado,2024-10-20,2024-10-29,36.61,78.33,9.88,Concluído
967,236,77,DevOps e CI/CD,2024-05-22,2024-12-01,26.27,97.66,8.32,Concluído
968,236,40,Product Management,2024-07-14,2024-08-31,18.62,75.13,6.55,Concluído
969,236,86,Excel Avançado,2024-12-26,2024-12-27,16.51,69.38,9.39,Concluído
970,236,54,Gestão de Projetos,2024-02-18,2024-05-08,28.48,64.14,7.19,Concluído
971,236,35,JavaScript Moderno,2024-08-01,2024-11-30,21.91,88.33,9.06,Concluído
972,237,92,Cloud Computing AWS,2022-12-03,2023-10-08,10.69,85.83,6.52,Concluído
973,237,57,Excel Avançado,2024-10-18,2024-12-31,22.48,69.3,6.11,Concluído
974,238,31,Python Avançado,2024-06-04,2024-07-20,5.13,74.61,8.36,Concluído
975,238,39,Oratória,2024-03-31,2024-07-30,30.48,64.04,6.67,Concluído
976,238,26,Customer Success,2024-01-30,2024-05-21,15.61,77.06,7.27,Concluído
977,239,9,Power BI,2023-09-05,2024-07-11,38.67,85.31,8.69,Concluído
978,239,58,Product Management,2024-02-20,,5.52,31.34,,Em Andamento
979,239,82,Agile/Scrum,2024-07-01,,17.58,19.01,,Em Andamento
980,239,89,Negociação,2023-12-17,2024-07-15,7.88,98.56,8.18,Concluído
981,240,76,Liderança e Gestão de Pessoas,2024-05-22,,4.39,85.19,,Em Andamento
982,240,45,Comunicação Eficaz,2024-01-26,2024-04-24,28.76,97.25,9.72,Concluído
983,241,66,Python Avançado,2024-11-12,2024-11-19,38.35,86.55,9.03,Concluído
984,241,39,Agile/Scrum,2024-07-02,2024-09-16,17.29,67.82,8.39,Concluído
985,241,56,Customer Success,2024-01-01,2024-04-13,16.19,80.69,6.87,Concluído
986,241,2,Python Avançado,2023-12-06,2024-06-21,28.92,64.02,6.33,Concluído
987,241,89,Customer Success,2024-01-26,2024-02-06,20.3,86.73,7.94,Concluído
988,241,78,Power BI,2024-05-17,2024-11-13,8.57,60.16,7.04,Concluído
989,241,68,Design Thinking,2023-12-23,,5.13,40.81,,Em Andamento
990,242,58,Gestão de Projetos,2024-09-07,2024-11-04,26.38,83.76,6.56,Concluído
991,242,97,JavaScript Moderno,2022-12-22,2023-06-14,23.97,62.61,8.45,Concluído
992,242,72,Python Avançado,2024-08-20,2024-12-14,19.98,87.58,7.25,Concluído
993,242,78,Product Management,2024-10-05,2024-10-07,38.72,95.34,9.55,Concluído
994,243,51,Design Thinking,2023-09-24,2024-03-14,8.34,60.05,7.3,Concluído
995,243,35,Python Avançado,2023-12-25,2024-09-28,29.42,96.1,9.38,Concluído
996,245,76,Gestão de Tempo,2024-02-05,2024-07-27,17.63,77.6,7.13,Concluído
997,245,79,Liderança e Gestão de Pessoas,2024-06-02,2024-09-02,13.29,90.1,9.73,Concluído
998,245,42,Design Thinking,2023-11-21,2023-12-20,28.38,73.2,6.87,Concluído
999,246,55,Negociação,2024-09-11,2024-10-08,8.17,84.79,6.59,Concluído
1000,246,90,Machine Learning,2024-09-06,2024-10-16,33.63,74.36,6.81,Concluído
1001,247,66,Gestão de Tempo,2024-11-30,2024-12-29,25.83,76.37,9.1,Concluído
1002,247,19,Design Thinking,2024-10-27,,14.67,59.18,,Em Andamento
1003,247,26,JavaScript Moderno,2024-07-28,2024-10-06,29.12,87.69,6.91,Concluído
1004,247,56,DevOps e CI/CD,2024-09-02,2024-09-12,21.9,64.63,7.85,Concluído
1005,247,45,Design Thinking,2024-05-26,,4.08,30.3,,Cancelado
1006,248,73,Gestão de Tempo,2024-04-17,,16.52,38.25,,Em Andamento
1007,248,31,Negociação,2024-10-12,2024-10-29,32.02,81.52,8.43,Concluído
1008,248,81,Liderança e Gestão de Pessoas,2024-10-07,2024-10-27,20.62,73.01,8.08,Concluído
1009,249,40,Python Avançado,2024-09-30,2024-12-18,29.23,68.77,7.2,Concluído
1010,249,5,Excel Avançado,2024-12-05,2024-12-08,9.72,72.4,7.42,Concluído
1011,249,47,Excel Avançado,2024-09-18,2024-10-28,18.02,82.01,9.64,Concluído
1012,249,63,Machine Learning,2024-08-13,2024-11-16,4.81,86.79,6.64,Concluído
1013,250,30,Gestão de Projetos,2024-06-25,2024-10-14,37.15,92.54,7.52,Concluído
1014,250,42,Liderança e Gestão de Pessoas,2024-11-01,2024-11-30,27.72,84.31,8.28,Concluído
1015,250,13,Agile/Scrum,2024-03-15,2024-09-13,18.23,98.65,9.07,Concluído
1016,250,14,Gestão de Tempo,2024-08-06,2024-10-04,10.1,92.19,7.12,Concluído
1017,250,73,Design Thinking,2024-04-05,2024-05-08,29.64,80.53,8.0,Concluído
1018,250,80,JavaScript Moderno,2024-05-25,2024-08-15,9.17,88.0,6.35,Concluído
1019,250,39,Gestão de Projetos,2024-03-17,2024-04-09,28.78,89.44,6.26,Concluído
1020,251,31,Comunicação Eficaz,2024-08-22,2024-11-19,24.6,72.88,10.0,Concluído
1021,251,45,Machine Learning,2024-12-20,2024-12-25,26.25,96.61,8.45,Concluído
1022,251,30,Machine Learning,2023-10-14,2024-03-07,37.42,92.99,7.13,Concluído
1023,251,82,Data Analytics,2023-04-29,,6.42,80.89,,Em Andamento
1024,251,74,Oratória,2023-11-13,,17.6,30.84,,Em Andamento
1025,251,27,Liderança e Gestão de Pessoas,2023-04-22,2023-06-16,24.21,71.78,8.24,Concluído
1026,251,95,Liderança e Gestão de Pessoas,2022-10-20,2024-08-28,5.77,70.19,9.08,Concluído
1027,252,16,Excel Avançado,2023-02-25,2024-09-27,27.0,99.81,6.97,Concluído
1028,252,84,Machine Learning,2024-12-13,2024-12-20,35.83,88.73,6.82,Concluído
1029,252,20,Power BI,2024-10-20,2024-12-18,31.29,88.79,6.44,Concluído
1030,252,86,Python Avançado,2024-10-15,,4.87,72.08,,Em Andamento
1031,254,82,Data Analytics,2024-11-30,2024-12-17,11.91,78.45,9.71,Concluído
1032,254,8,Negociação,2023-08-22,2024-10-17,27.81,92.1,6.11,Concluído
1033,254,74,JavaScript Moderno,2023-12-25,,12.03,79.86,,Em Andamento
1034,254,31,Machine Learning,2023-05-04,2024-05-03,9.06,95.31,7.8,Concluído
1035,254,45,Design Thinking,2024-07-04,2024-07-22,27.74,87.26,8.42,Concluído
1036,254,51,Vendas Consultivas,2024-08-02,2024-10-05,22.84,82.62,8.37,Concluído
1037,255,29,Vendas Consultivas,2023-03-27,2023-12-21,12.34,65.76,9.87,Concluído
1038,255,77,Agile/Scrum,2024-07-08,2024-09-13,26.43,84.29,7.28,Concluído
1039,257,79,Gestão de Tempo,2024-06-15,2024-10-27,21.25,84.63,9.58,Concluído
1040,257,62,Customer Success,2023-03-23,2023-06-23,27.01,94.01,6.1,Concluído
1041,257,28,Power BI,2023-03-07,2024-06-05,22.71,99.46,7.54,Concluído
1042,258,79,Oratória,2024-11-03,2024-11-23,10.41,75.65,8.31,Concluído
1043,258,95,Excel Avançado,2024-12-09,2024-12-21,38.66,88.98,8.19,Concluído
1044,258,89,Cloud Computing AWS,2023-01-15,2023-05-10,28.48,87.97,9.93,Concluído
1045,258,19,Design Thinking,2024-11-12,2024-12-18,31.86,79.65,9.4,Concluído
1046,260,2,Comunicação Eficaz,2024-07-07,2024-12-31,32.75,98.82,8.2,Concluído
1047,260,7,Data Analytics,2024-12-13,2024-12-28,7.7,84.61,7.83,Concluído
1048,260,31,JavaScript Moderno,2024-09-19,2024-12-09,30.94,99.85,8.39,Concluído
1049,260,93,Excel Avançado,2024-07-12,2024-08-27,39.46,70.97,6.02,Concluído
1050,260,97,Liderança e Gestão de Pessoas,2024-08-20,2024-09-07,8.72,66.01,6.22,Concluído
1051,260,15,Gestão de Tempo,2024-10-17,2024-12-14,16.3,74.29,7.31,Concluído
1052,260,99,JavaScript Moderno,2024-10-11,2024-10-19,6.01,84.29,7.98,Concluído
1053,261,56,Data Analytics,2024-12-31,2025-01-01,10.5,75.49,6.41,Concluído
1054,261,13,Oratória,2024-12-28,2024-12-29,8.25,76.72,7.96,Concluído
1055,261,48,Data Analytics,2024-12-15,2024-12-27,24.78,85.56,8.25,Concluído
1056,262,77,Design Thinking,2024-11-25,2024-12-06,24.88,89.01,8.39,Concluído
1057,262,10,Liderança e Gestão de Pessoas,2024-12-07,,12.2,78.73,,Em Andamento
1058,262,58,Vendas Consultivas,2024-12-01,2024-12-16,11.49,67.84,7.71,Concluído
1059,262,99,Oratória,2024-12-28,2024-12-30,33.63,97.41,9.85,Concluído
1060,262,85,Negociação,2024-11-22,2024-12-24,36.75,83.34,7.75,Concluído
1061,262,47,Customer Success,2024-12-13,2024-12-24,30.02,76.27,6.47,Concluído
1062,264,48,Segurança da Informação,2024-09-01,,17.56,6.0,,Em Andamento
1063,264,40,Excel Avançado,2023-07-11,2024-06-15,8.94,78.25,7.65,Concluído
1064,264,94,Cloud Computing AWS,2024-09-12,2024-11-15,38.47,61.86,8.47,Concluído
1065,264,81,Oratória,2023-08-23,2024-03-14,14.78,60.27,7.63,Concluído
1066,264,38,Product Management,2024-02-16,2024-05-20,32.16,61.27,8.02,Concluído
1067,264,21,Python Avançado,2024-09-05,2024-09-06,20.73,85.19,9.44,Concluído
1068,266,87,Cloud Computing AWS,2024-07-26,2024-09-22,10.64,66.98,8.24,Concluído
1069,266,42,Vendas Consultivas,2024-06-20,2024-07-25,17.76,75.12,9.59,Concluído
1070,267,13,Vendas Consultivas,2024-06-27,2024-10-26,25.24,72.6,8.52,Concluído
1071,268,29,Gestão de Tempo,2024-08-21,2024-10-22,31.14,81.85,8.92,Concluído
1072,268,45,Power BI,2024-08-22,2024-09-09,27.79,73.9,7.73,Concluído
1073,269,1,JavaScript Moderno,2023-11-01,2024-10-14,21.05,65.19,7.29,Concluído
1074,269,59,Excel Avançado,2024-08-13,2024-12-19,23.74,90.16,8.67,Concluído
1075,269,4,Power BI,2024-09-20,2024-12-07,6.86,68.4,7.69,Concluído
1076,269,87,Excel Avançado,2024-05-28,2024-06-11,7.47,60.12,7.26,Concluído
1077,269,84,Customer Success,2024-06-29,2024-07-26,26.86,78.09,8.47,Concluído
1078,270,100,Liderança e Gestão de Pessoas,2024-02-15,,8.52,44.17,,Em Andamento
1079,270,22,Negociação,2024-05-17,2024-07-31,28.21,89.42,7.43,Concluído
1080,270,66,Agile/Scrum,2024-02-09,2024-10-27,9.86,92.55,9.62,Concluído
1081,270,60,Cloud Computing AWS,2024-11-06,2024-11-27,38.17,61.44,7.09,Concluído
1082,271,16,Segurança da Informação,2024-05-20,2024-08-24,5.25,73.38,7.24,Concluído
1083,271,57,Gestão de Tempo,2024-03-16,2024-11-01,20.49,99.26,9.04,Concluído
1084,271,86,Excel Avançado,2024-09-02,2024-12-21,5.07,63.71,8.73,Concluído
1085,271,70,DevOps e CI/CD,2024-12-17,2024-12-23,11.61,66.87,9.27,Concluído
1086,271,76,Comunicação Eficaz,2024-12-01,2024-12-12,34.52,91.39,9.91,Concluído
1087,271,89,Design Thinking,2024-11-22,,5.36,29.48,,Cancelado
1088,271,15,DevOps e CI/CD,2024-12-15,2024-12-20,8.73,93.55,7.66,Concluído
1089,271,3,Design Thinking,2024-09-06,2024-10-09,28.17,77.4,8.39,Concluído
1090,272,10,Cloud Computing AWS,2024-11-27,2024-12-08,4.7,74.16,8.85,Concluído
1091,272,76,JavaScript Moderno,2024-09-28,,15.73,23.29,,Em Andamento
1092,272,34,Product Management,2024-12-08,2024-12-24,38.25,70.44,6.82,Concluído
1093,272,73,Data Analytics,2024-12-05,2024-12-19,26.85,79.07,6.8,Concluído
1094,272,61,Negociação,2024-12-22,2024-12-24,25.32,81.62,6.97,Concluído
1095,272,81,Negociação,2024-11-27,,4.03,46.43,,Em Andamento
1096,272,21,Agile/Scrum,2024-10-10,2024-12-10,12.41,95.1,8.44,Concluído
1097,272,2,Data Analytics,2024-10-20,2024-11-25,12.46,96.21,6.33,Concluído
1098,273,66,Python Avançado,2023-02-18,2024-10-27,21.47,69.83,7.67,Concluído
1099,273,93,Machine Learning,2024-11-08,,13.63,75.75,,Em Andamento
1100,273,24,Agile/Scrum,2023-04-07,2023-05-29,10.2,97.53,9.32,Concluído
1101,273,63,Liderança e Gestão de Pessoas,2023-08-01,2024-04-02,14.57,64.49,9.45,Concluído
1102,273,33,Negociação,2024-11-25,,12.11,37.38,,Em Andamento
1103,273,86,Excel Avançado,2023-09-19,2023-10-07,32.91,98.9,9.2,Concluído
1104,273,18,Customer Success,2024-06-21,2024-11-30,4.53,71.79,6.75,Concluído
1105,274,31,Python Avançado,2024-12-30,2024-12-31,8.48,91.41,9.41,Concluído
1106,274,8,Machine Learning,2024-12-30,2024-12-31,11.55,95.59,6.9,Concluído
1107,274,45,Customer Success,2024-12-30,2024-12-31,15.96,68.92,7.99,Concluído
1108,274,43,Negociação,2024-12-24,2024-12-31,22.03,63.27,6.65,Concluído
1109,275,23,Gestão de Tempo,2024-12-18,2024-12-27,26.19,71.51,7.47,Concluído
1110,275,66,Agile/Scrum,2022-08-16,2024-05-27,20.26,66.57,6.21,Concluído
1111,276,82,Python Avançado,2023-04-18,2024-05-09,20.45,88.76,7.73,Concluído
1112,276,17,Customer Success,2024-10-17,,9.0,74.53,,Em Andamento
1113,277,78,Power BI,2025-01-01,2025-01-02,34.73,70.25,6.96,Concluído
1114,278,17,Oratória,2024-12-24,2024-12-31,39.42,61.08,8.32,Concluído
1115,278,75,Excel Avançado,2024-09-08,,11.48,45.79,,Em Andamento
1116,278,19,Excel Avançado,2024-09-30,2024-12-14,28.07,83.75,7.11,Concluído
1117,278,40,Design Thinking,2024-10-05,2024-10-13,9.28,70.03,7.16,Concluído
1118,278,1,JavaScript Moderno,2024-11-23,2024-12-20,34.12,70.29,6.92,Concluído
1119,278,89,Comunicação Eficaz,2024-12-11,2024-12-21,7.63,72.21,7.2,Concluído
1120,279,91,Machine Learning,2024-12-02,2024-12-26,32.74,72.68,7.27,Concluído
1121,279,3,Negociação,2024-12-31,2025-01-01,27.99,72.72,7.19,Concluído
1122,279,72,Oratória,2024-12-22,2024-12-26,4.9,79.03,9.92,Concluído
1123,279,78,Vendas Consultivas,2024-11-22,2024-11-29,37.81,77.47,6.9,Concluído
1124,279,17,Gestão de Tempo,2024-12-14,2024-12-21,22.97,79.35,7.95,Concluído
1125,280,98,Python Avançado,2024-02-29,2024-07-10,9.46,99.82,6.46,Concluído
1126,280,37,Gestão de Projetos,2024-08-28,2024-09-24,22.97,63.92,7.1,Concluído
1127,280,39,Machine Learning,2023-11-06,2024-06-27,39.09,61.74,9.66,Concluído
1128,280,55,Agile/Scrum,2024-06-29,2024-10-30,11.8,86.99,6.2,Concluído
1129,280,63,Power BI,2023-11-18,2024-09-23,37.01,85.08,8.23,Concluído
1130,280,68,Segurança da Informação,2023-12-13,2024-02-01,17.42,81.24,9.97,Concluído
1131,280,54,Data Analytics,2024-07-20,2024-12-07,16.83,91.42,9.57,Concluído
1132,281,94,Cloud Computing AWS,2022-10-01,2024-11-29,14.12,95.16,9.06,Concluído
1133,281,91,Liderança e Gestão de Pessoas,2024-01-25,2024-11-09,31.55,83.14,8.82,Concluído
1134,281,16,Agile/Scrum,2023-12-26,2024-10-30,7.59,67.25,8.48,Concluído
1135,282,85,Oratória,2023-12-17,2023-12-19,32.08,67.59,7.65,Concluído
1136,282,25,Excel Avançado,2024-09-03,2024-10-17,39.35,72.35,6.75,Concluído
1137,282,2,Vendas Consultivas,2024-06-02,2024-12-16,29.64,65.1,8.38,Concluído
1138,282,28,Comunicação Eficaz,2023-09-13,,17.69,60.75,,Em Andamento
1139,282,5,Cloud Computing AWS,2024-01-15,2024-12-01,31.91,93.45,9.88,Concluído
1140,282,29,Gestão de Projetos,2024-06-27,2024-10-23,28.5,75.05,6.9,Concluído
1141,282,98,JavaScript Moderno,2024-01-16,2024-10-07,4.14,86.6,8.62,Concluído
1142,283,18,Vendas Consultivas,2024-03-20,2024-04-04,12.61,64.75,9.69,Concluído
1143,283,77,Agile/Scrum,2023-12-22,2024-09-24,26.3,77.27,9.77,Concluído
1144,284,61,Liderança e Gestão de Pessoas,2023-01-17,2024-06-16,8.01,86.36,9.34,Concluído
1145,285,81,Comunicação Eficaz,2023-10-17,2023-11-06,16.96,82.82,7.76,Concluído
1146,285,73,Agile/Scrum,2024-02-27,2024-06-14,36.62,97.36,6.34,Concluído
1147,286,14,Machine Learning,2024-12-26,2024-12-30,7.84,96.57,7.43,Concluído
1148,286,50,Oratória,2024-12-11,2024-12-12,13.94,78.67,9.01,Concluído
1149,286,61,Liderança e Gestão de Pessoas,2024-12-13,2024-12-17,8.55,73.58,7.56,Concluído
1150,286,69,Design Thinking,2024-12-12,2024-12-19,5.21,76.44,7.54,Concluído
1151,286,61,Design Thinking,2024-12-25,,6.3,70.09,,Em Andamento
1152,286,47,Power BI,2024-12-27,2024-12-28,32.73,81.87,8.98,Concluído
1153,286,23,Negociação,2024-12-12,,6.08,4.27,,Em Andamento
1154,287,25,Cloud Computing AWS,2024-06-29,,11.65,17.28,,Em Andamento
1155,288,67,JavaScript Moderno,2023-03-18,,3.68,53.62,,Em Andamento
1156,288,7,Liderança e Gestão de Pessoas,2024-05-14,,19.19,64.81,,Em Andamento
1157,288,87,JavaScript Moderno,2023-05-08,2024-05-14,19.86,91.29,6.15,Concluído
1158,288,74,Vendas Consultivas,2023-11-05,2024-05-03,10.28,99.84,6.64,Concluído
1159,288,91,Cloud Computing AWS,2023-03-13,2024-04-19,36.04,92.67,7.35,Concluído
1160,288,46,Comunicação Eficaz,2023-09-02,2024-04-11,33.22,71.88,8.41,Concluído
1161,288,46,Gestão de Tempo,2024-12-14,,5.71,30.45,,Em Andamento
1162,289,33,Cloud Computing AWS,2024-12-09,,9.94,88.94,,Em Andamento
1163,289,90,DevOps e CI/CD,2024-05-14,2024-12-17,17.82,76.37,6.5,Concluído
1164,289,46,Machine Learning,2024-04-26,2024-08-17,14.95,71.1,8.35,Concluído
1165,289,55,Customer Success,2024-01-03,2024-03-31,14.59,74.4,8.77,Concluído
1166,290,11,JavaScript Moderno,2024-03-21,2024-04-17,20.2,69.18,7.5,Concluído
1167,290,89,Gestão de Tempo,2024-11-20,,13.79,35.83,,Em Andamento
1168,290,29,Data Analytics,2024-02-11,,16.46,56.01,,Em Andamento
1169,290,73,Agile/Scrum,2023-11-10,2024-05-23,8.42,69.38,9.38,Concluído
1170,291,1,Cloud Computing AWS,2024-03-02,2024-08-12,30.72,67.34,7.12,Concluído
1171,291,8,Agile/Scrum,2024-07-10,2024-09-03,30.69,78.61,9.36,Concluído
1172,291,31,Negociação,2024-08-14,,2.48,72.41,,Em Andamento
1173,291,29,Customer Success,2024-10-10,2024-11-25,17.29,85.8,9.94,Concluído
1174,291,74,DevOps e CI/CD,2024-05-27,2024-09-19,26.81,84.52,7.49,Concluído
1175,292,8,Comunicação Eficaz,2024-10-22,2024-11-12,14.53,85.92,8.53,Concluído
1176,292,75,Vendas Consultivas,2024-11-01,2024-12-02,10.03,80.61,7.31,Concluído
1177,292,56,Machine Learning,2024-12-30,2024-12-31,6.22,85.63,8.09,Concluído
1178,292,52,Machine Learning,2024-10-28,2024-11-11,12.37,60.23,7.33,Concluído
1179,292,78,Segurança da Informação,2024-12-10,2024-12-30,37.29,64.33,7.05,Concluído
1180,292,62,Power BI,2024-12-30,,4.86,25.51,,Em Andamento
1181,292,28,Agile/Scrum,2024-12-26,2024-12-31,24.26,73.45,6.62,Concluído
1182,293,80,Python Avançado,2023-12-04,,15.03,65.54,,Em Andamento
1183,293,63,Design Thinking,2024-10-02,2024-10-12,10.86,82.38,9.21,Concluído
1184,293,49,Design Thinking,2024-07-12,2024-08-28,11.34,88.73,6.17,Concluído
1185,293,14,Agile/Scrum,2024-03-16,2024-08-11,4.72,76.29,7.25,Concluído
1186,293,55,Gestão de Tempo,2024-07-27,2024-10-09,24.32,62.29,6.28,Concluído
1187,293,91,Machine Learning,2024-05-09,2024-10-02,4.51,68.89,9.12,Concluído
1188,293,5,Negociação,2024-09-21,2024-10-03,6.55,93.3,7.82,Concluído
1189,294,8,Machine Learning,2024-06-12,2024-08-19,7.65,78.35,7.65,Concluído
1190,294,54,Oratória,2024-10-02,2024-12-02,29.13,85.48,6.86,Concluído
1191,294,7,Excel Avançado,2024-12-25,2024-12-27,16.42,76.55,7.96,Concluído
1192,295,57,Liderança e Gestão de Pessoas,2024-05-11,,6.74,36.48,,Cancelado
1193,296,48,Vendas Consultivas,2023-10-31,2023-11-29,28.81,68.62,6.25,Concluído
1194,296,44,Product Management,2024-04-17,2024-04-22,6.57,60.13,7.51,Concluído
1195,296,20,Power BI,2024-11-23,2024-11-27,4.23,64.01,9.32,Concluído
1196,296,79,JavaScript Moderno,2023-12-11,2024-07-01,10.09,68.73,8.24,Concluído
1197,296,98,Liderança e Gestão de Pessoas,2024-03-16,2024-05-18,30.83,93.29,9.69,Concluído
1198,296,1,Oratória,2023-11-08,2024-12-17,24.39,83.52,7.07,Concluído
1199,296,15,Product Management,2024-05-29,2024-09-29,22.65,61.59,9.37,Concluído
1200,297,20,Gestão de Tempo,2023-07-03,2024-09-11,32.49,67.18,6.92,Concluído
1201,297,76,JavaScript Moderno,2023-08-31,2024-09-30,17.72,98.8,6.54,Concluído
1202,297,63,Customer Success,2024-01-26,2024-09-11,8.38,62.52,6.58,Concluído
1203,297,50,Gestão de Projetos,2024-11-03,2024-12-28,15.76,92.58,7.21,Concluído
1204,298,21,Customer Success,2022-06-01,,7.35,36.94,,Cancelado
1205,298,34,Agile/Scrum,2024-09-06,2024-09-25,38.72,93.35,9.66,Concluído
1206,298,1,Negociação,2022-06-16,2023-06-05,20.8,98.84,8.47,Concluído
1207,298,48,Cloud Computing AWS,2023-02-21,2023-07-13,13.07,69.8,7.68,Concluído
1208,298,16,Cloud Computing AWS,2022-12-14,2023-11-08,20.67,77.71,7.15,Concluído
1209,299,17,JavaScript Moderno,2022-07-31,2024-07-07,18.42,92.08,6.83,Concluído
1210,299,60,Gestão de Projetos,2023-03-26,2024-06-29,22.86,89.28,7.7,Concluído
1211,299,64,Comunicação Eficaz,2023-06-08,2024-11-12,10.02,82.19,8.98,Concluído
1212,300,90,Gestão de Tempo,2022-06-23,2023-04-26,34.03,69.22,8.45,Concluído
1213,300,73,Excel Avançado,2024-11-12,2024-12-11,18.09,77.48,9.03,Concluído
1214,300,84,Product Management,2022-05-23,2024-05-19,38.1,77.37,8.43,Concluído
1215,301,16,Gestão de Tempo,2024-02-04,2024-02-26,39.31,88.59,7.03,Concluído
1216,301,42,DevOps e CI/CD,2023-04-02,,12.72,77.84,,Em Andamento
1217,301,16,Negociação,2024-10-18,2024-12-10,14.97,78.47,7.38,Concluído
1218,301,26,Power BI,2024-05-06,,13.4,10.01,,Em Andamento
1219,302,99,Cloud Computing AWS,2024-08-22,2024-10-06,24.95,93.96,8.08,Concluído
1220,302,99,Data Analytics,2022-11-07,,15.98,72.52,,Em Andamento
1221,302,81,Product Management,2024-06-02,,3.31,29.35,,Cancelado
1222,302,55,Vendas Consultivas,2022-10-01,2024-06-01,14.98,71.59,9.08,Concluído
1223,303,13,Customer Success,2024-11-20,2024-11-22,6.11,66.21,8.88,Concluído
1224,303,46,Vendas Consultivas,2024-05-02,2024-12-06,15.75,82.54,9.57,Concluído
1225,303,18,Data Analytics,2024-10-13,,2.55,39.14,,Cancelado
1226,303,66,Power BI,2024-06-08,2024-08-10,15.98,75.5,6.87,Concluído
1227,304,99,JavaScript Moderno,2024-09-07,2024-12-10,25.55,92.64,9.06,Concluído
1228,304,29,Machine Learning,2024-05-24,2024-11-03,25.77,60.21,6.6,Concluído
1229,305,79,Gestão de Projetos,2024-02-05,2024-10-01,33.14,62.93,8.56,Concluído
1230,305,12,Agile/Scrum,2024-06-14,2024-06-17,21.35,72.43,6.4,Concluído
1231,305,28,Python Avançado,2024-01-19,2024-03-15,31.79,93.51,8.55,Concluído
1232,305,60,Agile/Scrum,2024-06-08,2024-10-27,13.84,74.33,6.29,Concluído
1233,305,82,Product Management,2024-05-30,2024-09-04,31.93,84.01,6.81,Concluído
1234,305,16,Design Thinking,2023-12-21,2024-10-27,19.81,90.39,9.01,Concluído
1235,305,83,Design Thinking,2024-01-11,2024-10-23,37.79,62.48,9.32,Concluído
1236,305,97,Excel Avançado,2024-04-23,2024-05-29,4.54,69.01,7.84,Concluído
1237,307,82,Customer Success,2024-04-08,2024-11-06,9.26,82.14,8.51,Concluído
1238,307,54,Negociação,2023-01-05,2023-06-23,11.12,92.39,9.49,Concluído
1239,307,77,Power BI,2022-08-09,2024-09-12,12.87,73.59,6.25,Concluído
1240,307,24,Negociação,2024-09-16,,3.49,10.65,,Cancelado
1241,307,33,DevOps e CI/CD,2023-09-05,2024-10-16,11.95,99.79,7.51,Concluído
1242,307,65,Product Management,2022-09-02,2024-09-23,11.16,96.21,6.81,Concluído
1243,308,41,DevOps e CI/CD,2023-08-10,2024-07-29,30.07,83.8,8.16,Concluído
1244,309,38,Liderança e Gestão de Pessoas,2024-04-09,2024-08-20,27.64,91.62,6.98,Concluído
1245,309,40,Machine Learning,2024-03-30,2024-12-03,22.3,66.48,9.2,Concluído
1246,309,24,Customer Success,2024-12-01,2024-12-19,36.85,81.73,9.77,Concluído
1247,309,15,Vendas Consultivas,2024-04-01,2024-08-23,14.62,60.85,6.61,Concluído
1248,310,36,Excel Avançado,2024-07-18,2024-11-17,7.94,72.87,7.78,Concluído
1249,310,80,Design Thinking,2023-12-25,2024-01-11,34.1,77.61,8.89,Concluído
1250,310,28,Oratória,2024-03-22,2024-10-29,8.61,93.98,8.38,Concluído
1251,310,86,Power BI,2024-06-26,2024-12-31,12.68,61.3,9.34,Concluído
1252,311,82,Design Thinking,2024-09-08,2024-10-21,11.03,67.33,9.44,Concluído
1253,311,23,Design Thinking,2024-03-19,2024-11-24,20.36,68.73,8.67,Concluído
1254,312,13,Cloud Computing AWS,2023-05-08,2024-09-21,29.9,64.92,9.23,Concluído
1255,312,26,Python Avançado,2022-08-27,2023-04-28,8.39,74.59,8.67,Concluído
1256,312,16,DevOps e CI/CD,2022-11-16,,16.98,56.88,,Em Andamento
1257,312,71,Customer Success,2022-09-20,2023-08-05,24.85,79.82,6.88,Concluído
1258,312,28,Machine Learning,2022-09-03,2023-08-01,6.46,95.36,9.8,Concluído
1259,313,99,Negociação,2024-07-20,2024-10-18,36.87,71.14,9.13,Concluído
1260,313,36,Cloud Computing AWS,2023-07-27,2024-12-04,29.98,76.98,6.85,Concluído
1261,313,83,Data Analytics,2024-07-12,2024-10-31,34.8,66.17,6.33,Concluído
1262,313,61,Gestão de Tempo,2024-05-15,2024-11-01,23.78,88.89,8.13,Concluído
1263,313,51,Oratória,2023-06-19,2024-10-24,29.01,72.58,7.32,Concluído
1264,314,79,JavaScript Moderno,2024-09-30,2024-11-15,19.83,75.35,6.14,Concluído
1265,314,51,Excel Avançado,2024-10-07,2024-12-16,27.1,94.21,7.25,Concluído
1266,314,31,Negociação,2024-11-05,2024-11-11,13.91,92.86,7.68,Concluído
1267,314,70,Data Analytics,2024-10-06,2024-11-16,7.02,85.49,7.53,Concluído
1268,314,17,Customer Success,2024-11-02,,2.53,29.94,,Cancelado
1269,314,53,Python Avançado,2024-11-29,2024-11-30,29.8,90.01,8.86,Concluído
1270,314,19,Power BI,2024-10-15,2024-10-31,17.3,94.68,8.2,Concluído
1271,315,95,DevOps e CI/CD,2024-11-11,2024-12-26,7.36,93.46,9.58,Concluído
1272,316,66,Gestão de Tempo,2024-03-13,,1.71,26.81,,Cancelado
1273,316,60,Vendas Consultivas,2024-08-30,2024-12-27,13.75,61.19,9.48,Concluído
1274,316,38,Vendas Consultivas,2024-12-12,2024-12-27,28.32,78.76,8.95,Concluído
1275,317,13,Vendas Consultivas,2024-10-01,,15.47,71.23,,Em Andamento
1276,318,32,Data Analytics,2023-09-25,2023-12-24,11.22,68.87,9.54,Concluído
1277,318,49,DevOps e CI/CD,2024-01-05,2024-07-04,20.44,80.23,7.85,Concluído
1278,318,59,Product Management,2023-08-14,2024-10-11,6.1,73.46,9.63,Concluído
1279,318,66,Product Management,2024-08-28,2024-11-10,37.71,74.28,8.56,Concluído
1280,318,45,Design Thinking,2023-11-16,2024-06-19,38.15,76.39,8.05,Concluído
1281,318,91,Data Analytics,2023-11-04,2024-07-16,39.21,64.29,7.08,Concluído
1282,318,73,Comunicação Eficaz,2023-08-22,2024-08-02,13.79,70.4,9.01,Concluído
1283,318,7,DevOps e CI/CD,2024-12-01,2024-12-12,34.38,90.88,8.33,Concluído
1284,321,71,Oratória,2024-09-27,2024-10-11,22.49,68.67,7.55,Concluído
1285,322,13,Excel Avançado,2024-05-08,2024-10-20,24.94,63.25,6.58,Concluído
1286,323,17,Excel Avançado,2023-04-10,2024-12-26,34.82,95.01,8.14,Concluído
1287,323,47,Python Avançado,2024-05-09,2024-09-21,7.5,78.61,9.82,Concluído
1288,323,57,Segurança da Informação,2024-05-25,2024-06-03,7.69,77.24,9.86,Concluído
1289,323,88,Customer Success,2022-09-27,2024-05-31,8.72,73.35,9.13,Concluído
1290,323,96,Negociação,2023-04-19,2024-06-06,7.86,73.48,9.49,Concluído
1291,323,79,Agile/Scrum,2024-10-08,,5.62,18.56,,Em Andamento
1292,323,96,Segurança da Informação,2023-08-30,2024-02-13,8.17,98.86,6.55,Concluído
1293,323,79,Machine Learning,2024-06-05,,16.1,31.02,,Em Andamento
1294,324,97,Machine Learning,2024-06-23,2024-11-03,6.25,72.82,9.51,Concluído
1295,324,99,DevOps e CI/CD,2024-03-27,2024-05-23,11.72,78.75,7.82,Concluído
1296,324,25,Customer Success,2023-12-30,2024-03-28,10.99,94.74,8.14,Concluído
1297,325,61,Python Avançado,2023-05-16,2023-12-09,4.85,60.5,7.13,Concluído
1298,325,83,Vendas Consultivas,2024-05-17,2024-09-24,26.85,77.83,7.76,Concluído
1299,325,63,Vendas Consultivas,2023-12-01,2024-04-09,14.96,64.6,8.16,Concluído
1300,325,17,Data Analytics,2024-06-09,,6.94,4.23,,Cancelado
1301,326,100,Customer Success,2024-12-18,2024-12-26,21.63,61.6,7.12,Concluído
1302,326,49,Design Thinking,2022-06-06,2022-08-13,6.34,90.57,6.83,Concluído
1303,326,55,Design Thinking,2022-05-29,2023-04-25,27.86,84.79,8.77,Concluído
1304,326,22,Power BI,2024-11-08,2024-12-10,14.55,72.32,6.31,Concluído
1305,326,4,Customer Success,2023-06-11,2024-02-21,22.67,93.25,7.05,Concluído
1306,327,54,Design Thinking,2024-12-23,2024-12-31,36.3,75.3,7.69,Concluído
1307,327,78,Cloud Computing AWS,2024-10-19,2024-12-22,35.56,94.68,8.53,Concluído
1308,327,59,Power BI,2023-05-27,,4.97,27.2,,Cancelado
1309,327,88,Comunicação Eficaz,2023-09-03,,2.6,66.18,,Em Andamento
1310,327,67,Oratória,2023-07-04,2023-11-06,20.89,90.48,9.0,Concluído
1311,327,43,Cloud Computing AWS,2024-10-10,2024-11-15,4.44,89.43,6.14,Concluído
1312,328,18,Cloud Computing AWS,2024-01-29,2024-10-04,8.08,89.2,6.79,Concluído
1313,328,90,Liderança e Gestão de Pessoas,2023-05-02,2024-06-12,4.39,96.05,7.58,Concluído
1314,328,66,Design Thinking,2023-01-04,,11.03,24.01,,Em Andamento
1315,328,39,Negociação,2024-02-20,2024-10-17,27.13,80.48,8.1,Concluído
1316,328,11,Design Thinking,2024-02-22,2024-08-23,30.11,83.24,7.86,Concluído
1317,328,78,Python Avançado,2023-07-24,,3.56,82.56,,Em Andamento
1318,328,23,Vendas Consultivas,2023-11-28,2023-12-26,35.23,83.56,9.72,Concluído
1319,328,93,Power BI,2024-07-12,2024-08-06,32.91,94.41,6.08,Concluído
1320,329,85,JavaScript Moderno,2024-12-29,2024-12-31,38.64,77.03,8.08,Concluído
1321,329,43,Gestão de Tempo,2024-12-04,2024-12-10,4.75,97.57,9.77,Concluído
1322,329,34,Liderança e Gestão de Pessoas,2024-11-25,,8.9,36.63,,Cancelado
1323,330,13,Python Avançado,2024-01-19,2024-09-02,5.42,74.96,9.99,Concluído
1324,331,32,Data Analytics,2024-10-05,2024-12-21,24.26,77.49,7.49,Concluído
1325,331,35,Excel Avançado,2024-11-15,,3.27,2.72,,Em Andamento
1326,331,67,Excel Avançado,2024-07-09,2024-07-23,25.26,72.69,7.2,Concluído
1327,332,49,Oratória,2023-11-04,2024-11-23,9.17,76.45,8.27,Concluído
1328,332,39,JavaScript Moderno,2022-12-01,,18.92,17.65,,Em Andamento
1329,332,45,Customer Success,2023-09-24,2024-09-28,39.75,94.03,6.91,Concluído
1330,332,39,Data Analytics,2024-06-18,,13.28,61.56,,Em Andamento
1331,332,47,Oratória,2024-11-26,,12.37,52.74,,Em Andamento
1332,332,74,Power BI,2022-10-13,2022-12-04,39.45,90.64,6.13,Concluído
1333,334,28,Liderança e Gestão de Pessoas,2024-09-29,2024-10-13,10.31,78.05,9.91,Concluído
1334,334,27,Product Management,2024-07-27,2024-11-30,35.84,68.71,8.89,Concluído
1335,334,66,Vendas Consultivas,2024-11-07,2024-11-26,15.21,77.59,9.54,Concluído
1336,334,98,Excel Avançado,2023-11-30,,9.08,76.05,,Em Andamento
1337,335,38,Machine Learning,2024-11-12,,13.87,66.03,,Em Andamento
1338,335,35,JavaScript Moderno,2024-11-21,2024-11-28,7.55,79.83,7.98,Concluído
1339,335,3,Oratória,2024-12-23,2024-12-25,29.51,90.67,9.61,Concluído
1340,335,85,Machine Learning,2024-12-02,2024-12-10,12.49,87.5,6.58,Concluído
1341,335,41,Comunicação Eficaz,2024-11-07,2024-12-04,6.89,98.95,8.8,Concluído
1342,335,55,Agile/Scrum,2024-11-13,2024-11-19,10.18,79.37,7.11,Concluído
1343,335,99,Customer Success,2024-12-03,2024-12-28,28.81,66.52,8.03,Concluído
1344,336,60,Segurança da Informação,2024-05-31,2024-09-27,31.03,95.37,6.39,Concluído
1345,336,78,Python Avançado,2023-06-25,2024-01-11,25.27,86.23,9.42,Concluído
1346,336,63,Agile/Scrum,2024-05-12,2024-05-13,30.74,90.08,8.66,Concluído
1347,339,24,Cloud Computing AWS,2024-10-17,2024-11-07,35.03,72.24,8.95,Concluído
1348,339,90,Segurança da Informação,2024-05-25,,3.61,7.84,,Cancelado
1349,341,37,Gestão de Tempo,2024-10-25,2024-10-31,26.94,91.32,7.68,Concluído
1350,341,85,DevOps e CI/CD,2024-03-29,,7.54,53.71,,Em Andamento
1351,341,90,Oratória,2024-06-13,2024-08-30,30.37,80.45,8.4,Concluído
1352,342,49,Gestão de Tempo,2024-12-28,2024-12-29,10.42,65.65,8.89,Concluído
1353,342,95,Oratória,2024-02-17,2024-06-02,4.92,74.89,7.88,Concluído
1354,342,50,Machine Learning,2024-06-28,2024-09-20,34.91,87.75,7.94,Concluído
1355,342,3,Customer Success,2023-08-08,2024-08-25,9.16,71.51,9.81,Concluído
1356,343,18,Python Avançado,2024-01-09,2024-09-01,10.24,70.35,7.48,Concluído
1357,343,36,Cloud Computing AWS,2024-07-31,2024-11-04,31.09,60.12,8.92,Concluído
1358,343,13,Customer Success,2024-06-08,,6.82,17.74,,Cancelado
1359,343,33,Vendas Consultivas,2024-12-30,2024-12-31,38.46,92.32,6.71,Concluído
1360,343,8,Machine Learning,2024-08-17,2024-09-25,11.25,98.67,9.22,Concluído
1361,343,68,Machine Learning,2023-08-06,2024-06-25,9.2,93.82,8.1,Concluído
1362,343,50,DevOps e CI/CD,2024-03-01,2024-12-27,20.55,84.12,6.96,Concluído
1363,343,99,Gestão de Tempo,2024-09-27,2024-12-18,27.69,91.82,6.9,Concluído
1364,344,27,Power BI,2024-06-22,2024-10-15,11.05,82.16,9.28,Concluído
1365,344,58,Oratória,2024-10-10,2024-12-17,22.79,80.51,6.6,Concluído
1366,344,49,Data Analytics,2024-07-19,,9.81,48.47,,Em Andamento
1367,345,91,Cloud Computing AWS,2024-12-10,2024-12-26,15.97,85.4,9.23,Concluído
1368,345,15,Gestão de Tempo,2024-10-06,2024-11-05,39.1,74.4,8.93,Concluído
1369,345,52,Excel Avançado,2024-11-22,2024-12-26,17.57,96.59,7.02,Concluído
1370,345,100,Gestão de Projetos,2024-11-30,2024-12-10,11.51,96.35,6.71,Concluído
1371,345,53,Gestão de Tempo,2024-12-07,2024-12-22,23.48,88.78,6.62,Concluído
1372,346,57,Cloud Computing AWS,2024-01-24,2024-08-18,6.04,89.64,7.76,Concluído
1373,346,69,Oratória,2024-12-15,2024-12-23,19.95,79.29,8.8,Concluído
1374,346,74,Agile/Scrum,2024-04-09,2024-11-20,27.47,77.21,7.06,Concluído
1375,346,21,Excel Avançado,2023-03-16,2024-07-26,17.02,86.75,7.12,Concluído
1376,346,72,Comunicação Eficaz,2022-12-16,2023-08-15,5.99,71.19,6.97,Concluído
1377,346,15,Machine Learning,2023-12-18,2024-09-14,16.61,91.2,8.15,Concluído
1378,347,47,DevOps e CI/CD,2024-12-07,2024-12-17,9.08,69.53,6.09,Concluído
1379,347,98,Machine Learning,2024-11-10,2024-11-24,18.51,73.93,8.4,Concluído
1380,347,87,JavaScript Moderno,2024-12-07,2024-12-09,22.84,65.59,6.04,Concluído
1381,347,2,Vendas Consultivas,2024-11-16,2024-12-09,29.63,94.92,8.1,Concluído
1382,347,90,Gestão de Projetos,2024-12-31,2025-01-01,25.2,87.47,7.73,Concluído
1383,347,89,Excel Avançado,2024-11-07,2024-12-19,39.13,99.56,9.19,Concluído
1384,347,96,Gestão de Projetos,2024-11-28,2024-11-30,13.62,90.22,7.24,Concluído
1385,347,42,Power BI,2024-12-01,2024-12-10,21.56,71.48,6.9,Concluído
1386,348,74,Product Management,2024-05-02,2024-11-02,18.1,79.98,6.25,Concluído
1387,348,49,Gestão de Tempo,2024-10-04,2024-10-23,9.38,72.3,8.79,Concluído
1388,348,19,Agile/Scrum,2024-06-02,,6.26,3.07,,Em Andamento
1389,349,54,Gestão de Projetos,2024-12-29,2024-12-30,17.08,79.05,9.42,Concluído
1390,349,41,Gestão de Tempo,2024-12-30,2024-12-31,28.94,87.68,9.43,Concluído
1391,349,15,Python Avançado,2024-12-30,2024-12-31,35.35,87.1,8.6,Concluído
1392,349,5,DevOps e CI/CD,2024-12-31,,3.27,68.55,,Em Andamento
1393,349,99,Machine Learning,2024-12-30,,2.98,36.23,,Em Andamento
1394,349,75,Gestão de Tempo,2024-12-31,2025-01-01,16.53,68.76,9.71,Concluído
1395,349,56,Cloud Computing AWS,2024-12-29,,6.61,32.03,,Em Andamento
1396,350,99,Cloud Computing AWS,2024-09-29,2024-12-07,7.45,72.37,9.94,Concluído
1397,350,58,Agile/Scrum,2024-09-26,2024-12-09,31.85,63.42,7.49,Concluído
1398,350,56,Product Management,2024-11-13,2024-11-17,11.51,63.17,6.95,Concluído
1399,350,98,Excel Avançado,2024-10-13,2024-10-15,5.5,86.37,7.4,Concluído
1400,350,15,DevOps e CI/CD,2024-11-17,2024-12-15,6.35,68.35,9.29,Concluído
1401,351,65,JavaScript Moderno,2024-09-11,,7.24,63.44,,Em Andamento
1402,352,74,Agile/Scrum,2024-12-01,,19.67,61.82,,Em Andamento
1403,353,67,Negociação,2023-12-24,2024-09-29,15.3,99.97,7.76,Concluído
1404,353,31,Excel Avançado,2024-08-14,2024-11-24,36.0,83.05,6.54,Concluído
1405,353,46,Gestão de Projetos,2024-11-13,2024-11-17,23.89,62.99,7.44,Concluído
1406,355,53,Product Management,2024-04-19,2024-06-13,10.83,65.99,8.28,Concluído
1407,355,79,Liderança e Gestão de Pessoas,2024-08-05,2024-12-19,23.67,73.04,8.27,Concluído
1408,355,70,Oratória,2024-04-27,2024-12-30,13.79,94.96,6.06,Concluído
1409,355,24,DevOps e CI/CD,2024-09-20,,5.13,24.89,,Cancelado
1410,355,44,Machine Learning,2024-04-19,2024-12-10,17.42,78.88,7.22,Concluído
1411,356,1,Product Management,2023-02-19,2023-04-09,34.88,75.7,9.33,Concluído
1412,356,14,Excel Avançado,2024-07-11,,3.45,15.65,,Cancelado
1413,356,100,Design Thinking,2022-09-26,,4.49,80.06,,Em Andamento
1414,356,8,Power BI,2023-08-24,2024-03-03,18.21,77.31,9.44,Concluído
1415,356,47,Design Thinking,2022-10-15,,6.56,33.38,,Cancelado
1416,356,61,Design Thinking,2024-08-28,2024-11-05,15.87,68.51,9.57,Concluído
1417,357,60,Excel Avançado,2023-04-06,,7.55,23.99,,Em Andamento
1418,357,20,JavaScript Moderno,2024-07-31,,2.75,17.16,,Em Andamento
1419,357,16,Agile/Scrum,2024-12-08,2024-12-21,31.94,60.73,9.23,Concluído
1420,359,98,Segurança da Informação,2024-04-09,,6.9,6.41,,Em Andamento
1421,359,81,Vendas Consultivas,2023-12-10,2024-03-06,27.48,62.97,6.32,Concluído
1422,361,81,DevOps e CI/CD,2024-12-30,2024-12-31,28.25,67.69,7.94,Concluído
1423,361,69,Oratória,2024-12-25,2024-12-27,38.14,96.25,6.03,Concluído
1424,362,2,Python Avançado,2023-10-16,2024-06-24,9.85,90.73,8.14,Concluído
1425,362,34,Data Analytics,2023-12-02,2024-12-14,32.81,80.6,9.53,Concluído
1426,362,5,JavaScript Moderno,2024-01-28,2024-11-06,18.52,90.42,7.57,Concluído
1427,363,90,Oratória,2022-12-16,2024-07-08,29.76,73.99,8.3,Concluído
1428,363,12,Data Analytics,2024-05-15,2024-08-19,20.89,62.13,9.46,Concluído
1429,363,59,Customer Success,2023-08-08,2024-07-26,23.57,98.88,8.99,Concluído
1430,363,92,Oratória,2023-02-22,2024-06-29,5.78,98.67,7.82,Concluído
1431,363,68,Comunicação Eficaz,2024-07-31,,18.56,71.92,,Em Andamento
1432,364,35,Python Avançado,2024-09-07,2024-12-17,34.34,98.21,9.36,Concluído
1433,364,12,DevOps e CI/CD,2024-10-08,2024-12-24,25.48,64.42,7.36,Concluído
1434,364,19,Liderança e Gestão de Pessoas,2024-03-15,,9.32,32.71,,Em Andamento
1435,364,43,Product Management,2024-09-30,2024-11-07,23.92,72.55,9.43,Concluído
1436,364,80,Power BI,2024-10-04,2024-12-07,37.52,74.42,7.7,Concluído
1437,364,30,Design Thinking,2024-04-06,2024-08-29,12.23,91.9,9.69,Concluído
1438,364,35,Oratória,2024-05-05,,5.26,34.31,,Em Andamento
1439,364,21,Negociação,2024-08-19,2024-11-28,7.88,75.4,6.39,Concluído
1440,365,97,Negociação,2024-09-29,2024-12-07,29.64,86.37,9.76,Concluído
1441,365,26,Data Analytics,2024-09-21,2024-12-11,16.99,87.1,6.8,Concluído
1442,365,65,Design Thinking,2024-11-19,2024-12-18,7.93,66.55,9.59,Concluído
1443,365,22,Vendas Consultivas,2024-11-30,2024-12-27,15.04,67.66,8.31,Concluído
1444,365,79,Cloud Computing AWS,2024-09-28,2024-10-13,36.0,75.21,7.93,Concluído
1445,365,67,DevOps e CI/CD,2024-12-21,2024-12-30,10.13,86.65,8.19,Concluído
1446,365,64,Comunicação Eficaz,2024-09-20,2024-12-26,26.85,87.26,7.26,Concluído
1447,365,79,Vendas Consultivas,2024-08-04,2024-10-14,15.07,78.06,6.11,Concluído
1448,366,63,JavaScript Moderno,2024-11-24,2024-12-26,7.76,73.66,7.39,Concluído
1449,366,32,Excel Avançado,2024-11-24,,3.0,11.22,,Em Andamento
1450,366,43,Vendas Consultivas,2024-10-15,2024-12-19,8.48,72.65,6.15,Concluído
1451,366,17,Customer Success,2024-09-21,2024-10-08,38.17,74.77,7.16,Concluído
1452,366,99,Negociação,2024-11-06,2024-11-07,23.7,77.04,6.27,Concluído
1453,366,16,Agile/Scrum,2024-12-06,2024-12-27,36.07,70.08,8.67,Concluído
1454,366,23,Vendas Consultivas,2024-10-21,2024-12-24,39.98,73.98,8.76,Concluído
1455,368,10,Design Thinking,2023-05-28,2023-09-17,13.94,97.8,7.52,Concluído
1456,369,12,Machine Learning,2024-06-08,2024-10-19,19.32,88.95,7.08,Concluído
1457,369,15,Data Analytics,2024-06-28,2024-07-16,21.69,60.23,6.06,Concluído
1458,369,75,Excel Avançado,2024-08-22,2024-11-07,7.68,64.07,9.61,Concluído
1459,369,70,Design Thinking,2024-04-03,2024-10-04,34.86,90.99,7.31,Concluído
1460,369,93,Machine Learning,2024-05-31,2024-09-28,5.31,75.76,6.7,Concluído
1461,370,70,Negociação,2024-01-08,2024-10-01,12.68,62.74,8.07,Concluído
1462,371,84,Negociação,2024-11-10,,14.84,88.11,,Em Andamento
1463,371,50,Gestão de Projetos,2024-12-24,2024-12-25,5.13,88.94,9.15,Concluído
1464,371,34,Comunicação Eficaz,2024-11-18,2024-12-31,12.5,86.86,6.03,Concluído
1465,371,66,Design Thinking,2024-12-17,2024-12-27,28.27,63.35,6.19,Concluído
1466,372,18,Power BI,2024-11-11,2024-12-22,10.38,69.57,9.3,Concluído
1467,372,42,Segurança da Informação,2024-11-07,2024-11-22,32.16,84.52,9.33,Concluído
1468,372,6,Liderança e Gestão de Pessoas,2024-11-17,,4.63,58.41,,Em Andamento
1469,372,22,Customer Success,2024-12-28,2024-12-30,20.72,93.73,6.84,Concluído
1470,372,27,DevOps e CI/CD,2024-11-30,2024-12-31,11.42,90.46,9.18,Concluído
1471,372,13,Excel Avançado,2024-12-13,,15.84,75.91,,Em Andamento
1472,372,54,Data Analytics,2024-11-28,,12.57,26.64,,Em Andamento
1473,374,2,Liderança e Gestão de Pessoas,2024-05-27,2024-11-24,24.22,78.68,7.83,Concluído
1474,374,12,Customer Success,2022-08-25,2022-12-21,29.17,75.47,9.67,Concluído
1475,374,92,Agile/Scrum,2024-02-07,2024-05-20,7.2,76.8,7.74,Concluído
1476,374,37,Liderança e Gestão de Pessoas,2024-03-12,,2.41,14.43,,Cancelado
1477,374,27,Cloud Computing AWS,2023-08-07,2024-02-11,18.86,80.83,6.67,Concluído
1478,374,74,Design Thinking,2024-10-13,2024-11-07,36.88,83.88,8.15,Concluído
1479,375,9,Design Thinking,2024-09-07,,12.17,14.0,,Em Andamento
1480,375,80,Machine Learning,2023-01-04,,7.8,53.68,,Em Andamento
1481,375,66,Segurança da Informação,2023-07-07,2023-10-20,17.18,93.84,6.65,Concluído
1482,375,55,Gestão de Tempo,2024-02-10,2024-11-11,19.68,79.62,6.75,Concluído
1483,376,32,Segurança da Informação,2023-07-23,2023-10-12,30.47,85.1,6.67,Concluído
1484,376,23,Power BI,2024-11-03,2024-12-15,32.3,91.41,9.11,Concluído
1485,376,43,Agile/Scrum,2024-03-28,2024-09-16,22.41,91.02,7.15,Concluído
1486,376,26,Segurança da Informação,2024-03-15,2024-07-12,22.95,95.42,8.47,Concluído
1487,376,25,Oratória,2023-10-02,2024-02-26,17.38,84.93,6.86,Concluído
1488,377,88,Power BI,2024-12-28,2024-12-29,10.22,79.61,7.41,Concluído
1489,377,69,Vendas Consultivas,2024-12-19,2024-12-20,38.04,77.3,9.76,Concluído
1490,377,14,Excel Avançado,2024-12-09,2024-12-14,29.66,70.23,9.89,Concluído
1491,377,10,Design Thinking,2024-11-29,2024-12-06,18.95,61.86,6.07,Concluído
1492,377,27,Liderança e Gestão de Pessoas,2024-12-20,2024-12-23,4.73,88.63,9.56,Concluído
1493,378,25,Design Thinking,2023-07-02,2024-09-02,34.97,68.98,8.39,Concluído
1494,378,53,JavaScript Moderno,2024-10-03,2024-11-06,13.34,97.42,9.9,Concluído
1495,378,41,Power BI,2024-12-16,2024-12-28,30.78,71.8,6.51,Concluído
1496,378,51,Data Analytics,2024-07-13,2024-09-20,27.26,93.39,7.29,Concluído
1497,378,5,Machine Learning,2024-09-21,,10.89,45.0,,Em Andamento
1498,379,24,Python Avançado,2024-07-19,2024-09-11,25.8,81.47,6.71,Concluído
1499,380,88,Cloud Computing AWS,2024-07-05,2024-10-04,10.85,76.58,9.17,Concluído
1500,380,44,Liderança e Gestão de Pessoas,2023-02-10,2024-09-09,17.93,63.46,8.82,Concluído
1501,380,38,Segurança da Informação,2022-10-05,2023-04-29,12.9,64.01,8.81,Concluído
1502,381,100,Customer Success,2023-08-09,2024-05-22,39.57,77.48,8.92,Concluído
1503,381,87,Cloud Computing AWS,2024-12-26,2024-12-28,35.66,71.37,7.32,Concluído
1504,381,11,Excel Avançado,2023-11-15,2024-09-26,26.03,80.35,8.14,Concluído
1505,381,51,Gestão de Tempo,2024-04-07,2024-11-17,29.05,82.76,7.98,Concluído
1506,381,16,Excel Avançado,2024-10-27,2024-11-10,11.82,99.93,9.99,Concluído
1507,382,23,Oratória,2024-08-09,,10.28,34.99,,Em Andamento
1508,382,47,Power BI,2024-02-29,2024-03-05,29.05,71.56,6.14,Concluído
1509,382,58,Customer Success,2022-08-18,2024-02-02,36.86,96.24,9.04,Concluído
1510,382,76,Data Analytics,2023-04-01,2024-07-29,9.97,80.19,6.14,Concluído
1511,383,96,DevOps e CI/CD,2024-05-25,2024-10-09,33.13,81.57,7.48,Concluído
1512,383,52,Comunicação Eficaz,2024-02-01,2024-03-07,17.87,86.85,6.24,Concluído
1513,383,33,Design Thinking,2024-12-30,,3.52,63.07,,Em Andamento
1514,383,26,Segurança da Informação,2024-01-29,2024-08-03,37.66,71.61,8.74,Concluído
1515,383,88,Agile/Scrum,2023-10-25,2023-11-28,19.8,97.29,8.65,Concluído
1516,383,81,Liderança e Gestão de Pessoas,2024-09-18,2024-12-01,20.59,82.29,7.66,Concluído
1517,384,67,Excel Avançado,2024-12-15,2024-12-30,17.79,99.55,8.43,Concluído
1518,384,43,Vendas Consultivas,2024-07-25,2024-08-20,9.8,71.06,7.05,Concluído
1519,384,83,Cloud Computing AWS,2024-12-09,2024-12-27,16.44,76.97,7.73,Concluído
1520,384,84,Gestão de Projetos,2024-12-13,2024-12-31,22.44,70.9,6.18,Concluído
1521,384,39,Excel Avançado,2024-12-04,2024-12-23,33.82,64.97,6.46,Concluído
1522,384,31,Python Avançado,2024-08-16,2024-11-14,32.35,63.17,6.06,Concluído
1523,384,54,Comunicação Eficaz,2024-10-03,2024-12-19,29.75,96.35,8.75,Concluído
1524,384,58,Comunicação Eficaz,2024-06-21,,5.09,37.07,,Em Andamento
1525,385,93,Customer Success,2024-11-27,2024-12-09,29.18,68.48,7.14,Concluído
1526,385,11,Product Management,2024-10-25,,4.28,2.36,,Em Andamento
1527,386,52,Vendas Consultivas,2024-02-27,2024-12-16,28.22,92.9,8.8,Concluído
1528,386,65,Negociação,2024-04-29,2024-11-19,10.69,99.82,9.25,Concluído
1529,386,99,Cloud Computing AWS,2023-06-08,2024-12-22,23.73,66.1,6.41,Concluído
1530,386,78,Product Management,2024-06-22,2024-08-02,13.35,81.48,9.12,Concluído
1531,386,56,Machine Learning,2023-05-21,2024-09-12,25.89,60.61,8.35,Concluído
1532,386,41,Power BI,2024-05-20,,3.83,74.76,,Em Andamento
1533,386,18,Gestão de Tempo,2023-08-07,2024-03-13,16.3,77.59,6.94,Concluído
1534,387,31,Data Analytics,2024-04-07,2024-10-24,21.06,95.92,6.21,Concluído
1535,387,60,Segurança da Informação,2024-12-31,2025-01-01,16.44,74.71,6.72,Concluído
1536,387,1,Agile/Scrum,2024-08-15,2024-11-06,28.65,69.09,6.92,Concluído
1537,387,9,Data Analytics,2024-03-11,2024-10-10,17.78,90.54,7.09,Concluído
1538,387,79,Data Analytics,2024-04-05,2024-05-22,7.61,80.13,8.38,Concluído
1539,388,28,Oratória,2024-07-08,2024-10-27,18.84,74.72,6.79,Concluído
1540,388,83,Gestão de Projetos,2024-12-04,,13.07,89.71,,Em Andamento
1541,388,91,Vendas Consultivas,2024-11-22,2024-12-17,6.74,67.84,8.56,Concluído
1542,388,26,Product Management,2024-09-13,2024-10-23,11.46,96.28,7.67,Concluído
1543,389,42,Agile/Scrum,2024-09-25,2024-12-31,10.62,68.5,8.56,Concluído
1544,389,98,Data Analytics,2024-09-27,2024-10-21,15.56,83.82,9.3,Concluído
1545,389,59,Gestão de Tempo,2024-12-02,2024-12-30,13.2,98.94,7.63,Concluído
1546,389,64,Customer Success,2024-11-27,2024-12-20,27.09,86.76,6.71,Concluído
1547,389,89,Gestão de Projetos,2024-12-31,2025-01-01,4.23,65.75,7.15,Concluído
1548,390,58,Customer Success,2024-12-22,2024-12-30,15.09,60.33,8.01,Concluído
1549,391,35,Gestão de Projetos,2022-11-26,2024-09-06,9.1,67.58,6.08,Concluído
1550,391,78,Excel Avançado,2022-12-04,2024-10-26,35.16,75.22,7.39,Concluído
1551,391,60,Product Management,2023-03-02,,9.44,26.78,,Em Andamento
1552,391,41,JavaScript Moderno,2024-08-25,2024-12-07,36.8,70.46,9.79,Concluído
1553,391,56,Vendas Consultivas,2023-03-04,2024-12-27,19.05,79.24,9.78,Concluído
1554,392,91,Vendas Consultivas,2024-03-17,2024-06-21,34.8,80.55,7.55,Concluído
1555,392,29,Data Analytics,2023-02-16,,3.6,20.92,,Em Andamento
1556,392,13,JavaScript Moderno,2024-06-25,2024-12-27,24.19,65.39,8.2,Concluído
1557,392,73,Segurança da Informação,2023-02-13,2024-12-27,38.2,64.83,9.44,Concluído
1558,392,40,Product Management,2023-04-25,2023-07-31,25.7,74.07,9.43,Concluído
1559,392,70,Segurança da Informação,2024-02-10,2024-09-10,8.43,91.85,8.96,Concluído
1560,392,4,Vendas Consultivas,2024-10-01,,19.54,13.52,,Em Andamento
1561,393,41,Negociação,2024-03-25,,19.47,41.26,,Em Andamento
1562,393,9,Product Management,2024-01-27,2024-02-02,7.05,75.21,8.26,Concluído
1563,393,58,Design Thinking,2024-10-31,2024-11-11,35.69,98.13,8.93,Concluído
1564,393,73,Negociação,2024-10-23,2024-12-05,23.7,61.73,9.19,Concluído
1565,393,62,Gestão de Projetos,2024-03-28,2024-07-20,29.32,89.94,7.14,Concluído
1566,393,18,Agile/Scrum,2024-01-31,2024-05-19,8.94,93.72,6.1,Concluído
1567,394,88,Negociação,2024-09-16,2024-12-15,33.97,63.89,9.49,Concluído
1568,394,26,JavaScript Moderno,2024-06-01,,1.32,6.1,,Cancelado
1569,394,80,Liderança e Gestão de Pessoas,2024-06-27,2024-08-05,30.5,83.05,6.89,Concluído
1570,395,64,Agile/Scrum,2023-12-30,2024-11-15,38.46,84.8,9.06,Concluído
1571,395,60,Machine Learning,2024-12-17,2024-12-25,33.65,77.56,8.41,Concluído
1572,395,1,Product Management,2024-06-17,,16.79,22.13,,Em Andamento
1573,395,53,Oratória,2024-11-05,2024-12-25,8.69,94.9,7.53,Concluído
1574,395,26,Customer Success,2023-12-29,2024-09-15,28.71,78.38,7.51,Concluído
1575,397,82,JavaScript Moderno,2022-12-01,2024-10-24,6.33,93.77,8.7,Concluído
1576,397,23,Vendas Consultivas,2024-06-09,2024-10-17,8.44,65.65,8.81,Concluído
1577,397,83,Excel Avançado,2024-04-17,2024-04-20,11.51,69.5,8.07,Concluído
1578,397,97,Data Analytics,2024-06-29,2024-07-21,14.42,81.99,8.32,Concluído
1579,397,25,Agile/Scrum,2024-10-25,,4.94,16.41,,Cancelado
1580,397,44,Gestão de Projetos,2024-08-09,2024-12-04,4.05,71.18,9.01,Concluído
1581,399,76,Vendas Consultivas,2023-08-03,,5.07,8.71,,Em Andamento
1582,399,84,Cloud Computing AWS,2024-07-08,2024-07-10,27.4,80.8,6.57,Concluído
1583,399,53,Comunicação Eficaz,2023-03-26,2024-04-16,18.74,99.16,8.37,Concluído
1584,399,43,Cloud Computing AWS,2023-09-07,,11.35,47.36,,Em Andamento
1585,400,95,DevOps e CI/CD,2024-02-24,2024-06-04,22.21,99.16,7.96,Concluído
1586,401,23,Machine Learning,2024-12-24,2024-12-26,6.75,97.09,7.9,Concluído
1587,401,69,DevOps e CI/CD,2024-12-29,2024-12-30,25.64,65.15,8.87,Concluído
1588,401,16,Data Analytics,2024-12-18,2024-12-22,32.89,80.68,7.26,Concluído
1589,401,62,DevOps e CI/CD,2024-12-11,2024-12-25,14.01,80.02,7.64,Concluído
1590,401,100,Python Avançado,2024-12-28,2024-12-31,28.65,96.07,6.23,Concluído
1591,403,44,Gestão de Tempo,2024-04-29,2024-11-13,16.18,94.28,9.44,Concluído
1592,403,7,Python Avançado,2024-11-10,2024-11-16,17.23,93.07,9.66,Concluído
1593,404,76,Vendas Consultivas,2023-08-01,2024-08-15,10.89,73.51,7.0,Concluído
1594,405,18,Negociação,2023-05-09,2024-02-11,4.53,81.51,9.85,Concluído
1595,405,7,Power BI,2023-11-03,2024-05-26,33.24,75.3,7.98,Concluído
1596,405,72,JavaScript Moderno,2024-03-01,2024-06-02,24.2,95.84,7.85,Concluído
1597,405,59,Oratória,2023-09-01,,11.23,61.78,,Em Andamento
1598,405,57,Agile/Scrum,2024-06-04,2024-10-19,26.16,79.95,6.92,Concluído
1599,405,95,Liderança e Gestão de Pessoas,2023-11-15,,1.11,32.72,,Cancelado
1600,406,24,Machine Learning,2024-08-30,,9.91,22.19,,Cancelado
1601,406,90,Negociação,2024-08-13,,5.88,63.39,,Em Andamento
1602,406,30,Vendas Consultivas,2024-11-09,2024-11-15,26.65,72.04,9.32,Concluído
1603,406,38,Gestão de Projetos,2024-09-10,2024-11-22,15.13,85.07,7.86,Concluído
1604,407,12,Customer Success,2024-12-18,2024-12-31,14.81,60.85,6.06,Concluído
1605,407,1,Excel Avançado,2024-12-03,2024-12-23,29.92,71.07,6.9,Concluído
1606,409,57,Python Avançado,2024-10-08,2024-11-03,28.0,68.58,8.52,Concluído
1607,409,88,Product Management,2024-12-08,2024-12-21,21.16,64.25,8.81,Concluído
1608,409,18,Product Management,2024-09-22,2024-11-01,34.77,81.54,9.18,Concluído
1609,409,10,Gestão de Projetos,2024-12-27,2024-12-30,21.59,96.75,9.07,Concluído
1610,410,33,Python Avançado,2024-10-08,2024-10-26,18.16,71.23,6.91,Concluído
1611,410,11,Liderança e Gestão de Pessoas,2024-08-16,2024-11-04,9.12,78.45,7.99,Concluído
1612,410,91,Power BI,2024-12-10,2024-12-31,34.72,66.11,9.86,Concluído
1613,410,15,Excel Avançado,2024-06-13,2024-08-22,38.21,96.86,8.34,Concluído
1614,410,57,Machine Learning,2024-11-29,2024-12-04,35.11,61.14,9.58,Concluído
1615,410,49,Liderança e Gestão de Pessoas,2024-11-19,,9.62,74.14,,Em Andamento
1616,410,74,Power BI,2024-12-20,2024-12-29,7.6,91.47,9.18,Concluído
1617,410,6,Data Analytics,2024-12-26,2024-12-27,37.86,72.19,9.23,Concluído
1618,411,41,Segurança da Informação,2022-11-10,,16.47,74.85,,Em Andamento
1619,411,51,Product Management,2023-08-01,2024-05-12,36.65,77.14,6.4,Concluído
1620,411,11,Product Management,2023-10-15,2024-11-14,16.07,64.49,9.17,Concluído
1621,411,89,Python Avançado,2023-01-02,2023-04-20,21.79,86.29,8.09,Concluído
1622,411,81,Customer Success,2024-05-14,2024-11-26,24.4,76.91,7.47,Concluído
1623,412,45,DevOps e CI/CD,2024-03-28,2024-06-07,35.37,76.84,7.38,Concluído
1624,412,78,Gestão de Projetos,2024-12-24,2024-12-26,34.48,94.87,6.75,Concluído
1625,413,86,Comunicação Eficaz,2024-12-25,2024-12-26,22.57,86.89,8.02,Concluído
1626,413,76,Negociação,2024-09-27,2024-10-24,33.49,65.8,7.12,Concluído
1627,413,92,Gestão de Tempo,2024-12-14,2024-12-18,11.81,60.13,8.76,Concluído
1628,413,2,Power BI,2024-10-05,,11.79,74.38,,Em Andamento
1629,413,45,Excel Avançado,2024-08-13,2024-12-17,5.71,95.0,9.73,Concluído
1630,413,85,Oratória,2024-10-28,,18.56,59.07,,Em Andamento
1631,413,43,Gestão de Projetos,2024-09-06,,2.76,30.52,,Em Andamento
1632,413,87,Gestão de Projetos,2024-09-16,,10.1,43.96,,Em Andamento
1633,415,51,Gestão de Tempo,2022-06-24,2024-07-17,37.01,60.28,8.41,Concluído
1634,415,67,Data Analytics,2024-05-17,2024-10-17,6.45,96.42,9.05,Concluído
1635,415,49,Data Analytics,2024-07-08,,11.55,48.67,,Em Andamento
1636,415,57,JavaScript Moderno,2024-06-14,2024-07-05,38.16,67.75,7.65,Concluído
1637,415,88,Machine Learning,2022-07-15,2023-06-06,29.54,76.44,6.74,Concluído
1638,416,60,Cloud Computing AWS,2024-10-20,2024-11-24,7.57,85.3,8.83,Concluído
1639,416,42,Oratória,2024-09-13,2024-10-17,28.18,65.53,6.39,Concluído
1640,416,61,Cloud Computing AWS,2024-11-16,2024-11-19,33.61,91.7,7.45,Concluído
1641,416,69,Customer Success,2024-12-21,2024-12-24,15.6,93.7,7.06,Concluído
1642,417,69,Oratória,2024-12-01,,8.82,34.99,,Cancelado
1643,418,74,Product Management,2024-08-27,2024-10-14,25.3,64.06,9.46,Concluído
1644,418,22,Python Avançado,2023-04-21,2024-02-01,6.24,63.23,9.35,Concluído
1645,418,28,Gestão de Projetos,2022-09-29,2024-08-02,34.11,94.34,9.16,Concluído
1646,418,38,Oratória,2023-02-26,2023-05-14,31.51,72.43,9.74,Concluído
1647,418,97,Product Management,2023-03-03,2023-09-20,23.19,93.63,9.18,Concluído
1648,418,74,Cloud Computing AWS,2023-05-21,2024-01-09,9.85,80.06,6.93,Concluído
1649,418,32,Gestão de Projetos,2023-07-14,2024-05-27,31.96,80.0,7.59,Concluído
1650,418,77,Cloud Computing AWS,2022-07-12,,9.47,1.68,,Cancelado
1651,419,25,Vendas Consultivas,2024-10-25,2024-12-27,19.07,88.72,7.84,Concluído
1652,419,74,Liderança e Gestão de Pessoas,2024-06-15,2024-11-21,4.11,94.81,6.3,Concluído
1653,419,65,Gestão de Tempo,2024-12-05,,13.4,71.29,,Em Andamento
1654,419,12,Comunicação Eficaz,2024-03-30,2024-04-09,6.45,74.89,8.39,Concluído
1655,419,89,Liderança e Gestão de Pessoas,2023-09-26,2024-10-04,16.64,72.74,9.88,Concluído
1656,420,59,JavaScript Moderno,2024-11-27,2024-11-30,39.84,61.03,6.57,Concluído
1657,420,10,Excel Avançado,2024-12-14,2024-12-16,4.86,71.91,9.06,Concluído
1658,420,31,Design Thinking,2024-12-20,,17.0,34.4,,Em Andamento
1659,420,24,Liderança e Gestão de Pessoas,2024-12-16,2024-12-24,36.26,66.19,7.49,Concluído
1660,420,28,Gestão de Projetos,2024-12-03,2024-12-22,15.5,96.84,6.72,Concluído
1661,420,91,Excel Avançado,2024-11-24,2024-12-02,20.54,85.68,8.98,Concluído
1662,421,67,Gestão de Projetos,2024-12-08,2024-12-15,28.18,89.27,6.61,Concluído
1663,421,62,Gestão de Tempo,2024-10-02,,4.53,58.32,,Em Andamento
1664,421,70,Design Thinking,2024-11-29,2024-12-17,26.01,75.52,9.74,Concluído
1665,421,38,Customer Success,2024-10-05,,6.99,87.08,,Em Andamento
1666,421,63,Negociação,2024-10-25,2024-12-30,27.38,89.13,9.89,Concluído
1667,421,44,Segurança da Informação,2024-11-13,2024-12-02,26.81,73.78,7.75,Concluído
1668,422,36,Oratória,2024-04-23,2024-05-16,14.77,83.27,9.1,Concluído
1669,422,79,JavaScript Moderno,2024-06-01,2024-10-17,13.55,93.9,8.73,Concluído
1670,422,27,Oratória,2024-04-18,2024-07-21,16.45,79.62,8.67,Concluído
1671,422,81,Customer Success,2023-12-10,2024-09-07,20.81,70.38,7.57,Concluído
1672,422,53,Agile/Scrum,2024-03-04,2024-11-08,36.48,77.8,7.77,Concluído
1673,422,57,Data Analytics,2024-08-10,2024-08-15,29.96,80.95,6.77,Concluído
1674,422,86,Cloud Computing AWS,2024-06-26,2024-10-12,24.47,95.0,9.87,Concluído
1675,423,23,Negociação,2024-09-11,2024-12-12,19.77,89.22,9.13,Concluído
1676,423,52,Gestão de Projetos,2024-06-05,2024-08-28,5.09,98.72,7.88,Concluído
1677,423,53,Cloud Computing AWS,2024-03-01,,9.29,23.57,,Em Andamento
1678,423,11,Customer Success,2024-02-04,2024-07-16,18.57,73.85,9.09,Concluído
1679,423,79,JavaScript Moderno,2024-01-20,2024-05-19,6.58,65.01,8.85,Concluído
1680,423,94,Negociação,2024-11-11,,13.22,47.85,,Em Andamento
1681,423,53,DevOps e CI/CD,2024-11-21,2024-11-28,15.34,70.14,9.68,Concluído
1682,423,60,Liderança e Gestão de Pessoas,2024-02-09,2024-08-07,32.8,84.56,8.27,Concluído
1683,425,34,Customer Success,2024-07-06,2024-10-14,9.94,89.52,7.23,Concluído
1684,426,58,Design Thinking,2024-11-14,2024-12-23,27.69,79.45,7.45,Concluído
1685,426,21,Data Analytics,2024-11-10,2024-11-19,23.55,92.65,6.02,Concluído
1686,426,96,Segurança da Informação,2024-09-21,2024-11-25,27.49,65.73,6.2,Concluído
1687,426,43,Comunicação Eficaz,2024-12-31,2025-01-01,29.91,87.43,7.77,Concluído
1688,426,78,Design Thinking,2024-12-13,2024-12-20,12.88,67.22,6.6,Concluído
1689,426,31,Agile/Scrum,2024-10-08,2024-10-17,27.85,92.93,8.2,Concluído
1690,427,32,Product Management,2024-04-05,,19.86,56.13,,Em Andamento
1691,427,97,Design Thinking,2024-04-12,2024-08-30,4.36,80.64,7.56,Concluído
1692,427,97,Machine Learning,2023-03-19,2024-06-26,39.3,80.42,9.57,Concluído
1693,427,19,Customer Success,2023-10-31,2024-09-27,7.85,62.13,6.76,Concluído
1694,427,79,Comunicação Eficaz,2023-06-22,2024-04-01,25.97,81.67,7.39,Concluído
1695,427,68,Gestão de Projetos,2024-04-27,2024-11-22,18.37,71.88,6.11,Concluído
1696,428,43,Liderança e Gestão de Pessoas,2024-09-07,2024-11-01,37.19,88.82,7.16,Concluído
1697,428,98,Negociação,2024-11-28,2024-12-30,24.38,70.7,6.71,Concluído
1698,428,94,Vendas Consultivas,2023-06-28,,19.46,7.39,,Em Andamento
1699,429,75,Comunicação Eficaz,2024-12-21,2024-12-31,37.44,78.34,9.79,Concluído
1700,429,18,Power BI,2024-11-23,2024-12-27,5.59,63.2,6.37,Concluído
1701,429,18,Liderança e Gestão de Pessoas,2024-07-17,,1.67,26.23,,Cancelado
1702,429,14,Negociação,2024-08-30,2024-10-05,17.8,71.63,6.13,Concluído
1703,429,58,Product Management,2024-11-19,2024-12-21,39.86,90.66,6.03,Concluído
1704,429,93,Machine Learning,2024-09-30,2024-10-06,26.12,66.34,6.82,Concluído
1705,429,21,DevOps e CI/CD,2024-06-07,2024-10-04,14.33,71.48,8.04,Concluído
1706,429,35,DevOps e CI/CD,2024-09-28,,8.93,12.38,,Cancelado
1707,430,70,Agile/Scrum,2024-09-21,2024-10-18,33.0,99.38,6.56,Concluído
1708,430,8,Design Thinking,2024-10-26,2024-12-21,20.08,79.24,9.83,Concluído
1709,430,98,Design Thinking,2024-01-31,2024-12-14,10.26,89.75,7.69,Concluído
1710,431,88,Gestão de Tempo,2024-06-30,2024-09-08,9.35,96.46,6.82,Concluído
1711,431,95,Agile/Scrum,2023-03-13,2024-08-08,39.3,80.79,8.01,Concluído
1712,431,100,Gestão de Tempo,2023-04-02,2024-10-10,4.75,64.44,6.48,Concluído
1713,431,91,Customer Success,2024-02-02,2024-03-03,18.85,93.26,7.83,Concluído
1714,431,61,Cloud Computing AWS,2023-08-15,2024-02-07,29.66,93.03,7.2,Concluído
1715,432,54,Gestão de Tempo,2024-05-19,2024-06-17,12.3,90.19,7.5,Concluído
1716,432,38,Negociação,2024-07-08,2024-08-11,28.26,75.49,7.19,Concluído
1717,432,55,Customer Success,2024-11-02,2024-11-17,19.45,71.19,8.29,Concluído
1718,432,2,Negociação,2023-12-16,2024-02-05,11.69,92.01,9.23,Concluído
1719,432,24,Data Analytics,2024-02-15,2024-10-16,16.42,67.62,6.54,Concluído
1720,433,20,Design Thinking,2022-06-12,,10.84,6.39,,Em Andamento
1721,433,21,Product Management,2023-03-17,2023-09-11,30.85,91.25,6.94,Concluído
1722,433,100,Negociação,2024-09-15,2024-11-10,21.59,97.35,9.9,Concluído
1723,433,41,Vendas Consultivas,2023-12-11,,1.38,25.95,,Cancelado
1724,433,52,Excel Avançado,2024-05-04,2024-10-26,30.21,82.53,8.52,Concluído
1725,433,75,Comunicação Eficaz,2022-12-19,2023-08-22,39.82,65.74,7.38,Concluído
1726,433,66,Customer Success,2024-07-23,2024-08-12,6.63,95.31,9.45,Concluído
1727,434,23,Gestão de Projetos,2024-03-16,,1.36,34.88,,Cancelado
1728,434,74,JavaScript Moderno,2024-03-22,2024-06-16,8.73,83.46,6.17,Concluído
1729,434,4,Design Thinking,2024-09-06,,1.44,22.85,,Cancelado
1730,434,12,Vendas Consultivas,2024-09-27,2024-10-12,34.57,60.62,9.34,Concluído
1731,434,46,Vendas Consultivas,2024-10-20,,5.26,72.8,,Em Andamento
1732,434,54,Excel Avançado,2024-04-14,2024-07-22,36.56,91.62,8.27,Concluído
1733,434,100,Customer Success,2024-03-23,2024-12-06,22.54,88.68,7.46,Concluído
1734,436,44,Segurança da Informação,2023-07-24,2024-07-15,4.72,87.55,6.21,Concluído
1735,436,60,Gestão de Projetos,2024-02-11,,19.14,11.4,,Em Andamento
1736,438,78,JavaScript Moderno,2024-12-22,,13.9,84.94,,Em Andamento
1737,438,99,Comunicação Eficaz,2024-12-24,2024-12-29,14.79,78.67,7.66,Concluído
1738,438,2,Comunicação Eficaz,2024-12-27,2024-12-30,37.77,80.2,6.66,Concluído
1739,438,15,Gestão de Projetos,2024-12-14,,17.04,75.32,,Em Andamento
1740,438,98,Data Analytics,2024-12-28,2024-12-30,20.1,63.9,7.96,Concluído
1741,439,42,Power BI,2024-08-20,,5.43,16.24,,Em Andamento
1742,439,27,Oratória,2024-11-22,2024-12-03,21.31,65.65,8.57,Concluído
1743,439,48,Power BI,2024-04-20,2024-06-30,8.16,79.75,6.47,Concluído
1744,439,6,Segurança da Informação,2024-09-05,,9.99,17.48,,Cancelado
1745,439,49,Liderança e Gestão de Pessoas,2023-12-23,2024-02-06,16.65,64.9,9.41,Concluído
1746,439,27,Cloud Computing AWS,2024-10-29,2024-12-17,21.98,68.61,6.95,Concluído
1747,439,83,Vendas Consultivas,2024-08-21,2024-09-05,7.07,98.82,6.51,Concluído
1748,440,45,Power BI,2023-10-29,,9.73,13.91,,Cancelado
1749,440,43,Negociação,2023-10-09,2024-04-16,22.12,73.54,7.99,Concluído
1750,440,18,Python Avançado,2024-09-02,2024-12-09,22.32,88.98,6.89,Concluído
1751,440,82,Data Analytics,2024-05-23,2024-08-03,30.71,75.53,7.1,Concluído
1752,440,92,Customer Success,2023-09-23,2024-06-27,11.13,80.26,6.35,Concluído
1753,440,52,Vendas Consultivas,2024-11-24,2024-12-06,37.88,66.43,8.46,Concluído
1754,441,32,Customer Success,2023-09-25,2024-11-13,20.92,98.46,9.84,Concluído
1755,441,55,Power BI,2024-10-26,,13.9,6.01,,Em Andamento
1756,441,74,Design Thinking,2023-01-01,2024-08-02,16.46,67.35,7.95,Concluído
1757,441,60,Power BI,2022-09-06,2023-10-09,23.22,85.92,6.66,Concluído
1758,442,15,DevOps e CI/CD,2024-11-19,2024-11-20,29.33,60.88,7.74,Concluído
1759,442,13,Negociação,2024-01-24,2024-12-02,17.98,75.37,9.88,Concluído
1760,442,12,Agile/Scrum,2024-11-29,,5.36,51.95,,Em Andamento
1761,442,3,Gestão de Projetos,2024-03-12,2024-07-03,19.51,92.36,7.44,Concluído
1762,442,75,Excel Avançado,2024-03-24,2024-10-04,39.59,98.31,6.79,Concluído
1763,443,85,Negociação,2024-08-17,2024-09-11,39.59,76.17,8.06,Concluído
1764,443,36,Machine Learning,2023-10-05,2024-01-25,23.64,72.69,7.0,Concluído
1765,444,98,Comunicação Eficaz,2024-10-23,2024-12-16,10.21,90.71,9.24,Concluído
1766,444,26,Excel Avançado,2024-10-20,2024-12-27,31.86,62.18,9.1,Concluído
1767,444,81,Design Thinking,2024-06-09,2024-10-29,29.3,74.73,9.11,Concluído
1768,444,67,Power BI,2023-08-27,2024-08-30,26.22,61.57,9.43,Concluído
1769,444,97,Design Thinking,2023-08-05,2024-04-07,24.07,95.75,9.69,Concluído
1770,444,57,Cloud Computing AWS,2024-03-05,2024-10-23,9.89,92.4,9.38,Concluído
1771,445,65,Data Analytics,2024-01-09,2024-12-26,24.99,67.52,8.51,Concluído
1772,445,58,Agile/Scrum,2024-12-07,2024-12-23,17.9,98.97,6.34,Concluído
1773,445,29,Python Avançado,2023-10-15,2024-01-13,14.24,96.66,6.21,Concluído
1774,445,81,DevOps e CI/CD,2023-09-17,2024-10-09,15.5,64.22,9.98,Concluído
1775,445,97,Gestão de Tempo,2023-09-17,2023-09-20,27.0,62.49,6.07,Concluído
1776,445,88,Gestão de Projetos,2024-11-05,,6.1,5.31,,Em Andamento
1777,445,12,Cloud Computing AWS,2024-08-18,2024-08-23,33.68,60.32,7.02,Concluído
1778,445,72,Power BI,2024-10-15,2024-11-05,27.13,86.42,6.44,Concluído
1779,446,58,Excel Avançado,2022-12-21,2023-05-21,21.71,69.99,7.07,Concluído
1780,447,13,Vendas Consultivas,2023-04-15,2024-02-27,22.64,82.94,7.71,Concluído
1781,447,43,Design Thinking,2024-11-30,2024-12-27,23.63,96.48,6.78,Concluído
1782,447,76,Gestão de Tempo,2024-07-06,2024-07-18,21.55,85.18,9.72,Concluído
1783,447,78,Python Avançado,2023-03-14,2023-07-14,30.72,87.89,8.41,Concluído
1784,447,49,Gestão de Projetos,2024-10-22,2024-12-28,12.07,93.71,9.55,Concluído
1785,447,49,Design Thinking,2023-07-26,2024-08-17,20.92,62.82,8.17,Concluído
1786,448,58,DevOps e CI/CD,2024-03-26,2024-06-15,8.25,99.12,8.91,Concluído
1787,448,49,Gestão de Projetos,2024-03-18,,16.61,38.19,,Em Andamento
1788,448,94,Design Thinking,2023-08-06,,16.24,83.37,,Em Andamento
1789,448,41,DevOps e CI/CD,2023-05-12,,10.1,59.72,,Em Andamento
1790,448,89,Gestão de Tempo,2024-11-12,,10.83,43.42,,Em Andamento
1791,448,18,Negociação,2022-05-13,2022-06-17,20.65,76.46,8.93,Concluído
1792,449,37,Power BI,2024-05-13,2024-10-05,36.43,78.71,6.96,Concluído
1793,449,58,Agile/Scrum,2024-11-23,2024-12-29,19.62,92.64,8.0,Concluído
1794,449,96,Liderança e Gestão de Pessoas,2024-04-14,2024-10-20,33.49,76.11,7.05,Concluído
1795,450,18,JavaScript Moderno,2024-04-16,,9.95,37.55,,Cancelado
1796,450,75,Agile/Scrum,2024-07-11,2024-11-20,26.97,87.22,9.19,Concluído
1797,450,21,Cloud Computing AWS,2024-11-21,2024-12-02,4.54,91.03,9.93,Concluído
1798,450,28,Excel Avançado,2024-08-30,2024-12-13,31.07,84.74,8.0,Concluído
1799,450,93,Liderança e Gestão de Pessoas,2024-11-23,2024-11-26,11.75,89.28,7.75,Concluído
1800,451,95,Gestão de Tempo,2024-11-03,2024-12-17,8.59,63.32,8.65,Concluído
1801,452,1,Power BI,2024-11-24,2024-12-26,6.83,94.0,7.24,Concluído
1802,452,99,Oratória,2024-11-21,2024-11-29,18.29,77.59,6.45,Concluído
1803,452,55,Cloud Computing AWS,2024-11-22,2024-12-30,26.72,70.24,7.51,Concluído
1804,452,19,Design Thinking,2024-10-22,,3.26,16.7,,Cancelado
1805,453,8,Segurança da Informação,2024-07-27,2024-11-02,22.2,86.59,6.66,Concluído
1806,453,58,Agile/Scrum,2024-12-11,2024-12-23,34.5,75.93,9.5,Concluído
1807,453,1,Liderança e Gestão de Pessoas,2024-06-28,2024-11-06,26.31,78.59,7.86,Concluído
1808,453,11,Comunicação Eficaz,2024-12-30,2024-12-31,25.96,61.8,8.87,Concluído
1809,453,14,Negociação,2024-11-14,2024-11-16,28.06,63.15,6.6,Concluído
1810,453,14,Oratória,2024-11-08,2024-11-11,5.16,72.5,6.76,Concluído
1811,454,12,Machine Learning,2024-01-12,2024-09-16,37.78,70.27,9.6,Concluído
1812,455,44,DevOps e CI/CD,2024-08-20,2024-10-06,15.8,94.38,9.83,Concluído
1813,455,84,Design Thinking,2024-12-22,2024-12-27,32.58,63.48,8.98,Concluído
1814,455,92,DevOps e CI/CD,2024-09-20,2024-11-08,28.85,80.5,6.8,Concluído
1815,455,42,Vendas Consultivas,2024-11-12,2024-12-11,4.69,70.48,9.75,Concluído
1816,456,60,Customer Success,2023-05-05,2024-07-02,24.4,75.9,7.46,Concluído
1817,456,65,Gestão de Projetos,2024-06-09,2024-11-17,26.08,79.2,9.12,Concluído
1818,457,71,Data Analytics,2023-05-29,2023-10-30,32.68,94.25,7.1,Concluído
1819,458,86,Comunicação Eficaz,2024-09-08,2024-10-23,15.39,82.83,9.67,Concluído
1820,458,67,Comunicação Eficaz,2024-10-12,,7.61,3.04,,Cancelado
1821,458,20,Comunicação Eficaz,2024-09-02,,8.82,18.78,,Em Andamento
1822,458,59,Gestão de Tempo,2024-10-27,2024-11-09,18.55,68.18,9.12,Concluído
1823,458,99,Agile/Scrum,2024-09-04,2024-11-18,26.26,66.92,6.41,Concluído
1824,458,4,Comunicação Eficaz,2024-10-22,,3.39,18.88,,Cancelado
1825,459,78,Python Avançado,2024-03-17,,13.65,32.61,,Em Andamento
1826,459,20,Python Avançado,2023-09-02,,6.3,60.85,,Em Andamento
1827,459,29,Power BI,2024-11-20,,4.52,12.71,,Cancelado
1828,459,78,JavaScript Moderno,2024-02-22,2024-04-24,21.63,87.77,6.44,Concluído
1829,459,99,Cloud Computing AWS,2024-07-31,2024-08-28,24.66,90.77,6.56,Concluído
1830,459,98,Data Analytics,2022-08-08,,9.7,78.39,,Em Andamento
1831,459,15,Oratória,2022-11-29,2024-10-01,36.81,70.73,8.49,Concluído
1832,459,56,DevOps e CI/CD,2023-12-24,2024-07-16,21.77,88.61,6.49,Concluído
1833,461,91,Gestão de Tempo,2024-07-08,2024-08-16,9.06,97.84,6.95,Concluído
1834,461,32,Customer Success,2024-11-08,2024-12-02,30.34,96.23,6.83,Concluído
1835,461,46,Design Thinking,2024-10-05,2024-12-03,31.16,88.73,8.88,Concluído
1836,461,58,Gestão de Projetos,2024-12-31,2025-01-01,37.46,64.14,8.3,Concluído
1837,461,23,Machine Learning,2024-07-10,2024-08-22,19.45,84.4,8.13,Concluído
1838,461,13,Agile/Scrum,2024-11-01,2024-11-26,14.45,92.51,8.19,Concluído
1839,461,83,Product Management,2024-08-05,2024-08-07,25.52,77.25,6.85,Concluído
1840,462,33,Segurança da Informação,2024-03-28,2024-07-18,29.8,98.32,9.62,Concluído
1841,462,21,Cloud Computing AWS,2024-10-21,2024-11-18,39.46,89.84,7.57,Concluído
1842,462,70,Customer Success,2024-04-18,2024-06-27,16.32,91.11,9.74,Concluído
1843,462,57,Comunicação Eficaz,2024-12-05,2024-12-14,4.27,87.86,7.86,Concluído
1844,463,94,Vendas Consultivas,2022-10-24,2023-10-12,6.81,71.98,7.83,Concluído
1845,463,81,Liderança e Gestão de Pessoas,2023-04-18,2024-04-11,10.57,83.16,6.87,Concluído
1846,463,48,JavaScript Moderno,2022-12-18,2024-06-21,13.67,71.11,9.02,Concluído
1847,463,97,Python Avançado,2023-10-30,,4.32,36.76,,Cancelado
1848,463,18,Oratória,2024-01-15,2024-06-26,20.18,70.55,9.69,Concluído
1849,463,23,Oratória,2024-05-30,2024-09-23,15.6,77.12,6.11,Concluído
1850,464,58,Gestão de Projetos,2024-03-05,2024-06-09,37.8,67.81,6.11,Concluído
1851,464,67,Segurança da Informação,2024-03-15,2024-12-21,35.17,66.6,9.7,Concluído
1852,464,67,Comunicação Eficaz,2024-11-06,,4.87,13.94,,Cancelado
1853,464,72,Power BI,2024-01-14,2024-03-23,19.3,94.4,8.91,Concluído
1854,464,65,Liderança e Gestão de Pessoas,2024-09-28,2024-12-20,30.08,60.17,8.01,Concluído
1855,465,23,Cloud Computing AWS,2022-10-13,,6.22,5.18,,Cancelado
1856,465,45,Python Avançado,2022-04-25,2023-01-31,32.86,67.82,9.07,Concluído
1857,465,75,Comunicação Eficaz,2023-09-05,2024-09-13,11.62,94.61,6.63,Concluído
1858,465,12,JavaScript Moderno,2023-12-13,,12.44,15.08,,Em Andamento
1859,465,18,Gestão de Projetos,2022-05-06,2022-10-27,36.89,82.46,7.92,Concluído
1860,465,95,Design Thinking,2024-08-25,2024-10-28,39.13,84.49,7.33,Concluído
1861,465,39,Comunicação Eficaz,2024-11-26,2024-11-29,19.52,93.63,6.93,Concluído
1862,465,62,Liderança e Gestão de Pessoas,2023-11-06,2024-07-06,27.36,60.5,8.57,Concluído
1863,466,49,Python Avançado,2024-11-29,2024-12-24,16.5,65.94,8.17,Concluído
1864,466,87,Gestão de Projetos,2024-12-31,2025-01-01,39.95,66.47,9.29,Concluído
1865,466,54,Liderança e Gestão de Pessoas,2023-12-29,2024-04-03,16.89,94.4,6.56,Concluído
1866,466,38,Product Management,2022-06-02,2024-03-02,24.61,98.67,8.87,Concluído
1867,466,48,Excel Avançado,2023-09-26,,3.85,39.78,,Em Andamento
1868,466,17,Excel Avançado,2022-07-06,2023-12-01,14.65,69.92,8.88,Concluído
1869,466,67,Design Thinking,2022-04-13,2023-12-21,9.26,80.25,8.3,Concluído
1870,466,70,Data Analytics,2023-09-03,2024-06-18,29.15,87.51,9.73,Concluído
1871,467,73,Machine Learning,2023-06-27,2024-01-02,39.2,89.29,9.24,Concluído
1872,467,57,Customer Success,2024-12-11,2024-12-27,15.66,83.26,6.33,Concluído
1873,467,7,Machine Learning,2023-06-03,2023-08-28,39.46,88.19,8.97,Concluído
1874,467,15,Power BI,2024-04-21,2024-06-18,18.46,84.96,9.61,Concluído
1875,467,42,Machine Learning,2023-10-12,2024-04-03,4.4,63.47,9.01,Concluído
1876,467,85,Oratória,2024-10-19,2024-11-20,19.62,64.41,9.27,Concluído
1877,468,15,Power BI,2024-12-05,2024-12-08,17.51,65.83,7.37,Concluído
1878,468,15,Python Avançado,2024-11-30,2024-12-11,26.34,83.9,8.45,Concluído
1879,468,27,Gestão de Tempo,2024-08-26,2024-11-20,17.91,64.7,8.32,Concluído
1880,468,58,Power BI,2024-10-28,2024-11-13,19.23,63.53,7.11,Concluído
1881,469,1,Gestão de Projetos,2024-11-27,2024-12-01,29.2,93.03,9.56,Concluído
1882,469,99,DevOps e CI/CD,2023-06-17,2024-03-21,10.52,75.38,6.94,Concluído
1883,469,78,Comunicação Eficaz,2024-05-11,,7.66,59.94,,Em Andamento
1884,469,9,Negociação,2023-02-07,2024-12-08,21.54,94.35,8.66,Concluído
1885,470,6,Gestão de Tempo,2023-08-09,2024-03-02,35.41,96.12,8.32,Concluído
1886,470,37,Data Analytics,2024-01-17,2024-10-17,29.69,68.2,9.82,Concluído
1887,470,76,Gestão de Tempo,2024-01-20,2024-02-25,5.68,60.23,6.13,Concluído
1888,470,25,Customer Success,2024-05-30,2024-10-15,7.36,67.53,8.81,Concluído
1889,470,3,Agile/Scrum,2024-05-27,2024-07-10,38.54,75.39,7.56,Concluído
1890,470,3,Power BI,2023-06-04,2023-07-02,4.1,77.23,8.62,Concluído
1891,470,49,Negociação,2023-08-12,2023-09-11,20.11,77.66,8.3,Concluído
1892,471,4,Python Avançado,2024-06-12,,19.87,54.48,,Em Andamento
1893,471,46,Oratória,2024-09-13,2024-10-21,30.08,74.15,8.32,Concluído
1894,471,50,Oratória,2024-07-28,2024-10-30,7.06,89.23,9.47,Concluído
1895,471,60,Customer Success,2024-08-12,,19.36,23.02,,Em Andamento
1896,471,16,Negociação,2024-07-05,2024-10-19,31.68,80.56,8.07,Concluído
1897,473,11,Oratória,2024-11-18,2024-12-29,39.97,67.03,8.69,Concluído
1898,473,16,Gestão de Tempo,2024-04-22,2024-04-28,33.36,91.06,7.96,Concluído
1899,473,68,Segurança da Informação,2024-09-10,2024-12-11,12.98,73.42,6.69,Concluído
1900,473,95,Oratória,2023-10-26,2024-12-27,30.66,64.65,8.49,Concluído
1901,473,65,Segurança da Informação,2024-04-22,2024-11-26,35.78,61.18,6.38,Concluído
1902,473,3,Comunicação Eficaz,2024-02-04,2024-09-14,18.01,91.86,9.13,Concluído
1903,473,45,Liderança e Gestão de Pessoas,2024-01-06,,18.97,72.4,,Em Andamento
1904,474,39,DevOps e CI/CD,2024-09-18,2024-10-21,10.61,74.0,7.19,Concluído
1905,474,3,Segurança da Informação,2024-10-07,2024-11-09,18.07,96.08,8.29,Concluído
1906,474,39,Agile/Scrum,2024-08-23,2024-08-29,35.62,97.23,7.34,Concluído
1907,474,45,Vendas Consultivas,2024-11-12,2024-12-06,30.77,64.38,6.58,Concluído
1908,474,75,Power BI,2024-11-29,,19.12,66.63,,Em Andamento
1909,474,46,Liderança e Gestão de Pessoas,2024-11-30,,9.03,36.21,,Em Andamento
1910,474,42,JavaScript Moderno,2024-08-19,2024-10-20,10.54,99.08,6.42,Concluído
1911,475,17,Excel Avançado,2024-10-28,2024-12-12,18.56,62.63,9.13,Concluído
1912,475,42,Comunicação Eficaz,2024-03-12,2024-10-23,32.65,77.42,8.2,Concluído
1913,475,59,Liderança e Gestão de Pessoas,2024-11-28,2024-12-05,22.42,99.67,8.28,Concluído
1914,475,24,Python Avançado,2024-05-02,2024-12-21,11.43,69.16,8.43,Concluído
1915,475,43,DevOps e CI/CD,2023-03-02,2024-06-03,39.91,76.67,6.69,Concluído
1916,475,56,Negociação,2023-05-08,,5.67,71.37,,Em Andamento
1917,475,1,Python Avançado,2023-09-11,2023-11-20,32.59,96.82,9.3,Concluído
1918,476,7,Oratória,2024-03-24,2024-05-31,27.26,96.28,8.57,Concluído
1919,477,3,Customer Success,2023-11-21,2024-11-26,33.88,89.37,7.6,Concluído
1920,477,10,Segurança da Informação,2023-07-12,2024-07-28,31.76,64.53,6.88,Concluído
1921,478,95,Product Management,2023-07-08,2024-09-05,11.92,93.62,6.71,Concluído
1922,478,31,Oratória,2023-12-24,2024-09-10,28.71,97.35,7.03,Concluído
1923,478,76,Power BI,2023-10-01,2024-03-26,9.42,88.15,6.6,Concluído
1924,478,79,DevOps e CI/CD,2023-05-26,2023-07-30,22.75,67.76,7.51,Concluído
1925,478,71,Data Analytics,2024-09-13,2024-10-04,39.81,90.33,6.38,Concluído
1926,479,43,Liderança e Gestão de Pessoas,2024-04-23,2024-12-02,22.43,93.27,9.97,Concluído
1927,479,97,Customer Success,2024-05-17,2024-11-06,33.25,65.35,6.35,Concluído
1928,479,38,Design Thinking,2023-04-14,2023-10-27,23.61,87.7,9.85,Concluído
1929,479,90,Gestão de Projetos,2024-10-30,2024-11-04,24.7,72.16,8.37,Concluído
1930,479,97,Customer Success,2024-10-07,2024-12-02,21.04,97.12,8.95,Concluído
1931,479,18,Product Management,2023-06-05,2023-09-19,18.8,64.91,6.41,Concluído
1932,479,57,Liderança e Gestão de Pessoas,2023-08-23,2024-04-25,17.2,64.89,8.77,Concluído
1933,479,1,Customer Success,2024-01-26,2024-12-08,35.06,66.91,8.88,Concluído
1934,481,58,Cloud Computing AWS,2024-03-28,,2.16,38.72,,Cancelado
1935,481,85,Agile/Scrum,2024-05-24,,3.8,39.52,,Cancelado
1936,482,96,Design Thinking,2024-09-28,,13.21,40.65,,Em Andamento
1937,482,2,Cloud Computing AWS,2024-09-26,2024-12-14,15.4,90.08,6.65,Concluído
1938,482,33,Gestão de Tempo,2024-12-14,2024-12-28,30.12,77.16,9.25,Concluído
1939,483,99,Liderança e Gestão de Pessoas,2024-10-05,,7.29,4.66,,Cancelado
1940,483,32,Agile/Scrum,2024-05-19,,17.03,77.68,,Em Andamento
1941,484,51,Liderança e Gestão de Pessoas,2023-04-02,2023-05-04,35.26,90.64,9.82,Concluído
1942,487,52,Cloud Computing AWS,2023-05-14,2024-06-14,16.25,81.39,9.59,Concluído
1943,487,24,Design Thinking,2023-06-27,2024-06-28,23.74,87.43,6.84,Concluído
1944,487,95,JavaScript Moderno,2024-07-10,2024-09-07,32.04,96.23,9.3,Concluído
1945,487,70,Gestão de Tempo,2023-04-05,2023-10-08,32.41,81.15,7.23,Concluído
1946,487,52,Gestão de Projetos,2024-08-12,2024-12-02,18.73,78.92,7.43,Concluído
1947,488,55,Vendas Consultivas,2024-08-24,2024-10-06,38.65,64.0,8.22,Concluído
1948,488,59,Power BI,2024-07-19,2024-10-03,27.62,69.46,7.37,Concluído
1949,488,94,Comunicação Eficaz,2024-11-26,2024-12-01,38.94,76.25,9.8,Concluído
1950,488,19,Negociação,2024-09-06,2024-12-03,20.76,82.32,9.79,Concluído
1951,488,36,Cloud Computing AWS,2024-08-24,2024-11-02,13.6,91.93,8.54,Concluído
1952,489,95,Vendas Consultivas,2024-04-30,2024-10-18,16.78,84.77,7.58,Concluído
1953,489,16,Vendas Consultivas,2023-09-03,,1.72,10.5,,Cancelado
1954,489,8,Design Thinking,2024-02-16,2024-04-04,30.75,75.18,7.03,Concluído
1955,489,17,Machine Learning,2023-01-03,2023-04-01,32.41,96.14,7.08,Concluído
1956,489,94,Segurança da Informação,2023-12-16,2024-02-14,27.87,65.29,9.77,Concluído
1957,489,93,Gestão de Tempo,2023-10-25,2024-09-16,17.21,95.85,9.68,Concluído
1958,489,2,Excel Avançado,2023-02-21,,9.95,75.5,,Em Andamento
1959,490,59,Segurança da Informação,2024-10-18,2024-10-26,28.02,98.5,9.78,Concluído
1960,490,21,Oratória,2024-07-04,2024-08-28,26.02,82.37,7.02,Concluído
1961,490,12,Liderança e Gestão de Pessoas,2024-12-27,2024-12-29,38.87,92.67,8.25,Concluído
1962,490,93,Excel Avançado,2024-08-15,2024-09-06,9.7,88.85,8.04,Concluído
1963,490,44,Customer Success,2024-07-01,2024-09-17,26.41,97.57,8.13,Concluído
1964,490,54,Gestão de Projetos,2024-09-28,2024-11-12,22.34,63.47,6.38,Concluído
1965,491,91,Segurança da Informação,2024-11-02,2024-12-13,31.7,62.86,7.63,Concluído
1966,491,16,Product Management,2024-12-26,2024-12-28,20.63,92.72,7.24,Concluído
1967,492,35,Comunicação Eficaz,2024-02-19,2024-08-17,33.72,93.84,6.33,Concluído
1968,492,96,Excel Avançado,2024-10-21,2024-10-26,11.33,70.38,6.28,Concluído
1969,492,17,Data Analytics,2023-10-20,2024-03-14,15.57,60.13,7.33,Concluído
1970,492,72,JavaScript Moderno,2023-07-06,2024-12-21,26.21,80.11,8.59,Concluído
1971,493,71,Data Analytics,2023-01-31,2024-02-02,5.93,69.8,9.5,Concluído
1972,494,20,Gestão de Tempo,2024-05-15,2024-11-11,39.9,96.9,6.61,Concluído
1973,494,76,Liderança e Gestão de Pessoas,2022-11-01,2023-01-11,37.22,77.07,9.24,Concluído
1974,494,68,Segurança da Informação,2022-07-02,,18.49,61.17,,Em Andamento
1975,494,8,Data Analytics,2024-04-29,2024-08-04,23.9,77.93,8.83,Concluído
1976,494,38,Gestão de Projetos,2024-03-29,2024-12-01,38.02,73.11,7.95,Concluído
1977,494,19,Excel Avançado,2024-03-21,2024-09-17,17.15,89.23,8.36,Concluído
1978,494,33,Agile/Scrum,2022-12-25,2023-02-17,37.0,73.52,6.47,Concluído
1979,494,82,Data Analytics,2023-08-02,2024-03-17,18.0,77.05,7.86,Concluído
1980,495,16,DevOps e CI/CD,2023-10-01,2023-11-15,11.58,67.02,7.07,Concluído
1981,495,64,Agile/Scrum,2024-08-25,2024-11-18,36.75,90.19,9.81,Concluído
1982,495,30,Cloud Computing AWS,2022-12-19,,8.25,28.82,,Em Andamento
1983,495,46,Cloud Computing AWS,2023-03-13,2024-09-28,38.89,95.17,9.36,Concluído
1984,495,46,Customer Success,2022-11-30,2024-08-02,33.66,74.7,7.14,Concluído
1985,496,75,Data Analytics,2024-08-27,2024-09-16,20.65,80.12,9.94,Concluído
1986,496,69,Excel Avançado,2023-12-01,,6.22,31.73,,Cancelado
1987,496,13,Oratória,2024-08-29,2024-10-18,18.63,81.14,8.02,Concluído
1988,496,40,Gestão de Projetos,2024-03-12,2024-06-13,16.26,71.4,8.12,Concluído
1989,496,33,Data Analytics,2023-09-06,2024-09-23,27.77,64.13,9.98,Concluído
1990,496,57,Python Avançado,2024-03-29,,18.79,21.02,,Em Andamento
1991,496,6,Gestão de Projetos,2024-04-12,2024-08-24,21.88,95.84,8.82,Concluído
1992,496,57,Design Thinking,2023-09-17,2024-11-02,26.34,95.46,9.15,Concluído
1993,497,66,Gestão de Tempo,2024-08-26,2024-12-13,24.19,97.24,6.33,Concluído
1994,497,34,Design Thinking,2024-11-07,2024-12-16,16.53,74.35,6.1,Concluído
1995,497,99,Cloud Computing AWS,2024-06-12,2024-08-24,20.1,72.33,8.53,Concluído
1996,498,98,Machine Learning,2023-07-07,2024-12-19,28.48,92.59,7.85,Concluído
1997,498,83,Design Thinking,2023-06-10,2023-11-22,37.88,64.59,6.54,Concluído
1998,498,37,Data Analytics,2024-07-02,2024-12-10,24.96,82.19,6.25,Concluído
1999,498,89,Gestão de Projetos,2024-02-01,2024-06-01,34.48,91.23,6.92,Concluído
2000,499,74,Machine Learning,2024-11-27,2024-12-04,7.6,86.18,9.62,Concluído
2001,499,49,Cloud Computing AWS,2024-11-19,,5.51,5.54,,Cancelado
2002,499,53,Machine Learning,2024-01-06,2024-05-09,19.6,71.2,9.11,Concluído
2003,499,27,Product Management,2024-11-15,,6.0,33.09,,Cancelado
2004,500,52,Python Avançado,2023-10-12,2024-09-11,18.29,64.54,9.93,Concluído
2005,500,64,Negociação,2023-10-03,2024-12-26,17.37,62.83,6.55,Concluído
2006,500,32,Python Avançado,2023-12-05,2024-09-11,14.83,76.27,6.66,Concluído
2007,500,4,Comunicação Eficaz,2024-10-09,2024-10-21,10.24,94.08,6.04,Concluído
2008,500,89,Cloud Computing AWS,2024-07-25,,18.82,47.11,,Em Andamento
2009,500,12,Python Avançado,2024-12-02,2024-12-05,28.01,62.13,7.08,Concluído
2010,500,60,JavaScript Moderno,2022-11-06,,13.65,73.1,,Em Andamento
2011,501,13,Oratória,2022-07-02,,7.18,22.75,,Cancelado
2012,501,65,Excel Avançado,2024-09-04,,17.95,16.99,,Em Andamento
2013,501,34,Liderança e Gestão de Pessoas,2022-10-05,2023-08-31,10.22,81.56,9.21,Concluído
2014,501,60,Machine Learning,2024-05-04,2024-11-12,38.87,83.39,7.99,Concluído
2015,502,23,Design Thinking,2023-12-14,2024-12-04,10.95,73.2,7.15,Concluído
2016,502,41,Vendas Consultivas,2024-08-06,2024-11-13,38.1,64.32,8.5,Concluído
2017,502,100,Vendas Consultivas,2023-10-24,2023-12-31,25.84,60.06,9.69,Concluído
2018,502,67,Cloud Computing AWS,2024-04-18,2024-08-17,8.74,88.81,8.8,Concluído
2019,502,39,Segurança da Informação,2022-10-07,2024-09-15,18.77,93.11,6.96,Concluído
2020,502,23,Comunicação Eficaz,2023-09-04,2024-03-07,19.82,61.87,9.5,Concluído
2021,502,90,Excel Avançado,2024-07-11,2024-11-20,11.24,72.89,8.88,Concluído
2022,502,20,Gestão de Tempo,2024-02-06,2024-07-11,8.98,97.33,7.11,Concluído
2023,503,36,Negociação,2024-11-16,2024-12-11,8.75,96.31,8.21,Concluído
2024,503,8,Gestão de Tempo,2024-11-28,2024-12-17,35.51,78.31,9.23,Concluído
2025,503,22,Comunicação Eficaz,2024-11-27,2024-12-13,6.95,85.32,9.58,Concluído
2026,503,99,Product Management,2024-10-24,,9.76,80.63,,Em Andamento
2027,503,77,JavaScript Moderno,2024-11-22,2024-11-24,9.28,85.46,6.06,Concluído
2028,503,81,Machine Learning,2024-12-29,2024-12-30,26.96,76.88,8.5,Concluído
2029,503,66,Customer Success,2024-11-16,2024-11-28,9.31,64.84,9.81,Concluído
2030,504,100,Python Avançado,2023-09-03,2024-02-14,11.37,92.77,9.28,Concluído
2031,504,29,Cloud Computing AWS,2024-07-25,,6.1,44.54,,Em Andamento
2032,504,72,Vendas Consultivas,2023-04-13,2024-05-19,6.57,80.63,9.4,Concluído
2033,504,70,Negociação,2024-05-11,2024-09-28,13.15,83.79,8.34,Concluído
2034,504,94,Cloud Computing AWS,2024-06-07,2024-07-27,28.69,80.08,6.51,Concluído
2035,504,11,Vendas Consultivas,2023-09-30,2023-12-01,39.51,82.68,8.41,Concluído
2036,504,15,Liderança e Gestão de Pessoas,2023-12-24,2024-07-16,31.58,97.47,6.79,Concluído
2037,504,23,Power BI,2024-05-10,2024-11-04,37.72,97.8,7.27,Concluído
2038,505,4,Comunicação Eficaz,2024-12-11,2024-12-20,33.71,66.17,7.79,Concluído
2039,507,99,Negociação,2024-12-07,2024-12-27,28.53,92.09,9.96,Concluído
2040,507,58,Comunicação Eficaz,2022-11-08,,13.84,55.2,,Em Andamento
2041,507,68,Data Analytics,2022-06-24,2024-11-21,13.11,85.91,9.22,Concluído
2042,507,19,Data Analytics,2024-08-02,,8.56,33.86,,Cancelado
2043,510,96,Gestão de Projetos,2024-11-01,2024-12-01,27.01,98.2,7.95,Concluído
2044,510,63,Product Management,2024-08-24,2024-11-24,38.35,77.67,8.33,Concluído
2045,510,28,Agile/Scrum,2024-03-07,2024-07-05,12.44,68.9,7.33,Concluído
2046,510,96,Machine Learning,2024-12-11,,2.66,21.37,,Cancelado
2047,510,59,Excel Avançado,2024-02-10,2024-09-21,6.02,71.58,8.38,Concluído
2048,510,68,Product Management,2023-08-03,,2.52,37.56,,Cancelado
2049,511,74,JavaScript Moderno,2024-08-15,2024-11-26,5.58,81.64,6.62,Concluído
2050,512,58,Cloud Computing AWS,2022-12-30,2024-04-09,8.78,64.63,7.31,Concluído
2051,512,82,Power BI,2024-08-08,2024-08-14,6.84,77.85,6.25,Concluído
2052,512,6,Customer Success,2023-12-19,2024-05-18,20.37,74.73,7.92,Concluído
2053,512,66,DevOps e CI/CD,2024-08-22,2024-10-28,35.19,91.58,8.77,Concluído
2054,512,63,Excel Avançado,2022-05-03,2022-09-08,21.67,79.53,8.8,Concluído
2055,513,18,Negociação,2023-10-09,2024-03-04,33.16,83.02,9.94,Concluído
2056,513,16,Power BI,2024-08-23,2024-08-26,4.07,68.97,8.24,Concluído
2057,513,41,Oratória,2024-05-15,,4.17,28.81,,Em Andamento
2058,513,2,Gestão de Projetos,2024-10-31,2024-11-04,26.51,69.19,9.11,Concluído
2059,513,20,Data Analytics,2024-10-01,2024-11-02,11.41,68.8,7.76,Concluído
2060,513,94,Excel Avançado,2024-03-20,2024-08-06,5.04,80.59,8.2,Concluído
2061,513,73,Oratória,2023-11-07,2024-11-01,23.48,93.91,7.46,Concluído
2062,513,68,Segurança da Informação,2024-01-07,2024-11-01,10.39,93.34,6.53,Concluído
2063,515,70,Negociação,2023-06-23,,14.61,51.75,,Em Andamento
2064,515,23,Product Management,2023-05-04,,3.69,3.51,,Em Andamento
2065,517,70,DevOps e CI/CD,2024-12-28,2024-12-29,18.93,90.74,9.63,Concluído
2066,517,6,Agile/Scrum,2024-05-15,2024-11-25,36.88,75.72,7.03,Concluído
2067,517,33,Segurança da Informação,2024-09-26,2024-12-04,26.04,93.87,9.0,Concluído
2068,517,44,Comunicação Eficaz,2024-12-25,2024-12-30,6.31,61.69,7.4,Concluído
2069,518,95,Cloud Computing AWS,2024-10-21,2024-12-03,10.31,69.14,9.55,Concluído
2070,518,29,Python Avançado,2024-11-23,2024-12-02,22.92,72.06,7.35,Concluído
2071,518,48,Gestão de Projetos,2024-05-16,2024-12-08,30.34,87.65,6.72,Concluído
2072,518,86,Cloud Computing AWS,2024-05-07,2024-06-20,34.33,98.39,7.95,Concluído
2073,519,9,Power BI,2024-06-28,,14.62,19.94,,Em Andamento
2074,519,60,Product Management,2024-09-17,,3.1,6.35,,Cancelado
2075,520,66,Design Thinking,2024-09-28,2024-11-24,8.75,86.14,7.86,Concluído
2076,520,94,Comunicação Eficaz,2023-08-29,2024-12-15,10.79,75.76,7.2,Concluído
2077,520,8,Customer Success,2024-04-21,,7.16,68.36,,Em Andamento
2078,520,63,Gestão de Tempo,2023-08-02,2024-10-23,12.36,83.82,9.13,Concluído
2079,520,73,Python Avançado,2023-09-18,2024-04-11,31.24,84.57,9.15,Concluído
2080,520,97,Agile/Scrum,2024-08-27,2024-10-16,31.07,73.03,9.07,Concluído
2081,520,11,Gestão de Tempo,2022-07-10,,19.81,81.9,,Em Andamento
2082,524,94,Machine Learning,2024-11-02,2024-12-26,35.58,99.22,8.07,Concluído
2083,524,7,DevOps e CI/CD,2023-11-23,2024-09-19,13.01,87.15,8.16,Concluído
2084,524,80,Data Analytics,2023-11-02,2024-07-23,6.04,67.95,6.35,Concluído
2085,524,85,JavaScript Moderno,2023-10-10,2024-09-07,35.47,74.77,7.16,Concluído
2086,524,91,Design Thinking,2024-02-13,2024-05-06,36.84,96.55,7.77,Concluído
2087,524,10,Gestão de Tempo,2023-10-24,2024-12-16,32.69,87.44,8.71,Concluído
2088,524,74,Segurança da Informação,2024-03-13,2024-12-24,37.31,82.74,7.55,Concluído
2089,525,69,JavaScript Moderno,2022-11-28,2023-07-10,17.53,84.37,7.89,Concluído
2090,525,27,Cloud Computing AWS,2023-06-06,2023-10-19,7.07,88.82,7.27,Concluído
2091,525,23,Gestão de Projetos,2024-06-02,2024-10-07,34.94,84.0,8.25,Concluído
2092,525,92,Negociação,2023-02-09,2023-07-25,6.97,68.69,9.59,Concluído
2093,526,22,Python Avançado,2023-05-20,2023-11-14,6.7,75.55,9.84,Concluído
2094,526,41,Customer Success,2024-06-23,,3.84,17.98,,Em Andamento
2095,526,24,DevOps e CI/CD,2022-09-21,2023-07-14,31.82,79.49,7.16,Concluído
2096,526,13,Oratória,2022-11-15,,11.0,2.53,,Em Andamento
2097,526,32,Cloud Computing AWS,2023-05-09,,4.39,3.88,,Em Andamento
2098,526,20,Cloud Computing AWS,2022-06-27,2022-12-05,6.5,85.99,8.0,Concluído
2099,526,85,Vendas Consultivas,2023-09-16,,9.15,37.7,,Em Andamento
2100,526,35,Segurança da Informação,2023-10-18,2023-12-07,10.94,83.87,7.96,Concluído
2101,528,15,Machine Learning,2024-03-07,2024-12-06,21.53,70.31,9.78,Concluído
2102,528,13,Vendas Consultivas,2023-06-27,2024-11-15,30.51,94.33,8.25,Concluído
2103,528,66,Oratória,2024-01-06,,3.23,13.8,,Em Andamento
2104,529,6,Gestão de Tempo,2024-11-29,2024-12-21,12.99,82.8,6.36,Concluído
2105,529,28,Design Thinking,2023-12-10,2024-06-05,31.14,96.53,8.54,Concluído
2106,529,47,Comunicação Eficaz,2022-12-18,,3.79,75.21,,Em Andamento
2107,529,44,Cloud Computing AWS,2024-05-07,2024-10-10,33.3,66.58,8.47,Concluído
2108,530,16,Customer Success,2022-10-25,2024-07-18,10.29,88.71,6.99,Concluído
2109,530,100,Cloud Computing AWS,2024-10-29,2024-11-22,21.1,71.42,7.08,Concluído
2110,530,74,Excel Avançado,2024-12-13,2024-12-14,15.33,60.53,6.99,Concluído
2111,530,31,Customer Success,2024-03-18,2024-10-24,13.05,77.61,7.88,Concluído
2112,530,41,Gestão de Tempo,2023-09-26,2024-01-02,21.46,98.39,8.25,Concluído
2113,530,80,Agile/Scrum,2023-10-28,2024-06-03,4.16,90.19,6.72,Concluído
2114,530,18,Vendas Consultivas,2022-09-20,2022-10-30,24.82,78.67,7.84,Concluído
2115,531,37,Gestão de Tempo,2024-12-19,2024-12-28,18.05,76.0,6.06,Concluído
2116,531,79,Design Thinking,2024-09-02,2024-09-26,28.44,96.51,8.38,Concluído
2117,532,10,Product Management,2024-05-24,2024-12-02,33.84,82.42,8.09,Concluído
2118,532,92,Comunicação Eficaz,2023-12-19,,11.68,75.34,,Em Andamento
2119,532,11,Product Management,2023-07-23,2024-03-19,8.85,96.11,9.9,Concluído
2120,532,25,Machine Learning,2024-04-21,,19.85,57.13,,Em Andamento
2121,532,33,DevOps e CI/CD,2024-02-22,,15.23,31.51,,Em Andamento
2122,533,14,Liderança e Gestão de Pessoas,2024-06-03,2024-08-10,38.04,86.82,6.92,Concluído
2123,533,5,Machine Learning,2024-04-13,2024-07-05,6.89,94.78,7.69,Concluído
2124,533,83,Oratória,2024-09-13,,7.88,18.09,,Em Andamento
2125,533,51,Agile/Scrum,2024-10-25,,10.04,53.25,,Em Andamento
2126,533,63,Python Avançado,2024-10-31,2024-12-04,16.09,84.35,8.14,Concluído
2127,533,69,Design Thinking,2024-03-24,2024-11-22,15.52,86.67,8.36,Concluído
2128,534,14,Agile/Scrum,2024-06-07,2024-06-19,22.54,73.2,8.5,Concluído
2129,534,37,Excel Avançado,2024-08-09,,9.07,22.15,,Cancelado
2130,534,66,Vendas Consultivas,2024-10-28,2024-11-08,32.48,78.1,7.9,Concluído
2131,534,51,Customer Success,2024-03-31,2024-12-01,14.27,78.49,9.69,Concluído
2132,534,25,Liderança e Gestão de Pessoas,2024-07-25,2024-10-20,32.61,80.3,8.21,Concluído
2133,534,22,Vendas Consultivas,2024-08-04,2024-10-16,35.03,88.76,9.01,Concluído
2134,534,47,Segurança da Informação,2024-10-28,2024-11-07,6.96,72.87,8.9,Concluído
2135,534,50,JavaScript Moderno,2024-07-01,2024-12-13,36.89,97.76,7.38,Concluído
2136,535,70,Product Management,2023-08-16,,13.23,48.4,,Em Andamento
2137,535,33,Liderança e Gestão de Pessoas,2024-10-20,2024-11-09,20.22,82.33,6.11,Concluído
2138,536,6,Power BI,2024-12-12,2024-12-21,29.89,97.05,9.73,Concluído
2139,536,43,Product Management,2024-07-31,2024-09-21,15.13,69.55,9.45,Concluído
2140,536,93,Customer Success,2024-08-09,,5.79,46.86,,Em Andamento
2141,536,37,Power BI,2023-04-18,2023-12-29,13.48,74.31,8.6,Concluído
2142,536,81,Negociação,2023-07-27,,14.34,45.15,,Em Andamento
2143,536,34,Cloud Computing AWS,2024-09-30,2024-11-20,37.74,72.87,7.72,Concluído
2144,537,3,Gestão de Tempo,2024-09-24,,15.84,3.15,,Em Andamento
2145,537,3,Gestão de Projetos,2024-07-10,,18.79,0.01,,Em Andamento
2146,537,92,Data Analytics,2024-07-14,2024-08-07,18.37,60.52,7.87,Concluído
2147,537,64,Negociação,2024-12-30,2024-12-31,13.25,98.96,7.57,Concluído
2148,537,98,Machine Learning,2024-12-18,2024-12-30,4.13,71.8,8.44,Concluído
2149,537,47,Cloud Computing AWS,2024-08-31,2024-09-18,7.06,82.96,9.25,Concluído
2150,537,62,Data Analytics,2024-09-04,2024-11-18,15.8,66.25,9.92,Concluído
2151,538,49,Excel Avançado,2024-11-07,,15.42,81.72,,Em Andamento
2152,539,86,Vendas Consultivas,2023-10-26,2024-02-12,32.32,64.38,8.12,Concluído
2153,539,97,Liderança e Gestão de Pessoas,2024-10-06,,2.8,39.47,,Em Andamento
2154,540,15,Vendas Consultivas,2024-09-09,2024-11-20,11.96,70.61,9.64,Concluído
2155,540,27,Machine Learning,2024-08-03,2024-09-24,23.71,65.28,6.38,Concluído
2156,540,77,Power BI,2024-04-19,,17.37,20.36,,Em Andamento
2157,540,97,Machine Learning,2024-08-31,2024-10-07,34.13,61.19,6.29,Concluído
2158,541,89,Segurança da Informação,2023-09-19,2024-02-10,7.83,89.47,8.24,Concluído
2159,541,25,Product Management,2024-03-21,2024-06-27,24.15,78.16,8.44,Concluído
2160,541,100,JavaScript Moderno,2023-12-27,2024-09-22,5.16,84.98,7.16,Concluído
2161,542,77,Data Analytics,2024-08-05,2024-08-10,16.81,62.66,6.27,Concluído
2162,542,25,Excel Avançado,2023-10-24,2024-10-25,28.36,65.17,8.36,Concluído
2163,542,63,Customer Success,2024-08-11,2024-11-19,4.27,82.77,7.46,Concluído
2164,542,85,Liderança e Gestão de Pessoas,2024-07-12,2024-09-25,26.45,74.43,9.88,Concluído
2165,542,98,Excel Avançado,2023-11-13,2023-12-20,9.32,61.5,6.02,Concluído
2166,542,82,Data Analytics,2024-12-31,2025-01-01,21.15,93.49,6.29,Concluído
2167,543,13,Gestão de Projetos,2023-11-12,,3.2,86.06,,Em Andamento
2168,543,6,Gestão de Projetos,2023-02-25,2024-11-10,23.49,65.77,7.89,Concluído
2169,543,43,Liderança e Gestão de Pessoas,2024-07-13,2024-09-28,19.54,87.11,6.7,Concluído
2170,543,83,DevOps e CI/CD,2024-07-04,2024-08-16,9.12,98.11,8.47,Concluído
2171,543,49,Customer Success,2023-10-21,2023-12-06,7.41,98.54,6.07,Concluído
2172,543,53,Machine Learning,2023-08-29,2023-12-18,9.17,92.33,8.79,Concluído
2173,545,98,Gestão de Projetos,2024-04-03,2024-12-12,22.59,69.61,6.57,Concluído
2174,545,85,Negociação,2023-09-19,,13.39,51.82,,Em Andamento
2175,545,3,Customer Success,2023-06-03,2023-10-24,17.12,78.59,6.22,Concluído
2176,545,32,Liderança e Gestão de Pessoas,2024-01-18,2024-09-03,29.12,78.49,7.56,Concluído
2177,545,72,Cloud Computing AWS,2024-03-15,2024-11-06,23.66,72.28,9.37,Concluído
2178,545,8,Power BI,2023-08-17,2024-09-29,18.21,65.1,6.65,Concluído
2179,545,18,DevOps e CI/CD,2023-10-10,2024-02-08,11.59,87.21,9.61,Concluído
2180,546,100,Gestão de Projetos,2024-03-12,2024-07-22,38.16,74.54,7.7,Concluído
2181,546,11,Gestão de Projetos,2024-06-11,2024-09-03,32.58,95.97,8.96,Concluído
2182,546,16,Oratória,2024-07-15,2024-12-12,6.22,93.79,7.98,Concluído
2183,548,75,Comunicação Eficaz,2024-07-15,2024-07-27,17.09,62.14,8.34,Concluído
2184,548,53,Excel Avançado,2024-07-28,,2.74,52.19,,Em Andamento
2185,548,86,Gestão de Projetos,2024-04-24,2024-12-05,37.23,80.15,9.83,Concluído
2186,548,60,Negociação,2024-10-13,2024-11-21,22.77,74.06,6.62,Concluído
2187,549,38,Product Management,2024-12-07,2024-12-30,16.08,90.73,7.74,Concluído
2188,549,19,Vendas Consultivas,2024-10-20,2024-12-03,21.79,84.12,6.09,Concluído
2189,549,24,Design Thinking,2024-10-18,2024-11-27,33.69,65.5,8.44,Concluído
2190,549,14,Cloud Computing AWS,2024-10-13,2024-11-28,6.09,80.37,6.7,Concluído
2191,549,90,Comunicação Eficaz,2024-12-18,2024-12-23,6.73,60.87,6.73,Concluído
2192,549,33,Power BI,2024-12-26,2024-12-30,35.72,64.81,8.49,Concluído
2193,549,97,Liderança e Gestão de Pessoas,2024-11-08,2024-12-24,22.62,75.0,9.86,Concluído
2194,550,81,Agile/Scrum,2024-12-28,2024-12-29,27.02,78.68,6.87,Concluído
2195,550,92,Vendas Consultivas,2024-12-27,2024-12-31,20.85,94.93,6.87,Concluído
2196,550,56,DevOps e CI/CD,2024-10-12,,4.2,5.71,,Cancelado
2197,551,9,Vendas Consultivas,2024-11-14,,18.35,52.81,,Em Andamento
2198,551,97,Design Thinking,2024-12-26,2024-12-27,11.89,88.5,8.56,Concluído
2199,551,86,Negociação,2024-10-28,,9.38,36.79,,Cancelado
2200,551,53,Vendas Consultivas,2024-09-08,,11.43,63.97,,Em Andamento
2201,551,11,Oratória,2024-12-04,2024-12-19,26.47,72.67,7.25,Concluído
2202,552,77,Design Thinking,2024-12-30,2024-12-31,32.92,71.96,7.97,Concluído
2203,553,12,Python Avançado,2024-12-16,2024-12-26,32.63,95.42,9.49,Concluído
2204,553,17,Design Thinking,2024-12-16,2024-12-24,4.99,80.11,6.29,Concluído
2205,553,54,Excel Avançado,2024-12-10,,16.83,65.63,,Em Andamento
2206,553,24,Negociação,2024-11-24,2024-12-20,16.82,94.93,6.67,Concluído
2207,553,99,Liderança e Gestão de Pessoas,2024-12-05,2024-12-08,27.0,76.15,9.11,Concluído
2208,553,52,Machine Learning,2024-12-07,2024-12-15,16.36,66.09,7.33,Concluído
2209,553,91,Oratória,2024-12-31,2025-01-01,37.78,95.42,8.42,Concluído
2210,553,91,Segurança da Informação,2024-11-16,2024-11-25,4.04,66.92,8.66,Concluído
2211,554,16,Liderança e Gestão de Pessoas,2024-11-12,2024-12-11,8.54,93.27,7.46,Concluído
2212,555,82,Power BI,2024-09-18,2024-10-27,39.34,82.55,8.03,Concluído
2213,555,57,Liderança e Gestão de Pessoas,2023-05-08,2023-12-04,13.05,95.01,9.98,Concluído
2214,556,10,Agile/Scrum,2024-05-08,2024-08-18,14.07,92.52,6.84,Concluído
2215,556,64,Negociação,2024-10-23,2024-10-26,30.29,82.65,8.61,Concluído
2216,557,71,Data Analytics,2024-01-19,2024-06-19,15.5,67.58,7.45,Concluído
2217,557,57,Python Avançado,2023-09-10,,2.34,11.69,,Cancelado
2218,557,3,Gestão de Projetos,2024-09-08,2024-12-23,10.95,74.32,6.41,Concluído
2219,557,15,Customer Success,2023-11-06,2024-06-04,20.18,95.4,7.02,Concluído
2220,557,89,Oratória,2024-12-24,2024-12-29,8.68,76.36,7.08,Concluído
2221,557,79,Python Avançado,2023-08-08,2024-11-14,35.6,69.36,9.74,Concluído
2222,557,57,Vendas Consultivas,2024-08-14,2024-09-18,32.03,92.74,9.12,Concluído
2223,557,7,Oratória,2023-10-09,2024-07-01,16.48,81.43,7.11,Concluído
2224,558,71,JavaScript Moderno,2024-09-17,2024-11-05,21.4,65.19,8.74,Concluído
2225,558,25,Liderança e Gestão de Pessoas,2024-11-23,2024-12-02,35.47,77.95,7.34,Concluído
2226,559,52,Comunicação Eficaz,2024-11-30,2024-12-04,36.0,83.55,8.85,Concluído
2227,559,72,Segurança da Informação,2024-05-03,2024-11-07,9.17,94.03,9.34,Concluído
2228,559,14,Data Analytics,2023-09-03,2024-02-02,30.06,89.05,6.8,Concluído
2229,559,45,Gestão de Projetos,2024-08-10,2024-11-03,13.22,89.08,7.78,Concluído
2230,560,59,Cloud Computing AWS,2024-06-24,2024-09-19,39.4,70.32,6.84,Concluído
2231,560,84,JavaScript Moderno,2024-12-12,2024-12-29,22.78,80.39,8.47,Concluído
2232,560,24,Data Analytics,2022-09-02,2024-11-10,15.97,61.05,6.88,Concluído
2233,560,63,Segurança da Informação,2024-10-28,2024-10-29,27.44,80.71,6.77,Concluído
2234,561,94,Power BI,2024-12-27,2024-12-31,4.34,88.49,9.52,Concluído
2235,562,93,JavaScript Moderno,2024-11-15,2024-12-29,6.97,86.71,9.55,Concluído
2236,562,18,Liderança e Gestão de Pessoas,2024-11-07,2024-11-17,4.44,98.83,6.86,Concluído
2237,562,48,Liderança e Gestão de Pessoas,2024-11-17,2024-12-18,33.79,82.12,8.56,Concluído
2238,562,41,Data Analytics,2024-11-27,,16.29,11.27,,Em Andamento
2239,562,25,DevOps e CI/CD,2024-11-20,2024-12-17,18.51,85.6,8.26,Concluído
2240,563,62,Customer Success,2024-08-01,2024-10-18,26.42,84.23,8.47,Concluído
2241,563,83,Oratória,2024-01-23,,4.06,19.79,,Em Andamento
2242,563,21,Vendas Consultivas,2023-12-26,,15.06,22.29,,Em Andamento
2243,563,20,Gestão de Tempo,2024-04-03,2024-09-12,10.84,94.87,8.33,Concluído
2244,563,54,Oratória,2023-10-01,2024-06-26,27.3,64.35,8.63,Concluído
2245,563,11,Product Management,2023-10-22,2024-12-01,14.78,61.39,8.05,Concluído
2246,564,59,Customer Success,2024-01-16,2024-04-14,17.65,91.75,7.18,Concluído
2247,566,5,Comunicação Eficaz,2024-06-14,2024-12-04,6.54,70.43,9.73,Concluído
2248,566,55,DevOps e CI/CD,2023-08-17,2024-03-08,39.55,99.09,7.41,Concluído
2249,566,59,Machine Learning,2024-07-02,2024-09-11,27.35,95.65,9.9,Concluído
2250,566,53,Design Thinking,2024-11-01,2024-12-04,7.65,97.44,6.99,Concluído
2251,566,14,Cloud Computing AWS,2024-11-20,2024-12-29,11.96,93.83,7.3,Concluído
2252,567,39,Oratória,2023-05-15,2023-12-20,38.29,83.76,9.38,Concluído
2253,567,47,Machine Learning,2024-01-23,2024-09-09,24.43,89.58,7.63,Concluído
2254,567,39,DevOps e CI/CD,2023-03-04,2024-09-16,24.32,69.21,8.73,Concluído
2255,567,95,Comunicação Eficaz,2023-03-18,2024-11-01,21.49,83.26,9.37,Concluído
2256,567,37,Data Analytics,2024-05-13,2024-06-25,17.38,64.04,9.39,Concluído
2257,568,29,Machine Learning,2023-04-15,2023-09-26,27.01,80.77,8.45,Concluído
2258,568,34,Agile/Scrum,2024-10-26,2024-12-31,29.26,87.59,7.69,Concluído
2259,568,26,Segurança da Informação,2024-02-27,,8.5,36.67,,Cancelado
2260,569,15,Gestão de Projetos,2024-08-30,2024-09-12,7.12,70.13,7.62,Concluído
2261,569,88,Oratória,2024-03-22,2024-05-04,25.7,90.5,8.02,Concluído
2262,571,45,Customer Success,2023-06-27,2024-10-13,24.02,92.74,7.07,Concluído
2263,572,90,Agile/Scrum,2024-06-10,2024-12-23,33.02,71.97,8.34,Concluído
2264,572,37,Gestão de Tempo,2024-04-27,2024-05-29,27.64,96.61,9.39,Concluído
2265,572,11,Cloud Computing AWS,2023-12-01,2024-07-16,8.72,71.87,7.24,Concluído
2266,572,28,Cloud Computing AWS,2023-04-16,2024-09-11,15.85,91.09,8.26,Concluído
2267,573,12,Gestão de Projetos,2024-08-29,2024-10-13,30.76,71.04,7.81,Concluído
2268,573,75,Oratória,2024-09-02,,1.33,12.46,,Cancelado
2269,573,70,Cloud Computing AWS,2024-03-26,2024-05-27,34.03,98.53,9.56,Concluído
2270,573,30,Design Thinking,2024-03-28,2024-11-18,24.5,76.01,9.6,Concluído
2271,573,7,Python Avançado,2024-10-15,2024-10-17,22.43,77.5,8.21,Concluído
2272,573,3,Comunicação Eficaz,2024-10-28,2024-12-13,30.54,77.96,9.3,Concluído
2273,573,84,Data Analytics,2024-04-29,2024-11-29,5.66,65.99,7.55,Concluído
2274,574,69,Cloud Computing AWS,2023-07-09,,12.23,45.08,,Em Andamento
2275,574,37,Negociação,2024-04-03,2024-05-14,26.43,92.0,8.15,Concluído
2276,574,20,Negociação,2024-11-03,,3.37,15.82,,Em Andamento
2277,574,64,Power BI,2023-09-08,2024-07-13,5.26,68.17,9.58,Concluído
2278,574,92,Liderança e Gestão de Pessoas,2024-11-15,2024-11-30,20.7,75.65,7.34,Concluído
2279,574,8,Data Analytics,2023-12-19,2024-09-10,12.85,81.35,9.18,Concluído
2280,574,64,Customer Success,2024-03-18,2024-06-09,34.4,80.28,9.35,Concluído
2281,574,33,Design Thinking,2023-09-29,2024-10-12,38.7,82.75,9.2,Concluído
2282,575,66,Python Avançado,2023-06-11,2024-11-19,25.96,92.2,6.98,Concluído
2283,575,98,Design Thinking,2023-10-30,2024-12-16,8.41,73.54,7.69,Concluído
2284,575,30,DevOps e CI/CD,2023-12-20,,4.96,24.13,,Cancelado
2285,575,83,JavaScript Moderno,2023-07-22,2024-02-28,31.58,61.65,8.45,Concluído
2286,575,49,Product Management,2022-11-27,,12.27,18.77,,Em Andamento
2287,575,93,Gestão de Projetos,2023-05-22,2024-07-02,37.32,85.3,9.94,Concluído
2288,576,51,Vendas Consultivas,2023-09-06,,17.11,66.6,,Em Andamento
2289,576,10,Oratória,2023-11-14,2024-10-25,22.88,63.18,6.87,Concluído
2290,576,15,Oratória,2024-07-10,2024-07-16,35.69,98.24,7.82,Concluído
2291,576,50,JavaScript Moderno,2023-06-03,2024-04-08,18.9,72.7,7.31,Concluído
2292,576,97,Power BI,2024-05-22,2024-07-11,11.55,82.08,9.9,Concluído
2293,576,18,Python Avançado,2023-11-23,,4.57,59.37,,Em Andamento
2294,576,24,Cloud Computing AWS,2023-11-25,,18.3,87.13,,Em Andamento
2295,577,4,Liderança e Gestão de Pessoas,2023-03-13,2024-10-18,30.98,67.44,8.2,Concluído
2296,578,97,Oratória,2024-12-27,2024-12-29,29.79,61.84,7.99,Concluído
2297,578,96,Agile/Scrum,2024-12-18,2024-12-26,16.07,82.76,9.33,Concluído
2298,578,77,Data Analytics,2024-12-28,2024-12-30,29.5,63.23,8.39,Concluído
2299,578,4,JavaScript Moderno,2024-12-31,,13.18,55.72,,Em Andamento
2300,579,92,Power BI,2023-04-20,2024-03-14,30.79,95.29,9.53,Concluído
2301,581,78,Customer Success,2022-06-08,,18.86,63.53,,Em Andamento
2302,581,26,Agile/Scrum,2022-08-11,,6.44,21.54,,Cancelado
2303,581,72,DevOps e CI/CD,2024-07-11,2024-11-28,26.44,90.93,9.36,Concluído
2304,581,32,Power BI,2022-08-25,2022-09-14,4.5,68.72,8.86,Concluído
2305,581,96,Oratória,2023-04-07,,18.52,67.46,,Em Andamento
2306,581,10,Data Analytics,2024-06-04,2024-06-20,29.9,86.93,7.14,Concluído
2307,581,86,Gestão de Tempo,2023-10-10,,18.0,37.85,,Em Andamento
2308,581,78,Customer Success,2022-10-05,2022-10-17,27.23,98.23,7.59,Concluído
2309,582,31,JavaScript Moderno,2024-08-13,,8.14,7.38,,Cancelado
2310,582,92,Agile/Scrum,2024-06-17,2024-11-13,30.76,94.82,8.85,Concluído
2311,582,88,Negociação,2024-01-03,2024-01-25,27.38,91.78,6.26,Concluído
2312,582,94,Oratória,2024-01-22,2024-01-26,28.78,69.19,7.92,Concluído
2313,583,5,Machine Learning,2024-09-24,,4.96,9.48,,Cancelado
2314,583,66,Agile/Scrum,2024-12-16,,7.56,11.13,,Em Andamento
2315,584,18,Data Analytics,2024-09-12,2024-10-02,13.7,79.43,7.36,Concluído
2316,584,61,Comunicação Eficaz,2024-11-26,2024-12-28,7.32,81.96,8.0,Concluído
2317,584,8,Machine Learning,2024-07-07,2024-11-14,25.02,67.59,8.68,Concluído
2318,584,83,Gestão de Tempo,2024-07-12,2024-12-12,36.86,60.42,9.46,Concluído
2319,584,40,Power BI,2024-11-24,2024-12-06,24.81,69.59,9.71,Concluído
2320,584,78,Agile/Scrum,2024-07-03,2024-09-19,35.14,61.84,6.58,Concluído
2321,584,37,Product Management,2024-08-17,2024-09-27,37.01,82.41,7.7,Concluído
2322,584,79,Agile/Scrum,2024-11-13,2024-12-11,32.23,96.84,9.34,Concluído
2323,585,54,Agile/Scrum,2024-03-25,2024-12-24,19.4,67.48,7.75,Concluído
2324,585,64,JavaScript Moderno,2024-04-29,,7.42,69.16,,Em Andamento
2325,585,40,Design Thinking,2024-07-09,2024-07-24,26.62,87.54,9.8,Concluído
2326,585,23,Agile/Scrum,2022-06-06,2022-11-07,22.98,83.69,7.38,Concluído
2327,585,42,Data Analytics,2022-06-06,2023-10-10,7.48,66.44,7.65,Concluído
2328,585,66,Python Avançado,2023-03-12,,18.06,74.8,,Em Andamento
2329,588,73,Gestão de Tempo,2024-11-13,,16.84,24.69,,Em Andamento
2330,588,76,Gestão de Projetos,2024-10-22,,11.11,57.89,,Em Andamento
2331,588,37,Customer Success,2024-05-28,2024-08-03,36.99,61.99,6.5,Concluído
2332,588,72,Machine Learning,2024-07-30,,18.01,74.59,,Em Andamento
2333,589,96,Segurança da Informação,2024-05-17,,8.96,14.5,,Em Andamento
2334,589,23,Negociação,2024-02-28,2024-06-06,12.39,86.08,7.29,Concluído
2335,589,28,Agile/Scrum,2023-08-13,2023-08-21,30.94,69.55,6.11,Concluído
2336,589,86,Customer Success,2024-12-19,2024-12-20,15.9,78.74,7.75,Concluído
2337,589,68,Agile/Scrum,2024-06-25,2024-11-03,5.92,94.99,9.76,Concluído
2338,589,40,Data Analytics,2023-12-01,2023-12-20,18.15,75.22,7.06,Concluído
2339,589,75,Power BI,2024-05-27,,5.96,64.2,,Em Andamento
2340,589,37,Python Avançado,2024-11-09,2024-12-02,34.26,78.1,8.66,Concluído
2341,590,6,Vendas Consultivas,2024-02-29,2024-07-18,12.3,68.68,9.27,Concluído
2342,590,1,Customer Success,2023-09-27,2024-06-16,16.97,69.45,9.94,Concluído
2343,590,77,DevOps e CI/CD,2023-11-11,2024-08-12,16.98,89.35,8.65,Concluído
2344,590,26,Gestão de Tempo,2024-04-13,2024-08-20,38.74,77.73,9.09,Concluído
2345,590,49,Power BI,2024-02-09,2024-12-20,33.32,87.89,9.49,Concluído
2346,590,18,Design Thinking,2024-06-14,2024-11-30,23.85,66.25,6.24,Concluído
2347,592,87,Gestão de Projetos,2024-06-04,2024-12-15,29.44,92.67,7.98,Concluído
2348,592,96,Excel Avançado,2023-10-21,2024-02-07,17.3,98.22,9.43,Concluído
2349,592,13,Comunicação Eficaz,2024-06-26,2024-12-18,23.66,97.53,7.48,Concluído
2350,592,59,Comunicação Eficaz,2024-08-05,2024-09-04,10.02,61.63,8.92,Concluído
2351,592,57,Excel Avançado,2024-10-17,,6.94,0.5,,Em Andamento
2352,592,29,Agile/Scrum,2024-07-22,2024-07-30,7.6,92.18,8.25,Concluído
2353,592,73,Python Avançado,2024-08-11,,7.56,54.62,,Em Andamento
2354,592,79,DevOps e CI/CD,2023-12-11,2024-04-03,17.25,69.64,8.6,Concluído
2355,593,70,Customer Success,2023-12-21,2024-02-27,39.35,97.42,9.27,Concluído
2356,593,83,Product Management,2023-09-08,2023-11-29,37.67,60.92,7.02,Concluído
2357,593,70,Liderança e Gestão de Pessoas,2023-07-01,2024-11-18,24.66,73.36,9.36,Concluído
2358,593,96,Agile/Scrum,2024-11-24,2024-11-27,5.38,82.43,6.74,Concluído
2359,593,83,Comunicação Eficaz,2023-06-11,,5.77,19.64,,Cancelado
2360,593,87,Machine Learning,2024-11-08,2024-11-23,35.31,85.13,7.39,Concluído
2361,593,39,Liderança e Gestão de Pessoas,2023-11-08,,7.59,9.95,,Em Andamento
2362,594,37,Oratória,2024-12-06,2024-12-14,17.96,88.38,9.76,Concluído
2363,594,96,Machine Learning,2024-11-14,2024-12-16,37.48,76.64,8.57,Concluído
2364,595,11,Gestão de Tempo,2024-09-28,,4.71,31.13,,Em Andamento
2365,595,25,Design Thinking,2024-11-03,2024-11-20,4.2,94.7,9.25,Concluído
2366,595,73,Power BI,2023-10-26,2024-03-14,13.01,74.47,8.22,Concluído
2367,596,64,Negociação,2024-10-16,2024-11-23,22.59,69.56,7.16,Concluído
2368,596,78,Data Analytics,2024-10-12,,6.68,0.45,,Cancelado
2369,596,88,Gestão de Projetos,2024-10-27,,1.46,4.25,,Cancelado
2370,596,74,Gestão de Projetos,2024-10-26,2024-12-04,6.53,73.77,6.05,Concluído
2371,596,40,Segurança da Informação,2024-12-05,2024-12-19,10.06,70.09,9.63,Concluído
2372,596,34,Vendas Consultivas,2024-10-27,,8.0,27.1,,Em Andamento
2373,596,30,Machine Learning,2024-11-10,,2.38,46.33,,Em Andamento
2374,596,59,Oratória,2024-10-16,2024-10-29,23.2,63.21,9.7,Concluído
2375,597,19,Excel Avançado,2023-11-18,2024-12-18,23.27,69.03,6.12,Concluído
2376,598,67,Python Avançado,2024-02-06,2024-07-06,16.55,72.22,6.57,Concluído
2377,598,7,DevOps e CI/CD,2023-11-03,2024-12-05,26.74,77.76,9.31,Concluído
2378,598,40,Data Analytics,2023-09-15,2023-12-04,12.03,79.26,9.01,Concluído
2379,598,21,Gestão de Tempo,2023-12-21,2024-08-22,35.73,71.7,9.87,Concluído
2380,598,7,Product Management,2024-03-24,2024-06-25,15.65,82.39,7.05,Concluído
2381,598,83,Cloud Computing AWS,2023-11-25,2023-12-10,12.92,80.17,8.03,Concluído
2382,598,85,Comunicação Eficaz,2024-09-28,2024-12-25,33.44,70.13,9.15,Concluído
2383,599,74,Negociação,2024-11-12,2024-11-30,21.57,61.85,9.61,Concluído
2384,599,19,Comunicação Eficaz,2024-11-25,2024-11-30,7.28,93.07,8.89,Concluído
2385,599,28,Vendas Consultivas,2024-10-25,2024-12-01,35.81,63.8,9.88,Concluído
2386,599,99,Design Thinking,2024-11-23,2024-12-09,32.67,66.75,7.89,Concluído
2387,599,71,Customer Success,2024-12-01,2024-12-24,33.59,71.63,7.56,Concluído
2388,599,15,Python Avançado,2024-11-23,2024-12-16,35.63,78.18,7.85,Concluído
2389,599,25,Oratória,2024-10-28,2024-11-15,36.95,86.47,6.58,Concluído
2390,599,14,Gestão de Tempo,2024-12-14,2024-12-26,8.92,85.55,8.81,Concluído
2391,601,75,Cloud Computing AWS,2024-10-16,2024-11-21,27.68,73.96,7.49,Concluído
2392,601,25,Gestão de Tempo,2023-12-16,,1.16,17.18,,Cancelado
2393,601,100,Power BI,2024-11-13,,16.36,37.39,,Em Andamento
2394,601,32,Data Analytics,2024-08-01,2024-08-30,12.3,71.68,6.72,Concluído
2395,601,3,Liderança e Gestão de Pessoas,2024-12-08,2024-12-28,35.1,81.22,9.95,Concluído
2396,601,7,Comunicação Eficaz,2024-01-07,2024-07-26,35.86,69.59,6.87,Concluído
2397,601,38,Cloud Computing AWS,2024-09-01,2024-11-04,15.51,70.57,7.13,Concluído
2398,601,3,Gestão de Tempo,2024-02-05,2024-07-21,21.66,63.97,9.78,Concluído
2399,602,100,Power BI,2023-09-13,2024-05-30,36.82,92.19,8.37,Concluído
2400,602,89,Gestão de Projetos,2023-03-20,2023-10-15,28.7,97.83,7.07,Concluído
2401,602,44,Product Management,2023-08-06,2024-02-24,32.41,84.84,7.46,Concluído
2402,602,91,Product Management,2022-12-12,,15.35,26.2,,Em Andamento
2403,602,68,DevOps e CI/CD,2022-10-11,,10.18,7.3,,Em Andamento
2404,602,27,Oratória,2022-11-30,,15.22,5.54,,Em Andamento
2405,602,16,DevOps e CI/CD,2022-05-24,2023-08-17,18.85,91.68,6.88,Concluído
2406,602,39,Segurança da Informação,2024-07-16,,6.31,32.45,,Cancelado
2407,603,57,Machine Learning,2024-11-04,2024-11-22,4.87,95.67,7.37,Concluído
2408,603,35,Product Management,2024-09-18,2024-10-06,29.06,66.01,7.84,Concluído
2409,603,60,Power BI,2024-06-14,2024-09-25,5.8,61.54,6.88,Concluído
2410,603,65,Excel Avançado,2023-02-16,2024-09-07,11.78,63.05,8.33,Concluído
2411,604,65,Data Analytics,2024-04-09,2024-08-01,35.1,62.97,8.49,Concluído
2412,604,50,Segurança da Informação,2023-12-18,,3.86,34.56,,Em Andamento
2413,604,46,Excel Avançado,2023-11-19,2024-12-02,11.92,97.15,8.69,Concluído
2414,604,1,Gestão de Tempo,2023-09-15,2024-12-19,14.8,73.73,7.65,Concluído
2415,604,76,Liderança e Gestão de Pessoas,2024-02-24,2024-07-07,26.2,86.63,7.83,Concluído
2416,604,20,Cloud Computing AWS,2024-01-19,2024-12-18,27.31,94.2,6.4,Concluído
2417,604,50,Gestão de Tempo,2022-07-10,2024-12-27,24.64,75.75,6.53,Concluído
2418,605,30,DevOps e CI/CD,2024-05-25,2024-09-12,20.31,75.01,6.92,Concluído
2419,605,48,Design Thinking,2022-09-15,2022-10-04,18.51,78.11,9.16,Concluído
2420,605,30,Gestão de Projetos,2023-01-24,2023-05-21,24.12,98.14,8.84,Concluído
2421,606,17,Excel Avançado,2024-05-04,2024-12-25,20.54,81.76,6.6,Concluído
2422,606,64,Gestão de Projetos,2024-11-14,,6.78,23.89,,Cancelado
2423,606,52,Machine Learning,2024-11-25,2024-12-28,24.91,81.48,8.91,Concluído
2424,606,22,Python Avançado,2024-12-11,2024-12-14,17.45,70.44,7.66,Concluído
2425,606,23,Oratória,2024-10-02,2024-12-13,36.05,66.83,6.1,Concluído
2426,606,53,Vendas Consultivas,2024-07-05,,9.8,87.52,,Em Andamento
2427,606,24,Customer Success,2024-05-14,2024-10-05,33.79,76.37,7.73,Concluído
2428,606,28,Product Management,2024-07-20,,8.33,11.95,,Cancelado
2429,607,67,Negociação,2024-12-07,2024-12-14,24.55,86.94,9.94,Concluído
2430,607,10,Comunicação Eficaz,2024-11-26,2024-12-08,29.63,95.6,9.1,Concluído
2431,607,38,Segurança da Informação,2024-12-20,2024-12-26,24.74,99.02,7.79,Concluído
2432,607,88,Cloud Computing AWS,2024-12-23,2024-12-28,15.34,87.16,9.8,Concluído
2433,607,80,Segurança da Informação,2024-11-26,2024-12-16,37.42,61.92,7.87,Concluído
2434,607,53,JavaScript Moderno,2024-12-22,2024-12-28,35.48,83.49,9.23,Concluído
2435,607,10,Segurança da Informação,2024-12-11,,3.99,54.38,,Em Andamento
2436,607,11,DevOps e CI/CD,2024-12-21,2024-12-23,21.64,61.84,8.9,Concluído
2437,608,2,Excel Avançado,2024-09-09,2024-12-04,17.79,67.16,6.19,Concluído
2438,608,99,Gestão de Projetos,2024-10-24,,14.4,38.71,,Em Andamento
2439,608,78,JavaScript Moderno,2024-07-06,2024-10-02,8.91,65.64,7.28,Concluído
2440,608,82,Vendas Consultivas,2024-06-06,2024-09-01,13.36,76.06,8.62,Concluído
2441,608,83,Python Avançado,2024-06-18,2024-08-01,36.19,100.0,7.44,Concluído
2442,608,34,Gestão de Projetos,2024-10-06,2024-10-31,6.87,76.11,8.28,Concluído
2443,608,92,Design Thinking,2024-06-21,2024-10-13,15.27,72.78,9.11,Concluído
2444,609,23,Power BI,2024-05-02,2024-07-24,25.67,83.98,6.1,Concluído
2445,609,20,DevOps e CI/CD,2023-12-14,2024-08-17,26.17,98.91,7.48,Concluído
2446,609,2,Liderança e Gestão de Pessoas,2024-10-07,2024-10-20,10.9,67.86,7.15,Concluído
2447,609,68,Product Management,2023-11-20,2024-08-08,33.22,74.65,8.0,Concluído
2448,609,95,Excel Avançado,2024-08-13,2024-08-19,5.41,83.01,7.66,Concluído
2449,609,75,Oratória,2023-11-27,2024-07-26,8.63,70.31,6.29,Concluído
2450,609,79,Liderança e Gestão de Pessoas,2024-06-09,2024-11-25,7.76,76.96,7.69,Concluído
2451,609,60,Liderança e Gestão de Pessoas,2024-12-21,,7.39,35.98,,Cancelado
2452,610,83,Customer Success,2023-10-31,,5.41,9.04,,Em Andamento
2453,610,25,Segurança da Informação,2024-07-21,,13.12,3.35,,Em Andamento
2454,610,44,Oratória,2024-05-27,2024-11-21,6.73,93.29,8.03,Concluído
2455,610,7,Data Analytics,2024-05-14,2024-12-15,38.59,85.66,8.31,Concluído
2456,610,66,Power BI,2023-12-01,2024-12-25,20.65,68.12,9.14,Concluído
2457,610,22,Gestão de Projetos,2024-10-01,2024-11-03,36.57,92.51,8.67,Concluído
2458,610,2,DevOps e CI/CD,2024-05-13,2024-12-27,37.85,72.03,7.25,Concluído
2459,610,90,Comunicação Eficaz,2024-06-20,2024-07-27,11.39,61.34,9.73,Concluído
2460,611,72,Product Management,2024-05-14,2024-11-08,10.27,68.93,6.76,Concluído
2461,611,37,Machine Learning,2024-08-04,2024-09-16,12.25,62.54,9.59,Concluído
2462,611,11,Segurança da Informação,2024-10-05,2024-12-07,20.87,88.07,6.88,Concluído
2463,611,23,Comunicação Eficaz,2024-01-04,2024-08-25,19.11,94.58,9.72,Concluído
2464,611,61,Comunicação Eficaz,2024-03-04,2024-10-25,30.25,66.15,8.29,Concluído
2465,611,5,Product Management,2024-01-07,2024-06-23,5.75,68.17,8.55,Concluído
2466,611,63,Liderança e Gestão de Pessoas,2024-12-07,2024-12-16,17.81,77.96,6.5,Concluído
2467,611,30,Data Analytics,2024-03-27,2024-12-04,24.34,70.51,9.24,Concluído
2468,612,41,Product Management,2023-11-01,2024-10-09,4.2,92.16,9.74,Concluído
2469,612,79,Liderança e Gestão de Pessoas,2024-11-01,,15.57,11.86,,Em Andamento
2470,613,4,Data Analytics,2022-06-02,2024-07-25,9.21,95.14,6.9,Concluído
2471,613,3,Comunicação Eficaz,2023-12-22,2024-11-18,5.49,76.39,9.99,Concluído
2472,613,99,Machine Learning,2023-02-02,2024-03-29,10.98,78.3,6.56,Concluído
2473,613,19,Comunicação Eficaz,2024-01-18,2024-03-18,24.65,86.96,8.46,Concluído
2474,613,6,Oratória,2024-01-19,2024-12-04,17.81,64.78,8.88,Concluído
2475,613,54,JavaScript Moderno,2024-10-26,2024-12-03,11.06,77.65,8.14,Concluído
2476,613,8,Design Thinking,2024-05-13,,7.71,5.33,,Cancelado
2477,613,16,DevOps e CI/CD,2024-02-14,,16.12,14.21,,Em Andamento
2478,614,61,Liderança e Gestão de Pessoas,2024-05-25,2024-06-23,18.32,92.37,7.34,Concluído
2479,615,17,Customer Success,2024-10-04,2024-11-08,7.76,99.9,6.29,Concluído
2480,615,28,Gestão de Tempo,2024-02-08,2024-11-01,28.65,70.8,6.27,Concluído
2481,615,89,Oratória,2024-10-12,2024-11-14,26.56,76.01,7.8,Concluído
2482,615,42,Design Thinking,2024-04-21,,1.39,20.05,,Cancelado
2483,615,81,Comunicação Eficaz,2024-08-27,2024-11-01,16.09,98.02,9.42,Concluído
2484,615,68,Liderança e Gestão de Pessoas,2024-06-10,2024-11-06,15.01,79.0,9.14,Concluído
2485,615,39,Oratória,2024-09-30,2024-12-21,14.39,94.65,9.33,Concluído
2486,615,74,Comunicação Eficaz,2023-11-25,2024-06-11,9.26,97.24,8.32,Concluído
2487,616,74,Gestão de Tempo,2023-12-08,2024-02-14,28.46,82.63,6.42,Concluído
2488,616,69,Gestão de Tempo,2023-02-15,2024-07-08,4.03,67.76,7.86,Concluído
2489,616,50,Negociação,2023-04-30,2024-12-14,4.72,68.11,6.88,Concluído
2490,616,70,Segurança da Informação,2024-05-01,2024-09-05,9.08,74.14,8.31,Concluído
2491,616,29,Vendas Consultivas,2023-05-11,2024-08-13,9.19,64.16,8.35,Concluído
2492,617,97,Design Thinking,2024-02-23,,4.52,32.17,,Em Andamento
2493,617,23,Oratória,2024-07-20,2024-07-25,31.74,63.16,7.22,Concluído
2494,618,42,Comunicação Eficaz,2024-11-18,2024-11-26,8.63,93.61,6.35,Concluído
2495,618,87,Vendas Consultivas,2024-12-18,2024-12-27,27.29,60.62,9.01,Concluído
2496,618,69,Vendas Consultivas,2024-12-25,2024-12-31,6.63,75.55,8.77,Concluído
2497,618,96,Agile/Scrum,2024-11-07,2024-12-08,12.88,83.22,7.94,Concluído
2498,618,82,Machine Learning,2024-11-21,2024-12-13,26.31,88.22,9.76,Concluído
2499,618,82,Product Management,2024-11-07,2024-11-19,35.15,61.59,6.23,Concluído
2500,618,10,Cloud Computing AWS,2024-12-20,2024-12-25,4.33,64.1,9.7,Concluído
2501,619,27,Oratória,2024-10-10,,9.67,39.72,,Cancelado
2502,619,77,Vendas Consultivas,2024-09-22,2024-11-08,13.86,63.39,9.3,Concluído
2503,619,55,Gestão de Projetos,2024-09-29,2024-12-06,36.84,81.45,9.91,Concluído
2504,619,65,DevOps e CI/CD,2024-10-25,2024-12-16,17.8,98.68,9.58,Concluído
2505,619,96,Data Analytics,2024-10-15,2024-11-04,31.49,71.29,6.14,Concluído
2506,619,85,Python Avançado,2024-10-19,2024-10-30,16.77,95.94,9.54,Concluído
2507,619,49,Gestão de Tempo,2024-08-28,2024-12-11,21.0,90.25,6.13,Concluído
2508,620,21,Negociação,2024-03-12,,3.02,56.55,,Em Andamento
2509,621,40,Power BI,2024-10-03,2024-12-02,32.77,69.25,8.15,Concluído
2510,621,31,Product Management,2024-04-11,2024-12-28,31.78,89.36,9.24,Concluído
2511,621,81,JavaScript Moderno,2024-12-20,2024-12-27,11.14,77.27,9.34,Concluído
2512,621,63,Vendas Consultivas,2024-11-21,2024-12-23,28.4,65.94,6.85,Concluído
2513,621,78,Cloud Computing AWS,2024-03-29,,12.64,64.38,,Em Andamento
2514,621,10,Cloud Computing AWS,2024-10-17,2024-11-26,12.3,97.06,9.79,Concluído
2515,621,20,Negociação,2024-06-13,2024-09-25,27.24,75.85,6.08,Concluído
2516,622,22,Comunicação Eficaz,2023-06-19,2024-08-09,17.19,86.65,8.47,Concluído
2517,622,13,Product Management,2022-08-29,,17.93,66.31,,Em Andamento
2518,622,97,Data Analytics,2023-03-15,,6.66,20.89,,Cancelado
2519,622,22,Agile/Scrum,2022-11-11,2022-12-30,24.17,94.59,6.74,Concluído
2520,622,39,Agile/Scrum,2024-02-08,2024-03-04,21.11,71.88,7.2,Concluído
2521,622,10,JavaScript Moderno,2023-03-04,2024-05-04,9.27,66.2,7.26,Concluído
2522,622,21,Product Management,2022-07-31,2022-08-28,14.69,61.08,9.51,Concluído
2523,623,46,Segurança da Informação,2024-03-23,,19.49,0.92,,Em Andamento
2524,623,68,Data Analytics,2023-04-29,,13.1,43.26,,Em Andamento
2525,623,64,Data Analytics,2024-06-02,2024-12-23,17.54,91.29,8.89,Concluído
2526,623,23,Machine Learning,2024-06-22,,5.34,69.47,,Em Andamento
2527,624,63,Cloud Computing AWS,2024-08-14,2024-09-02,32.17,81.55,6.7,Concluído
2528,624,36,DevOps e CI/CD,2024-02-03,2024-04-18,30.5,64.22,7.71,Concluído
2529,624,73,Excel Avançado,2024-10-19,,11.97,40.35,,Em Andamento
2530,624,5,Gestão de Tempo,2024-05-05,2024-09-12,33.92,72.47,6.29,Concluído
2531,625,38,Oratória,2024-09-17,2024-11-08,20.49,88.93,9.85,Concluído
2532,625,51,Liderança e Gestão de Pessoas,2024-12-03,2024-12-08,39.44,80.85,7.29,Concluído
2533,625,50,Negociação,2024-10-24,2024-11-14,5.09,62.97,7.1,Concluído
2534,625,9,Design Thinking,2024-11-25,2024-12-30,26.64,95.7,8.96,Concluído
2535,625,65,Cloud Computing AWS,2024-08-23,2024-09-25,7.99,89.17,8.01,Concluído
2536,625,18,DevOps e CI/CD,2024-11-01,2024-11-09,21.4,83.25,7.68,Concluído
2537,627,87,Power BI,2023-03-19,2023-04-20,21.7,90.73,7.6,Concluído
2538,627,18,Oratória,2022-07-14,2024-03-13,21.0,75.48,7.32,Concluído
2539,628,21,Customer Success,2023-03-08,,8.58,83.8,,Em Andamento
2540,628,71,Excel Avançado,2022-05-30,2023-12-31,23.62,68.76,9.25,Concluído
2541,628,6,Design Thinking,2024-09-16,2024-10-24,17.1,61.92,9.27,Concluído
2542,630,53,Customer Success,2022-07-21,2024-08-10,38.15,75.25,7.6,Concluído
2543,630,28,Gestão de Projetos,2024-02-26,2024-08-06,5.59,85.65,8.28,Concluído
2544,630,48,Excel Avançado,2024-11-19,2024-12-30,39.8,66.52,8.05,Concluído
2545,630,86,Machine Learning,2022-05-17,2023-11-24,7.86,76.1,9.0,Concluído
2546,632,45,Oratória,2023-01-23,2023-10-14,34.68,84.24,8.46,Concluído
2547,632,98,DevOps e CI/CD,2022-07-28,,10.68,9.94,,Em Andamento
2548,633,9,Comunicação Eficaz,2024-05-27,2024-09-03,29.15,89.61,9.21,Concluído
2549,633,99,Customer Success,2023-03-10,2024-03-31,12.01,85.57,7.55,Concluído
2550,633,83,Vendas Consultivas,2023-04-23,2024-02-06,14.18,69.31,6.91,Concluído
2551,633,35,JavaScript Moderno,2023-09-19,,10.38,67.25,,Em Andamento
2552,633,45,Customer Success,2024-10-03,2024-10-12,30.35,73.16,6.44,Concluído
2553,634,50,Oratória,2024-08-14,,18.56,53.66,,Em Andamento
2554,634,94,Vendas Consultivas,2024-08-09,2024-11-27,22.41,90.5,7.67,Concluído
2555,634,49,Agile/Scrum,2024-11-23,,4.84,85.52,,Em Andamento
2556,634,93,Python Avançado,2024-10-06,2024-10-09,20.96,96.84,7.81,Concluído
2557,634,64,Gestão de Projetos,2024-09-02,2024-12-03,21.93,97.79,8.8,Concluído
2558,634,40,Data Analytics,2024-07-29,2024-11-16,25.15,94.74,8.5,Concluído
2559,635,51,Design Thinking,2024-11-11,2024-12-12,9.49,74.88,7.17,Concluído
2560,635,55,Customer Success,2024-09-11,2024-11-19,28.94,92.12,7.07,Concluído
2561,635,3,Oratória,2024-07-06,,17.17,61.97,,Em Andamento
2562,635,46,Product Management,2024-12-03,2024-12-13,7.83,95.63,7.5,Concluído
2563,635,44,Design Thinking,2024-12-20,2024-12-28,35.0,94.59,6.79,Concluído
2564,635,45,DevOps e CI/CD,2024-10-22,2024-12-22,37.81,81.18,8.57,Concluído
2565,636,62,Agile/Scrum,2024-09-21,2024-12-11,8.5,66.45,6.91,Concluído
2566,636,100,Product Management,2024-09-28,2024-12-29,7.25,84.78,8.53,Concluído
2567,636,88,Gestão de Tempo,2024-12-09,2024-12-28,31.76,80.94,7.8,Concluído
2568,636,11,Product Management,2024-11-05,2024-12-30,18.71,81.33,8.0,Concluído
2569,636,14,Machine Learning,2024-11-03,,3.4,23.24,,Cancelado
2570,636,54,Excel Avançado,2024-11-24,2024-12-02,34.17,79.42,6.35,Concluído
2571,637,50,Vendas Consultivas,2024-12-25,2024-12-27,18.85,83.53,6.47,Concluído
2572,637,100,Cloud Computing AWS,2024-06-09,2024-09-25,26.34,66.5,9.69,Concluído
2573,637,31,Segurança da Informação,2024-12-08,,7.27,33.31,,Cancelado
2574,638,67,Cloud Computing AWS,2023-02-05,2024-06-23,11.49,82.58,6.8,Concluído
2575,638,6,Cloud Computing AWS,2023-10-22,2023-11-28,24.94,95.5,9.02,Concluído
2576,638,48,DevOps e CI/CD,2024-10-01,2024-10-22,26.15,64.82,7.69,Concluído
2577,639,21,Excel Avançado,2023-06-16,2024-10-08,30.08,60.59,9.22,Concluído
2578,639,46,Gestão de Tempo,2024-09-26,2024-12-11,28.32,70.22,8.99,Concluído
2579,639,63,Vendas Consultivas,2023-06-08,,8.87,34.8,,Em Andamento
2580,639,43,Python Avançado,2024-03-13,2024-10-01,19.53,66.63,7.39,Concluído
2581,639,52,Data Analytics,2023-05-10,2024-09-02,15.8,80.37,8.78,Concluído
2582,639,3,Oratória,2024-02-26,2024-05-01,9.4,99.06,9.46,Concluído
2583,640,8,Design Thinking,2024-09-15,2024-09-30,15.01,65.42,7.19,Concluído
2584,640,49,Agile/Scrum,2024-11-14,2024-12-03,4.09,60.05,9.78,Concluído
2585,640,4,Oratória,2024-08-23,,5.11,83.2,,Em Andamento
2586,640,92,Comunicação Eficaz,2024-06-06,2024-11-18,39.8,98.37,9.16,Concluído
2587,640,62,Oratória,2022-09-14,2023-02-07,25.98,98.23,6.5,Concluído
2588,640,51,Python Avançado,2022-11-06,2024-10-20,13.55,69.04,7.37,Concluído
2589,641,70,Gestão de Tempo,2024-10-13,2024-10-26,30.92,76.61,7.63,Concluído
2590,641,5,Python Avançado,2023-09-16,2023-12-09,18.68,98.39,6.67,Concluído
2591,641,31,Oratória,2024-02-18,,14.33,12.54,,Em Andamento
2592,641,34,Gestão de Projetos,2024-02-05,2024-08-19,24.55,84.09,9.32,Concluído
2593,641,97,Machine Learning,2024-08-14,2024-09-02,14.61,75.86,8.78,Concluído
2594,642,39,JavaScript Moderno,2023-11-22,2024-12-06,14.87,87.62,7.87,Concluído
2595,642,49,Data Analytics,2024-01-13,2024-12-22,32.73,92.91,9.88,Concluído
2596,642,31,DevOps e CI/CD,2024-03-29,2024-10-19,38.63,68.9,6.74,Concluído
2597,642,62,Excel Avançado,2023-09-01,2024-12-14,4.36,94.02,8.7,Concluído
2598,642,65,Product Management,2023-05-24,2023-09-06,11.0,94.05,7.57,Concluído
2599,642,43,Gestão de Projetos,2024-09-20,2024-11-20,17.63,94.91,8.71,Concluído
2600,642,78,Agile/Scrum,2023-06-26,2024-12-26,34.42,87.18,6.86,Concluído
2601,642,24,Gestão de Projetos,2023-12-03,2024-06-23,22.38,78.8,8.66,Concluído
2602,643,75,Gestão de Tempo,2024-07-10,2024-07-19,8.65,82.45,6.35,Concluído
2603,645,53,Cloud Computing AWS,2024-11-07,2024-12-13,6.82,75.74,7.75,Concluído
2604,645,90,Machine Learning,2024-08-24,2024-12-02,7.87,89.1,9.7,Concluído
2605,645,75,Power BI,2024-11-17,2024-12-31,5.97,92.2,8.27,Concluído
2606,645,35,Gestão de Tempo,2024-12-15,2024-12-24,9.75,87.62,8.34,Concluído
2607,645,45,Comunicação Eficaz,2024-09-13,2024-11-08,30.72,96.21,9.71,Concluído
2608,646,70,JavaScript Moderno,2023-09-28,2024-11-25,25.27,87.01,7.54,Concluído
2609,646,89,Product Management,2023-07-20,2024-01-09,30.95,95.21,7.39,Concluído
2610,647,45,Vendas Consultivas,2024-02-25,2024-04-24,6.68,66.82,8.83,Concluído
2611,648,53,Liderança e Gestão de Pessoas,2024-06-27,2024-07-12,22.42,61.53,8.11,Concluído
2612,648,64,Python Avançado,2024-07-26,,9.46,0.08,,Cancelado
2613,648,20,Python Avançado,2022-11-11,2024-11-16,38.61,94.48,7.23,Concluído
2614,648,46,Comunicação Eficaz,2022-09-26,,18.0,62.19,,Em Andamento
2615,648,41,Segurança da Informação,2022-06-20,2024-01-24,19.51,83.22,9.07,Concluído
2616,648,74,Machine Learning,2022-05-17,2024-11-09,10.73,86.17,7.92,Concluído
2617,649,97,Gestão de Tempo,2023-01-31,2024-09-12,29.5,84.61,9.81,Concluído
2618,649,7,Agile/Scrum,2023-04-11,2023-07-08,9.16,69.12,8.6,Concluído
2619,650,64,DevOps e CI/CD,2024-09-01,2024-12-27,7.32,67.24,8.76,Concluído
2620,650,13,Liderança e Gestão de Pessoas,2024-09-21,2024-09-26,14.53,76.71,9.14,Concluído
2621,652,75,Data Analytics,2024-05-28,2024-06-02,34.04,98.57,9.06,Concluído
2622,652,33,Agile/Scrum,2024-08-10,2024-10-10,26.94,93.27,8.14,Concluído
2623,652,67,Agile/Scrum,2024-12-11,2024-12-14,34.33,88.27,8.71,Concluído
2624,652,19,Gestão de Tempo,2024-07-06,2024-09-04,21.34,83.52,6.32,Concluído
2625,652,27,Excel Avançado,2024-10-10,2024-12-17,33.39,78.45,7.8,Concluído
2626,652,3,Liderança e Gestão de Pessoas,2024-08-10,2024-12-09,12.37,80.17,8.68,Concluído
2627,652,55,Excel Avançado,2024-05-26,2024-12-21,37.79,78.36,8.7,Concluído
2628,652,48,Vendas Consultivas,2024-07-04,2024-07-13,35.54,78.5,8.43,Concluído
2629,653,9,Design Thinking,2024-04-11,,15.83,55.6,,Em Andamento
2630,653,92,Data Analytics,2024-06-29,,19.07,20.32,,Em Andamento
2631,654,46,Comunicação Eficaz,2024-11-04,2024-12-26,27.19,91.81,8.79,Concluído
2632,654,33,Comunicação Eficaz,2024-11-07,,14.08,18.47,,Em Andamento
2633,654,9,Liderança e Gestão de Pessoas,2024-10-25,2024-12-29,24.03,91.71,9.82,Concluído
2634,654,67,Gestão de Projetos,2024-12-09,2024-12-13,9.48,99.87,7.77,Concluído
2635,654,96,Segurança da Informação,2024-11-07,2024-11-29,12.76,85.24,8.41,Concluído
2636,654,18,Gestão de Tempo,2024-11-27,2024-11-28,33.66,77.94,8.24,Concluído
2637,654,98,Customer Success,2024-11-04,2024-12-06,21.85,97.84,7.32,Concluído
2638,655,61,Python Avançado,2024-12-30,2024-12-31,19.66,65.18,7.47,Concluído
2639,655,85,Negociação,2023-02-18,,14.9,1.04,,Em Andamento
2640,655,33,Python Avançado,2024-02-09,2024-11-02,39.08,91.59,8.28,Concluído
2641,655,90,Vendas Consultivas,2024-02-03,2024-03-21,39.51,87.7,7.68,Concluído
2642,655,7,Design Thinking,2024-10-23,2024-11-07,17.98,60.76,8.85,Concluído
2643,655,24,Comunicação Eficaz,2023-09-09,2024-03-20,25.57,83.04,7.15,Concluído
2644,655,2,Power BI,2022-12-24,2023-03-01,38.38,97.78,9.4,Concluído
2645,655,35,Python Avançado,2024-04-02,2024-08-31,32.14,72.8,6.66,Concluído
2646,656,38,Segurança da Informação,2022-11-11,2024-11-12,6.24,86.03,9.65,Concluído
2647,656,69,Machine Learning,2023-04-23,2024-10-16,4.88,67.71,7.92,Concluído
2648,656,93,Excel Avançado,2023-05-03,2023-12-03,13.84,84.1,7.32,Concluído
2649,656,48,Design Thinking,2022-10-30,2024-11-01,12.15,89.71,9.73,Concluído
2650,656,16,Comunicação Eficaz,2023-04-18,2024-06-17,10.6,74.03,8.27,Concluído
2651,656,21,DevOps e CI/CD,2024-12-22,2024-12-30,32.51,78.94,9.25,Concluído
2652,658,35,Power BI,2024-12-24,,11.04,49.39,,Em Andamento
2653,658,55,JavaScript Moderno,2024-12-20,,15.27,65.19,,Em Andamento
2654,658,21,Customer Success,2024-12-14,2024-12-21,16.79,94.35,9.16,Concluído
2655,658,52,Negociação,2024-11-24,2024-12-12,11.31,97.42,7.95,Concluído
2656,659,67,Design Thinking,2023-07-13,,7.51,37.6,,Em Andamento
2657,659,1,Gestão de Tempo,2023-09-20,2024-06-10,11.8,83.27,6.76,Concluído
2658,659,84,Oratória,2022-03-16,2024-07-19,27.32,66.99,8.16,Concluído
2659,659,55,Data Analytics,2023-02-05,2023-03-14,37.13,92.41,8.78,Concluído
2660,660,70,Segurança da Informação,2023-03-20,2023-07-25,23.33,61.91,7.63,Concluído
2661,660,97,DevOps e CI/CD,2022-12-13,2023-08-20,35.83,90.74,9.77,Concluído
2662,660,5,DevOps e CI/CD,2024-08-26,2024-10-18,6.13,97.83,8.37,Concluído
2663,660,38,Design Thinking,2024-11-03,,11.22,27.94,,Em Andamento
2664,660,76,Machine Learning,2024-02-14,2024-04-16,5.29,81.16,8.05,Concluído
2665,661,29,Vendas Consultivas,2024-07-07,2024-11-19,10.57,76.26,7.25,Concluído
2666,661,24,Power BI,2024-10-07,2024-12-31,34.54,92.54,6.02,Concluído
2667,661,85,Power BI,2024-09-14,2024-12-24,36.38,85.23,6.37,Concluído
2668,661,90,JavaScript Moderno,2024-07-18,2024-12-02,24.09,69.92,8.3,Concluído
2669,661,67,Customer Success,2024-07-09,2024-12-13,20.32,96.02,6.07,Concluído
2670,661,43,Agile/Scrum,2024-08-27,2024-11-09,35.22,62.05,7.68,Concluído
2671,661,95,Product Management,2024-07-26,2024-08-05,36.49,78.35,8.36,Concluído
2672,662,36,Product Management,2024-10-04,2024-10-30,30.14,85.73,7.04,Concluído
2673,662,62,Customer Success,2024-09-25,2024-11-16,15.67,98.64,9.36,Concluído
2674,662,13,Data Analytics,2024-01-05,2024-04-29,4.35,70.9,8.91,Concluído
2675,662,84,Product Management,2024-06-13,,4.73,25.6,,Em Andamento
2676,662,82,Cloud Computing AWS,2024-05-04,2024-05-16,27.24,96.35,9.93,Concluído
2677,662,45,Negociação,2023-07-26,2023-07-30,4.43,65.44,6.43,Concluído
2678,662,38,JavaScript Moderno,2023-06-17,2023-09-30,30.01,89.35,8.14,Concluído
2679,663,81,Vendas Consultivas,2024-08-24,2024-10-24,33.74,79.74,7.8,Concluído
2680,664,31,Power BI,2024-12-02,2024-12-17,11.02,63.24,8.82,Concluído
2681,664,95,Design Thinking,2024-05-11,,8.33,23.65,,Em Andamento
2682,664,50,Cloud Computing AWS,2024-03-14,2024-08-15,23.28,96.97,7.83,Concluído
2683,664,12,Liderança e Gestão de Pessoas,2024-02-07,2024-11-29,15.05,97.99,6.01,Concluído
2684,665,70,Product Management,2024-12-23,2024-12-25,17.45,71.9,7.48,Concluído
2685,665,66,Design Thinking,2024-12-31,,7.35,5.19,,Em Andamento
2686,666,41,Customer Success,2024-08-17,2024-11-20,13.0,70.89,7.08,Concluído
2687,666,47,Product Management,2024-12-31,,16.84,86.18,,Em Andamento
2688,666,38,Design Thinking,2024-08-14,,15.73,14.44,,Em Andamento
2689,666,23,Gestão de Projetos,2024-01-31,,7.79,13.11,,Cancelado
2690,666,4,Gestão de Tempo,2024-01-21,,2.46,8.06,,Em Andamento
2691,666,96,Machine Learning,2024-08-15,2024-10-24,29.86,63.93,6.68,Concluído
2692,667,4,Segurança da Informação,2024-05-07,2024-07-23,5.52,66.96,6.89,Concluído
2693,668,71,JavaScript Moderno,2023-10-11,,9.97,26.93,,Cancelado
2694,668,31,Design Thinking,2024-03-29,2024-07-16,22.43,86.78,7.16,Concluído
2695,668,82,Segurança da Informação,2023-05-12,2024-08-22,29.83,79.72,6.9,Concluído
2696,668,76,Data Analytics,2024-01-14,2024-09-09,22.04,79.89,7.02,Concluído
2697,668,69,Design Thinking,2023-07-12,2024-07-19,35.3,66.52,9.63,Concluído
2698,668,74,Customer Success,2023-08-20,,7.83,66.32,,Em Andamento
2699,668,37,Customer Success,2023-04-12,2024-02-05,7.79,97.18,6.99,Concluído
2700,668,38,Power BI,2024-06-23,2024-08-23,36.04,81.62,6.01,Concluído
2701,669,95,Product Management,2023-08-31,2023-10-31,13.47,71.94,9.71,Concluído
2702,669,75,JavaScript Moderno,2024-08-03,2024-08-16,35.88,87.09,8.27,Concluído
2703,669,42,Data Analytics,2024-04-08,2024-12-13,15.95,61.95,8.3,Concluído
2704,669,37,Design Thinking,2023-08-15,2024-03-22,4.04,73.59,6.81,Concluído
2705,669,78,Customer Success,2024-05-02,2024-12-18,26.59,85.81,8.83,Concluído
2706,669,8,Product Management,2024-07-15,2024-09-19,5.65,89.02,7.9,Concluído
2707,669,41,Gestão de Tempo,2024-07-25,,9.13,21.19,,Em Andamento
2708,669,59,Liderança e Gestão de Pessoas,2024-07-26,2024-10-05,22.93,61.21,7.23,Concluído
2709,670,76,Design Thinking,2024-04-16,2024-06-19,28.36,67.1,9.65,Concluído
2710,670,39,Customer Success,2023-12-14,2024-10-04,11.24,81.76,6.98,Concluído
2711,670,39,Liderança e Gestão de Pessoas,2024-02-21,,4.22,24.19,,Em Andamento
2712,670,4,Excel Avançado,2024-08-26,2024-12-25,26.56,71.51,9.12,Concluído
2713,670,53,Product Management,2024-06-05,2024-11-01,15.03,84.81,6.85,Concluído
2714,671,64,Data Analytics,2024-05-04,2024-12-12,18.95,89.7,6.22,Concluído
2715,671,44,Segurança da Informação,2024-03-04,,12.35,23.49,,Em Andamento
2716,671,81,Vendas Consultivas,2024-03-05,2024-06-27,10.7,84.02,6.77,Concluído
2717,671,6,Data Analytics,2024-01-04,2024-01-28,28.7,64.7,8.22,Concluído
2718,671,4,Data Analytics,2024-08-31,2024-12-03,10.88,96.62,9.87,Concluído
2719,671,13,Liderança e Gestão de Pessoas,2024-07-13,2024-12-04,32.17,92.87,8.41,Concluído
2720,672,50,Oratória,2024-05-01,,14.48,37.47,,Em Andamento
2721,672,56,DevOps e CI/CD,2024-06-28,2024-08-19,14.74,97.53,9.29,Concluído
2722,672,18,Customer Success,2023-02-26,2024-08-25,11.7,67.2,6.26,Concluído
2723,672,77,Vendas Consultivas,2024-10-05,2024-11-09,7.89,72.2,6.22,Concluído
2724,672,32,Power BI,2023-11-06,2024-09-09,26.38,79.14,8.08,Concluído
2725,672,48,Negociação,2023-11-08,2024-02-26,15.4,67.12,9.43,Concluído
2726,673,48,Gestão de Projetos,2023-11-25,,8.05,20.9,,Em Andamento
2727,673,29,Negociação,2024-03-02,2024-03-12,9.5,67.3,6.14,Concluído
2728,673,52,Liderança e Gestão de Pessoas,2024-01-01,2024-11-08,36.86,86.26,6.54,Concluído
2729,673,46,Liderança e Gestão de Pessoas,2024-12-15,2024-12-27,12.25,74.57,7.29,Concluído
2730,673,12,Liderança e Gestão de Pessoas,2024-04-03,2024-11-28,23.58,97.0,9.39,Concluído
2731,673,62,Vendas Consultivas,2023-12-30,2024-05-30,19.09,76.48,7.22,Concluído
2732,673,7,Gestão de Projetos,2024-12-06,2024-12-09,31.62,80.05,6.35,Concluído
2733,673,26,Cloud Computing AWS,2024-09-03,,18.08,55.61,,Em Andamento
2734,674,35,Excel Avançado,2024-12-25,2024-12-30,38.32,97.76,8.37,Concluído
2735,674,75,JavaScript Moderno,2024-12-11,2024-12-18,16.2,79.53,6.36,Concluído
2736,674,50,Agile/Scrum,2024-10-25,2024-11-17,12.31,76.4,9.97,Concluído
2737,674,78,Power BI,2024-11-20,2024-12-03,38.39,81.87,9.39,Concluído
2738,674,33,Agile/Scrum,2024-11-01,2024-12-20,33.92,60.98,6.12,Concluído
2739,675,4,Gestão de Projetos,2023-03-16,,10.09,33.8,,Em Andamento
2740,675,48,Product Management,2024-02-13,,2.2,26.79,,Cancelado
2741,676,37,Oratória,2024-12-24,2024-12-26,8.0,72.43,8.93,Concluído
2742,676,81,Cloud Computing AWS,2024-12-18,2024-12-31,30.45,90.78,7.95,Concluído
2743,676,95,JavaScript Moderno,2024-12-18,,6.6,2.2,,Cancelado
2744,676,56,Vendas Consultivas,2024-12-30,2024-12-31,30.05,79.2,6.81,Concluído
2745,676,31,Agile/Scrum,2024-12-27,2024-12-28,39.04,75.35,8.53,Concluído
2746,676,12,Negociação,2024-12-28,,10.13,53.5,,Em Andamento
2747,676,98,Vendas Consultivas,2024-12-22,2024-12-23,32.42,69.57,8.36,Concluído
2748,677,21,Data Analytics,2022-11-25,2023-01-12,22.77,96.84,6.89,Concluído
2749,677,64,Comunicação Eficaz,2023-04-01,,11.84,67.45,,Em Andamento
2750,677,50,Liderança e Gestão de Pessoas,2023-08-04,2024-03-28,26.57,96.38,7.11,Concluído
2751,678,32,Vendas Consultivas,2024-01-07,2024-08-16,13.27,82.71,9.41,Concluído
2752,678,10,Python Avançado,2023-03-06,2024-03-22,38.16,66.62,6.51,Concluído
2753,678,21,Negociação,2023-03-16,2024-03-14,31.2,81.3,9.75,Concluído
2754,679,31,DevOps e CI/CD,2024-07-01,2024-11-20,22.3,69.29,9.92,Concluído
2755,679,93,Design Thinking,2022-10-04,2023-09-06,27.64,66.91,8.84,Concluído
2756,679,14,Comunicação Eficaz,2023-10-18,2023-11-28,4.69,81.83,7.88,Concluído
2757,681,38,Data Analytics,2024-05-17,2024-09-18,5.94,80.44,6.75,Concluído
2758,682,36,Comunicação Eficaz,2024-12-23,,9.9,39.44,,Em Andamento
2759,683,57,Comunicação Eficaz,2024-12-31,,8.73,58.51,,Em Andamento
2760,683,65,Power BI,2024-05-05,2024-08-18,4.18,99.37,7.35,Concluído
2761,683,51,Segurança da Informação,2023-04-27,2024-05-12,23.1,62.94,8.95,Concluído
2762,683,33,Design Thinking,2023-02-28,2024-05-23,37.42,82.31,6.58,Concluído
2763,683,39,JavaScript Moderno,2022-06-08,2024-12-07,19.63,94.73,6.45,Concluído
2764,684,89,Cloud Computing AWS,2023-06-13,,4.26,86.65,,Em Andamento
2765,684,50,Vendas Consultivas,2023-11-21,2024-06-16,7.56,72.7,8.82,Concluído
2766,684,43,Vendas Consultivas,2023-10-11,,3.77,59.56,,Em Andamento
2767,684,2,Comunicação Eficaz,2022-12-28,2023-08-16,15.71,92.32,8.07,Concluído
2768,684,89,Gestão de Tempo,2023-09-23,2024-12-15,4.68,84.63,7.86,Concluído
2769,684,55,Python Avançado,2024-11-29,2024-12-29,5.34,91.74,8.36,Concluído
2770,684,85,Customer Success,2024-07-29,2024-08-25,12.14,79.98,8.22,Concluído
2771,685,16,Segurança da Informação,2024-09-13,2024-10-17,16.01,97.22,8.78,Concluído
2772,685,68,DevOps e CI/CD,2024-08-27,2024-10-22,35.72,87.02,7.89,Concluído
2773,685,71,DevOps e CI/CD,2024-07-30,2024-12-14,33.89,89.26,7.32,Concluído
2774,685,60,Cloud Computing AWS,2024-01-03,2024-07-10,24.04,80.64,6.58,Concluído
2775,685,37,Gestão de Tempo,2024-05-24,,3.19,77.52,,Em Andamento
2776,685,12,Agile/Scrum,2024-11-28,2024-12-31,4.65,82.3,9.14,Concluído
2777,685,63,Python Avançado,2024-09-26,2024-11-14,7.28,90.75,8.71,Concluído
2778,685,90,Oratória,2024-08-29,2024-09-06,22.41,72.82,8.24,Concluído
2779,686,13,Gestão de Tempo,2024-05-05,,10.15,41.22,,Em Andamento
2780,686,26,Product Management,2024-10-24,2024-11-18,4.87,91.27,6.38,Concluído
2781,686,76,Vendas Consultivas,2023-09-23,2024-08-02,24.17,86.84,8.62,Concluído
2782,686,55,Gestão de Tempo,2024-03-05,2024-09-02,38.76,61.82,7.86,Concluído
2783,687,23,Vendas Consultivas,2024-08-17,2024-10-26,9.25,97.68,9.54,Concluído
2784,687,6,Power BI,2024-09-30,2024-12-08,33.11,98.24,8.46,Concluído
2785,687,36,Data Analytics,2024-10-05,2024-12-04,14.64,92.98,7.57,Concluído
2786,687,73,Gestão de Projetos,2024-10-14,2024-11-07,29.17,76.9,8.95,Concluído
2787,687,22,Cloud Computing AWS,2024-06-28,2024-12-28,38.17,77.69,7.43,Concluído
2788,687,17,Python Avançado,2024-12-26,2024-12-29,24.35,88.63,6.8,Concluído
2789,687,36,Segurança da Informação,2024-12-12,2024-12-26,38.96,74.74,7.59,Concluído
2790,687,59,Excel Avançado,2024-11-02,2024-12-04,37.77,60.66,6.86,Concluído
2791,688,67,Power BI,2024-10-05,2024-10-13,17.48,90.72,9.79,Concluído
2792,688,57,Data Analytics,2024-06-08,2024-07-14,24.19,80.65,8.25,Concluído
2793,688,75,Liderança e Gestão de Pessoas,2024-08-17,,14.4,43.93,,Em Andamento
2794,688,55,Vendas Consultivas,2024-07-11,2024-08-02,26.32,97.48,9.64,Concluído
2795,688,58,Data Analytics,2024-09-30,2024-10-04,22.83,90.21,6.14,Concluído
2796,689,73,Gestão de Projetos,2024-04-08,2024-07-04,23.1,83.13,9.96,Concluído
2797,689,41,Machine Learning,2024-01-15,2024-08-28,37.89,94.47,7.9,Concluído
2798,690,17,Vendas Consultivas,2024-09-05,2024-10-07,13.63,96.94,6.35,Concluído
2799,690,61,Gestão de Tempo,2024-07-09,2024-07-15,9.14,99.86,9.58,Concluído
2800,691,34,Liderança e Gestão de Pessoas,2023-11-01,2024-04-24,39.96,86.66,9.29,Concluído
2801,691,16,JavaScript Moderno,2024-06-24,2024-08-19,25.21,94.5,6.43,Concluído
2802,691,70,Oratória,2023-11-14,2023-11-30,14.03,64.19,9.66,Concluído
2803,691,4,Oratória,2024-09-06,2024-10-19,5.51,72.29,8.99,Concluído
2804,692,67,JavaScript Moderno,2024-02-03,2024-12-06,28.68,88.39,8.18,Concluído
2805,692,39,Design Thinking,2024-04-05,2024-08-27,38.56,87.19,8.03,Concluído
2806,692,69,DevOps e CI/CD,2024-07-18,2024-08-27,23.68,66.84,6.68,Concluído
2807,692,12,Product Management,2023-06-03,2024-04-09,16.05,98.39,7.63,Concluído
2808,692,53,Machine Learning,2023-07-12,2024-05-13,17.03,98.71,9.66,Concluído
2809,692,86,DevOps e CI/CD,2024-12-06,2024-12-18,9.4,62.81,6.1,Concluído
2810,692,71,Liderança e Gestão de Pessoas,2024-12-23,2024-12-28,32.82,99.66,8.82,Concluído
2811,692,75,Python Avançado,2022-12-28,2024-02-08,5.9,64.05,6.71,Concluído
2812,693,94,Gestão de Tempo,2024-11-14,2024-12-09,10.52,78.76,8.24,Concluído
2813,693,76,Gestão de Projetos,2024-11-14,2024-12-04,11.02,61.39,6.27,Concluído
2814,693,1,JavaScript Moderno,2024-11-29,2024-12-22,10.55,99.73,8.99,Concluído
2815,693,74,Design Thinking,2024-12-19,,14.64,25.69,,Em Andamento
2816,693,59,Product Management,2024-11-09,2024-12-29,21.7,99.97,7.11,Concluído
2817,693,7,JavaScript Moderno,2024-12-26,2024-12-31,6.46,61.48,8.28,Concluído
2818,694,61,Comunicação Eficaz,2023-08-13,2024-01-05,11.59,89.26,9.72,Concluído
2819,694,81,Agile/Scrum,2024-02-21,2024-10-23,28.01,87.93,6.8,Concluído
2820,694,99,Agile/Scrum,2023-03-28,2024-01-08,7.29,86.24,6.1,Concluído
2821,694,76,Agile/Scrum,2024-12-11,2024-12-24,19.72,83.9,9.29,Concluído
2822,696,96,Liderança e Gestão de Pessoas,2024-12-14,2024-12-24,11.98,64.58,6.69,Concluído
2823,696,86,Power BI,2024-12-31,2025-01-01,14.72,95.99,7.66,Concluído
2824,696,54,Excel Avançado,2024-12-12,2024-12-27,8.6,90.39,9.19,Concluído
2825,696,47,Vendas Consultivas,2024-12-09,2024-12-26,14.09,88.23,9.62,Concluído
2826,696,92,Cloud Computing AWS,2024-12-16,2024-12-21,12.0,95.86,9.15,Concluído
2827,696,65,Design Thinking,2024-12-21,2024-12-25,36.99,63.18,8.41,Concluído
2828,696,64,Liderança e Gestão de Pessoas,2024-12-10,2024-12-23,37.13,74.15,6.83,Concluído
2829,697,54,Excel Avançado,2024-09-26,2024-11-06,25.51,78.42,9.58,Concluído
2830,697,74,Comunicação Eficaz,2024-06-17,2024-09-27,21.86,92.18,9.74,Concluído
2831,697,93,Agile/Scrum,2024-01-07,2024-07-27,22.37,90.58,9.67,Concluído
2832,697,90,Comunicação Eficaz,2023-06-08,2023-11-01,14.86,76.93,6.65,Concluído
2833,697,89,Comunicação Eficaz,2024-05-22,2024-11-12,8.89,99.92,7.13,Concluído
2834,698,80,Python Avançado,2024-02-20,2024-07-15,4.48,67.67,8.29,Concluído
2835,698,25,Liderança e Gestão de Pessoas,2024-11-18,2024-11-25,34.34,98.26,9.06,Concluído
2836,699,69,Design Thinking,2024-02-02,2024-03-03,18.41,86.64,7.29,Concluído
2837,699,42,Power BI,2024-08-28,2024-10-26,11.36,61.33,8.31,Concluído
2838,699,5,Segurança da Informação,2024-09-26,2024-09-29,13.2,79.92,8.17,Concluído
2839,699,48,Excel Avançado,2024-06-12,2024-08-06,37.6,70.9,10.0,Concluído
2840,699,93,Python Avançado,2024-04-11,,19.59,3.36,,Em Andamento
2841,699,72,Gestão de Tempo,2024-05-26,2024-11-19,30.21,86.61,9.27,Concluído
2842,700,90,Excel Avançado,2023-10-06,2024-11-15,10.88,91.68,6.4,Concluído
2843,700,48,Python Avançado,2023-11-14,2024-09-04,24.64,96.53,8.46,Concluído
2844,700,15,Excel Avançado,2023-05-07,,3.26,62.51,,Em Andamento
2845,700,70,DevOps e CI/CD,2023-12-16,2024-04-05,36.73,61.84,7.52,Concluído
2846,700,32,Agile/Scrum,2023-03-02,2023-09-28,31.62,61.77,6.52,Concluído
2847,701,91,Design Thinking,2024-01-27,2024-06-22,18.29,93.06,7.07,Concluído
2848,701,40,Gestão de Tempo,2023-11-07,2023-12-14,9.62,73.52,8.62,Concluído
2849,702,71,Python Avançado,2024-09-04,2024-12-24,35.12,99.43,7.18,Concluído
2850,702,16,Machine Learning,2024-11-21,2024-12-23,8.16,60.58,6.94,Concluído
2851,702,47,Design Thinking,2022-10-23,2023-07-14,31.5,94.59,7.4,Concluído
2852,702,14,Customer Success,2023-12-26,2024-08-19,18.3,67.95,6.89,Concluído
2853,702,24,JavaScript Moderno,2022-07-22,2024-09-27,35.03,88.9,6.3,Concluído
2854,702,78,Vendas Consultivas,2022-10-12,2023-11-05,27.99,65.13,8.79,Concluído
2855,702,30,Python Avançado,2024-12-01,2024-12-14,29.0,63.13,9.89,Concluído
2856,702,1,Excel Avançado,2022-12-31,,3.32,30.52,,Cancelado
2857,703,36,Vendas Consultivas,2023-11-21,2023-11-26,29.04,99.42,7.37,Concluído
2858,704,55,Vendas Consultivas,2023-07-09,,8.7,55.72,,Em Andamento
2859,704,48,Liderança e Gestão de Pessoas,2022-03-26,2024-10-25,22.57,87.41,6.81,Concluído
2860,704,80,Power BI,2023-04-05,,3.2,17.15,,Cancelado
2861,704,87,Comunicação Eficaz,2022-06-06,,8.3,45.13,,Em Andamento
2862,704,34,Gestão de Projetos,2024-08-03,2024-12-19,17.91,98.34,6.57,Concluído
2863,704,88,Negociação,2023-05-31,2024-06-19,24.11,67.95,6.35,Concluído
2864,704,6,Customer Success,2024-12-30,2024-12-31,4.08,92.48,6.02,Concluído
2865,704,41,Gestão de Tempo,2022-06-03,2023-02-15,8.58,86.91,9.82,Concluído
2866,705,78,Power BI,2024-06-22,2024-07-18,19.91,68.55,9.65,Concluído
2867,705,40,Product Management,2023-11-21,2024-03-05,18.27,78.36,8.18,Concluído
2868,705,46,Machine Learning,2023-06-15,2023-09-09,6.86,93.91,7.15,Concluído
2869,705,57,Gestão de Tempo,2023-12-04,,6.09,23.36,,Em Andamento
2870,705,69,Cloud Computing AWS,2024-10-28,,15.9,81.97,,Em Andamento
2871,705,49,Negociação,2023-09-23,2024-03-30,35.84,90.38,8.97,Concluído
2872,707,50,Liderança e Gestão de Pessoas,2023-08-11,2024-01-15,20.73,96.57,7.84,Concluído
2873,707,80,Comunicação Eficaz,2024-08-21,2024-12-27,12.63,97.37,8.09,Concluído
2874,707,6,Excel Avançado,2023-07-21,2023-12-02,30.86,73.0,6.93,Concluído
2875,707,80,Product Management,2024-08-25,2024-10-28,11.75,68.92,8.36,Concluído
2876,708,80,Gestão de Projetos,2023-05-22,2023-12-10,35.4,65.9,8.17,Concluído
2877,708,61,Python Avançado,2023-12-20,2024-12-12,14.64,87.5,8.98,Concluído
2878,708,2,Comunicação Eficaz,2023-04-14,2024-06-17,32.97,88.39,8.87,Concluído
2879,708,50,Data Analytics,2024-02-24,2024-11-28,26.89,95.87,7.65,Concluído
2880,708,15,Design Thinking,2023-12-03,2024-10-04,25.51,97.05,9.51,Concluído
2881,708,17,Cloud Computing AWS,2023-12-27,2024-05-21,14.61,99.53,8.08,Concluído
2882,709,96,Machine Learning,2023-07-16,2023-10-07,30.17,64.87,9.81,Concluído
2883,709,61,Excel Avançado,2023-12-05,2024-06-27,30.05,87.17,7.19,Concluído
2884,709,99,Cloud Computing AWS,2024-10-23,2024-11-29,23.53,61.73,9.45,Concluído
2885,709,88,Python Avançado,2023-11-27,2024-09-07,29.09,67.96,6.71,Concluído
2886,709,88,Excel Avançado,2024-03-31,2024-09-28,27.37,81.84,8.05,Concluído
2887,709,82,Negociação,2023-11-30,2024-02-26,36.94,98.92,9.81,Concluído
2888,709,78,Negociação,2023-04-09,2023-07-12,15.73,97.05,9.91,Concluído
2889,710,82,Python Avançado,2023-03-08,2024-07-09,33.78,90.07,9.61,Concluído
2890,710,96,Vendas Consultivas,2023-12-22,,19.24,67.54,,Em Andamento
2891,710,39,Power BI,2023-10-29,2024-02-18,34.68,78.77,9.13,Concluído
2892,710,21,Segurança da Informação,2022-11-06,2024-02-14,10.94,86.24,9.05,Concluído
2893,710,29,Design Thinking,2022-10-17,2023-02-08,22.34,65.49,8.93,Concluído
2894,711,80,Negociação,2022-12-06,2024-08-29,39.04,77.78,8.52,Concluído
2895,711,90,Customer Success,2022-10-29,2024-09-27,34.87,85.36,9.83,Concluído
2896,711,30,Comunicação Eficaz,2023-08-24,2024-02-26,5.13,78.64,8.03,Concluído
2897,711,100,Design Thinking,2024-04-06,2024-12-25,37.21,98.69,9.21,Concluído
2898,711,62,Design Thinking,2023-01-13,,12.8,55.03,,Em Andamento
2899,713,41,Design Thinking,2024-12-07,2024-12-19,23.85,72.79,8.24,Concluído
2900,713,58,Vendas Consultivas,2024-03-29,2024-08-27,5.37,80.08,8.91,Concluído
2901,714,58,Excel Avançado,2023-10-12,2024-09-29,22.14,82.53,9.52,Concluído
2902,714,81,Power BI,2023-12-22,2024-12-08,28.34,61.14,6.94,Concluído
2903,715,95,Data Analytics,2024-05-23,2024-06-12,4.13,84.34,7.76,Concluído
2904,715,17,Design Thinking,2024-09-08,,10.59,38.72,,Em Andamento
2905,715,89,Gestão de Tempo,2024-09-17,2024-11-09,8.3,95.02,6.51,Concluído
2906,715,63,DevOps e CI/CD,2024-11-07,2024-12-02,24.07,71.31,6.82,Concluído
2907,715,55,Liderança e Gestão de Pessoas,2024-07-09,2024-10-18,11.65,94.34,6.97,Concluído
2908,715,65,Liderança e Gestão de Pessoas,2024-05-14,2024-12-12,22.41,78.26,6.47,Concluído
2909,716,70,Gestão de Projetos,2024-05-21,2024-10-05,31.54,76.26,8.51,Concluído
2910,716,21,Customer Success,2023-12-18,2024-08-15,22.51,64.93,7.56,Concluído
2911,716,38,Segurança da Informação,2024-03-20,,3.04,22.13,,Em Andamento
2912,716,31,Agile/Scrum,2023-06-15,2023-12-09,35.16,78.04,9.22,Concluído
2913,717,3,Agile/Scrum,2024-11-22,2024-12-29,25.18,73.55,7.78,Concluído
2914,717,61,Gestão de Tempo,2024-11-22,2024-12-09,13.62,98.61,6.2,Concluído
2915,717,42,Agile/Scrum,2024-01-16,2024-06-12,12.23,64.26,9.87,Concluído
2916,717,57,Customer Success,2024-06-29,2024-12-08,35.67,65.5,6.12,Concluído
2917,717,66,Oratória,2024-01-27,2024-02-29,17.03,96.98,6.46,Concluído
2918,718,88,Gestão de Tempo,2024-06-18,2024-10-08,6.68,72.93,8.55,Concluído
2919,718,27,Python Avançado,2024-06-19,,4.64,68.01,,Em Andamento
2920,718,88,Comunicação Eficaz,2024-05-25,2024-12-20,5.97,76.9,8.2,Concluído
2921,719,50,Agile/Scrum,2024-09-03,,10.79,85.71,,Em Andamento
2922,719,2,Product Management,2024-11-10,2024-12-16,27.66,75.36,9.5,Concluído
2923,719,54,DevOps e CI/CD,2022-09-29,,14.9,5.39,,Em Andamento
2924,719,3,Vendas Consultivas,2022-09-03,2023-04-26,7.17,89.2,6.71,Concluído
2925,719,67,Python Avançado,2024-06-11,2024-10-06,14.1,70.94,8.48,Concluído
2926,719,25,Excel Avançado,2024-09-16,,7.78,9.11,,Em Andamento
2927,719,91,JavaScript Moderno,2023-05-30,2024-05-31,16.63,71.61,6.63,Concluído
2928,720,14,Agile/Scrum,2023-07-27,,3.42,79.06,,Em Andamento
2929,721,42,DevOps e CI/CD,2024-12-10,2024-12-23,35.43,87.83,7.48,Concluído
2930,721,53,Cloud Computing AWS,2024-11-30,2024-12-31,11.37,98.02,8.9,Concluído
2931,722,35,Oratória,2024-04-13,2024-11-09,29.77,99.73,9.88,Concluído
2932,722,28,Customer Success,2024-07-06,2024-10-27,34.52,84.28,6.21,Concluído
2933,722,81,Agile/Scrum,2024-06-04,2024-09-22,27.97,64.15,7.32,Concluído
2934,722,100,Power BI,2024-01-31,,16.74,88.16,,Em Andamento
2935,722,65,Gestão de Tempo,2024-02-03,2024-11-13,4.18,78.18,7.24,Concluído
2936,722,62,Comunicação Eficaz,2024-01-29,2024-04-25,29.9,69.35,9.24,Concluído
2937,722,43,Machine Learning,2023-09-12,,16.12,59.01,,Em Andamento
2938,722,57,Liderança e Gestão de Pessoas,2023-10-18,2023-11-26,4.47,80.31,9.99,Concluído
2939,723,70,Gestão de Tempo,2022-06-07,2024-12-15,6.62,88.47,9.58,Concluído
2940,723,37,Python Avançado,2024-03-11,2024-12-07,11.89,64.43,6.22,Concluído
2941,723,41,Segurança da Informação,2022-04-03,2023-01-12,27.16,70.12,8.79,Concluído
2942,723,61,Power BI,2024-06-01,,7.06,13.96,,Cancelado
2943,723,88,JavaScript Moderno,2022-06-30,,9.19,2.57,,Cancelado
2944,723,47,Customer Success,2022-06-16,,1.78,22.73,,Cancelado
2945,724,10,Product Management,2024-10-25,,11.46,84.23,,Em Andamento
2946,724,2,DevOps e CI/CD,2024-10-23,2024-12-18,14.8,95.12,6.69,Concluído
2947,727,14,Negociação,2024-03-08,2024-11-05,27.5,71.94,8.57,Concluído
2948,727,55,Vendas Consultivas,2023-05-03,2023-10-14,20.03,74.75,6.72,Concluído
2949,727,37,Excel Avançado,2024-09-11,2024-12-17,6.81,69.27,7.12,Concluído
2950,727,92,Oratória,2024-03-24,2024-12-02,5.62,78.54,6.8,Concluído
2951,727,58,Agile/Scrum,2024-04-27,2024-05-08,25.87,98.3,6.95,Concluído
2952,727,59,Power BI,2022-11-29,2023-10-22,32.55,67.73,8.76,Concluído
2953,727,86,Customer Success,2024-04-16,2024-09-24,15.89,99.7,6.46,Concluído
2954,727,56,Agile/Scrum,2024-06-01,2024-11-19,13.87,70.59,6.08,Concluído
2955,728,68,JavaScript Moderno,2023-12-05,2024-08-29,31.81,63.26,8.15,Concluído
2956,728,99,Negociação,2023-10-23,2024-11-11,37.55,75.11,6.19,Concluído
2957,728,82,Liderança e Gestão de Pessoas,2024-01-23,2024-07-28,31.6,81.42,9.57,Concluído
2958,728,60,Segurança da Informação,2024-12-31,2025-01-01,13.06,77.52,6.89,Concluído
2959,728,35,DevOps e CI/CD,2024-06-09,2024-12-10,18.63,93.6,7.0,Concluído
2960,728,82,Excel Avançado,2024-02-27,2024-11-02,36.38,67.04,9.14,Concluído
2961,728,27,Machine Learning,2023-11-28,,8.16,33.57,,Cancelado
2962,729,56,Gestão de Projetos,2024-10-22,2024-11-06,39.13,93.67,7.61,Concluído
2963,729,62,Cloud Computing AWS,2024-11-22,2024-12-26,36.29,87.53,8.52,Concluído
2964,729,51,Power BI,2024-10-09,2024-10-17,24.3,70.62,8.61,Concluído
2965,729,81,Oratória,2024-10-17,2024-12-07,14.48,85.22,9.3,Concluído
2966,729,31,Product Management,2024-11-09,2024-12-12,15.95,84.34,9.89,Concluído
2967,729,5,JavaScript Moderno,2024-09-15,2024-12-29,28.16,67.54,8.96,Concluído
2968,729,89,Comunicação Eficaz,2024-10-14,2024-11-25,21.22,71.99,9.98,Concluído
2969,729,54,Oratória,2024-12-14,2024-12-26,13.06,71.33,8.99,Concluído
2970,730,84,Comunicação Eficaz,2024-09-15,,7.57,68.93,,Em Andamento
2971,730,97,Vendas Consultivas,2024-09-24,2024-11-18,11.77,88.65,8.9,Concluído
2972,731,33,Vendas Consultivas,2023-07-23,2024-03-06,5.91,83.45,6.88,Concluído
2973,731,51,Segurança da Informação,2024-01-14,2024-02-04,8.2,94.95,7.7,Concluído
2974,731,69,Gestão de Projetos,2024-05-04,,15.63,2.35,,Em Andamento
2975,731,13,Customer Success,2024-06-18,2024-07-22,4.23,86.67,8.9,Concluído
2976,731,20,Machine Learning,2023-06-09,2023-06-21,22.25,65.63,7.76,Concluído
2977,731,49,Liderança e Gestão de Pessoas,2024-08-17,2024-12-09,4.64,65.84,9.49,Concluído
2978,732,56,Product Management,2024-12-25,2024-12-28,14.04,80.88,9.56,Concluído
2979,732,42,Liderança e Gestão de Pessoas,2024-09-08,2024-09-14,29.72,91.55,8.12,Concluído
2980,732,64,Comunicação Eficaz,2024-11-09,2024-12-04,14.48,77.47,7.4,Concluído
2981,732,78,Excel Avançado,2024-09-18,,2.29,2.61,,Cancelado
2982,732,75,Customer Success,2024-09-15,2024-11-20,21.39,62.41,7.68,Concluído
2983,732,4,DevOps e CI/CD,2024-10-31,2024-12-18,29.15,65.61,9.2,Concluído
2984,733,18,DevOps e CI/CD,2023-01-11,2023-10-04,35.55,69.86,7.85,Concluído
2985,734,30,Oratória,2023-02-21,2023-09-23,29.37,95.25,7.01,Concluído
2986,734,48,Gestão de Projetos,2022-12-26,2023-08-31,38.86,95.14,9.54,Concluído
2987,734,87,Product Management,2024-06-22,2024-12-31,15.99,84.1,8.57,Concluído
2988,734,49,Power BI,2022-11-27,2023-02-18,32.37,79.99,9.74,Concluído
2989,734,5,Cloud Computing AWS,2023-09-04,2024-03-16,37.21,93.57,6.37,Concluído
2990,735,79,Agile/Scrum,2024-06-25,2024-07-13,22.27,63.66,9.17,Concluído
2991,735,50,Data Analytics,2024-09-06,2024-11-01,29.06,99.9,7.3,Concluído
2992,735,47,Python Avançado,2024-02-06,2024-11-16,28.12,79.18,6.29,Concluído
2993,735,50,Liderança e Gestão de Pessoas,2023-12-31,,7.41,64.19,,Em Andamento
2994,735,50,Agile/Scrum,2023-12-05,2024-12-28,14.26,93.09,8.64,Concluído
2995,735,17,Python Avançado,2024-12-31,,19.35,60.9,,Em Andamento
2996,736,84,Agile/Scrum,2023-11-25,,4.88,14.0,,Em Andamento
2997,736,50,Gestão de Tempo,2023-05-29,2024-09-06,11.64,61.8,6.83,Concluído
2998,736,89,Liderança e Gestão de Pessoas,2023-05-19,2024-10-18,33.4,84.08,8.36,Concluído
2999,736,96,Design Thinking,2024-08-24,2024-12-21,30.73,98.0,7.47,Concluído
3000,737,99,Python Avançado,2024-12-04,2024-12-16,34.87,79.15,6.55,Concluído
3001,737,50,Customer Success,2024-12-23,,7.7,7.72,,Cancelado
3002,737,66,Comunicação Eficaz,2024-12-22,2024-12-26,6.87,97.38,9.76,Concluído
3003,737,80,Comunicação Eficaz,2024-12-27,2024-12-29,9.61,72.95,9.29,Concluído
3004,738,97,JavaScript Moderno,2023-12-29,2024-02-04,39.93,95.71,7.04,Concluído
3005,738,14,Product Management,2024-10-15,2024-11-25,16.64,77.25,8.11,Concluído
3006,738,81,Power BI,2024-01-20,2024-05-09,37.4,77.1,6.04,Concluído
3007,738,27,Power BI,2023-11-28,2024-11-21,28.16,65.59,6.98,Concluído
3008,739,28,Machine Learning,2024-11-20,2024-12-02,5.95,64.99,8.97,Concluído
3009,739,14,Design Thinking,2024-11-24,2024-12-04,30.64,64.69,6.31,Concluído
3010,739,62,Negociação,2024-09-13,2024-10-11,24.61,61.95,8.65,Concluído
3011,739,25,Excel Avançado,2024-09-05,2024-09-11,11.88,92.92,8.4,Concluído
3012,739,3,Negociação,2024-10-16,2024-12-27,26.69,92.47,9.77,Concluído
3013,739,72,Cloud Computing AWS,2023-11-28,,16.81,45.91,,Em Andamento
3014,740,83,Negociação,2023-11-04,2024-02-17,13.57,96.91,9.06,Concluído
3015,740,47,Negociação,2024-09-09,2024-10-27,23.52,82.44,8.02,Concluído
3016,740,76,Oratória,2024-12-24,,5.07,26.36,,Cancelado
3017,740,37,DevOps e CI/CD,2024-11-29,2024-12-31,18.68,67.14,8.28,Concluído
3018,740,82,DevOps e CI/CD,2024-03-29,2024-09-22,37.41,81.19,9.74,Concluído
3019,740,19,Product Management,2024-04-09,2024-07-14,5.02,78.87,8.75,Concluído
3020,742,82,Design Thinking,2024-07-01,,8.16,37.14,,Cancelado
3021,742,71,Comunicação Eficaz,2024-12-01,2024-12-11,5.33,81.64,7.85,Concluído
3022,742,51,Data Analytics,2024-09-14,2024-12-20,28.23,95.82,6.43,Concluído
3023,742,100,Design Thinking,2024-11-08,2024-12-25,28.38,70.93,9.79,Concluído
3024,742,54,Power BI,2024-07-09,2024-10-05,13.08,72.97,9.85,Concluído
3025,742,23,Segurança da Informação,2024-12-08,,17.17,58.67,,Em Andamento
3026,742,10,DevOps e CI/CD,2024-05-29,2024-09-20,16.4,86.78,6.23,Concluído
3027,743,48,Design Thinking,2024-12-11,2024-12-21,7.13,76.96,7.22,Concluído
3028,743,92,Negociação,2024-11-27,,3.06,62.43,,Em Andamento
3029,743,2,Design Thinking,2024-12-23,2024-12-30,21.4,70.27,6.47,Concluído
3030,743,54,Cloud Computing AWS,2024-11-14,2024-12-06,33.75,96.6,9.58,Concluído
3031,743,23,Gestão de Projetos,2024-12-11,,11.38,76.86,,Em Andamento
3032,743,95,Cloud Computing AWS,2024-12-09,2024-12-19,28.18,60.74,6.86,Concluído
3033,743,14,Comunicação Eficaz,2024-12-31,2025-01-01,39.43,62.65,8.88,Concluído
3034,744,84,Vendas Consultivas,2024-03-30,2024-10-23,15.38,65.2,8.09,Concluído
3035,744,61,Data Analytics,2024-07-22,2024-08-01,28.45,83.24,9.65,Concluído
3036,744,57,Power BI,2023-06-22,2023-07-28,16.79,71.0,7.86,Concluído
3037,744,42,Comunicação Eficaz,2023-12-11,2024-09-27,37.59,78.26,8.83,Concluído
3038,744,100,Customer Success,2024-04-14,2024-07-26,7.97,92.62,6.83,Concluído
3039,744,63,Vendas Consultivas,2023-12-23,2024-08-20,39.34,99.0,8.9,Concluído
3040,744,3,Vendas Consultivas,2024-07-10,2024-11-17,7.48,89.8,7.42,Concluído
3041,745,67,Product Management,2024-08-20,,2.87,29.85,,Em Andamento
3042,745,90,Customer Success,2024-08-27,2024-09-23,36.5,61.84,9.68,Concluído
3043,746,48,Customer Success,2024-10-26,2024-12-02,28.75,98.65,7.68,Concluído
3044,746,66,Vendas Consultivas,2024-09-13,2024-09-25,29.09,75.7,8.07,Concluído
3045,746,70,Cloud Computing AWS,2024-10-26,2024-12-04,12.17,91.22,6.18,Concluído
3046,746,10,Agile/Scrum,2024-10-02,2024-11-28,33.18,64.32,8.89,Concluído
3047,746,96,Negociação,2024-11-23,,10.34,58.21,,Em Andamento
3048,746,72,Python Avançado,2024-12-04,2024-12-13,7.96,89.6,8.1,Concluído
3049,746,30,JavaScript Moderno,2024-10-25,2024-11-21,11.88,70.53,9.18,Concluído
3050,746,26,Design Thinking,2024-10-23,2024-12-30,23.15,81.49,7.61,Concluído
3051,747,59,Comunicação Eficaz,2024-10-19,,8.54,11.42,,Cancelado
3052,747,58,Python Avançado,2024-09-08,,19.62,40.24,,Em Andamento
3053,747,77,Comunicação Eficaz,2024-12-10,2024-12-17,25.44,87.52,6.5,Concluído
3054,747,88,Oratória,2024-06-27,2024-08-15,8.61,80.51,7.7,Concluído
3055,747,76,JavaScript Moderno,2024-12-23,2024-12-26,16.77,77.56,9.32,Concluído
3056,748,53,Segurança da Informação,2022-02-27,2024-01-17,7.71,81.62,9.67,Concluído
3057,748,5,Agile/Scrum,2023-04-05,2023-12-11,11.01,90.08,7.47,Concluído
3058,748,34,Product Management,2023-05-28,2024-09-02,22.21,73.57,7.28,Concluído
3059,748,88,Negociação,2023-08-25,2023-11-10,4.56,60.15,6.27,Concluído
3060,748,9,Gestão de Tempo,2024-10-08,2024-11-20,22.71,88.4,7.84,Concluído
3061,748,75,Excel Avançado,2024-04-27,2024-08-05,36.9,82.89,8.75,Concluído
3062,748,100,Excel Avançado,2023-02-04,2023-08-23,23.35,88.59,7.55,Concluído
3063,749,77,Excel Avançado,2024-12-27,2024-12-31,29.72,97.43,8.94,Concluído
3064,749,90,Cloud Computing AWS,2024-08-21,2024-12-30,36.58,97.86,9.95,Concluído
3065,749,1,Power BI,2024-12-28,2024-12-29,4.47,65.21,7.62,Concluído
3066,749,49,Negociação,2024-10-04,2024-12-31,16.03,98.67,6.6,Concluído
3067,749,94,Comunicação Eficaz,2024-11-26,2024-12-17,35.49,95.41,7.64,Concluído
3068,749,47,Cloud Computing AWS,2024-09-23,,18.47,29.6,,Em Andamento
3069,749,72,Vendas Consultivas,2024-11-22,2024-12-26,22.81,71.52,9.32,Concluído
3070,751,73,Excel Avançado,2024-01-13,2024-01-17,14.33,81.33,6.11,Concluído
3071,751,38,JavaScript Moderno,2023-06-08,2024-09-14,39.84,63.76,9.46,Concluído
3072,751,93,Cloud Computing AWS,2023-10-09,2024-06-29,22.12,64.91,6.24,Concluído
3073,751,5,Segurança da Informação,2023-03-05,2024-09-04,25.87,71.85,8.21,Concluído
3074,751,44,Excel Avançado,2024-06-08,2024-10-12,19.09,87.48,6.89,Concluído
3075,752,2,Segurança da Informação,2023-05-09,,3.96,84.18,,Em Andamento
3076,752,7,Machine Learning,2022-11-08,2024-06-15,34.78,85.34,8.72,Concluído
3077,752,30,Customer Success,2023-07-19,2023-12-20,36.92,86.08,7.08,Concluído
3078,753,3,Agile/Scrum,2024-04-01,2024-07-08,30.25,95.05,7.86,Concluído
3079,753,19,Liderança e Gestão de Pessoas,2024-06-17,2024-12-10,4.37,99.42,7.64,Concluído
3080,754,98,Oratória,2024-02-16,2024-12-13,5.42,91.2,6.76,Concluído
3081,754,39,Gestão de Projetos,2023-03-21,2023-08-05,30.29,92.05,8.63,Concluído
3082,754,48,Comunicação Eficaz,2024-10-09,2024-11-28,5.42,60.01,9.37,Concluído
3083,755,49,Machine Learning,2023-08-18,2024-03-14,24.84,92.39,7.02,Concluído
3084,755,22,Comunicação Eficaz,2023-10-01,2024-12-30,7.93,65.46,6.5,Concluído
3085,755,8,Vendas Consultivas,2023-10-16,2024-01-09,29.64,83.08,8.98,Concluído
3086,755,16,Agile/Scrum,2023-07-19,2023-12-28,10.44,90.14,8.88,Concluído
3087,755,65,Data Analytics,2023-11-09,,11.72,83.38,,Em Andamento
3088,756,80,Vendas Consultivas,2024-05-18,2024-07-02,15.41,88.53,6.55,Concluído
3089,757,12,Product Management,2024-08-14,2024-11-09,31.37,65.68,6.89,Concluído
3090,759,85,Gestão de Tempo,2024-12-13,2024-12-19,14.7,94.24,9.25,Concluído
3091,759,92,Oratória,2024-10-24,2024-11-25,37.56,93.63,8.54,Concluído
3092,759,69,Gestão de Tempo,2024-11-20,2024-12-27,8.4,84.26,7.87,Concluído
3093,759,97,Agile/Scrum,2024-12-14,2024-12-18,4.78,86.22,8.38,Concluído
3094,759,89,Python Avançado,2024-10-26,2024-11-22,32.87,92.55,8.93,Concluído
3095,760,87,Liderança e Gestão de Pessoas,2024-03-31,2024-04-01,7.95,98.48,9.76,Concluído
3096,760,19,Oratória,2024-11-13,2024-11-30,4.99,75.22,8.66,Concluído
3097,760,99,Gestão de Projetos,2024-03-04,2024-06-03,10.78,67.62,8.82,Concluído
3098,760,82,Design Thinking,2024-05-04,2024-06-26,28.06,65.23,8.44,Concluído
3099,760,60,JavaScript Moderno,2024-03-17,2024-09-27,26.96,87.51,7.4,Concluído
3100,760,10,Gestão de Tempo,2024-04-08,,9.66,85.15,,Em Andamento
3101,760,35,JavaScript Moderno,2024-10-14,,19.16,55.48,,Em Andamento
3102,762,84,Power BI,2023-10-24,2023-12-30,24.75,68.09,7.28,Concluído
3103,763,51,Vendas Consultivas,2024-10-28,,10.25,17.79,,Em Andamento
3104,763,56,Oratória,2024-10-13,,11.17,86.77,,Em Andamento
3105,764,18,Excel Avançado,2023-12-21,,16.86,64.05,,Em Andamento
3106,765,55,Oratória,2024-05-29,2024-06-02,5.62,90.01,6.57,Concluído
3107,765,8,Product Management,2024-08-23,,6.91,12.79,,Cancelado
3108,766,15,Customer Success,2024-09-02,2024-10-16,8.68,70.48,9.19,Concluído
3109,768,71,Gestão de Projetos,2024-07-22,2024-12-26,27.22,88.26,8.17,Concluído
3110,768,96,Agile/Scrum,2024-07-20,,19.57,30.74,,Em Andamento
3111,768,16,DevOps e CI/CD,2024-07-25,2024-08-19,20.6,65.82,9.37,Concluído
3112,768,46,Cloud Computing AWS,2024-08-19,2024-10-21,7.43,98.18,6.89,Concluído
3113,768,77,Power BI,2024-06-27,2024-07-03,33.45,65.53,8.45,Concluído
3114,768,99,Segurança da Informação,2024-09-15,2024-10-01,11.1,88.49,6.2,Concluído
3115,770,2,Customer Success,2024-12-28,2024-12-30,27.14,84.57,7.04,Concluído
3116,770,79,Data Analytics,2024-11-30,2024-12-26,16.27,74.26,7.43,Concluído
3117,770,99,Design Thinking,2024-11-19,2024-12-06,20.95,91.05,8.8,Concluído
3118,770,91,Design Thinking,2024-11-16,2024-12-29,35.52,72.03,8.55,Concluído
3119,770,76,Excel Avançado,2024-12-30,,4.52,61.77,,Em Andamento
3120,770,27,Design Thinking,2024-12-01,2024-12-21,13.73,90.18,6.35,Concluído
3121,770,37,Agile/Scrum,2024-11-20,,18.0,51.33,,Em Andamento
3122,770,66,Excel Avançado,2024-12-02,,18.37,16.54,,Em Andamento
3123,771,38,JavaScript Moderno,2024-11-13,2024-12-16,16.06,99.59,9.56,Concluído
3124,771,53,JavaScript Moderno,2024-05-06,,9.16,35.61,,Cancelado
3125,771,83,Power BI,2023-02-16,,13.07,28.87,,Em Andamento
3126,772,69,Gestão de Projetos,2024-12-30,,8.83,38.9,,Cancelado
3127,772,86,Product Management,2024-08-07,2024-12-25,19.63,66.74,8.21,Concluído
3128,772,73,Agile/Scrum,2024-03-21,,9.9,28.79,,Cancelado
3129,772,37,Cloud Computing AWS,2024-09-09,2024-12-30,7.77,83.64,9.64,Concluído
3130,772,48,Product Management,2024-06-04,2024-06-26,7.79,95.72,7.74,Concluído
3131,773,7,Product Management,2023-03-25,,9.67,20.03,,Em Andamento
3132,773,11,Vendas Consultivas,2024-11-26,2024-12-17,10.96,94.89,8.32,Concluído
3133,773,81,Design Thinking,2023-09-18,,2.23,59.97,,Em Andamento
3134,773,37,Design Thinking,2024-12-13,,3.97,16.13,,Cancelado
3135,773,27,Agile/Scrum,2023-05-06,,19.56,81.82,,Em Andamento
3136,774,20,Gestão de Tempo,2024-12-24,2024-12-30,11.03,75.32,9.34,Concluído
3137,774,51,Design Thinking,2024-12-29,,6.72,9.13,,Em Andamento
3138,774,97,Python Avançado,2024-12-28,,8.55,61.87,,Em Andamento
3139,774,66,Customer Success,2024-12-29,2024-12-30,4.49,74.3,6.97,Concluído
3140,774,74,Product Management,2024-12-23,2024-12-30,7.03,76.35,8.28,Concluído
3141,775,20,Gestão de Tempo,2024-01-29,2024-06-21,38.89,85.7,9.57,Concluído
3142,775,45,Power BI,2024-03-13,2024-06-10,19.23,72.62,8.01,Concluído
3143,775,58,DevOps e CI/CD,2024-01-09,2024-09-20,11.42,71.38,8.39,Concluído
3144,775,8,Vendas Consultivas,2023-11-10,2024-11-03,11.77,89.58,6.99,Concluído
3145,775,62,Python Avançado,2023-11-02,,9.54,37.72,,Cancelado
3146,775,27,Product Management,2024-11-04,2024-11-23,17.24,73.39,8.99,Concluído
3147,776,70,Oratória,2023-06-21,2024-06-27,30.62,84.44,9.68,Concluído
3148,776,64,Liderança e Gestão de Pessoas,2024-12-12,2024-12-22,7.93,82.17,7.53,Concluído
3149,776,58,Product Management,2023-03-17,,7.02,14.84,,Cancelado
3150,776,26,Product Management,2024-01-18,2024-05-02,34.12,95.06,9.41,Concluído
3151,776,80,Cloud Computing AWS,2023-12-25,2024-07-20,32.08,79.97,6.71,Concluído
3152,777,30,Agile/Scrum,2024-12-05,2024-12-16,17.94,76.75,9.92,Concluído
3153,777,64,Gestão de Tempo,2024-10-15,2024-10-21,28.49,96.13,9.73,Concluído
3154,778,90,Cloud Computing AWS,2023-03-19,2024-05-15,29.65,70.35,6.3,Concluído
3155,778,4,DevOps e CI/CD,2024-06-04,2024-10-03,32.86,76.67,8.51,Concluído
3156,778,26,Cloud Computing AWS,2023-01-02,2024-11-08,38.08,65.09,8.96,Concluído
3157,778,35,Comunicação Eficaz,2023-07-20,,8.11,40.37,,Em Andamento
3158,778,39,Comunicação Eficaz,2022-08-10,2024-08-15,13.75,76.91,9.63,Concluído
3159,778,10,Negociação,2022-07-12,2023-06-26,25.44,79.13,9.67,Concluído
3160,778,81,Oratória,2023-06-28,2023-07-16,26.96,60.5,7.96,Concluído
3161,779,32,Python Avançado,2023-05-17,2024-09-23,19.04,67.73,6.04,Concluído
3162,779,8,Liderança e Gestão de Pessoas,2023-11-19,2024-08-20,7.12,87.07,6.8,Concluído
3163,779,54,Product Management,2023-12-26,2024-11-07,10.58,84.19,8.19,Concluído
3164,780,76,Agile/Scrum,2022-05-20,,2.24,48.83,,Em Andamento
3165,781,8,Design Thinking,2024-01-26,2024-12-27,23.99,97.33,9.06,Concluído
3166,781,87,Vendas Consultivas,2024-09-30,2024-10-10,37.54,85.44,7.58,Concluído
3167,781,74,Python Avançado,2023-02-26,2024-01-28,18.31,73.98,7.14,Concluído
3168,781,3,DevOps e CI/CD,2022-11-02,2022-11-16,31.08,80.6,7.16,Concluído
3169,781,34,Negociação,2024-03-01,,7.66,58.72,,Em Andamento
3170,781,93,Excel Avançado,2024-01-21,2024-10-19,21.45,70.12,8.83,Concluído
3171,781,69,Liderança e Gestão de Pessoas,2023-01-24,2024-06-21,25.24,93.07,7.84,Concluído
3172,782,88,Segurança da Informação,2024-03-18,2024-08-10,16.18,93.15,9.03,Concluído
3173,782,26,Comunicação Eficaz,2023-07-25,2023-08-18,23.49,89.38,7.37,Concluído
3174,784,87,Excel Avançado,2024-12-19,2024-12-21,8.76,88.01,9.07,Concluído
3175,785,55,Negociação,2023-01-11,,8.62,57.61,,Em Andamento
3176,785,26,Power BI,2024-07-04,2024-08-09,16.91,63.35,8.07,Concluído
3177,785,26,Segurança da Informação,2024-07-06,2024-11-01,7.21,90.17,6.97,Concluído
3178,785,58,Oratória,2024-01-18,2024-08-07,26.65,85.37,8.28,Concluído
3179,785,27,Liderança e Gestão de Pessoas,2022-05-29,2022-07-03,15.85,69.7,9.37,Concluído
3180,785,31,Python Avançado,2024-06-22,2024-12-26,10.38,67.37,7.29,Concluído
3181,785,42,Comunicação Eficaz,2023-03-01,2023-05-31,38.51,66.92,9.1,Concluído
3182,786,24,Vendas Consultivas,2024-12-22,2024-12-31,6.48,75.2,7.7,Concluído
3183,786,33,Negociação,2024-12-21,2024-12-30,8.79,65.68,7.8,Concluído
3184,786,7,Design Thinking,2024-10-28,2024-11-27,28.75,87.03,9.56,Concluído
3185,786,87,Machine Learning,2024-10-27,2024-12-28,29.26,90.63,6.12,Concluído
3186,786,42,Excel Avançado,2024-10-24,2024-12-23,24.67,69.11,7.22,Concluído
3187,786,87,Excel Avançado,2024-09-13,2024-11-16,38.31,76.26,9.68,Concluído
3188,786,32,Python Avançado,2024-10-18,,13.58,38.31,,Em Andamento
3189,787,28,Gestão de Projetos,2023-07-12,2023-10-01,6.92,87.41,9.38,Concluído
3190,787,37,Agile/Scrum,2022-11-21,2024-01-04,12.21,77.09,7.99,Concluído
3191,787,77,Segurança da Informação,2023-01-10,,1.35,3.45,,Cancelado
3192,787,19,Liderança e Gestão de Pessoas,2022-12-09,2023-09-14,11.46,61.76,9.88,Concluído
3193,787,71,Negociação,2024-05-26,2024-12-03,30.29,65.47,6.04,Concluído
3194,787,56,Customer Success,2024-08-31,,1.9,3.07,,Cancelado
3195,788,82,Oratória,2024-02-14,2024-03-19,6.63,91.59,9.51,Concluído
3196,788,88,Product Management,2024-11-19,2024-12-04,23.01,92.1,6.78,Concluído
3197,788,68,Comunicação Eficaz,2024-07-30,2024-12-01,37.32,89.42,7.71,Concluído
3198,788,65,JavaScript Moderno,2024-01-29,2024-10-05,4.95,60.58,6.84,Concluído
3199,788,3,Segurança da Informação,2024-11-17,2024-12-05,19.57,86.55,6.93,Concluído
3200,788,37,Negociação,2024-12-12,,8.7,40.59,,Em Andamento
3201,788,70,Comunicação Eficaz,2024-06-10,2024-10-31,13.13,85.35,6.98,Concluído
3202,788,45,Machine Learning,2024-03-17,2024-08-01,5.69,81.76,6.93,Concluído
3203,789,98,Segurança da Informação,2024-11-27,2024-12-12,25.24,64.8,6.03,Concluído
3204,789,48,DevOps e CI/CD,2024-10-31,,2.52,64.39,,Em Andamento
3205,789,58,Power BI,2024-11-23,2024-12-29,30.16,90.66,9.48,Concluído
3206,789,24,DevOps e CI/CD,2024-10-26,,8.76,28.17,,Cancelado
3207,790,95,Liderança e Gestão de Pessoas,2024-08-23,2024-12-07,25.68,73.42,9.0,Concluído
3208,790,98,Negociação,2024-10-01,2024-12-21,37.33,90.04,6.79,Concluído
3209,790,53,Negociação,2024-10-18,,9.23,14.69,,Cancelado
3210,790,64,Power BI,2023-09-11,2023-10-22,36.94,87.55,9.74,Concluído
3211,790,71,Negociação,2023-02-07,2024-05-07,33.33,92.14,8.61,Concluído
3212,790,75,Liderança e Gestão de Pessoas,2023-12-15,2024-05-22,32.89,91.49,7.0,Concluído
3213,790,72,Cloud Computing AWS,2024-01-11,2024-11-04,38.0,81.86,6.43,Concluído
3214,791,92,Comunicação Eficaz,2024-05-29,2024-10-06,7.48,63.91,8.29,Concluído
3215,791,33,Liderança e Gestão de Pessoas,2024-06-18,2024-10-30,21.3,84.06,7.6,Concluído
3216,791,9,Product Management,2023-09-05,2023-10-18,14.07,89.33,7.54,Concluído
3217,791,99,Comunicação Eficaz,2023-10-14,2024-09-24,36.41,72.49,7.81,Concluído
3218,791,36,Python Avançado,2023-07-30,2023-12-10,18.81,67.13,7.65,Concluído
3219,791,44,DevOps e CI/CD,2024-02-08,,2.57,84.5,,Em Andamento
3220,791,59,Machine Learning,2024-08-27,2024-10-28,12.38,76.76,8.21,Concluído
3221,792,22,DevOps e CI/CD,2023-01-14,2023-04-23,9.23,87.05,6.44,Concluído
3222,792,65,Comunicação Eficaz,2023-11-11,2024-03-31,6.95,83.12,7.93,Concluído
3223,792,53,Vendas Consultivas,2023-09-14,2024-08-27,7.65,83.92,7.39,Concluído
3224,793,69,Data Analytics,2024-04-29,2024-12-27,30.71,93.16,6.56,Concluído
3225,793,76,Excel Avançado,2024-02-28,2024-06-20,9.18,61.11,7.94,Concluído
3226,793,66,DevOps e CI/CD,2022-06-03,,2.78,27.61,,Cancelado
3227,793,24,Gestão de Projetos,2023-03-02,2023-08-05,39.76,91.47,9.7,Concluído
3228,793,96,JavaScript Moderno,2023-02-26,2024-07-12,36.75,98.4,9.69,Concluído
3229,793,96,Python Avançado,2022-09-05,2023-10-10,16.38,84.57,9.68,Concluído
3230,793,57,Segurança da Informação,2022-07-28,2023-04-29,6.54,99.68,8.68,Concluído
3231,793,68,Segurança da Informação,2024-09-23,2024-12-21,11.29,98.85,7.26,Concluído
3232,795,9,JavaScript Moderno,2024-12-25,2024-12-26,18.2,89.89,6.37,Concluído
3233,795,88,Excel Avançado,2024-11-17,2024-12-05,28.71,97.63,9.09,Concluído
3234,795,6,Comunicação Eficaz,2024-10-31,,9.81,64.21,,Em Andamento
3235,795,82,Negociação,2024-11-24,2024-12-29,23.99,78.58,8.99,Concluído
3236,795,71,Data Analytics,2024-12-13,2024-12-30,6.19,91.0,9.18,Concluído
3237,795,81,Vendas Consultivas,2024-11-16,,7.39,68.52,,Em Andamento
3238,796,41,Gestão de Tempo,2024-04-17,2024-12-13,17.99,77.34,8.68,Concluído
3239,796,83,Power BI,2024-10-09,2024-10-19,24.18,73.7,7.25,Concluído
3240,796,26,Data Analytics,2024-11-14,,14.1,73.47,,Em Andamento
3241,796,67,Data Analytics,2024-09-23,2024-11-13,32.91,93.58,8.64,Concluído
3242,797,67,Gestão de Tempo,2024-01-28,2024-02-28,24.23,65.83,9.07,Concluído
3243,798,41,JavaScript Moderno,2024-11-05,2024-11-12,25.97,65.11,8.29,Concluído
3244,798,97,Machine Learning,2024-12-27,2024-12-30,33.42,88.46,8.82,Concluído
3245,798,41,Cloud Computing AWS,2024-11-30,,3.43,15.1,,Em Andamento
3246,798,74,JavaScript Moderno,2024-12-28,,10.05,3.2,,Em Andamento
3247,800,86,Cloud Computing AWS,2024-01-10,2024-03-28,31.1,62.63,9.62,Concluído
3248,800,20,JavaScript Moderno,2024-11-05,2024-11-22,18.6,78.44,7.16,Concluído
3249,800,34,Gestão de Tempo,2024-12-16,2024-12-17,39.68,96.94,7.7,Concluído
3250,800,25,Design Thinking,2024-11-28,2024-12-25,27.14,62.15,9.13,Concluído
3251,800,48,Segurança da Informação,2024-12-26,2024-12-27,5.69,96.6,8.26,Concluído
3252,800,93,Design Thinking,2024-04-20,2024-12-09,16.72,81.14,8.03,Concluído
3253,801,14,Customer Success,2024-11-11,2024-12-26,24.0,63.72,6.82,Concluído
3254,801,90,Machine Learning,2024-07-03,2024-12-27,34.33,82.25,9.5,Concluído
3255,802,65,Gestão de Tempo,2022-10-13,2024-02-09,29.84,81.86,9.37,Concluído
3256,802,12,Oratória,2023-11-07,,18.49,45.44,,Em Andamento
3257,802,78,Design Thinking,2024-01-10,2024-11-28,8.3,65.56,9.61,Concluído
3258,802,62,Data Analytics,2023-10-16,2024-09-12,6.05,83.0,7.85,Concluído
3259,802,98,Agile/Scrum,2023-06-13,,19.76,79.0,,Em Andamento
3260,802,63,Python Avançado,2022-07-05,,8.46,10.33,,Cancelado
3261,803,76,Excel Avançado,2024-11-24,2024-12-16,19.63,80.64,9.58,Concluído
3262,806,9,Segurança da Informação,2024-05-13,,18.8,89.47,,Em Andamento
3263,806,59,Vendas Consultivas,2024-08-28,,12.6,4.87,,Em Andamento
3264,806,55,Vendas Consultivas,2024-06-25,2024-11-02,32.66,99.42,6.78,Concluído
3265,807,19,Power BI,2024-05-10,2024-09-08,36.3,63.71,6.02,Concluído
3266,807,50,Product Management,2024-03-24,2024-06-13,35.79,65.15,9.99,Concluído
3267,808,33,Power BI,2024-03-04,2024-07-01,39.47,94.74,7.16,Concluído
3268,808,17,Negociação,2024-10-11,2024-10-30,12.25,80.02,8.82,Concluído
3269,809,25,Python Avançado,2023-06-25,2024-07-30,11.28,81.73,8.75,Concluído
3270,809,64,Design Thinking,2024-11-27,2024-12-30,30.64,77.13,6.75,Concluído
3271,809,43,Vendas Consultivas,2024-07-03,2024-12-30,22.84,65.66,8.12,Concluído
3272,809,16,Gestão de Tempo,2023-08-08,2023-10-05,21.94,68.53,8.9,Concluído
3273,809,80,Machine Learning,2023-09-02,2024-05-25,8.68,90.49,6.63,Concluído
3274,809,48,Cloud Computing AWS,2024-07-14,2024-09-05,7.34,78.89,9.53,Concluído
3275,809,89,Customer Success,2024-01-20,,2.48,83.38,,Em Andamento
3276,809,54,Vendas Consultivas,2024-08-12,2024-10-27,10.92,96.84,9.92,Concluído
3277,811,89,Liderança e Gestão de Pessoas,2023-06-22,2023-10-21,14.78,64.21,7.11,Concluído
3278,811,46,Machine Learning,2023-04-22,2024-09-30,23.84,79.83,8.26,Concluído
3279,811,97,Data Analytics,2024-12-16,2024-12-21,4.37,98.07,9.33,Concluído
3280,811,28,Vendas Consultivas,2023-12-28,2024-09-08,14.15,69.21,9.45,Concluído
3281,811,26,Segurança da Informação,2023-08-12,2024-11-20,18.27,94.96,8.75,Concluído
3282,811,21,Segurança da Informação,2023-06-11,2024-10-11,13.86,64.82,8.89,Concluído
3283,811,54,Product Management,2024-09-08,2024-12-01,6.63,95.87,9.55,Concluído
3284,812,31,Liderança e Gestão de Pessoas,2023-02-15,2024-02-05,31.95,80.44,8.87,Concluído
3285,812,31,Vendas Consultivas,2023-02-06,2023-02-24,21.44,83.03,8.03,Concluído
3286,813,64,Gestão de Tempo,2024-10-28,2024-12-01,19.67,68.21,6.14,Concluído
3287,813,29,Comunicação Eficaz,2024-12-09,2024-12-27,34.0,77.14,9.24,Concluído
3288,813,74,Machine Learning,2024-09-11,2024-09-20,13.46,88.81,6.03,Concluído
3289,813,78,Gestão de Tempo,2024-07-03,2024-09-17,36.68,91.07,8.67,Concluído
3290,813,35,Vendas Consultivas,2024-03-14,2024-08-29,32.7,73.34,9.14,Concluído
3291,813,21,Gestão de Tempo,2024-03-07,2024-08-24,6.19,91.35,7.68,Concluído
3292,813,6,Segurança da Informação,2024-03-06,,3.36,59.11,,Em Andamento
3293,813,57,Liderança e Gestão de Pessoas,2024-04-20,2024-12-16,7.78,74.53,8.48,Concluído
3294,814,68,Oratória,2024-12-09,2024-12-18,21.39,84.61,6.02,Concluído
3295,814,16,Vendas Consultivas,2024-05-12,2024-07-06,17.09,87.22,6.3,Concluído
3296,815,28,Vendas Consultivas,2024-12-07,,15.46,37.9,,Em Andamento
3297,815,59,Power BI,2024-11-12,2024-12-12,12.46,61.62,9.87,Concluído
3298,815,18,Comunicação Eficaz,2024-11-09,,11.94,37.36,,Em Andamento
3299,815,70,Oratória,2024-12-28,2024-12-29,21.62,99.95,8.35,Concluído
3300,815,45,Segurança da Informação,2024-11-19,2024-11-23,28.68,73.64,8.75,Concluído
3301,816,71,Oratória,2024-09-13,,3.69,28.5,,Em Andamento
3302,816,27,Comunicação Eficaz,2023-11-04,2023-11-08,11.08,93.88,6.15,Concluído
3303,816,63,Cloud Computing AWS,2024-01-09,2024-04-10,14.52,86.04,6.09,Concluído
3304,816,93,Cloud Computing AWS,2024-12-19,2024-12-29,32.09,88.54,8.51,Concluído
3305,816,23,Gestão de Projetos,2024-01-26,,14.63,62.83,,Em Andamento
3306,816,97,Gestão de Tempo,2024-09-09,2024-12-06,31.03,77.42,6.02,Concluído
3307,816,10,Gestão de Tempo,2023-12-29,,15.79,4.91,,Em Andamento
3308,817,83,Python Avançado,2024-09-11,,5.06,38.77,,Em Andamento
3309,817,24,Negociação,2023-12-08,2024-03-07,19.9,85.81,8.33,Concluído
3310,817,3,Design Thinking,2024-06-21,2024-10-06,19.27,65.1,8.12,Concluído
3311,817,82,Customer Success,2024-10-13,2024-10-31,34.31,61.63,7.7,Concluído
3312,817,68,Agile/Scrum,2024-07-28,2024-09-29,35.99,79.21,9.67,Concluído
3313,818,12,Oratória,2023-06-21,,3.38,12.76,,Em Andamento
3314,818,17,JavaScript Moderno,2024-01-15,2024-12-30,30.87,76.61,9.17,Concluído
3315,818,7,Python Avançado,2023-06-20,2024-03-26,19.95,96.32,7.33,Concluído
3316,818,60,Design Thinking,2023-06-11,2023-09-01,37.06,85.15,6.27,Concluído
3317,818,89,Python Avançado,2024-03-14,2024-09-21,22.38,63.33,8.51,Concluído
3318,818,44,Agile/Scrum,2024-03-15,2024-05-09,29.2,66.46,6.66,Concluído
3319,818,43,Liderança e Gestão de Pessoas,2023-07-06,2024-12-03,10.0,90.6,7.82,Concluído
3320,818,63,Liderança e Gestão de Pessoas,2024-10-04,2024-10-10,20.83,62.2,6.78,Concluído
3321,819,14,Oratória,2024-02-10,2024-07-05,25.22,69.62,8.42,Concluído
3322,819,69,Gestão de Tempo,2024-03-24,2024-08-27,17.32,75.26,6.49,Concluído
3323,819,72,Negociação,2024-04-07,2024-11-03,15.45,82.64,6.26,Concluído
3324,820,43,Vendas Consultivas,2024-12-10,2024-12-30,16.22,66.37,6.26,Concluído
3325,820,8,Power BI,2024-11-24,2024-12-25,14.84,84.71,8.46,Concluído
3326,820,100,Design Thinking,2024-10-25,2024-12-04,28.58,60.54,7.91,Concluído
3327,821,35,Machine Learning,2024-04-30,2024-06-19,30.32,75.09,9.67,Concluído
3328,823,61,Negociação,2023-08-03,2024-08-18,6.63,79.01,7.4,Concluído
3329,823,56,Gestão de Projetos,2023-11-26,,8.5,38.36,,Em Andamento
3330,823,37,JavaScript Moderno,2023-12-15,2024-12-13,34.63,97.82,7.56,Concluído
3331,823,45,Cloud Computing AWS,2024-11-03,2024-12-04,13.0,88.16,6.83,Concluído
3332,823,60,Power BI,2024-03-27,2024-12-09,9.18,84.9,6.26,Concluído
3333,824,55,Gestão de Projetos,2024-12-30,2024-12-31,37.52,96.77,9.56,Concluído
3334,824,41,Gestão de Tempo,2024-12-30,2024-12-31,22.75,78.65,7.04,Concluído
3335,824,98,Liderança e Gestão de Pessoas,2024-12-31,2025-01-01,22.9,72.23,7.2,Concluído
3336,824,99,Excel Avançado,2024-12-31,2025-01-01,30.83,66.98,7.6,Concluído
3337,824,30,Data Analytics,2024-12-31,2025-01-01,38.72,69.13,8.86,Concluído
3338,824,11,Data Analytics,2024-12-31,,17.72,58.04,,Em Andamento
3339,824,80,Customer Success,2024-12-31,,12.33,75.99,,Em Andamento
3340,824,80,Cloud Computing AWS,2024-12-31,2025-01-01,39.77,74.78,6.36,Concluído
3341,825,87,Python Avançado,2024-05-19,2024-06-15,6.91,92.88,6.47,Concluído
3342,825,86,Machine Learning,2024-12-29,2024-12-31,32.83,91.42,8.63,Concluído
3343,825,61,Negociação,2023-02-10,2024-09-21,12.69,91.16,6.23,Concluído
3344,825,54,JavaScript Moderno,2023-12-22,2024-01-18,5.75,60.21,8.42,Concluído
3345,825,51,Cloud Computing AWS,2024-01-15,2024-06-03,39.9,75.37,7.63,Concluído
3346,825,73,Gestão de Projetos,2024-01-21,,17.58,37.46,,Em Andamento
3347,827,26,Design Thinking,2024-06-25,2024-11-06,35.02,83.88,9.07,Concluído
3348,827,75,Segurança da Informação,2024-11-09,2024-12-22,4.92,95.34,6.04,Concluído
3349,829,25,Comunicação Eficaz,2023-06-04,2023-09-19,28.45,99.95,7.98,Concluído
3350,829,29,Machine Learning,2024-09-06,2024-09-11,31.4,60.6,8.27,Concluído
3351,830,55,Liderança e Gestão de Pessoas,2023-09-22,2023-11-25,9.77,81.07,9.39,Concluído
3352,830,27,Vendas Consultivas,2024-08-27,2024-11-30,23.02,61.83,9.11,Concluído
3353,830,16,Agile/Scrum,2024-02-05,2024-07-05,38.93,93.55,8.84,Concluído
3354,831,4,Product Management,2024-09-24,2024-10-07,33.55,89.47,7.29,Concluído
3355,831,8,Gestão de Projetos,2024-11-27,2024-12-30,22.54,81.52,6.6,Concluído
3356,831,19,Agile/Scrum,2024-06-06,2024-12-25,29.83,96.41,9.59,Concluído
3357,831,74,Product Management,2024-06-21,2024-12-12,27.74,87.41,9.11,Concluído
3358,831,77,Design Thinking,2024-12-02,2024-12-26,20.65,77.33,9.03,Concluído
3359,832,66,JavaScript Moderno,2024-02-27,2024-12-28,4.98,76.95,7.86,Concluído
3360,832,85,Segurança da Informação,2024-10-06,2024-11-09,29.49,65.92,8.36,Concluído
3361,832,72,Data Analytics,2023-10-23,2023-10-28,7.9,99.87,9.51,Concluído
3362,832,80,Agile/Scrum,2024-10-08,2024-11-07,11.13,78.34,7.32,Concluído
3363,832,53,Liderança e Gestão de Pessoas,2024-06-20,2024-10-03,28.93,64.42,7.7,Concluído
3364,832,31,Design Thinking,2024-05-08,,1.77,31.3,,Cancelado
3365,832,17,Segurança da Informação,2024-10-23,2024-11-01,4.77,78.03,8.6,Concluído
3366,833,15,Customer Success,2024-05-15,2024-10-01,20.23,67.83,7.06,Concluído
3367,833,71,Machine Learning,2023-12-10,2024-07-12,34.13,62.33,7.06,Concluído
3368,833,8,Data Analytics,2023-03-13,,6.92,18.64,,Em Andamento
3369,833,11,Cloud Computing AWS,2024-12-03,2024-12-31,16.06,83.77,7.25,Concluído
3370,833,88,Liderança e Gestão de Pessoas,2023-11-15,2024-04-24,7.9,75.12,9.32,Concluído
3371,834,67,Customer Success,2024-11-20,2024-12-23,34.34,76.96,6.27,Concluído
3372,834,51,Data Analytics,2024-08-28,2024-11-30,20.84,89.36,6.82,Concluído
3373,834,77,Customer Success,2024-09-30,2024-10-16,4.12,75.75,6.53,Concluído
3374,835,12,Negociação,2024-12-27,2024-12-30,8.91,77.8,8.29,Concluído
3375,835,13,Gestão de Tempo,2024-11-08,2024-12-09,23.26,75.26,8.57,Concluído
3376,836,11,Python Avançado,2023-12-25,2024-08-01,23.2,74.54,6.53,Concluído
3377,836,24,Python Avançado,2024-05-22,2024-06-27,7.82,73.42,9.09,Concluído
3378,836,56,Segurança da Informação,2024-02-11,2024-06-24,18.49,93.67,7.64,Concluído
3379,837,75,DevOps e CI/CD,2024-09-08,2024-10-02,5.17,93.25,8.55,Concluído
3380,837,54,Agile/Scrum,2024-04-05,2024-11-23,19.93,71.98,6.77,Concluído
3381,837,58,Machine Learning,2024-04-11,2024-07-03,6.83,82.09,7.2,Concluído
3382,837,9,DevOps e CI/CD,2024-08-06,2024-09-10,16.66,69.92,6.48,Concluído
3383,837,7,Gestão de Tempo,2024-04-16,2024-08-18,39.36,94.85,9.21,Concluído
3384,838,11,Negociação,2023-03-10,2023-09-07,19.59,60.65,6.71,Concluído
3385,838,30,Agile/Scrum,2023-05-06,,2.5,57.76,,Em Andamento
3386,839,19,DevOps e CI/CD,2024-08-09,2024-10-22,34.88,71.52,9.28,Concluído
3387,839,38,Machine Learning,2024-10-23,2024-11-28,21.12,67.5,7.19,Concluído
3388,839,35,Customer Success,2024-08-29,2024-12-24,37.41,94.36,7.32,Concluído
3389,840,94,Oratória,2023-06-21,2024-08-06,39.69,62.76,6.17,Concluído
3390,840,37,Cloud Computing AWS,2022-07-27,2022-10-28,7.97,83.44,7.54,Concluído
3391,840,23,Comunicação Eficaz,2023-10-15,2024-01-20,38.04,68.53,8.33,Concluído
3392,840,48,Comunicação Eficaz,2024-10-24,2024-11-15,4.4,86.32,8.34,Concluído
3393,840,7,Customer Success,2023-07-28,,5.22,4.62,,Cancelado
3394,840,49,Liderança e Gestão de Pessoas,2024-07-10,2024-10-17,38.63,81.47,8.22,Concluído
3395,841,89,Cloud Computing AWS,2023-02-12,2024-10-19,26.27,77.51,7.9,Concluído
3396,841,13,Machine Learning,2023-04-04,2024-11-06,37.85,68.88,8.27,Concluído
3397,841,39,Oratória,2023-09-15,2024-07-05,16.26,80.08,6.2,Concluído
3398,841,38,Python Avançado,2023-12-30,2024-06-06,31.27,71.03,8.05,Concluído
3399,841,93,Python Avançado,2022-07-19,,11.39,75.69,,Em Andamento
3400,841,28,Comunicação Eficaz,2023-06-26,2024-09-01,29.28,76.9,6.43,Concluído
3401,841,32,Oratória,2024-08-01,2024-08-20,12.59,87.64,6.12,Concluído
3402,841,72,Machine Learning,2024-09-27,2024-10-19,28.65,74.88,6.28,Concluído
3403,842,79,JavaScript Moderno,2023-04-26,2023-06-13,12.93,75.59,7.37,Concluído
3404,842,22,Negociação,2024-12-10,2024-12-11,39.56,79.04,9.02,Concluído
3405,843,4,Liderança e Gestão de Pessoas,2024-03-17,,1.65,14.64,,Cancelado
3406,843,61,Vendas Consultivas,2023-11-29,2024-09-05,15.72,63.74,6.46,Concluído
3407,843,67,Machine Learning,2022-04-26,2023-05-01,32.61,98.37,6.96,Concluído
3408,843,76,Machine Learning,2023-12-04,,13.91,21.48,,Em Andamento
3409,844,16,Gestão de Tempo,2024-06-01,,16.82,45.2,,Em Andamento
3410,844,29,Agile/Scrum,2024-10-15,2024-10-21,21.65,79.83,6.22,Concluído
3411,845,85,Product Management,2023-02-04,2023-10-21,30.17,98.36,6.85,Concluído
3412,845,18,Machine Learning,2024-04-30,2024-12-04,30.16,75.08,6.85,Concluído
3413,846,37,Comunicação Eficaz,2023-08-13,2024-10-26,21.32,96.11,6.55,Concluído
3414,846,21,Machine Learning,2023-08-16,2023-12-20,12.91,89.87,6.88,Concluído
3415,846,58,Product Management,2023-05-01,2023-12-10,37.27,66.0,6.72,Concluído
3416,846,35,Customer Success,2024-04-04,2024-10-03,27.42,72.21,8.11,Concluído
3417,847,94,Segurança da Informação,2023-04-18,2024-09-19,33.26,87.82,9.21,Concluído
3418,848,19,Agile/Scrum,2024-12-21,2024-12-26,37.74,94.53,8.93,Concluído
3419,848,29,Comunicação Eficaz,2023-09-02,,5.07,39.36,,Em Andamento
3420,848,98,Design Thinking,2024-09-28,2024-12-27,8.95,65.96,8.03,Concluído
3421,848,78,Gestão de Tempo,2023-12-24,2024-11-05,31.66,92.71,8.19,Concluído
3422,848,45,Cloud Computing AWS,2024-01-04,2024-07-11,19.8,71.02,9.32,Concluído
3423,848,77,Customer Success,2024-02-13,2024-07-08,25.39,72.24,7.09,Concluído
3424,848,33,Segurança da Informação,2023-12-26,2024-04-01,19.42,69.25,6.65,Concluído
3425,848,81,Oratória,2023-12-17,2024-06-25,28.24,77.9,9.96,Concluído
3426,849,50,Machine Learning,2024-11-26,2024-12-09,12.35,63.05,9.91,Concluído
3427,849,89,Customer Success,2024-10-15,2024-12-08,34.96,97.52,7.01,Concluído
3428,849,62,Gestão de Tempo,2024-11-05,2024-12-04,16.67,79.11,6.14,Concluído
3429,850,29,Design Thinking,2024-06-24,2024-08-21,27.48,91.57,9.63,Concluído
3430,851,27,Design Thinking,2023-10-14,2024-11-26,26.76,60.68,7.49,Concluído
3431,851,34,Customer Success,2024-10-24,2024-11-01,8.08,69.71,8.83,Concluído
3432,851,18,Agile/Scrum,2022-11-23,,9.94,73.96,,Em Andamento
3433,853,23,JavaScript Moderno,2024-01-13,2024-05-09,37.94,81.6,9.86,Concluído
3434,853,72,JavaScript Moderno,2024-11-14,2024-12-10,38.92,85.18,8.16,Concluído
3435,854,37,DevOps e CI/CD,2024-05-24,2024-10-31,21.3,76.53,8.49,Concluído
3436,854,58,Oratória,2024-10-30,2024-12-08,12.22,80.38,9.0,Concluído
3437,854,74,Customer Success,2024-09-03,2024-09-25,7.55,90.45,8.5,Concluído
3438,854,40,Agile/Scrum,2024-03-12,,2.16,37.43,,Cancelado
3439,854,19,Excel Avançado,2024-12-25,2024-12-28,34.97,82.74,6.06,Concluído
3440,854,96,Segurança da Informação,2024-08-03,2024-11-11,26.24,93.93,8.43,Concluído
3441,855,93,Data Analytics,2024-09-18,2024-12-17,8.52,93.75,9.7,Concluído
3442,855,89,Gestão de Projetos,2024-08-23,2024-10-13,15.63,69.49,6.81,Concluído
3443,855,85,Product Management,2024-10-30,,12.96,74.3,,Em Andamento
3444,855,96,Oratória,2023-04-30,2023-08-22,35.83,73.56,9.92,Concluído
3445,855,53,Product Management,2023-02-03,,15.95,73.99,,Em Andamento
3446,855,48,Customer Success,2023-12-19,,5.45,37.38,,Em Andamento
3447,856,1,Oratória,2024-12-08,2024-12-25,4.68,71.27,6.06,Concluído
3448,856,69,Data Analytics,2024-12-10,2024-12-11,5.44,80.16,9.31,Concluído
3449,856,35,Vendas Consultivas,2024-12-11,,3.46,62.48,,Em Andamento
3450,856,67,Gestão de Tempo,2024-12-28,2024-12-29,35.72,68.51,9.87,Concluído
3451,856,35,Negociação,2024-12-13,2024-12-14,9.8,95.14,7.24,Concluído
3452,856,54,Cloud Computing AWS,2024-12-31,,16.73,21.44,,Em Andamento
3453,856,72,Python Avançado,2024-12-26,2024-12-31,7.08,65.93,9.63,Concluído
3454,857,97,Oratória,2023-06-06,2023-09-11,34.46,98.67,6.16,Concluído
3455,857,77,Python Avançado,2022-12-18,,19.51,76.62,,Em Andamento
3456,857,20,Machine Learning,2024-05-23,2024-05-30,21.36,86.96,7.13,Concluído
3457,859,14,Segurança da Informação,2024-10-29,,9.68,74.16,,Em Andamento
3458,859,91,Liderança e Gestão de Pessoas,2024-07-30,2024-09-20,15.16,89.09,6.31,Concluído
3459,859,61,Comunicação Eficaz,2024-08-22,2024-11-14,11.73,69.54,8.97,Concluído
3460,859,83,Agile/Scrum,2024-09-22,,10.67,62.48,,Em Andamento
3461,859,100,Design Thinking,2024-07-21,2024-08-30,17.61,92.78,6.78,Concluído
3462,859,66,Segurança da Informação,2024-10-21,2024-11-30,27.84,96.82,9.27,Concluído
3463,859,28,Power BI,2024-08-08,2024-10-21,37.21,95.08,8.99,Concluído
3464,860,92,Gestão de Projetos,2023-06-15,2024-11-21,19.71,89.82,7.9,Concluído
3465,860,85,Product Management,2023-11-15,2024-02-26,37.35,66.08,7.86,Concluído
3466,860,57,Customer Success,2024-08-05,2024-10-06,13.41,83.99,7.61,Concluído
3467,860,70,Liderança e Gestão de Pessoas,2023-07-14,,16.18,55.32,,Em Andamento
3468,860,87,Python Avançado,2023-04-07,2024-07-03,15.57,65.06,8.22,Concluído
3469,860,36,Data Analytics,2023-11-24,2024-05-15,34.76,65.45,8.12,Concluído
3470,861,54,JavaScript Moderno,2024-02-06,,18.35,11.8,,Em Andamento
3471,861,1,Vendas Consultivas,2023-11-20,2024-04-09,13.31,65.64,9.81,Concluído
3472,862,52,Product Management,2024-11-07,2024-12-06,31.18,89.12,7.68,Concluído
3473,862,23,Python Avançado,2024-12-08,2024-12-12,16.86,69.52,7.94,Concluído
3474,862,73,Python Avançado,2024-09-22,2024-12-10,12.44,80.48,8.15,Concluído
3475,862,56,Data Analytics,2024-12-17,,1.24,28.2,,Cancelado
3476,862,51,Gestão de Tempo,2024-11-10,2024-12-14,19.55,98.09,6.04,Concluído
3477,863,55,Machine Learning,2023-12-27,2024-11-14,16.44,77.82,8.51,Concluído
3478,863,42,DevOps e CI/CD,2023-06-29,2024-07-18,21.7,99.4,9.68,Concluído
3479,863,48,Excel Avançado,2024-06-13,2024-10-01,14.88,96.78,8.25,Concluído
3480,863,61,Gestão de Tempo,2024-12-16,,2.65,38.16,,Cancelado
3481,863,43,Segurança da Informação,2024-01-02,2024-05-24,39.11,81.79,9.97,Concluído
3482,863,22,Vendas Consultivas,2024-01-18,2024-06-17,12.76,86.72,9.25,Concluído
3483,863,21,Liderança e Gestão de Pessoas,2023-04-21,2024-05-21,21.65,74.48,8.05,Concluído
3484,863,37,Negociação,2023-05-22,2024-02-17,8.65,90.12,6.69,Concluído
3485,864,64,Design Thinking,2023-12-16,,3.82,2.66,,Cancelado
3486,864,64,Liderança e Gestão de Pessoas,2024-02-10,,16.86,12.11,,Em Andamento
3487,864,25,Segurança da Informação,2024-06-10,2024-06-23,35.94,89.87,6.58,Concluído
3488,864,93,Liderança e Gestão de Pessoas,2024-01-06,2024-09-11,5.76,93.6,7.85,Concluído
3489,864,65,Gestão de Projetos,2024-07-13,2024-10-14,36.8,67.22,9.53,Concluído
3490,864,55,Oratória,2024-01-27,2024-07-19,24.52,60.39,7.48,Concluído
3491,865,37,Machine Learning,2024-08-04,2024-09-25,5.83,81.38,6.28,Concluído
3492,865,18,Comunicação Eficaz,2024-11-20,2024-12-15,18.0,98.7,7.08,Concluído
3493,867,61,Customer Success,2024-07-10,2024-10-21,7.07,94.73,7.28,Concluído
3494,867,19,Data Analytics,2024-10-25,2024-11-03,9.91,64.77,9.14,Concluído
3495,867,4,Power BI,2024-11-13,2024-12-17,37.92,62.38,7.97,Concluído
3496,867,27,Gestão de Projetos,2024-11-16,2024-12-09,13.76,85.48,6.22,Concluído
3497,867,24,Customer Success,2024-12-01,2024-12-08,12.65,86.2,8.06,Concluído
3498,867,84,Data Analytics,2024-09-14,,19.03,85.25,,Em Andamento
3499,868,53,DevOps e CI/CD,2023-01-24,,2.39,8.26,,Cancelado
3500,868,31,Liderança e Gestão de Pessoas,2023-04-19,2024-09-11,5.4,69.86,6.13,Concluído
3501,868,78,Product Management,2024-02-10,,2.78,8.15,,Em Andamento
3502,869,3,DevOps e CI/CD,2023-11-22,2024-04-08,25.82,85.76,9.59,Concluído
3503,869,74,Liderança e Gestão de Pessoas,2024-05-04,2024-11-10,31.31,83.17,6.26,Concluído
3504,869,47,Data Analytics,2024-04-02,2024-05-07,29.55,75.55,8.61,Concluído
3505,869,54,Gestão de Tempo,2023-12-06,2024-10-14,24.14,95.26,8.8,Concluído
3506,869,39,Cloud Computing AWS,2024-01-24,,8.05,29.98,,Em Andamento
3507,869,6,Python Avançado,2024-09-26,,14.94,89.75,,Em Andamento
3508,869,30,Negociação,2024-10-03,,1.34,15.35,,Cancelado
3509,870,11,Power BI,2024-01-01,2024-12-30,27.23,95.09,9.02,Concluído
3510,870,42,DevOps e CI/CD,2024-06-02,2024-07-23,12.83,68.03,6.99,Concluído
3511,870,33,Cloud Computing AWS,2024-05-17,2024-07-05,27.97,90.39,6.71,Concluído
3512,870,39,Comunicação Eficaz,2024-01-01,,16.11,8.58,,Em Andamento
3513,870,53,Excel Avançado,2024-12-28,2024-12-30,36.78,85.42,9.5,Concluído
3514,870,84,Oratória,2023-10-15,2023-12-10,37.61,78.65,7.45,Concluído
3515,872,3,Excel Avançado,2023-02-14,2024-11-01,19.8,61.17,9.91,Concluído
3516,872,79,Oratória,2022-09-10,2022-11-13,19.83,66.21,7.57,Concluído
3517,872,9,Negociação,2024-06-09,2024-10-28,9.32,88.0,8.34,Concluído
3518,872,5,Vendas Consultivas,2023-10-01,2024-03-28,18.75,92.63,8.43,Concluído
3519,872,80,Gestão de Projetos,2024-08-02,2024-08-31,4.68,89.8,8.72,Concluído
3520,872,84,Segurança da Informação,2024-12-27,2024-12-30,28.99,77.8,9.19,Concluído
3521,872,19,Vendas Consultivas,2024-05-07,2024-05-29,27.86,75.93,7.61,Concluído
3522,873,48,DevOps e CI/CD,2024-04-29,2024-09-25,18.84,65.63,7.39,Concluído
3523,873,49,Agile/Scrum,2024-05-05,2024-09-11,35.13,61.18,8.9,Concluído
3524,873,20,Python Avançado,2024-11-07,,17.57,16.11,,Em Andamento
3525,873,16,Negociação,2024-09-05,2024-11-20,14.33,73.75,7.95,Concluído
3526,874,94,DevOps e CI/CD,2024-10-11,2024-12-20,13.87,71.0,6.09,Concluído
3527,874,6,Product Management,2024-07-27,,14.34,86.5,,Em Andamento
3528,874,16,JavaScript Moderno,2024-12-16,2024-12-26,33.26,64.07,6.37,Concluído
3529,875,45,JavaScript Moderno,2022-11-29,,6.49,39.12,,Cancelado
3530,876,93,Negociação,2024-07-06,2024-08-26,6.43,85.33,9.83,Concluído
3531,876,89,Cloud Computing AWS,2023-07-10,2024-02-11,31.64,68.86,6.36,Concluído
3532,876,80,Vendas Consultivas,2024-02-10,2024-10-30,4.99,80.43,6.28,Concluído
3533,876,31,Customer Success,2024-12-23,,3.95,53.06,,Em Andamento
3534,876,24,Oratória,2023-06-06,2024-01-16,9.98,62.62,6.49,Concluído
3535,876,89,Power BI,2022-09-10,2023-07-26,35.41,95.67,7.93,Concluído
3536,876,88,Segurança da Informação,2024-03-27,2024-08-06,33.69,89.29,9.49,Concluído
3537,876,23,Excel Avançado,2024-08-15,2024-10-13,22.36,94.48,6.31,Concluído
3538,878,40,Liderança e Gestão de Pessoas,2024-11-06,,12.49,78.48,,Em Andamento
3539,878,17,Power BI,2024-12-26,2024-12-29,22.52,63.06,9.37,Concluído
3540,878,35,Gestão de Tempo,2024-12-21,2024-12-29,11.53,96.83,8.78,Concluído
3541,878,58,Data Analytics,2024-10-06,2024-10-17,14.53,99.66,7.05,Concluído
3542,878,97,DevOps e CI/CD,2024-11-01,2024-12-28,11.81,66.67,6.02,Concluído
3543,878,96,Python Avançado,2024-12-04,2024-12-29,21.5,93.42,7.67,Concluído
3544,879,23,Data Analytics,2023-02-16,2023-11-22,9.32,64.6,6.22,Concluído
3545,879,31,Negociação,2022-10-08,2024-12-31,18.96,95.26,6.14,Concluído
3546,879,5,Cloud Computing AWS,2024-03-02,2024-09-06,24.67,85.65,8.5,Concluído
3547,879,54,Segurança da Informação,2024-02-02,2024-11-13,22.13,60.74,8.48,Concluído
3548,879,3,Design Thinking,2024-07-07,2024-10-08,16.03,69.33,9.54,Concluído
3549,879,18,Liderança e Gestão de Pessoas,2024-12-13,2024-12-29,28.58,62.75,6.33,Concluído
3550,879,27,Segurança da Informação,2023-12-17,2024-10-02,28.31,70.36,9.72,Concluído
3551,879,76,Agile/Scrum,2024-09-02,2024-09-15,27.47,81.59,9.35,Concluído
3552,880,73,Python Avançado,2023-07-26,2023-11-22,36.42,83.06,8.03,Concluído
3553,880,36,Power BI,2022-12-05,,17.82,60.84,,Em Andamento
3554,880,60,Gestão de Tempo,2023-03-11,2024-05-07,24.94,82.06,9.19,Concluído
3555,880,5,Product Management,2024-07-19,2024-08-20,33.6,74.89,6.47,Concluído
3556,880,61,Liderança e Gestão de Pessoas,2023-01-17,,17.24,14.12,,Em Andamento
3557,880,61,Power BI,2024-01-10,2024-08-03,29.14,86.74,7.29,Concluído
3558,880,34,Python Avançado,2024-06-28,2024-10-30,38.29,61.71,6.66,Concluído
3559,880,64,Agile/Scrum,2024-08-12,2024-11-01,19.06,75.39,6.29,Concluído
3560,881,25,Machine Learning,2023-05-07,2024-12-31,10.13,61.14,9.19,Concluído
3561,881,6,Design Thinking,2024-08-24,2024-09-24,8.36,62.97,8.79,Concluído
3562,881,24,Gestão de Projetos,2024-08-17,2024-10-01,25.73,83.59,8.5,Concluído
3563,882,67,Negociação,2024-02-18,2024-04-08,28.63,95.31,6.0,Concluído
3564,882,8,Gestão de Projetos,2024-03-12,2024-04-11,28.76,63.69,9.57,Concluído
3565,882,78,Comunicação Eficaz,2024-12-07,2024-12-15,28.2,84.31,8.05,Concluído
3566,882,51,Product Management,2023-07-22,2024-04-03,14.89,71.02,7.3,Concluído
3567,883,7,Python Avançado,2024-04-06,2024-07-14,10.23,88.9,9.57,Concluído
3568,883,100,Gestão de Projetos,2023-01-23,,6.2,17.7,,Em Andamento
3569,883,43,Design Thinking,2023-11-13,,16.65,46.63,,Em Andamento
3570,883,64,Agile/Scrum,2024-06-22,2024-06-26,39.12,91.55,9.76,Concluído
3571,883,92,Oratória,2023-02-28,2023-09-06,19.36,71.63,7.64,Concluído
3572,883,29,Vendas Consultivas,2023-08-22,2024-02-20,31.9,77.93,9.85,Concluído
3573,883,55,Agile/Scrum,2022-09-13,,18.81,89.23,,Em Andamento
3574,883,10,Oratória,2024-03-26,2024-06-28,15.15,77.78,7.9,Concluído
3575,884,17,Negociação,2024-09-30,,2.58,14.92,,Cancelado
3576,884,33,Gestão de Tempo,2023-05-10,2024-09-29,16.42,71.02,8.27,Concluído
3577,884,54,Gestão de Projetos,2023-04-07,2024-03-14,29.94,76.51,8.21,Concluído
3578,884,21,Negociação,2023-11-15,,16.69,40.02,,Em Andamento
3579,885,93,Comunicação Eficaz,2023-10-13,,5.05,47.68,,Em Andamento
3580,885,75,JavaScript Moderno,2023-08-16,2023-11-21,34.73,80.86,6.13,Concluído
3581,885,14,Agile/Scrum,2023-03-28,2024-11-12,38.88,84.61,7.13,Concluído
3582,885,40,Customer Success,2022-12-16,2024-11-03,9.35,71.94,6.99,Concluído
3583,885,62,JavaScript Moderno,2024-09-27,2024-12-09,6.02,64.86,7.21,Concluído
3584,886,13,Gestão de Tempo,2023-10-29,2024-02-10,37.37,82.65,6.56,Concluído
3585,886,38,Python Avançado,2023-07-28,2024-11-02,19.36,92.11,6.12,Concluído
3586,886,93,Gestão de Tempo,2023-09-25,2024-12-10,18.91,91.79,8.44,Concluído
3587,886,57,Segurança da Informação,2024-10-27,2024-12-27,9.15,96.6,7.09,Concluído
3588,887,95,Gestão de Projetos,2024-11-27,,4.64,84.13,,Em Andamento
3589,887,62,Machine Learning,2024-12-16,2024-12-26,6.64,97.72,8.8,Concluído
3590,887,51,Gestão de Tempo,2024-12-09,2024-12-22,32.93,86.02,8.96,Concluído
3591,888,25,Cloud Computing AWS,2024-12-13,2024-12-25,12.93,97.31,8.65,Concluído
3592,888,11,Design Thinking,2024-12-03,,10.26,8.74,,Em Andamento
3593,888,41,Data Analytics,2024-09-19,2024-10-30,26.03,78.79,8.25,Concluído
3594,888,96,DevOps e CI/CD,2024-08-11,2024-10-03,12.08,81.46,6.66,Concluído
3595,889,93,Product Management,2023-01-07,2023-08-20,22.0,99.12,9.51,Concluído
3596,889,38,JavaScript Moderno,2024-07-18,2024-11-06,29.51,80.7,6.02,Concluído
3597,889,61,Product Management,2024-09-18,,9.96,26.77,,Em Andamento
3598,889,6,JavaScript Moderno,2023-08-10,,11.52,78.03,,Em Andamento
3599,889,78,Python Avançado,2024-03-29,2024-12-02,26.37,97.29,6.41,Concluído
3600,891,10,Comunicação Eficaz,2024-07-09,2024-08-19,37.59,87.86,7.96,Concluído
3601,891,60,Design Thinking,2024-10-08,,10.88,63.21,,Em Andamento
3602,891,51,Data Analytics,2024-10-19,2024-11-19,34.65,72.15,6.75,Concluído
3603,891,13,Power BI,2024-10-28,2024-12-17,10.15,80.26,6.69,Concluído
3604,891,11,Excel Avançado,2024-11-13,,12.13,84.25,,Em Andamento
3605,891,97,Python Avançado,2024-11-05,2024-11-20,4.95,75.5,9.96,Concluído
3606,891,56,Gestão de Tempo,2024-09-22,2024-12-06,36.32,98.24,7.76,Concluído
3607,891,35,Gestão de Tempo,2024-05-09,2024-08-20,17.71,63.78,7.52,Concluído
3608,892,28,DevOps e CI/CD,2024-01-09,2024-11-02,28.82,62.17,7.97,Concluído
3609,893,99,Python Avançado,2022-12-08,2023-05-01,28.04,74.17,6.34,Concluído
3610,893,52,Gestão de Tempo,2024-08-26,,19.24,54.61,,Em Andamento
3611,894,80,Segurança da Informação,2024-03-03,2024-06-16,19.44,98.55,9.33,Concluído
3612,894,65,JavaScript Moderno,2024-04-13,2024-11-12,21.58,92.98,8.94,Concluído
3613,895,17,Gestão de Projetos,2023-04-10,2023-08-04,16.55,76.31,6.51,Concluído
3614,895,14,Product Management,2023-10-20,,17.77,42.29,,Em Andamento
3615,895,90,Comunicação Eficaz,2023-02-10,2024-07-09,34.65,64.05,7.82,Concluído
3616,895,64,Design Thinking,2023-11-03,2024-11-19,38.57,90.37,9.37,Concluído
3617,896,88,Python Avançado,2023-05-18,2024-01-13,25.45,99.35,6.86,Concluído
3618,896,35,Excel Avançado,2023-03-09,2024-10-22,35.95,80.06,6.86,Concluído
3619,896,1,Cloud Computing AWS,2023-04-20,2023-09-04,6.9,75.63,8.83,Concluído
3620,896,85,Excel Avançado,2023-02-26,2023-07-31,22.99,72.61,7.92,Concluído
3621,896,81,Design Thinking,2023-07-04,2024-02-07,32.7,77.11,9.91,Concluído
3622,896,40,Segurança da Informação,2023-08-11,,4.82,67.89,,Em Andamento
3623,896,18,Cloud Computing AWS,2024-03-11,2024-10-24,31.77,63.48,6.85,Concluído
3624,896,5,Data Analytics,2023-12-04,2024-10-14,21.49,69.57,8.7,Concluído
3625,897,92,Agile/Scrum,2024-11-17,2024-12-13,30.13,79.23,7.74,Concluído
3626,897,30,Vendas Consultivas,2024-12-17,2024-12-24,27.07,98.81,7.0,Concluído
3627,897,64,Agile/Scrum,2024-08-11,2024-08-23,18.16,84.52,8.9,Concluído
3628,897,76,JavaScript Moderno,2024-10-22,2024-12-07,11.28,60.26,9.48,Concluído
3629,897,55,Liderança e Gestão de Pessoas,2024-08-25,2024-08-29,32.65,62.87,7.61,Concluído
3630,897,19,Customer Success,2024-11-07,2024-12-19,38.6,68.7,7.6,Concluído
3631,897,95,DevOps e CI/CD,2024-09-18,,5.27,0.87,,Cancelado
3632,898,21,Data Analytics,2022-11-20,,7.48,0.4,,Cancelado
3633,898,89,Machine Learning,2024-01-10,2024-04-13,18.01,62.22,7.13,Concluído
3634,898,34,Negociação,2023-01-11,,8.33,23.8,,Cancelado
3635,898,82,Design Thinking,2023-12-05,2024-02-17,29.1,60.73,6.85,Concluído
3636,899,40,Liderança e Gestão de Pessoas,2024-11-04,2024-12-22,15.01,78.01,6.09,Concluído
3637,900,82,Design Thinking,2024-09-09,2024-12-05,25.98,89.02,6.52,Concluído
3638,901,83,Machine Learning,2023-12-05,,7.69,76.8,,Em Andamento
3639,901,81,Design Thinking,2023-03-18,2024-05-16,21.71,83.12,7.03,Concluído
3640,901,36,Power BI,2024-10-07,2024-10-23,14.95,72.42,8.28,Concluído
3641,901,10,Liderança e Gestão de Pessoas,2023-12-15,2024-05-12,18.42,63.17,8.98,Concluído
3642,901,43,DevOps e CI/CD,2023-04-21,2023-09-10,10.37,87.25,6.61,Concluído
3643,901,18,DevOps e CI/CD,2024-07-17,,13.14,37.79,,Em Andamento
3644,901,13,Vendas Consultivas,2023-10-21,,18.21,65.59,,Em Andamento
3645,901,87,Segurança da Informação,2024-09-07,,1.59,12.08,,Cancelado
3646,903,72,Gestão de Tempo,2024-11-09,,8.49,65.58,,Em Andamento
3647,903,15,Product Management,2024-06-08,2024-11-24,26.07,92.98,9.85,Concluído
3648,903,62,Agile/Scrum,2024-12-16,2024-12-23,33.46,90.02,8.15,Concluído
3649,903,87,Comunicação Eficaz,2024-06-05,2024-10-14,10.25,79.43,7.89,Concluído
3650,903,85,Comunicação Eficaz,2024-07-20,2024-08-08,21.07,82.59,8.16,Concluído
3651,903,7,Agile/Scrum,2024-07-10,,2.93,3.31,,Em Andamento
3652,903,82,Negociação,2024-08-25,2024-10-24,30.36,88.02,7.27,Concluído
3653,903,11,Machine Learning,2024-06-07,2024-11-05,20.81,63.35,6.87,Concluído
3654,904,28,Agile/Scrum,2024-08-30,2024-12-13,27.61,97.99,7.34,Concluído
3655,904,85,JavaScript Moderno,2024-10-04,2024-11-27,35.07,67.11,7.61,Concluído
3656,906,1,Oratória,2024-01-11,2024-02-03,32.16,90.1,9.37,Concluído
3657,906,16,JavaScript Moderno,2024-07-22,2024-08-09,32.63,63.09,6.28,Concluído
3658,906,43,JavaScript Moderno,2023-03-12,2024-03-31,5.21,94.46,9.51,Concluído
3659,906,83,Design Thinking,2023-10-29,2024-10-17,20.69,95.51,7.78,Concluído
3660,906,67,Comunicação Eficaz,2023-04-18,,7.61,32.21,,Em Andamento
3661,906,80,Oratória,2024-06-08,2024-10-16,30.32,60.86,9.76,Concluído
3662,908,95,Gestão de Tempo,2024-12-01,2024-12-12,17.7,64.37,8.81,Concluído
3663,908,13,Negociação,2024-10-21,,15.21,34.6,,Em Andamento
3664,908,10,Data Analytics,2024-11-05,2024-11-12,31.59,66.7,6.42,Concluído
3665,908,23,Vendas Consultivas,2024-10-07,2024-11-06,18.62,80.17,7.66,Concluído
3666,909,73,Design Thinking,2024-08-13,,8.18,89.09,,Em Andamento
3667,909,98,Gestão de Tempo,2024-11-12,2024-11-24,33.11,73.87,9.43,Concluído
3668,909,90,Machine Learning,2024-04-17,,8.23,12.56,,Em Andamento
3669,909,19,Vendas Consultivas,2024-08-21,,5.47,70.35,,Em Andamento
3670,909,92,Gestão de Tempo,2024-04-14,2024-05-30,36.37,77.04,8.82,Concluído
3671,910,82,Cloud Computing AWS,2024-09-20,2024-11-01,24.35,95.37,8.91,Concluído
3672,910,27,DevOps e CI/CD,2023-04-03,2023-07-17,7.35,90.74,6.03,Concluído
3673,910,2,Machine Learning,2023-09-21,2024-09-07,34.63,91.93,6.59,Concluído
3674,910,5,Gestão de Tempo,2024-03-04,,18.66,70.07,,Em Andamento
3675,910,47,Liderança e Gestão de Pessoas,2024-12-10,2024-12-21,20.8,63.73,7.79,Concluído
3676,910,40,Customer Success,2024-01-29,2024-11-19,28.85,79.87,8.74,Concluído
3677,911,90,Gestão de Tempo,2023-05-12,2024-08-22,34.05,74.96,8.04,Concluído
3678,911,99,Gestão de Projetos,2024-10-22,2024-10-26,25.68,83.86,8.35,Concluído
3679,911,52,Liderança e Gestão de Pessoas,2024-03-09,2024-05-14,34.71,94.63,7.56,Concluído
3680,911,66,JavaScript Moderno,2024-02-20,2024-04-10,5.97,69.92,7.46,Concluído
3681,911,62,Segurança da Informação,2023-04-12,2023-09-26,4.03,79.36,7.11,Concluído
3682,911,1,DevOps e CI/CD,2024-12-07,2024-12-25,23.93,77.83,9.68,Concluído
3683,912,73,Vendas Consultivas,2023-04-04,2023-06-11,5.92,86.23,6.03,Concluído
3684,912,81,Gestão de Tempo,2024-03-22,2024-12-17,10.33,64.62,7.35,Concluído
3685,912,74,Segurança da Informação,2023-02-08,,6.65,88.94,,Em Andamento
3686,912,30,Agile/Scrum,2024-03-27,,3.38,4.5,,Em Andamento
3687,912,30,Customer Success,2024-05-21,,1.37,35.3,,Cancelado
3688,912,63,Power BI,2024-10-27,2024-12-02,34.15,79.51,6.98,Concluído
3689,913,89,Liderança e Gestão de Pessoas,2024-12-01,2024-12-12,36.39,84.94,6.83,Concluído
3690,913,30,Cloud Computing AWS,2024-12-06,2024-12-25,11.38,96.63,8.61,Concluído
3691,913,13,Comunicação Eficaz,2024-12-17,2024-12-23,6.3,76.74,6.55,Concluído
3692,913,28,Product Management,2024-11-26,,9.77,75.78,,Em Andamento
3693,913,93,Power BI,2024-12-27,,4.11,2.44,,Cancelado
3694,914,23,Excel Avançado,2024-09-07,2024-09-26,13.93,94.86,7.54,Concluído
3695,914,8,Segurança da Informação,2024-04-15,2024-08-20,31.45,69.91,9.67,Concluído
3696,914,61,Excel Avançado,2024-12-23,2024-12-28,28.55,62.9,9.45,Concluído
3697,914,91,Machine Learning,2024-04-03,2024-11-09,29.33,69.69,9.76,Concluído
3698,914,17,Machine Learning,2024-06-30,,16.14,9.38,,Em Andamento
3699,914,77,Python Avançado,2024-11-26,,4.86,39.0,,Em Andamento
3700,915,48,DevOps e CI/CD,2023-06-20,2024-10-14,21.83,84.68,6.76,Concluído
3701,915,55,Design Thinking,2023-09-23,2024-01-25,4.85,82.74,8.52,Concluído
3702,915,38,Oratória,2024-11-26,,9.73,29.96,,Em Andamento
3703,916,39,JavaScript Moderno,2024-05-21,2024-12-30,32.66,90.34,7.42,Concluído
3704,917,33,Power BI,2024-04-27,,10.81,54.67,,Em Andamento
3705,917,26,JavaScript Moderno,2023-11-10,2024-12-12,11.5,77.39,7.46,Concluído
3706,917,25,Python Avançado,2023-11-20,2024-01-01,26.29,65.29,7.2,Concluído
3707,917,92,Oratória,2024-12-17,2024-12-22,15.93,65.52,6.23,Concluído
3708,917,18,Comunicação Eficaz,2023-10-24,2024-01-26,19.59,74.79,6.62,Concluído
3709,918,61,Machine Learning,2024-10-16,,5.3,56.7,,Em Andamento
3710,918,86,Vendas Consultivas,2024-11-11,2024-12-25,7.8,66.54,8.07,Concluído
3711,919,42,Negociação,2023-05-09,,6.74,35.47,,Cancelado
3712,919,8,Data Analytics,2024-04-13,2024-06-16,9.96,77.36,9.62,Concluído
3713,919,29,Comunicação Eficaz,2024-10-10,2024-10-14,28.77,82.29,8.95,Concluído
3714,919,89,DevOps e CI/CD,2024-05-05,2024-09-03,5.51,98.03,6.58,Concluído
3715,919,60,Agile/Scrum,2024-04-25,,13.63,79.79,,Em Andamento
3716,919,83,Vendas Consultivas,2023-07-20,2024-06-10,6.24,99.2,7.01,Concluído
3717,919,24,Agile/Scrum,2024-09-13,2024-12-28,9.88,83.32,7.67,Concluído
3718,920,5,JavaScript Moderno,2023-09-07,2024-10-10,26.83,86.86,8.74,Concluído
3719,920,80,Power BI,2023-11-09,2024-07-13,11.52,71.2,7.7,Concluído
3720,920,61,Excel Avançado,2023-05-06,2023-10-08,36.35,67.97,9.39,Concluído
3721,921,33,Vendas Consultivas,2024-12-28,2024-12-30,27.06,71.52,6.25,Concluído
3722,921,50,Power BI,2024-12-24,2024-12-27,14.32,76.18,8.9,Concluído
3723,921,65,Liderança e Gestão de Pessoas,2024-09-03,2024-10-20,22.12,73.99,9.57,Concluído
3724,921,8,Customer Success,2024-11-06,2024-12-31,30.43,82.65,8.54,Concluído
3725,921,45,Power BI,2024-08-20,2024-10-24,28.63,84.67,7.09,Concluído
3726,921,9,Oratória,2024-09-06,2024-12-14,25.88,64.95,9.26,Concluído
3727,921,11,Power BI,2024-06-26,,16.76,13.04,,Em Andamento
3728,922,58,Python Avançado,2024-05-11,2024-11-22,37.06,85.92,9.14,Concluído
3729,922,82,DevOps e CI/CD,2023-07-21,2024-10-30,7.29,87.15,6.83,Concluído
3730,924,19,Gestão de Tempo,2024-08-19,2024-09-13,12.95,73.03,6.57,Concluído
3731,924,79,Negociação,2024-01-16,2024-08-31,5.99,94.13,7.13,Concluído
3732,925,5,Oratória,2024-04-16,2024-04-21,21.25,80.92,7.43,Concluído
3733,925,53,Comunicação Eficaz,2024-08-20,2024-09-03,37.42,97.3,6.23,Concluído
3734,925,49,DevOps e CI/CD,2023-05-14,2024-04-01,27.6,84.89,9.39,Concluído
3735,925,79,JavaScript Moderno,2022-11-06,,6.35,21.68,,Em Andamento
3736,925,56,Data Analytics,2023-07-09,2024-07-01,19.46,87.2,7.07,Concluído
3737,925,2,Design Thinking,2024-05-22,,12.14,77.19,,Em Andamento
3738,925,48,Design Thinking,2023-04-13,2023-06-05,22.87,68.49,7.87,Concluído
3739,925,62,Segurança da Informação,2024-02-15,2024-12-29,10.65,94.75,8.73,Concluído
3740,926,52,DevOps e CI/CD,2024-07-28,2024-08-31,10.71,84.52,6.16,Concluído
3741,926,2,DevOps e CI/CD,2023-04-14,2023-08-29,36.13,61.34,7.36,Concluído
3742,927,67,JavaScript Moderno,2024-11-26,2024-12-15,34.72,74.61,6.18,Concluído
3743,928,29,Cloud Computing AWS,2024-06-21,2024-09-09,8.57,83.71,8.05,Concluído
3744,928,62,Agile/Scrum,2024-12-25,2024-12-29,16.04,86.46,8.02,Concluído
3745,928,89,Data Analytics,2024-09-02,2024-11-11,16.64,79.17,7.58,Concluído
3746,928,25,Product Management,2024-11-26,2024-12-09,4.44,95.57,9.5,Concluído
3747,928,6,Segurança da Informação,2024-11-09,,16.8,49.99,,Em Andamento
3748,928,88,Data Analytics,2024-11-11,2024-12-18,8.41,83.06,9.7,Concluído
3749,928,44,Product Management,2024-10-22,,3.59,17.38,,Em Andamento
3750,928,79,Machine Learning,2024-06-29,,2.77,24.65,,Cancelado
3751,929,87,Liderança e Gestão de Pessoas,2024-12-18,2024-12-21,5.75,84.98,7.5,Concluído
3752,929,82,Power BI,2024-11-29,2024-12-30,6.64,77.61,9.18,Concluído
3753,929,66,Vendas Consultivas,2024-11-22,2024-11-30,24.38,69.1,8.0,Concluído
3754,929,76,Gestão de Projetos,2024-12-18,2024-12-27,22.93,89.93,9.66,Concluído
3755,929,9,Data Analytics,2024-10-31,2024-11-19,25.54,81.07,7.17,Concluído
3756,929,43,Machine Learning,2024-11-24,,4.19,5.18,,Cancelado
3757,929,45,Power BI,2024-12-25,,6.64,30.56,,Cancelado
3758,930,60,JavaScript Moderno,2024-08-07,2024-09-26,4.99,83.03,6.2,Concluído
3759,930,67,Data Analytics,2024-10-25,,2.91,15.7,,Em Andamento
3760,930,15,Machine Learning,2024-03-24,,9.65,10.0,,Cancelado
3761,930,80,Customer Success,2024-11-07,2024-11-21,26.66,88.26,6.16,Concluído
3762,930,60,JavaScript Moderno,2024-11-12,,11.45,77.88,,Em Andamento
3763,931,51,Power BI,2024-10-30,2024-12-09,22.14,69.39,8.12,Concluído
3764,931,1,JavaScript Moderno,2024-06-14,,9.9,82.02,,Em Andamento
3765,931,66,DevOps e CI/CD,2024-05-07,2024-09-03,14.57,62.6,9.91,Concluído
3766,931,30,Negociação,2024-04-23,2024-09-30,18.03,73.82,8.57,Concluído
3767,932,58,Excel Avançado,2023-03-31,,6.96,50.84,,Em Andamento
3768,933,69,Gestão de Projetos,2024-11-24,2024-12-30,32.81,89.6,8.91,Concluído
3769,933,22,Product Management,2024-10-16,2024-12-14,6.76,90.3,8.19,Concluído
3770,933,55,Segurança da Informação,2024-11-26,,6.63,11.02,,Em Andamento
3771,934,77,Customer Success,2023-10-30,,11.95,11.75,,Em Andamento
3772,934,83,Agile/Scrum,2023-07-17,2024-05-13,21.37,71.39,8.5,Concluído
3773,934,17,Python Avançado,2023-11-09,,16.46,37.45,,Em Andamento
3774,934,31,Power BI,2023-01-21,,11.57,80.92,,Em Andamento
3775,934,88,Python Avançado,2023-07-09,2023-08-14,24.91,65.62,6.94,Concluído
3776,935,46,Machine Learning,2022-06-18,2023-03-06,25.05,84.46,6.48,Concluído
3777,935,82,Agile/Scrum,2023-03-25,2024-04-04,14.71,83.98,6.59,Concluído
3778,935,83,Gestão de Projetos,2023-03-30,2023-04-20,35.25,96.35,9.83,Concluído
3779,935,1,Liderança e Gestão de Pessoas,2023-03-27,2023-09-02,8.73,91.9,7.66,Concluído
3780,936,34,Liderança e Gestão de Pessoas,2024-03-17,2024-11-27,31.12,85.68,6.27,Concluído
3781,936,46,JavaScript Moderno,2024-11-08,2024-12-04,32.06,85.23,6.4,Concluído
3782,936,89,Machine Learning,2024-07-11,,13.94,11.05,,Em Andamento
3783,937,7,Data Analytics,2024-02-12,2024-09-15,8.23,93.04,9.92,Concluído
3784,937,87,Oratória,2024-11-06,2024-12-25,10.66,76.11,8.7,Concluído
3785,938,45,Agile/Scrum,2023-01-07,,17.46,65.42,,Em Andamento
3786,939,59,Liderança e Gestão de Pessoas,2024-10-27,,16.55,4.98,,Em Andamento
3787,939,66,DevOps e CI/CD,2024-07-07,2024-08-02,21.6,87.64,6.67,Concluído
3788,939,98,Excel Avançado,2024-08-21,2024-11-25,11.89,86.46,7.03,Concluído
3789,940,15,Agile/Scrum,2024-12-04,2024-12-08,21.98,67.11,9.7,Concluído
3790,940,62,Comunicação Eficaz,2023-04-12,2024-06-28,17.07,93.25,7.35,Concluído
3791,940,8,DevOps e CI/CD,2023-04-03,2023-08-05,13.16,94.6,7.63,Concluído
3792,941,34,Agile/Scrum,2024-12-16,2024-12-23,36.65,64.88,8.6,Concluído
3793,941,24,Agile/Scrum,2024-12-08,2024-12-18,18.03,98.0,7.29,Concluído
3794,944,77,Agile/Scrum,2024-12-28,2024-12-30,13.74,63.87,6.5,Concluído
3795,944,66,Vendas Consultivas,2024-12-19,2024-12-20,32.19,68.71,8.5,Concluído
3796,944,24,Machine Learning,2024-12-25,,16.8,72.36,,Em Andamento
3797,944,4,Power BI,2024-12-11,2024-12-24,34.23,77.58,9.9,Concluído
3798,945,64,Excel Avançado,2024-02-08,2024-04-24,14.73,90.97,7.42,Concluído
3799,945,21,Liderança e Gestão de Pessoas,2023-05-29,2024-10-23,29.49,63.65,8.13,Concluído
3800,945,74,Python Avançado,2024-02-11,2024-08-09,31.36,70.56,9.99,Concluído
3801,945,16,Gestão de Tempo,2023-10-07,,17.75,45.46,,Em Andamento
3802,945,99,Data Analytics,2023-02-07,2024-08-30,18.55,61.07,8.09,Concluído
3803,945,7,Agile/Scrum,2023-05-11,2023-07-18,10.53,75.4,8.64,Concluído
3804,945,93,Excel Avançado,2024-12-11,2024-12-15,4.16,91.5,6.19,Concluído
3805,945,25,Excel Avançado,2024-02-28,2024-12-29,37.85,80.45,7.88,Concluído
3806,946,90,Excel Avançado,2024-09-29,2024-10-29,19.69,99.07,8.89,Concluído
3807,946,57,Vendas Consultivas,2024-01-28,2024-07-06,17.08,81.67,8.3,Concluído
3808,946,74,Vendas Consultivas,2023-12-02,2024-05-14,19.93,71.67,7.34,Concluído
3809,946,30,Product Management,2023-04-05,2023-12-30,9.44,83.49,9.12,Concluído
3810,947,79,Oratória,2024-12-25,2024-12-30,37.13,60.08,8.45,Concluído
3811,948,37,Cloud Computing AWS,2024-10-28,2024-11-17,11.07,60.78,7.72,Concluído
3812,948,27,Negociação,2024-06-21,2024-09-18,8.01,78.02,6.58,Concluído
3813,948,27,Oratória,2024-06-08,2024-11-13,27.71,69.54,9.9,Concluído
3814,949,75,Vendas Consultivas,2024-11-17,2024-12-09,27.76,97.82,8.23,Concluído
3815,949,97,Gestão de Tempo,2024-08-29,2024-09-28,35.67,67.6,8.46,Concluído
3816,950,66,Excel Avançado,2023-08-14,2023-10-06,34.2,90.96,9.78,Concluído
3817,950,38,Design Thinking,2024-03-04,,6.51,41.13,,Em Andamento
3818,950,58,Power BI,2022-08-07,2024-10-21,36.8,74.19,8.73,Concluído
3819,950,60,Data Analytics,2023-02-21,2024-08-03,38.88,77.41,9.52,Concluído
3820,950,89,Customer Success,2024-04-15,2024-05-17,25.41,73.19,6.37,Concluído
3821,950,93,Vendas Consultivas,2024-12-16,2024-12-27,27.96,61.58,8.51,Concluído
3822,951,7,Design Thinking,2024-06-17,2024-07-28,27.46,94.32,6.14,Concluído
3823,951,71,Customer Success,2024-10-07,2024-12-14,32.01,83.83,8.88,Concluído
3824,951,70,Excel Avançado,2024-05-26,2024-11-25,15.29,69.84,9.01,Concluído
3825,951,74,Cloud Computing AWS,2023-11-03,2024-06-02,20.88,63.17,7.81,Concluído
3826,951,48,Comunicação Eficaz,2024-09-15,,7.57,35.66,,Cancelado
3827,952,50,Gestão de Projetos,2024-08-09,2024-08-24,29.29,67.73,9.22,Concluído
3828,952,36,Product Management,2023-05-19,2023-10-21,38.77,70.34,7.99,Concluído
3829,952,55,Segurança da Informação,2022-11-30,,12.47,68.69,,Em Andamento
3830,953,46,Comunicação Eficaz,2024-04-11,2024-06-25,6.33,66.21,6.93,Concluído
3831,953,44,JavaScript Moderno,2024-05-17,2024-08-19,28.27,85.3,7.33,Concluído
3832,953,1,Segurança da Informação,2024-05-03,,11.25,9.98,,Em Andamento
3833,953,96,Liderança e Gestão de Pessoas,2024-12-26,2024-12-29,34.23,69.75,7.38,Concluído
3834,953,68,Comunicação Eficaz,2023-10-18,2024-01-28,29.9,83.82,8.51,Concluído
3835,953,84,Segurança da Informação,2023-12-27,,10.09,0.87,,Em Andamento
3836,953,39,Design Thinking,2024-08-13,2024-09-28,12.18,67.8,7.14,Concluído
3837,954,5,Oratória,2023-07-01,2023-07-14,9.41,78.86,6.39,Concluído
3838,954,56,Product Management,2023-09-13,2024-08-31,37.85,64.89,9.22,Concluído
3839,954,91,Negociação,2024-10-12,,11.78,52.57,,Em Andamento
3840,954,18,Customer Success,2023-11-12,2024-12-12,26.59,87.6,8.0,Concluído
3841,955,8,Vendas Consultivas,2024-11-03,,15.64,23.66,,Em Andamento
3842,955,73,Design Thinking,2024-12-25,2024-12-30,13.06,95.06,8.94,Concluído
3843,955,14,Data Analytics,2024-11-10,2024-11-19,20.61,67.68,6.93,Concluído
3844,955,35,Excel Avançado,2024-12-08,2024-12-13,18.91,69.86,6.76,Concluído
3845,955,96,Gestão de Projetos,2024-12-12,,7.73,22.66,,Cancelado
3846,955,86,Power BI,2024-11-26,2024-12-25,11.08,79.47,8.72,Concluído
3847,955,75,Power BI,2024-12-07,2024-12-25,6.12,85.16,6.65,Concluído
3848,955,42,Negociação,2024-12-09,2024-12-19,22.14,81.45,9.82,Concluído
3849,956,24,Agile/Scrum,2024-07-20,2024-11-01,21.57,93.83,7.2,Concluído
3850,956,68,Segurança da Informação,2024-02-16,2024-09-04,18.94,61.53,7.17,Concluído
3851,956,86,Machine Learning,2023-09-27,2024-08-13,9.06,70.84,6.18,Concluído
3852,956,26,Oratória,2023-11-16,2024-10-04,26.34,76.88,7.08,Concluído
3853,956,100,Segurança da Informação,2024-12-09,2024-12-17,24.6,97.19,8.04,Concluído
3854,957,35,Liderança e Gestão de Pessoas,2022-09-25,2024-01-03,4.32,60.44,7.72,Concluído
3855,957,43,Excel Avançado,2022-09-20,2024-02-07,7.53,78.72,8.38,Concluído
3856,957,3,Segurança da Informação,2024-01-15,,14.14,19.48,,Em Andamento
3857,957,22,Negociação,2022-07-24,2022-10-04,21.57,98.05,9.91,Concluído
3858,957,32,Cloud Computing AWS,2024-12-15,2024-12-25,21.5,82.55,6.29,Concluído
3859,957,83,JavaScript Moderno,2022-10-10,2024-09-24,8.21,77.06,8.03,Concluído
3860,957,11,Agile/Scrum,2023-12-21,2024-08-19,35.15,91.79,6.06,Concluído
3861,958,85,Machine Learning,2023-11-28,2024-06-26,7.19,89.68,8.23,Concluído
3862,958,85,Comunicação Eficaz,2024-06-10,2024-09-18,11.51,80.34,8.27,Concluído
3863,958,40,Agile/Scrum,2023-07-27,,4.14,29.19,,Cancelado
3864,958,82,Gestão de Projetos,2024-06-24,2024-09-06,21.89,95.89,8.28,Concluído
3865,958,30,Data Analytics,2023-07-30,2023-09-20,6.38,84.89,7.88,Concluído
3866,959,86,Design Thinking,2024-11-12,2024-12-20,35.28,93.52,8.67,Concluído
3867,959,94,Cloud Computing AWS,2024-11-08,2024-12-21,14.82,93.82,9.36,Concluído
3868,959,71,Power BI,2024-11-05,2024-12-13,30.19,77.63,8.26,Concluído
3869,959,90,Gestão de Projetos,2024-09-16,2024-10-04,15.42,79.27,7.81,Concluído
3870,960,60,JavaScript Moderno,2024-12-24,2024-12-29,31.43,64.47,9.8,Concluído
3871,960,14,Python Avançado,2024-12-24,2024-12-29,10.94,73.57,9.34,Concluído
3872,961,25,Negociação,2022-10-13,2023-08-15,16.92,72.83,8.58,Concluído
3873,961,23,Customer Success,2023-10-15,,11.63,32.98,,Em Andamento
3874,961,81,Agile/Scrum,2024-08-14,2024-10-05,29.36,86.06,9.52,Concluído
3875,961,8,Customer Success,2023-11-04,2024-04-11,18.22,71.87,9.85,Concluído
3876,961,44,Customer Success,2023-10-19,2024-07-26,21.56,63.31,7.21,Concluído
3877,961,40,Cloud Computing AWS,2022-12-21,2023-03-18,38.49,87.14,6.44,Concluído
3878,961,23,DevOps e CI/CD,2023-07-02,2024-07-15,5.46,69.47,9.05,Concluído
3879,964,3,Oratória,2024-04-04,2024-07-10,27.46,72.13,6.63,Concluído
3880,964,38,Vendas Consultivas,2023-07-28,2023-08-07,14.03,80.88,7.05,Concluído
3881,964,3,Negociação,2024-01-04,2024-07-29,6.71,71.83,7.93,Concluído
3882,964,95,Oratória,2024-11-06,2024-12-31,30.0,72.69,6.09,Concluído
3883,964,39,Oratória,2024-05-13,2024-10-06,6.34,75.33,6.9,Concluído
3884,964,18,Comunicação Eficaz,2024-12-23,2024-12-24,11.91,64.64,6.5,Concluído
3885,966,61,DevOps e CI/CD,2024-11-27,2024-12-20,22.71,85.76,7.97,Concluído
3886,966,79,Negociação,2024-08-01,2024-09-15,22.75,83.08,7.83,Concluído
3887,966,19,Data Analytics,2024-05-05,2024-07-09,10.27,79.7,8.08,Concluído
3888,966,45,Product Management,2024-09-11,2024-10-27,8.3,78.64,6.24,Concluído
3889,966,54,Comunicação Eficaz,2024-08-16,,2.58,58.02,,Em Andamento
3890,966,78,Negociação,2024-02-29,2024-10-06,10.89,60.56,7.24,Concluído
3891,966,68,DevOps e CI/CD,2024-10-10,2024-10-13,10.32,60.83,6.84,Concluído
3892,967,43,Gestão de Tempo,2024-05-27,2024-09-18,28.16,98.47,7.62,Concluído
3893,968,63,Vendas Consultivas,2024-01-23,2024-07-13,24.03,67.89,9.53,Concluído
3894,968,12,Cloud Computing AWS,2024-02-07,,12.32,2.44,,Em Andamento
3895,968,92,Oratória,2024-01-12,2024-03-20,14.74,76.31,8.34,Concluído
3896,968,40,Vendas Consultivas,2024-08-05,2024-12-24,33.23,94.09,8.0,Concluído
3897,969,26,JavaScript Moderno,2024-05-13,2024-07-12,31.53,71.86,9.16,Concluído
3898,969,13,Gestão de Tempo,2024-10-23,2024-12-07,22.14,69.76,6.51,Concluído
3899,969,46,Customer Success,2024-07-11,2024-08-24,36.94,84.27,9.16,Concluído
3900,970,45,Segurança da Informação,2024-01-27,2024-10-24,32.41,61.25,6.92,Concluído
3901,970,36,Comunicação Eficaz,2022-06-29,2022-07-30,24.69,78.86,9.99,Concluído
3902,970,97,Comunicação Eficaz,2023-06-25,2023-11-08,21.46,60.11,8.76,Concluído
3903,970,30,JavaScript Moderno,2023-02-17,2024-05-26,9.2,60.33,9.57,Concluído
3904,970,87,JavaScript Moderno,2022-11-11,2024-07-26,39.05,91.82,8.9,Concluído
3905,971,4,DevOps e CI/CD,2024-08-27,2024-09-04,16.68,90.43,7.69,Concluído
3906,971,85,Negociação,2024-11-01,2024-12-23,4.87,83.33,7.54,Concluído
3907,972,86,Machine Learning,2024-12-10,2024-12-15,16.14,75.71,6.97,Concluído
3908,972,43,Machine Learning,2024-05-02,2024-07-17,18.51,77.69,6.58,Concluído
3909,972,3,Machine Learning,2023-06-20,,11.27,59.83,,Em Andamento
3910,972,24,Comunicação Eficaz,2024-12-28,2024-12-29,18.26,89.65,7.76,Concluído
3911,972,56,Data Analytics,2024-07-27,,15.65,58.41,,Em Andamento
3912,972,61,Gestão de Tempo,2023-04-07,2023-06-01,6.97,81.56,8.29,Concluído
3913,972,64,Vendas Consultivas,2023-11-29,2024-07-17,8.71,85.52,9.09,Concluído
3914,975,72,Python Avançado,2024-12-28,2024-12-29,30.45,90.92,9.38,Concluído
3915,975,17,Product Management,2024-10-08,,3.24,79.3,,Em Andamento
3916,975,10,Machine Learning,2024-11-01,2024-12-07,12.78,87.11,8.38,Concluído
3917,975,32,Power BI,2024-11-30,2024-12-21,38.85,60.83,7.03,Concluído
3918,976,29,Customer Success,2024-01-24,2024-11-25,23.0,83.6,7.96,Concluído
3919,976,35,Agile/Scrum,2024-06-26,2024-07-18,5.4,98.4,8.17,Concluído
3920,976,29,Gestão de Projetos,2023-11-07,2024-04-02,31.13,94.82,8.06,Concluído
3921,976,77,Oratória,2023-01-15,2024-05-25,21.89,79.34,9.26,Concluído
3922,976,62,Gestão de Projetos,2024-12-16,2024-12-19,10.57,68.12,8.1,Concluído
3923,976,89,Power BI,2023-11-30,2024-05-18,4.89,76.05,9.04,Concluído
3924,978,16,Cloud Computing AWS,2024-02-08,,16.73,54.3,,Em Andamento
3925,978,67,Oratória,2024-01-18,2024-04-16,31.86,86.03,9.8,Concluído
3926,978,87,DevOps e CI/CD,2023-06-03,2024-07-07,25.65,70.55,6.85,Concluído
3927,978,76,Oratória,2024-05-26,2024-07-18,8.82,83.42,8.91,Concluído
3928,978,40,Data Analytics,2023-09-26,2024-07-22,31.18,76.37,9.1,Concluído
3929,978,40,Comunicação Eficaz,2023-11-11,2024-01-08,4.23,93.88,9.63,Concluído
3930,978,2,Customer Success,2024-11-10,,18.39,55.0,,Em Andamento
3931,979,41,Gestão de Tempo,2024-08-03,2024-09-16,21.65,99.54,8.21,Concluído
3932,980,89,Product Management,2024-12-28,2024-12-30,4.85,73.54,6.78,Concluído
3933,980,42,Segurança da Informação,2024-10-10,2024-12-15,7.76,99.84,6.09,Concluído
3934,980,53,Liderança e Gestão de Pessoas,2024-10-17,2024-11-04,21.15,70.46,6.81,Concluído
3935,980,74,Vendas Consultivas,2024-10-14,2024-12-11,4.46,99.58,7.58,Concluído
3936,980,99,DevOps e CI/CD,2024-11-14,2024-11-20,16.57,71.98,8.76,Concluído
3937,980,22,Vendas Consultivas,2024-12-22,2024-12-30,37.76,75.21,9.34,Concluído
3938,981,16,Product Management,2024-12-17,2024-12-25,28.23,98.73,8.2,Concluído
3939,981,64,Cloud Computing AWS,2024-07-26,,19.26,88.64,,Em Andamento
3940,981,45,Machine Learning,2024-11-06,2024-12-27,29.97,70.1,7.01,Concluído
3941,983,12,Gestão de Tempo,2024-12-28,2024-12-31,7.06,97.27,9.75,Concluído
3942,983,86,Design Thinking,2024-12-29,2024-12-30,38.94,65.63,8.47,Concluído
3943,983,91,Oratória,2024-12-27,2024-12-30,18.59,60.43,8.72,Concluído
3944,983,75,Comunicação Eficaz,2024-12-30,2024-12-31,37.09,82.25,9.6,Concluído
3945,983,87,Customer Success,2024-12-27,2024-12-31,38.17,98.13,9.84,Concluído
3946,983,12,Product Management,2024-12-28,,17.64,23.78,,Em Andamento
3947,984,58,Customer Success,2024-11-24,,2.74,33.59,,Cancelado
3948,984,9,Negociação,2024-12-20,2024-12-22,14.79,93.7,6.71,Concluído
3949,984,70,Agile/Scrum,2024-11-30,2024-12-31,17.85,95.0,7.95,Concluído
3950,985,60,Cloud Computing AWS,2024-04-25,2024-10-07,37.55,97.1,9.8,Concluído
3951,985,98,DevOps e CI/CD,2022-10-05,2024-10-26,16.32,98.26,7.13,Concluído
3952,985,8,Machine Learning,2024-07-28,2024-07-31,35.46,64.45,6.01,Concluído
3953,985,93,Design Thinking,2024-10-18,2024-10-21,10.05,79.14,8.67,Concluído
3954,985,49,DevOps e CI/CD,2023-10-09,2023-11-30,29.25,75.56,8.46,Concluído
3955,986,57,Design Thinking,2023-12-04,2024-03-30,11.18,61.83,6.82,Concluído
3956,986,25,Vendas Consultivas,2024-08-02,2024-08-25,39.48,77.74,6.16,Concluído
3957,986,22,Design Thinking,2024-01-19,2024-02-29,18.74,72.35,7.08,Concluído
3958,986,97,Machine Learning,2024-05-24,2024-10-09,33.97,67.02,8.21,Concluído
3959,987,20,Liderança e Gestão de Pessoas,2024-05-30,2024-08-23,28.64,74.57,6.66,Concluído
3960,987,52,Gestão de Projetos,2024-06-03,2024-09-03,39.54,97.33,7.36,Concluído
3961,988,13,Liderança e Gestão de Pessoas,2022-08-09,2024-02-21,16.74,92.8,7.84,Concluído
3962,988,13,JavaScript Moderno,2024-10-13,2024-12-24,4.7,67.66,7.84,Concluído
3963,988,7,Python Avançado,2023-09-04,2023-09-23,19.08,81.2,6.36,Concluído
3964,988,58,Python Avançado,2023-08-14,2024-07-25,31.09,94.6,8.54,Concluído
3965,988,53,Oratória,2022-08-21,2023-10-14,30.17,80.35,9.57,Concluído
3966,988,18,Data Analytics,2024-10-12,2024-11-18,27.76,98.36,6.34,Concluído
3967,988,57,Oratória,2023-06-14,,16.58,23.54,,Em Andamento
3968,989,9,Product Management,2024-03-06,2024-05-31,21.84,86.5,6.99,Concluído
3969,989,26,Oratória,2024-06-01,2024-11-29,21.31,95.64,8.16,Concluído
3970,989,45,Negociação,2024-12-27,2024-12-29,15.78,64.5,8.8,Concluído
3971,989,70,Agile/Scrum,2024-10-16,,11.99,21.13,,Em Andamento
3972,990,93,Segurança da Informação,2024-10-04,2024-12-26,31.63,80.5,7.46,Concluído
3973,990,89,Excel Avançado,2024-07-27,,10.18,18.21,,Em Andamento
3974,991,85,Product Management,2024-11-27,2024-12-31,5.17,87.52,7.29,Concluído
3975,991,89,DevOps e CI/CD,2024-08-18,2024-11-24,8.26,68.73,9.42,Concluído
3976,991,67,Vendas Consultivas,2024-11-18,2024-12-13,39.66,99.98,9.0,Concluído
3977,991,18,Gestão de Projetos,2023-10-04,2024-09-01,37.39,71.38,6.37,Concluído
3978,991,69,Product Management,2024-04-05,2024-06-19,4.17,62.02,9.24,Concluído
3979,992,71,Customer Success,2024-12-01,,7.82,42.89,,Em Andamento
3980,992,58,Negociação,2024-02-19,2024-04-28,12.04,66.92,7.51,Concluído
3981,992,5,Power BI,2024-11-10,2024-11-12,18.27,87.78,7.75,Concluído
3982,993,86,JavaScript Moderno,2024-08-14,,9.37,3.22,,Cancelado
3983,993,91,Machine Learning,2024-11-15,2024-12-11,10.04,63.77,9.89,Concluído
3984,993,56,Oratória,2024-11-10,,12.96,29.33,,Em Andamento
3985,993,95,Liderança e Gestão de Pessoas,2024-11-30,2024-12-08,24.63,69.8,8.9,Concluído
3986,993,93,Data Analytics,2024-08-31,2024-10-22,37.21,87.47,8.78,Concluído
3987,993,99,Liderança e Gestão de Pessoas,2024-06-02,2024-10-03,39.69,62.79,6.86,Concluído
3988,994,31,Gestão de Projetos,2023-05-31,,5.04,10.22,,Em Andamento
3989,994,71,Agile/Scrum,2024-05-20,2024-06-14,28.37,94.06,8.47,Concluído
3990,995,69,Segurança da Informação,2024-09-02,2024-12-17,14.05,88.48,6.06,Concluído
3991,995,100,Product Management,2024-09-02,2024-09-26,19.72,65.57,7.0,Concluído
3992,996,29,JavaScript Moderno,2024-03-25,2024-10-29,30.19,98.87,9.91,Concluído
3993,996,50,Excel Avançado,2023-11-23,,10.07,11.84,,Em Andamento
3994,996,4,DevOps e CI/CD,2024-02-27,2024-04-11,37.36,81.11,6.7,Concluído
3995,996,100,Gestão de Projetos,2024-02-17,,13.56,4.96,,Em Andamento
3996,996,9,DevOps e CI/CD,2023-11-25,2024-12-29,39.21,62.85,8.74,Concluído
3997,996,28,Segurança da Informação,2024-10-22,2024-12-11,35.09,69.37,6.45,Concluído
3998,997,57,Oratória,2023-05-23,2024-03-05,13.25,95.96,8.67,Concluído
3999,997,88,Design Thinking,2023-05-13,2024-04-22,28.54,90.91,6.63,Concluído
4000,997,49,Customer Success,2024-09-15,2024-09-18,9.43,90.93,9.84,Concluído
4001,998,96,Agile/Scrum,2024-01-21,2024-05-13,35.21,97.07,7.8,Concluído
4002,998,38,Gestão de Projetos,2024-07-20,2024-09-20,12.58,75.66,7.24,Concluído
4003,998,72,Power BI,2024-08-02,2024-09-30,7.01,95.72,6.89,Concluído
4004,998,86,Power BI,2024-11-30,,2.7,5.34,,Cancelado
4005,998,65,DevOps e CI/CD,2024-03-30,2024-05-30,26.08,81.11,6.7,Concluído
4006,998,8,Vendas Consultivas,2024-08-26,2024-11-16,26.05,73.34,7.55,Concluído
4007,998,60,Power BI,2024-12-18,,2.94,5.15,,Em Andamento
4008,999,45,Data Analytics,2024-08-31,2024-10-19,30.55,61.1,8.51,Concluído
4009,1000,53,Agile/Scrum,2023-09-01,2024-11-05,36.78,65.55,7.24,Concluído
4010,1000,57,Machine Learning,2023-10-07,2024-05-17,34.57,96.74,8.16,Concluído
4011,1000,54,Machine Learning,2023-09-05,2024-12-20,35.55,67.94,9.95,Concluído
4012,1000,94,Product Management,2024-10-19,2024-10-27,21.5,68.33,9.95,Concluído
4013,1000,87,Vendas Consultivas,2023-08-12,2023-08-21,36.48,80.42,8.91,Concluído
4014,1000,26,Data Analytics,2023-07-26,2024-12-25,37.14,95.1,6.54,Concluído
4015,1001,43,Excel Avançado,2024-02-26,2024-05-05,29.73,96.87,8.72,Concluído
4016,1001,22,DevOps e CI/CD,2024-05-06,2024-07-03,38.64,92.47,9.65,Concluído
4017,1001,97,Product Management,2024-08-05,2024-09-20,17.99,97.66,8.49,Concluído
4018,1001,2,Oratória,2022-02-10,2022-04-30,27.4,75.89,9.2,Concluído
4019,1001,1,Gestão de Projetos,2023-07-30,2023-08-20,37.81,73.29,9.3,Concluído
4020,1001,6,Gestão de Projetos,2022-08-13,,14.93,30.74,,Em Andamento
4021,1001,59,Gestão de Tempo,2024-09-13,2024-11-06,13.77,64.07,6.57,Concluído
4022,1002,64,JavaScript Moderno,2024-04-02,2024-09-20,12.81,63.13,9.35,Concluído
4023,1002,20,Cloud Computing AWS,2024-07-27,2024-09-30,13.36,99.72,9.18,Concluído
4024,1002,97,Customer Success,2024-12-30,2024-12-31,26.47,95.27,8.46,Concluído
4025,1002,55,Vendas Consultivas,2024-11-03,,1.81,21.31,,Cancelado
4026,1002,83,Design Thinking,2024-10-08,2024-11-28,30.79,68.15,6.12,Concluído
4027,1003,79,Oratória,2023-11-12,2024-08-12,13.29,79.34,9.84,Concluído
4028,1003,91,Vendas Consultivas,2022-09-22,2023-01-30,36.89,69.06,7.72,Concluído
4029,1003,21,Design Thinking,2022-10-21,2024-03-19,8.95,87.42,6.04,Concluído
4030,1003,45,Data Analytics,2022-09-14,2024-09-16,39.73,98.62,6.15,Concluído
4031,1003,80,JavaScript Moderno,2022-07-17,2024-02-26,8.56,93.92,9.02,Concluído
4032,1003,23,Gestão de Projetos,2023-03-30,2024-10-11,18.92,79.13,6.18,Concluído
4033,1003,85,Customer Success,2023-02-04,2023-02-05,21.82,98.19,8.35,Concluído
4034,1003,16,Negociação,2024-07-12,2024-11-01,5.33,62.69,6.28,Concluído
4035,1004,69,Python Avançado,2024-07-25,,11.61,65.02,,Em Andamento
4036,1004,61,Negociação,2023-07-09,2024-09-14,10.62,84.46,9.75,Concluído
4037,1005,68,JavaScript Moderno,2022-10-24,,17.79,77.02,,Em Andamento
4038,1005,73,Vendas Consultivas,2023-03-20,,4.6,3.65,,Cancelado
4039,1005,11,Customer Success,2023-03-18,2024-06-30,17.25,87.22,9.27,Concluído
4040,1005,82,Segurança da Informação,2024-07-19,2024-09-23,26.18,72.38,8.57,Concluído
4041,1006,83,Design Thinking,2024-10-26,2024-12-08,8.38,87.5,9.42,Concluído
4042,1007,88,Data Analytics,2024-05-20,,6.13,8.52,,Em Andamento
4043,1007,47,Negociação,2024-06-08,2024-06-19,32.9,83.33,7.21,Concluído
4044,1007,49,Product Management,2024-06-07,2024-10-10,6.1,62.48,6.51,Concluído
4045,1007,8,Negociação,2024-10-10,2024-11-17,35.58,95.44,9.98,Concluído
4046,1007,92,DevOps e CI/CD,2024-09-07,2024-10-21,35.61,96.84,8.2,Concluído
4047,1007,62,Vendas Consultivas,2024-09-10,2024-09-28,30.03,66.85,8.01,Concluído
4048,1007,56,JavaScript Moderno,2024-08-24,2024-09-13,36.17,76.91,6.44,Concluído
4049,1007,77,Vendas Consultivas,2024-12-12,2024-12-20,13.71,72.62,9.18,Concluído
4050,1008,27,Machine Learning,2024-07-12,2024-08-09,17.17,98.98,9.01,Concluído
4051,1008,24,Machine Learning,2024-07-26,2024-09-22,31.79,91.5,7.02,Concluído
4052,1008,96,Data Analytics,2024-09-14,2024-09-29,22.08,70.11,7.59,Concluído
4053,1008,97,Segurança da Informação,2024-11-09,2024-12-29,24.23,90.08,8.45,Concluído
4054,1008,53,Gestão de Tempo,2024-10-04,,7.58,71.88,,Em Andamento
4055,1009,10,Liderança e Gestão de Pessoas,2024-10-31,2024-12-07,20.88,93.68,7.77,Concluído
4056,1009,20,Data Analytics,2024-04-20,2024-06-08,14.03,86.21,7.69,Concluído
4057,1009,91,Python Avançado,2024-06-23,2024-10-12,33.4,71.41,6.59,Concluído
4058,1009,64,Excel Avançado,2024-07-23,,10.37,85.55,,Em Andamento
4059,1009,99,JavaScript Moderno,2024-08-10,2024-11-18,28.01,83.37,8.4,Concluído
4060,1009,26,Machine Learning,2024-08-11,2024-12-25,26.48,69.98,8.37,Concluído
4061,1009,4,Power BI,2024-09-23,2024-12-11,35.25,94.46,8.26,Concluído
4062,1009,88,Agile/Scrum,2024-08-10,,10.87,32.8,,Em Andamento
4063,1010,35,Machine Learning,2024-11-17,,12.36,83.43,,Em Andamento
4064,1010,79,Customer Success,2024-10-11,2024-12-01,29.07,61.55,6.31,Concluído
4065,1010,14,Segurança da Informação,2024-04-21,,3.52,45.74,,Em Andamento
4066,1010,77,JavaScript Moderno,2024-02-06,2024-06-12,5.04,65.41,9.85,Concluído
4067,1010,42,Power BI,2023-07-10,2024-11-19,20.65,86.29,6.76,Concluído
4068,1010,29,Segurança da Informação,2023-07-16,2024-06-26,19.51,95.3,9.26,Concluído
4069,1010,33,JavaScript Moderno,2024-11-16,2024-12-26,33.77,99.25,6.31,Concluído
4070,1011,13,Gestão de Tempo,2023-02-10,2024-05-13,9.86,83.74,8.84,Concluído
4071,1011,91,Negociação,2024-07-30,2024-10-06,15.31,62.03,9.43,Concluído
4072,1011,31,DevOps e CI/CD,2024-12-05,,7.8,21.17,,Cancelado
4073,1013,30,Excel Avançado,2024-10-05,2024-11-19,4.9,85.9,8.95,Concluído
4074,1013,21,Product Management,2024-08-26,2024-10-18,24.83,81.75,6.59,Concluído
4075,1014,100,Agile/Scrum,2024-06-15,2024-11-03,32.55,90.27,6.71,Concluído
4076,1014,23,DevOps e CI/CD,2023-04-16,2024-06-05,30.35,78.23,9.01,Concluído
4077,1014,68,Design Thinking,2023-06-11,2024-02-25,21.74,93.95,8.16,Concluído
4078,1014,28,Agile/Scrum,2023-10-08,,4.73,0.95,,Em Andamento
4079,1014,59,Cloud Computing AWS,2024-12-15,2024-12-30,8.86,64.52,7.94,Concluído
4080,1014,83,Segurança da Informação,2023-06-08,2023-11-28,33.48,81.44,8.71,Concluído
4081,1014,45,Comunicação Eficaz,2023-02-18,2024-06-14,28.51,65.54,6.64,Concluído
4082,1015,93,Agile/Scrum,2024-07-24,2024-08-08,17.76,81.84,8.9,Concluído
4083,1015,82,Excel Avançado,2024-09-12,2024-10-21,19.39,74.95,7.76,Concluído
4084,1015,5,Comunicação Eficaz,2024-12-13,2024-12-28,35.01,88.07,7.35,Concluído
4085,1015,87,Machine Learning,2024-06-25,2024-09-22,26.88,81.72,7.5,Concluído
4086,1015,12,Excel Avançado,2024-07-05,2024-11-17,34.33,96.35,6.26,Concluído
4087,1015,28,Liderança e Gestão de Pessoas,2024-12-12,2024-12-30,37.69,70.72,6.48,Concluído
4088,1015,32,Data Analytics,2024-07-16,2024-10-16,21.28,85.28,9.95,Concluído
4089,1015,44,Data Analytics,2024-09-19,2024-11-04,23.53,94.0,8.06,Concluído
4090,1016,65,Excel Avançado,2022-06-03,2024-03-13,18.77,63.77,9.46,Concluído
4091,1016,92,JavaScript Moderno,2024-06-07,2024-12-05,28.85,84.48,8.91,Concluído
4092,1016,32,Machine Learning,2024-07-04,2024-10-28,28.17,80.84,7.26,Concluído
4093,1016,22,Power BI,2023-04-30,2024-10-10,12.86,95.14,8.68,Concluído
4094,1017,61,Cloud Computing AWS,2023-08-20,2024-12-10,39.78,85.24,8.71,Concluído
4095,1017,65,Machine Learning,2024-05-27,2024-12-22,5.19,67.21,7.25,Concluído
4096,1017,87,Customer Success,2023-04-18,2023-09-09,19.76,81.57,6.85,Concluído
4097,1017,96,Liderança e Gestão de Pessoas,2024-12-27,2024-12-29,19.22,69.78,7.55,Concluído
4098,1017,10,Gestão de Projetos,2023-05-16,,8.2,26.93,,Em Andamento
4099,1017,69,JavaScript Moderno,2023-05-01,2023-08-03,25.11,85.59,8.94,Concluído
4100,1017,84,DevOps e CI/CD,2024-05-18,2024-07-24,27.89,93.44,8.92,Concluído
4101,1017,94,Excel Avançado,2023-11-05,,19.25,58.01,,Em Andamento
4102,1018,24,Python Avançado,2023-12-20,2024-09-04,29.18,67.08,6.22,Concluído
4103,1018,83,Data Analytics,2023-12-07,2024-03-02,32.09,88.08,6.41,Concluído
4104,1018,8,Oratória,2023-10-27,2024-01-15,18.79,84.46,7.24,Concluído
4105,1018,61,Python Avançado,2024-07-28,2024-09-26,36.22,88.79,7.3,Concluído
4106,1018,25,Power BI,2023-10-27,2024-05-24,22.75,65.83,7.28,Concluído
4107,1019,24,Liderança e Gestão de Pessoas,2023-04-06,2024-02-15,16.18,76.74,9.4,Concluído
4108,1019,42,Comunicação Eficaz,2023-12-11,2024-06-13,4.25,60.03,6.91,Concluído
4109,1019,100,DevOps e CI/CD,2024-05-23,2024-10-31,15.55,84.05,6.03,Concluído
4110,1019,56,Design Thinking,2024-11-21,2024-12-22,20.21,93.87,6.73,Concluído
4111,1019,14,JavaScript Moderno,2023-05-23,2024-03-08,12.17,76.48,8.99,Concluído
4112,1019,32,Oratória,2023-10-26,2024-06-08,6.67,78.1,6.76,Concluído
4113,1019,81,Gestão de Projetos,2024-10-26,2024-12-15,30.14,86.15,7.78,Concluído
4114,1019,83,Gestão de Projetos,2023-01-04,2023-11-08,22.69,86.75,7.86,Concluído
4115,1020,57,Product Management,2024-12-27,2024-12-29,30.85,75.03,7.38,Concluído
4116,1020,61,Agile/Scrum,2024-12-13,2024-12-15,37.65,70.05,8.2,Concluído
4117,1020,88,Product Management,2024-12-20,2024-12-31,35.63,66.97,7.39,Concluído
4118,1020,81,Vendas Consultivas,2024-12-23,2024-12-25,6.13,93.61,9.22,Concluído
4119,1020,8,Power BI,2024-12-23,2024-12-29,36.49,67.48,8.57,Concluído
4120,1020,59,Excel Avançado,2024-12-21,2024-12-22,35.51,72.62,8.91,Concluído
4121,1021,57,Customer Success,2022-11-24,2024-04-26,6.67,76.38,6.04,Concluído
4122,1021,52,Vendas Consultivas,2024-11-22,2024-12-05,24.81,85.05,6.05,Concluído
4123,1021,31,Data Analytics,2024-07-02,2024-08-04,38.29,96.73,9.48,Concluído
4124,1021,77,Data Analytics,2024-07-15,2024-08-09,34.83,72.67,9.9,Concluído
4125,1021,85,DevOps e CI/CD,2024-02-16,2024-11-24,20.75,82.09,7.97,Concluído
4126,1021,87,Negociação,2023-07-09,2024-10-27,30.06,92.29,7.52,Concluído
4127,1021,38,Power BI,2024-12-10,2024-12-26,18.15,94.02,6.23,Concluído
4128,1022,98,Agile/Scrum,2024-06-08,2024-07-01,28.42,76.28,9.51,Concluído
4129,1022,87,Comunicação Eficaz,2023-01-29,2024-04-04,13.46,95.36,6.21,Concluído
4130,1022,19,Excel Avançado,2024-06-30,2024-08-26,25.1,68.0,7.72,Concluído
4131,1022,66,JavaScript Moderno,2024-04-30,2024-06-12,30.54,84.04,8.43,Concluído
4132,1022,73,Gestão de Projetos,2023-01-29,2023-07-03,14.7,61.69,8.99,Concluído
4133,1022,50,DevOps e CI/CD,2024-03-31,,11.69,83.13,,Em Andamento
4134,1023,4,Design Thinking,2023-10-01,2024-05-16,17.48,99.61,9.27,Concluído
4135,1023,70,Power BI,2024-01-17,2024-11-17,26.35,69.27,6.34,Concluído
4136,1023,81,Power BI,2024-10-19,2024-12-02,33.47,60.56,9.56,Concluído
4137,1023,5,Data Analytics,2024-02-26,,15.71,78.66,,Em Andamento
4138,1023,11,Python Avançado,2024-05-19,2024-09-22,34.08,74.02,9.67,Concluído
4139,1023,22,Oratória,2024-01-28,,2.94,14.33,,Em Andamento
4140,1023,35,Vendas Consultivas,2024-12-22,2024-12-23,12.52,67.81,7.22,Concluído
4141,1024,69,Design Thinking,2024-02-24,2024-06-30,19.71,72.13,8.28,Concluído
4142,1024,36,Agile/Scrum,2024-06-28,,5.47,39.5,,Cancelado
4143,1024,24,Negociação,2023-05-01,2024-03-07,17.28,78.07,9.61,Concluído
4144,1024,84,Cloud Computing AWS,2024-03-11,2024-04-23,32.86,66.03,9.86,Concluído
4145,1024,89,Product Management,2024-03-10,2024-09-23,15.33,78.98,6.82,Concluído
4146,1025,15,Gestão de Tempo,2023-03-26,2023-04-27,35.22,78.23,9.97,Concluído
4147,1026,57,Customer Success,2022-10-10,2024-02-01,38.95,92.09,6.2,Concluído
4148,1026,75,Product Management,2022-10-25,2023-03-31,9.87,64.12,8.2,Concluído
4149,1026,82,Comunicação Eficaz,2023-07-20,2024-04-11,29.26,71.9,7.26,Concluído
4150,1026,80,Segurança da Informação,2022-12-31,2024-03-24,27.02,68.11,7.38,Concluído
4151,1026,37,Oratória,2023-11-18,2024-12-03,24.97,61.35,6.53,Concluído
4152,1026,62,Negociação,2023-01-15,,6.51,7.95,,Cancelado
4153,1027,86,Design Thinking,2024-02-17,2024-12-21,35.52,76.42,7.52,Concluído
4154,1027,44,Customer Success,2022-04-03,2024-08-26,4.92,76.08,9.7,Concluído
4155,1028,48,Product Management,2024-11-02,2024-12-31,16.47,72.96,6.12,Concluído
4156,1028,88,Oratória,2024-08-30,,11.79,5.03,,Em Andamento
4157,1028,62,Liderança e Gestão de Pessoas,2024-11-18,2024-12-16,5.07,99.94,9.4,Concluído
4158,1028,35,Machine Learning,2024-09-20,2024-11-15,10.76,81.5,6.07,Concluído
4159,1028,78,Data Analytics,2024-12-20,2024-12-27,4.88,88.83,9.9,Concluído
4160,1028,15,Power BI,2024-12-08,2024-12-16,32.03,88.07,7.69,Concluído
4161,1028,26,Gestão de Projetos,2024-12-09,2024-12-12,20.3,92.43,8.31,Concluído
4162,1028,62,Gestão de Projetos,2024-09-01,2024-11-10,7.29,70.79,6.17,Concluído
4163,1029,43,Python Avançado,2024-09-12,2024-12-07,20.98,84.51,6.13,Concluído
4164,1029,24,Negociação,2024-10-14,,10.73,5.28,,Em Andamento
4165,1032,75,Customer Success,2024-09-05,2024-12-10,35.91,97.71,8.17,Concluído
4166,1032,45,Gestão de Projetos,2024-04-01,2024-08-14,37.49,65.24,6.58,Concluído
4167,1032,83,Comunicação Eficaz,2024-06-14,2024-07-28,13.28,68.43,8.75,Concluído
4168,1032,82,Agile/Scrum,2024-05-30,2024-06-01,11.17,80.61,6.56,Concluído
4169,1032,63,Data Analytics,2024-07-07,2024-12-16,11.85,65.4,6.29,Concluído
4170,1033,62,Excel Avançado,2022-11-07,,16.8,60.64,,Em Andamento
4171,1033,66,Comunicação Eficaz,2023-08-24,2023-12-20,27.56,85.32,6.05,Concluído
4172,1033,82,Python Avançado,2023-02-23,,17.12,40.04,,Em Andamento
4173,1033,49,Oratória,2022-11-05,,17.04,43.92,,Em Andamento
4174,1033,94,Machine Learning,2024-04-15,2024-07-26,11.42,86.03,7.16,Concluído
4175,1033,9,Power BI,2023-10-17,2024-03-18,20.56,61.58,6.88,Concluído
4176,1034,28,Negociação,2023-05-26,2024-07-08,30.7,68.18,9.47,Concluído
4177,1035,48,Customer Success,2023-12-05,2024-03-27,15.26,88.86,6.97,Concluído
4178,1035,37,Python Avançado,2024-12-29,2024-12-31,18.22,95.94,8.23,Concluído
4179,1035,22,Design Thinking,2024-11-05,,13.25,21.15,,Em Andamento
4180,1035,1,Design Thinking,2024-03-25,2024-05-29,13.63,91.38,9.23,Concluído
4181,1035,79,Cloud Computing AWS,2024-07-05,,5.36,11.55,,Em Andamento
4182,1035,60,Gestão de Tempo,2024-01-28,,10.11,57.3,,Em Andamento
4183,1035,43,Gestão de Projetos,2024-01-28,2024-02-05,14.89,88.63,6.07,Concluído
4184,1036,74,Agile/Scrum,2024-04-17,2024-08-31,24.47,82.99,9.94,Concluído
4185,1037,36,Design Thinking,2024-05-22,2024-10-15,34.21,85.27,9.68,Concluído
4186,1037,98,Design Thinking,2024-11-30,,9.5,26.37,,Cancelado
4187,1037,72,Segurança da Informação,2023-05-25,2024-01-08,36.0,83.73,6.64,Concluído
4188,1037,28,Vendas Consultivas,2024-01-20,2024-05-08,10.0,89.46,8.18,Concluído
4189,1037,83,JavaScript Moderno,2023-06-24,2024-02-15,35.62,95.36,9.06,Concluído
4190,1037,97,Liderança e Gestão de Pessoas,2024-01-11,2024-06-29,9.96,67.6,7.5,Concluído
4191,1038,22,Gestão de Tempo,2023-06-07,2024-11-04,24.93,67.3,7.96,Concluído
4192,1038,28,Gestão de Projetos,2024-02-22,2024-05-21,5.81,75.71,7.3,Concluído
4193,1039,35,Negociação,2024-12-28,2024-12-29,29.43,91.52,9.26,Concluído
4194,1040,46,Negociação,2024-03-10,2024-07-14,12.32,69.12,6.03,Concluído
4195,1040,63,Gestão de Tempo,2024-01-08,2024-05-08,21.57,89.43,6.06,Concluído
4196,1040,32,Product Management,2024-12-26,2024-12-28,31.81,78.32,7.3,Concluído
4197,1041,30,Product Management,2024-04-04,,3.33,21.93,,Cancelado
4198,1041,51,Excel Avançado,2023-02-28,2023-10-23,35.43,74.5,9.89,Concluído
4199,1041,31,Gestão de Tempo,2023-10-07,2023-11-12,15.14,61.16,9.34,Concluído
4200,1041,31,Excel Avançado,2024-05-17,2024-08-05,29.16,84.49,6.65,Concluído
4201,1041,33,Data Analytics,2024-11-30,,3.86,83.46,,Em Andamento
4202,1041,81,Cloud Computing AWS,2024-05-25,,2.21,48.32,,Em Andamento
4203,1041,100,Oratória,2024-04-25,2024-09-01,28.23,86.35,6.03,Concluído
4204,1042,71,JavaScript Moderno,2024-07-17,2024-09-29,5.84,76.17,8.57,Concluído
4205,1042,70,Design Thinking,2024-12-28,2024-12-30,36.56,76.21,8.27,Concluído
4206,1042,79,Machine Learning,2024-07-08,2024-08-08,34.08,60.6,8.07,Concluído
4207,1042,30,Design Thinking,2024-07-10,2024-11-28,23.73,71.18,8.19,Concluído
4208,1042,89,Design Thinking,2024-12-05,2024-12-31,8.87,83.01,6.28,Concluído
4209,1044,19,Oratória,2022-10-26,2023-05-23,26.6,98.85,8.74,Concluído
4210,1044,53,JavaScript Moderno,2023-05-19,2023-11-24,19.58,73.34,9.83,Concluído
4211,1044,44,Python Avançado,2023-08-24,2023-10-29,27.64,95.71,9.28,Concluído
4212,1044,89,Design Thinking,2022-11-10,,2.19,11.22,,Cancelado
4213,1044,75,Oratória,2023-06-15,2023-12-23,25.42,95.55,7.87,Concluído
4214,1044,58,Gestão de Tempo,2023-05-14,,18.56,34.01,,Em Andamento
4215,1045,94,Customer Success,2024-05-12,2024-09-18,19.08,71.63,7.15,Concluído
4216,1045,21,Gestão de Projetos,2024-08-21,2024-08-23,21.61,62.54,8.43,Concluído
4217,1045,58,Product Management,2024-02-02,2024-12-25,22.26,89.03,6.22,Concluído
4218,1046,25,Python Avançado,2023-12-06,2024-01-03,14.67,65.79,9.56,Concluído
4219,1047,8,Design Thinking,2024-11-05,2024-12-16,26.37,97.48,9.61,Concluído
4220,1047,39,Oratória,2024-11-19,,19.44,25.62,,Em Andamento
4221,1048,24,Gestão de Tempo,2024-05-03,2024-07-27,37.8,87.99,7.05,Concluído
4222,1048,8,Comunicação Eficaz,2023-12-15,,6.39,39.65,,Cancelado
4223,1048,21,DevOps e CI/CD,2023-09-12,2024-10-18,24.03,78.96,8.92,Concluído
4224,1048,56,Gestão de Tempo,2024-05-05,,14.38,50.26,,Em Andamento
4225,1048,75,Segurança da Informação,2024-11-30,,5.81,80.37,,Em Andamento
4226,1048,88,DevOps e CI/CD,2024-10-26,2024-12-18,29.9,83.39,8.83,Concluído
4227,1048,57,Oratória,2024-07-30,2024-12-13,24.05,83.59,7.4,Concluído
4228,1048,67,Python Avançado,2023-09-10,2024-05-14,26.33,71.29,8.78,Concluído
4229,1049,59,Negociação,2024-06-20,2024-08-10,37.41,85.18,6.87,Concluído
4230,1050,50,Segurança da Informação,2024-01-26,2024-09-09,31.63,66.56,8.89,Concluído
4231,1050,40,Negociação,2024-01-04,2024-12-06,6.36,68.89,8.93,Concluído
4232,1050,69,Liderança e Gestão de Pessoas,2024-07-13,2024-12-22,8.8,97.9,9.3,Concluído
4233,1050,79,JavaScript Moderno,2024-11-07,2024-12-15,15.07,72.88,9.95,Concluído
4234,1051,100,Cloud Computing AWS,2024-05-10,,3.6,22.13,,Em Andamento
4235,1051,10,JavaScript Moderno,2023-01-24,2023-05-16,37.15,69.61,8.9,Concluído
4236,1051,44,Vendas Consultivas,2024-02-18,2024-03-31,13.7,80.82,9.25,Concluído
4237,1051,40,Comunicação Eficaz,2024-12-18,2024-12-29,30.49,70.04,9.21,Concluído
4238,1051,94,Data Analytics,2023-10-19,,8.22,5.09,,Em Andamento
4239,1051,9,Product Management,2024-12-07,2024-12-26,36.4,61.43,6.51,Concluído
4240,1053,85,Comunicação Eficaz,2024-10-09,2024-11-17,16.95,84.84,9.01,Concluído
4241,1053,20,JavaScript Moderno,2024-10-22,,2.69,23.19,,Cancelado
4242,1053,58,Negociação,2024-02-24,2024-05-04,35.02,76.77,7.77,Concluído
4243,1054,79,Agile/Scrum,2023-08-01,2024-05-26,21.23,75.83,6.57,Concluído
4244,1054,17,Python Avançado,2024-10-20,,13.58,21.11,,Em Andamento
4245,1054,92,Vendas Consultivas,2023-01-04,2024-04-19,14.17,78.28,9.81,Concluído
4246,1054,47,JavaScript Moderno,2022-06-27,,1.95,2.38,,Cancelado
4247,1054,97,Cloud Computing AWS,2023-08-27,2023-09-03,26.38,63.78,8.48,Concluído
4248,1054,3,Machine Learning,2022-09-19,2024-04-18,34.26,71.54,8.69,Concluído
4249,1054,45,Cloud Computing AWS,2024-07-13,2024-12-08,27.15,99.69,7.08,Concluído
4250,1055,61,Python Avançado,2022-08-02,2024-09-13,25.88,79.59,8.47,Concluído
4251,1055,12,Negociação,2024-05-27,2024-11-11,16.42,87.8,9.89,Concluído
4252,1056,82,DevOps e CI/CD,2024-01-08,2024-07-31,23.54,86.77,7.09,Concluído
4253,1056,96,Customer Success,2024-08-03,2024-11-08,31.34,60.21,8.3,Concluído
4254,1056,97,DevOps e CI/CD,2024-12-26,,5.66,9.11,,Cancelado
4255,1056,61,Machine Learning,2024-10-30,2024-12-10,10.13,81.14,9.21,Concluído
4256,1056,45,Agile/Scrum,2024-10-25,2024-11-20,33.35,76.43,9.66,Concluído
4257,1057,63,Data Analytics,2024-09-06,2024-09-18,38.19,87.47,8.78,Concluído
4258,1057,27,Liderança e Gestão de Pessoas,2024-11-26,2024-12-16,14.29,95.19,7.92,Concluído
4259,1057,78,Excel Avançado,2024-12-30,,7.02,52.08,,Em Andamento
4260,1057,15,Agile/Scrum,2024-08-11,2024-10-08,30.33,83.52,9.32,Concluído
4261,1058,100,Agile/Scrum,2024-05-28,2024-11-02,4.05,77.56,7.85,Concluído
4262,1058,41,DevOps e CI/CD,2023-09-09,2023-12-26,4.22,88.08,9.04,Concluído
4263,1058,75,Machine Learning,2024-03-14,2024-04-28,29.76,60.49,7.16,Concluído
4264,1058,63,JavaScript Moderno,2024-01-25,2024-04-14,16.39,68.6,8.23,Concluído
4265,1058,14,Comunicação Eficaz,2023-01-28,,11.06,59.49,,Em Andamento
4266,1058,70,Segurança da Informação,2023-10-30,2023-12-08,14.44,90.48,6.97,Concluído
4267,1059,59,Customer Success,2024-12-15,2024-12-27,29.88,75.7,7.37,Concluído
4268,1059,80,Data Analytics,2024-07-17,2024-10-24,6.13,79.81,9.06,Concluído
4269,1060,2,Excel Avançado,2024-01-16,2024-10-16,31.38,96.54,8.77,Concluído
4270,1060,16,Product Management,2024-04-13,2024-10-11,15.34,91.28,6.11,Concluído
4271,1060,56,Comunicação Eficaz,2023-12-27,2024-09-12,22.53,94.47,7.87,Concluído
4272,1060,8,Gestão de Tempo,2024-01-24,2024-05-19,32.24,92.0,8.23,Concluído
4273,1060,78,Gestão de Tempo,2024-03-27,2024-05-26,26.36,88.85,7.12,Concluído
4274,1060,66,JavaScript Moderno,2024-02-22,2024-03-05,23.97,96.15,8.3,Concluído
4275,1060,50,Gestão de Tempo,2024-05-16,2024-09-27,10.95,68.79,9.35,Concluído
4276,1060,55,Comunicação Eficaz,2024-07-12,2024-10-28,26.64,60.56,8.54,Concluído
4277,1062,81,Power BI,2024-03-05,2024-05-20,37.11,68.38,8.73,Concluído
4278,1062,18,Cloud Computing AWS,2023-03-26,2024-02-14,11.63,79.87,7.3,Concluído
4279,1062,9,Segurança da Informação,2024-08-28,2024-12-03,26.04,61.13,8.55,Concluído
4280,1063,57,Oratória,2024-10-25,2024-12-16,18.73,90.83,7.44,Concluído
4281,1063,61,Machine Learning,2024-09-16,2024-11-15,30.2,91.26,8.19,Concluído
4282,1063,65,Python Avançado,2024-02-08,,11.22,22.88,,Em Andamento
4283,1063,80,Data Analytics,2024-12-18,2024-12-25,36.98,68.51,8.81,Concluído
4284,1063,99,Customer Success,2024-10-08,2024-11-26,23.47,72.4,7.42,Concluído
4285,1063,90,Excel Avançado,2024-04-02,2024-04-12,34.78,62.62,7.73,Concluído
4286,1063,83,Machine Learning,2024-07-29,2024-08-18,11.84,95.26,9.25,Concluído
4287,1063,9,Liderança e Gestão de Pessoas,2024-04-17,2024-04-19,24.1,94.02,6.35,Concluído
4288,1064,89,Gestão de Projetos,2024-08-22,2024-10-15,28.97,67.61,7.48,Concluído
4289,1064,9,Oratória,2024-11-10,2024-12-31,23.97,73.13,6.74,Concluído
4290,1064,28,Comunicação Eficaz,2024-09-05,,4.97,20.83,,Cancelado
4291,1064,87,Segurança da Informação,2024-11-27,2024-12-10,31.87,74.36,6.75,Concluído
4292,1064,46,Excel Avançado,2024-12-28,,9.69,15.38,,Cancelado
4293,1065,88,Design Thinking,2022-10-18,2024-12-05,30.14,67.61,9.31,Concluído
4294,1065,34,DevOps e CI/CD,2022-07-09,2023-06-10,29.77,83.27,8.29,Concluído
4295,1065,72,Gestão de Projetos,2022-07-27,2024-03-06,12.7,89.07,9.18,Concluído
4296,1066,40,Agile/Scrum,2024-12-14,2024-12-22,30.2,71.18,8.86,Concluído
4297,1066,46,Design Thinking,2024-11-17,2024-12-07,33.76,72.6,8.6,Concluído
4298,1066,43,Agile/Scrum,2024-10-05,,12.03,68.28,,Em Andamento
4299,1066,56,JavaScript Moderno,2024-11-28,2024-12-31,12.0,98.96,6.64,Concluído
4300,1066,91,JavaScript Moderno,2024-11-22,2024-12-01,32.52,61.72,6.39,Concluído
4301,1066,46,Segurança da Informação,2024-10-13,2024-11-08,5.17,92.71,6.73,Concluído
4302,1066,66,Segurança da Informação,2024-09-17,2024-12-29,14.95,91.8,9.42,Concluído
4303,1066,42,JavaScript Moderno,2024-10-04,2024-10-07,11.54,73.57,6.73,Concluído
4304,1067,29,Negociação,2023-11-27,2024-05-12,36.94,68.36,9.6,Concluído
4305,1067,6,Gestão de Tempo,2023-09-17,2024-04-09,27.03,74.36,6.03,Concluído
4306,1067,15,JavaScript Moderno,2024-03-14,2024-09-22,31.39,83.48,9.17,Concluído
4307,1067,74,Comunicação Eficaz,2024-06-20,2024-08-20,31.55,72.68,9.37,Concluído
4308,1067,2,Design Thinking,2024-12-29,2024-12-30,15.47,66.47,7.86,Concluído
4309,1067,77,Machine Learning,2022-07-07,2024-04-01,29.28,91.38,8.23,Concluído
4310,1067,84,Data Analytics,2023-09-02,2024-10-25,11.92,73.8,6.19,Concluído
4311,1067,92,Cloud Computing AWS,2023-08-31,,19.58,42.13,,Em Andamento
4312,1068,46,Agile/Scrum,2022-10-30,2024-03-20,13.9,94.07,8.14,Concluído
4313,1068,22,JavaScript Moderno,2022-09-15,2022-11-06,14.23,62.44,8.28,Concluído
4314,1068,60,Customer Success,2023-12-11,,10.22,13.73,,Em Andamento
4315,1068,4,Data Analytics,2022-10-03,,1.2,6.26,,Cancelado
4316,1068,47,Power BI,2024-09-05,2024-11-25,12.85,61.69,7.38,Concluído
4317,1068,36,Power BI,2023-04-08,2023-04-09,13.1,63.84,9.21,Concluído
4318,1068,93,Segurança da Informação,2024-03-01,2024-10-01,33.52,84.98,9.74,Concluído
4319,1068,10,Power BI,2023-04-02,2024-04-26,26.33,96.83,7.41,Concluído
4320,1070,99,Agile/Scrum,2024-12-20,2024-12-25,18.43,64.22,8.15,Concluído
4321,1070,51,Data Analytics,2024-01-27,,2.5,36.61,,Cancelado
4322,1071,62,Design Thinking,2024-01-24,2024-03-05,34.95,63.16,8.4,Concluído
4323,1072,2,Segurança da Informação,2024-06-30,2024-09-15,34.49,88.04,7.86,Concluído
4324,1072,64,Product Management,2023-06-06,2023-07-22,33.31,78.06,6.3,Concluído
4325,1072,26,Customer Success,2024-08-17,2024-08-27,28.68,97.14,9.91,Concluído
4326,1072,60,Excel Avançado,2023-07-15,2024-05-26,4.62,79.39,8.57,Concluído
4327,1072,17,Gestão de Projetos,2024-02-03,2024-10-13,30.18,95.83,8.47,Concluído
4328,1072,21,Machine Learning,2023-06-29,2024-03-08,32.4,89.24,9.87,Concluído
4329,1072,58,Customer Success,2024-07-29,2024-08-20,9.72,83.91,8.06,Concluído
4330,1072,10,Gestão de Projetos,2023-03-23,2024-01-16,9.61,70.74,8.74,Concluído
4331,1073,86,Gestão de Tempo,2024-12-23,2024-12-27,21.58,93.02,7.05,Concluído
4332,1073,18,Vendas Consultivas,2024-12-29,2024-12-30,15.64,61.78,7.27,Concluído
4333,1073,95,Segurança da Informação,2024-12-30,2024-12-31,24.27,64.05,9.43,Concluído
4334,1073,74,Product Management,2024-12-21,2024-12-30,25.3,65.38,6.1,Concluído
4335,1073,51,Customer Success,2024-12-14,2024-12-25,21.81,85.36,8.0,Concluído
4336,1073,82,Liderança e Gestão de Pessoas,2024-12-24,2024-12-31,6.19,67.6,9.58,Concluído
4337,1074,42,Gestão de Projetos,2022-12-19,2024-07-02,19.03,65.7,6.74,Concluído
4338,1074,66,Data Analytics,2024-12-29,2024-12-30,32.42,82.92,6.83,Concluído
4339,1074,29,Customer Success,2024-08-22,,17.58,75.61,,Em Andamento
4340,1075,53,Product Management,2024-09-12,2024-11-22,5.16,64.76,6.62,Concluído
4341,1075,41,Cloud Computing AWS,2024-03-07,2024-03-30,32.6,74.88,8.69,Concluído
4342,1076,51,Power BI,2023-04-21,,15.61,52.81,,Em Andamento
4343,1077,98,Gestão de Tempo,2024-05-30,2024-09-12,32.39,84.51,7.16,Concluído
4344,1077,46,Machine Learning,2023-08-16,2024-02-05,11.87,62.89,7.51,Concluído
4345,1078,52,JavaScript Moderno,2024-12-16,,4.76,76.75,,Em Andamento
4346,1078,39,Excel Avançado,2023-11-21,2024-07-27,16.84,82.69,7.42,Concluído
4347,1078,93,Python Avançado,2023-08-23,2024-06-13,13.51,72.89,6.2,Concluído
4348,1078,55,Machine Learning,2024-01-05,2024-12-06,14.83,80.92,8.46,Concluído
4349,1078,57,Product Management,2023-10-22,,13.88,77.96,,Em Andamento
4350,1081,25,Comunicação Eficaz,2023-08-20,2023-09-10,7.29,61.29,6.61,Concluído
4351,1081,15,Python Avançado,2024-08-24,2024-12-21,36.41,72.68,9.44,Concluído
4352,1081,39,DevOps e CI/CD,2024-02-24,2024-05-15,32.81,89.37,8.5,Concluído
4353,1081,66,Design Thinking,2023-09-06,2024-02-10,39.4,99.84,7.83,Concluído
4354,1081,60,Excel Avançado,2023-11-15,2024-09-30,32.55,81.41,6.96,Concluído
4355,1081,40,Machine Learning,2024-08-13,,14.25,60.02,,Em Andamento
4356,1081,38,JavaScript Moderno,2024-06-29,,11.0,44.75,,Em Andamento
4357,1082,2,Cloud Computing AWS,2024-07-29,2024-11-27,32.12,91.92,8.97,Concluído
4358,1082,80,Gestão de Projetos,2024-07-27,2024-09-27,10.72,65.24,6.71,Concluído
4359,1083,92,Vendas Consultivas,2022-11-15,2024-12-25,5.22,83.53,6.4,Concluído
4360,1084,53,Power BI,2024-01-24,2024-09-28,4.54,80.42,6.28,Concluído
4361,1084,7,DevOps e CI/CD,2022-08-30,2023-08-04,12.77,70.77,6.44,Concluído
4362,1084,25,Data Analytics,2023-03-30,,19.64,22.24,,Em Andamento
4363,1084,7,Product Management,2024-09-14,2024-12-13,32.9,89.25,7.89,Concluído
4364,1084,88,Segurança da Informação,2023-03-13,2024-05-09,17.0,98.72,7.96,Concluído
4365,1085,30,Power BI,2024-12-26,,8.46,11.94,,Em Andamento
4366,1085,86,Gestão de Projetos,2022-09-16,2024-02-14,35.05,61.38,6.23,Concluído
4367,1086,51,Negociação,2024-09-22,,15.71,24.71,,Em Andamento
4368,1086,97,Data Analytics,2024-04-16,2024-12-25,16.76,62.91,7.43,Concluído
4369,1086,90,Product Management,2024-12-15,2024-12-21,37.74,83.14,8.44,Concluído
4370,1087,73,Agile/Scrum,2023-11-01,2024-09-08,26.62,92.35,9.88,Concluído
4371,1087,83,Agile/Scrum,2024-04-05,2024-12-31,5.03,79.5,6.75,Concluído
4372,1087,57,Python Avançado,2024-03-30,2024-12-21,18.56,85.35,7.32,Concluído
4373,1087,37,Product Management,2024-03-20,2024-11-06,6.89,89.45,7.96,Concluído
4374,1087,62,Comunicação Eficaz,2024-01-16,2024-07-19,34.17,68.57,7.8,Concluído
4375,1087,69,Customer Success,2024-12-31,,6.4,7.35,,Cancelado
4376,1087,13,Agile/Scrum,2023-11-28,2024-01-27,23.39,60.57,8.02,Concluído
4377,1087,25,Cloud Computing AWS,2024-06-20,2024-08-29,16.66,72.67,8.67,Concluído
4378,1088,81,Cloud Computing AWS,2024-10-29,2024-11-05,32.88,98.26,8.79,Concluído
4379,1088,64,Excel Avançado,2024-05-25,2024-09-13,5.49,74.87,9.69,Concluído
4380,1088,42,Vendas Consultivas,2024-05-11,,3.36,17.27,,Cancelado
4381,1088,55,Comunicação Eficaz,2024-07-30,2024-08-14,10.4,92.55,6.95,Concluído
4382,1088,52,Customer Success,2024-06-02,2024-09-26,25.13,83.29,6.74,Concluído
4383,1089,28,Data Analytics,2024-09-05,2024-09-10,27.57,64.85,8.4,Concluído
4384,1089,56,Gestão de Tempo,2023-08-27,2023-11-10,10.64,88.79,6.62,Concluído
4385,1089,70,Python Avançado,2024-05-27,2024-08-24,32.04,63.48,8.79,Concluído
4386,1090,90,Vendas Consultivas,2023-05-27,2024-04-28,8.32,99.08,8.03,Concluído
4387,1090,4,Data Analytics,2023-05-17,2023-06-13,16.62,96.83,6.8,Concluído
4388,1090,12,Gestão de Tempo,2024-02-19,,15.13,77.6,,Em Andamento
4389,1090,84,Comunicação Eficaz,2024-05-23,2024-09-03,12.24,90.98,6.58,Concluído
4390,1090,25,Comunicação Eficaz,2024-05-09,,15.14,50.51,,Em Andamento
4391,1090,38,Python Avançado,2024-03-27,2024-09-04,35.48,79.16,6.54,Concluído
4392,1090,20,Cloud Computing AWS,2024-04-26,2024-08-04,35.01,64.97,8.2,Concluído
4393,1091,52,Agile/Scrum,2024-10-03,2024-11-18,27.95,92.54,8.74,Concluído
4394,1091,83,Gestão de Tempo,2022-11-09,2023-04-23,29.62,62.0,8.63,Concluído
4395,1091,14,Liderança e Gestão de Pessoas,2023-04-13,2023-08-16,8.31,80.48,6.17,Concluído
4396,1091,84,Python Avançado,2022-08-04,2023-05-28,14.8,79.86,8.85,Concluído
4397,1091,60,Machine Learning,2023-04-25,2024-05-12,22.38,89.02,6.54,Concluído
4398,1091,8,Gestão de Projetos,2022-09-28,2024-04-29,37.01,90.72,9.4,Concluído
4399,1092,66,DevOps e CI/CD,2023-11-12,,4.81,23.15,,Cancelado
4400,1093,85,Liderança e Gestão de Pessoas,2024-11-18,,10.62,52.36,,Em Andamento
4401,1094,52,DevOps e CI/CD,2023-10-10,,19.07,5.97,,Em Andamento
4402,1094,96,Product Management,2024-09-21,2024-11-04,13.59,99.18,9.5,Concluído
4403,1094,44,Negociação,2023-12-01,2024-05-09,32.31,65.45,7.06,Concluído
4404,1094,46,Liderança e Gestão de Pessoas,2024-12-05,2024-12-22,26.2,71.66,8.04,Concluído
4405,1094,54,Power BI,2023-10-23,2024-11-09,39.6,64.26,7.17,Concluído
4406,1094,31,Customer Success,2024-11-17,2024-12-14,36.1,77.78,9.79,Concluído
4407,1094,70,Python Avançado,2023-05-13,2024-02-14,15.38,78.65,6.37,Concluído
4408,1095,67,Cloud Computing AWS,2023-10-30,2024-08-01,17.67,82.11,9.81,Concluído
4409,1095,68,Design Thinking,2023-09-27,,9.04,26.84,,Em Andamento
4410,1095,84,Customer Success,2024-04-15,2024-12-20,25.23,71.56,6.25,Concluído
4411,1096,90,Negociação,2024-12-31,,17.89,16.52,,Em Andamento
4412,1096,67,Power BI,2024-10-04,2024-10-31,14.94,67.39,7.44,Concluído
4413,1096,27,Machine Learning,2024-08-28,,7.97,31.43,,Em Andamento
4414,1096,52,Product Management,2024-09-19,2024-10-12,38.66,97.78,7.31,Concluído
4415,1096,94,Python Avançado,2024-10-30,2024-11-16,6.35,81.94,6.04,Concluído
4416,1096,15,Negociação,2024-10-25,2024-12-09,18.86,72.46,8.53,Concluído
4417,1097,31,Agile/Scrum,2024-12-06,2024-12-22,37.8,85.23,7.5,Concluído
4418,1097,29,Cloud Computing AWS,2024-09-03,2024-12-23,7.43,84.5,8.58,Concluído
4419,1098,37,Oratória,2024-12-16,2024-12-28,9.6,78.78,8.67,Concluído
4420,1098,31,Oratória,2024-07-15,2024-09-13,29.86,74.35,8.54,Concluído
4421,1098,28,Customer Success,2024-11-22,2024-12-31,28.54,92.07,7.73,Concluído
4422,1098,79,Negociação,2024-09-29,2024-12-13,20.21,75.72,9.88,Concluído
4423,1098,97,Negociação,2024-08-13,2024-09-09,15.64,84.34,6.77,Concluído
4424,1098,24,Liderança e Gestão de Pessoas,2024-12-31,2025-01-01,27.26,60.27,9.42,Concluído
4425,1099,76,JavaScript Moderno,2024-08-16,,3.34,14.97,,Cancelado
4426,1099,56,Excel Avançado,2024-06-20,2024-09-15,32.52,77.91,7.91,Concluído
4427,1099,35,Oratória,2024-09-05,2024-12-26,33.66,84.63,7.08,Concluído
4428,1099,79,Gestão de Projetos,2024-11-27,2024-12-26,13.72,65.91,7.86,Concluído
4429,1100,10,JavaScript Moderno,2024-07-28,2024-12-03,35.4,89.8,9.91,Concluído
4430,1100,49,Vendas Consultivas,2023-11-10,,9.53,27.35,,Cancelado
4431,1100,15,Comunicação Eficaz,2023-12-06,2024-01-27,25.65,69.44,9.82,Concluído
4432,1100,15,Negociação,2024-08-04,2024-09-12,30.92,74.54,7.08,Concluído
4433,1100,12,Product Management,2024-04-07,,13.68,62.34,,Em Andamento
4434,1100,84,Python Avançado,2024-11-20,2024-12-29,22.91,85.22,7.3,Concluído
4435,1100,89,Customer Success,2024-01-17,2024-02-28,37.9,64.5,8.6,Concluído
4436,1101,96,Excel Avançado,2023-11-24,2024-03-30,12.86,90.02,8.25,Concluído
4437,1101,6,Machine Learning,2024-08-14,2024-12-05,13.09,96.31,9.91,Concluído
4438,1101,43,Python Avançado,2024-05-02,2024-10-09,35.93,87.62,8.57,Concluído
4439,1101,95,Power BI,2023-07-30,2024-03-28,28.68,84.13,7.52,Concluído
4440,1101,9,Gestão de Tempo,2024-06-28,,14.44,66.11,,Em Andamento
4441,1102,45,Data Analytics,2024-09-28,2024-11-16,10.62,82.88,8.85,Concluído
4442,1102,61,Vendas Consultivas,2024-12-16,2024-12-17,6.69,66.65,9.13,Concluído
4443,1102,36,Python Avançado,2024-08-02,,5.83,33.5,,Cancelado
4444,1102,95,Gestão de Projetos,2024-08-30,2024-09-07,18.93,86.29,8.03,Concluído
4445,1104,63,Power BI,2023-12-21,,9.57,1.38,,Em Andamento
4446,1104,56,Excel Avançado,2024-05-03,2024-12-10,6.14,91.55,9.67,Concluído
4447,1104,44,Negociação,2024-01-11,2024-11-11,13.71,72.52,8.76,Concluído
4448,1104,53,Excel Avançado,2023-09-11,2024-05-26,23.17,72.77,7.52,Concluído
4449,1104,36,Oratória,2023-03-20,2023-04-05,10.38,77.73,8.66,Concluído
4450,1104,79,Product Management,2024-01-24,2024-10-05,29.49,74.95,9.6,Concluído
4451,1104,30,Customer Success,2024-08-19,2024-12-19,28.71,92.98,7.06,Concluído
4452,1105,61,Python Avançado,2023-09-24,2024-11-18,12.66,85.47,9.68,Concluído
4453,1105,62,Gestão de Projetos,2023-12-23,2024-11-01,10.73,80.51,9.24,Concluído
4454,1105,14,Design Thinking,2023-12-10,,3.17,57.86,,Em Andamento
4455,1105,51,Data Analytics,2024-01-15,2024-05-13,32.16,79.37,6.94,Concluído
4456,1106,99,Product Management,2023-04-09,2023-07-25,14.12,78.34,9.15,Concluído
4457,1107,27,Customer Success,2022-09-23,2023-08-02,15.7,94.44,8.07,Concluído
4458,1107,14,Cloud Computing AWS,2023-04-06,2024-04-27,5.87,84.21,9.42,Concluído
4459,1108,81,Gestão de Projetos,2024-09-27,2024-10-02,13.78,60.09,9.1,Concluído
4460,1108,71,Gestão de Tempo,2023-12-18,2024-07-08,26.51,88.22,6.21,Concluído
4461,1108,13,Excel Avançado,2023-12-27,2024-06-18,31.37,60.26,9.07,Concluído
4462,1108,10,Machine Learning,2024-07-14,2024-11-22,11.38,78.24,6.54,Concluído
4463,1108,91,Python Avançado,2023-12-08,2024-05-30,31.9,83.64,9.92,Concluído
4464,1108,63,Oratória,2023-07-31,2023-12-19,10.71,60.12,6.65,Concluído
4465,1108,98,Power BI,2023-09-18,2024-09-05,15.49,96.58,9.5,Concluído
4466,1108,63,Vendas Consultivas,2023-11-07,,4.57,57.08,,Em Andamento
4467,1109,71,Gestão de Projetos,2024-09-03,2024-09-04,26.25,69.76,9.94,Concluído
4468,1109,29,Python Avançado,2023-07-06,2024-12-29,25.02,97.08,7.87,Concluído
4469,1109,30,DevOps e CI/CD,2022-11-08,,9.42,77.64,,Em Andamento
4470,1109,45,Comunicação Eficaz,2022-10-28,2023-01-18,33.06,61.46,9.55,Concluído
4471,1110,22,Cloud Computing AWS,2023-06-25,2024-10-01,11.42,64.56,9.9,Concluído
4472,1110,18,Power BI,2023-05-30,,9.36,10.68,,Em Andamento
4473,1110,9,Gestão de Tempo,2024-07-02,,7.61,27.88,,Cancelado
4474,1110,92,Segurança da Informação,2024-01-16,2024-06-12,38.96,65.17,7.18,Concluído
4475,1110,7,Power BI,2023-05-28,2023-11-04,36.39,72.61,8.66,Concluído
4476,1110,64,JavaScript Moderno,2023-05-23,2024-03-27,39.68,97.09,9.53,Concluído
4477,1110,73,Vendas Consultivas,2024-05-24,,11.48,85.29,,Em Andamento
4478,1111,90,Machine Learning,2023-12-14,2024-01-20,16.76,62.17,6.92,Concluído
4479,1111,77,Design Thinking,2024-10-29,,12.46,79.89,,Em Andamento
4480,1112,38,Oratória,2024-07-25,,12.06,45.56,,Em Andamento
4481,1112,79,Python Avançado,2023-10-17,2024-06-15,19.05,91.3,8.47,Concluído
4482,1112,85,Data Analytics,2023-09-24,2024-10-06,24.56,83.79,9.0,Concluído
4483,1112,16,Customer Success,2024-10-12,2024-10-19,5.07,72.66,6.82,Concluído
4484,1112,54,Liderança e Gestão de Pessoas,2023-05-11,2023-09-10,36.88,70.37,9.32,Concluído
4485,1112,56,Negociação,2024-04-13,2024-08-08,35.82,68.47,6.98,Concluído
4486,1112,28,Data Analytics,2024-06-06,,9.89,22.99,,Cancelado
4487,1113,60,JavaScript Moderno,2024-10-19,2024-11-03,11.09,71.15,6.18,Concluído
4488,1113,90,Product Management,2024-01-07,,12.01,29.92,,Em Andamento
4489,1113,36,Python Avançado,2024-12-24,2024-12-31,27.39,62.83,9.52,Concluído
4490,1113,17,Liderança e Gestão de Pessoas,2024-10-16,2024-12-15,12.2,86.3,9.01,Concluído
4491,1113,65,Python Avançado,2023-11-29,2024-07-10,24.01,71.06,8.45,Concluído
4492,1114,22,Python Avançado,2023-08-20,2024-06-27,9.3,92.4,9.61,Concluído
4493,1116,3,JavaScript Moderno,2024-04-08,,3.15,28.42,,Em Andamento
4494,1116,86,Agile/Scrum,2024-11-07,,16.04,65.84,,Em Andamento
4495,1116,64,Agile/Scrum,2024-05-23,,2.33,55.13,,Em Andamento
4496,1116,44,Customer Success,2024-06-15,2024-11-28,7.12,68.88,6.91,Concluído
4497,1116,95,Power BI,2024-03-04,2024-07-15,34.37,84.18,8.34,Concluído
4498,1116,32,Negociação,2024-10-26,2024-12-12,9.63,94.0,8.82,Concluído
4499,1117,77,Machine Learning,2024-01-09,2024-05-27,19.45,64.17,9.35,Concluído
4500,1117,57,Power BI,2023-10-26,2024-01-20,36.11,95.79,7.78,Concluído
4501,1117,37,Data Analytics,2023-07-27,2024-04-11,29.25,69.35,9.51,Concluído
4502,1117,85,Negociação,2023-09-01,2024-08-07,28.78,92.93,9.82,Concluído
4503,1118,59,Gestão de Projetos,2023-12-29,2024-11-15,36.48,75.27,9.82,Concluído
4504,1118,64,DevOps e CI/CD,2023-10-23,,10.86,43.57,,Em Andamento
4505,1118,95,Customer Success,2024-11-25,2024-12-04,24.81,75.34,6.81,Concluído
4506,1118,95,Customer Success,2024-01-02,2024-10-29,7.91,61.25,6.78,Concluído
4507,1119,75,Gestão de Tempo,2023-02-25,2023-11-13,24.17,69.52,9.8,Concluído
4508,1119,26,Cloud Computing AWS,2023-07-15,,5.56,31.29,,Cancelado
4509,1119,3,Product Management,2023-11-29,,4.33,16.99,,Cancelado
4510,1119,37,Excel Avançado,2024-12-20,2024-12-26,19.35,97.28,8.2,Concluído
4511,1119,53,Gestão de Tempo,2023-11-28,2024-06-24,18.09,72.06,9.35,Concluído
4512,1120,7,Agile/Scrum,2024-06-04,2024-10-30,21.47,69.27,6.61,Concluído
4513,1120,17,Gestão de Projetos,2023-11-18,2024-12-27,11.3,99.45,7.11,Concluído
4514,1120,6,Oratória,2024-03-30,,7.97,67.94,,Em Andamento
4515,1120,87,Machine Learning,2024-05-13,,16.66,73.6,,Em Andamento
4516,1120,75,Negociação,2023-11-23,,2.36,64.07,,Em Andamento
4517,1121,43,Comunicação Eficaz,2022-04-07,,1.09,0.15,,Cancelado
4518,1121,78,DevOps e CI/CD,2024-10-22,2024-12-17,5.81,96.16,9.32,Concluído
4519,1121,52,Product Management,2023-10-20,2024-01-07,39.07,64.6,9.34,Concluído
4520,1121,89,Excel Avançado,2024-05-17,,11.42,71.63,,Em Andamento
4521,1122,41,DevOps e CI/CD,2024-07-21,2024-12-17,33.15,71.74,6.94,Concluído
4522,1122,17,Gestão de Tempo,2024-03-08,,2.69,14.43,,Cancelado
4523,1122,5,JavaScript Moderno,2024-11-02,2024-11-11,7.06,86.88,9.09,Concluído
4524,1122,41,Design Thinking,2024-11-25,,6.34,21.88,,Cancelado
4525,1122,40,Segurança da Informação,2023-11-13,2023-12-02,39.82,74.76,6.31,Concluído
4526,1122,73,Segurança da Informação,2023-12-25,2024-07-03,13.4,79.07,7.96,Concluído
4527,1122,88,Oratória,2023-09-22,2023-10-22,5.37,60.16,6.59,Concluído
4528,1122,98,Power BI,2023-06-12,,11.33,76.65,,Em Andamento
4529,1124,98,Negociação,2024-11-21,2024-11-26,17.84,88.96,7.91,Concluído
4530,1124,91,Power BI,2024-12-03,2024-12-08,35.8,62.32,7.49,Concluído
4531,1124,19,Python Avançado,2024-11-27,2024-12-26,33.61,67.11,6.92,Concluído
4532,1124,37,Cloud Computing AWS,2024-02-23,2024-03-13,18.47,96.07,6.36,Concluído
4533,1124,22,JavaScript Moderno,2024-05-10,2024-09-23,30.19,98.2,8.08,Concluído
4534,1124,71,Liderança e Gestão de Pessoas,2024-08-31,2024-09-18,26.72,68.33,7.09,Concluído
4535,1124,67,Data Analytics,2024-09-20,2024-09-25,31.28,63.14,8.88,Concluído
4536,1125,3,Customer Success,2024-04-19,2024-11-30,21.42,79.18,8.04,Concluído
4537,1125,57,JavaScript Moderno,2023-10-02,2024-02-28,25.31,79.2,8.23,Concluído
4538,1125,80,Agile/Scrum,2023-12-01,2024-10-27,12.41,88.98,8.36,Concluído
4539,1125,63,JavaScript Moderno,2023-07-04,2023-10-28,19.93,93.05,8.09,Concluído
4540,1126,95,Gestão de Projetos,2024-09-02,,4.93,11.56,,Cancelado
4541,1126,47,Machine Learning,2024-09-21,2024-11-28,7.09,90.46,6.44,Concluído
4542,1126,8,Segurança da Informação,2024-12-28,2024-12-30,28.31,74.95,9.9,Concluído
4543,1126,74,JavaScript Moderno,2024-08-08,2024-11-04,38.04,65.55,8.43,Concluído
4544,1127,84,Python Avançado,2024-06-18,2024-08-20,18.7,63.54,8.05,Concluído
4545,1127,8,Gestão de Tempo,2023-12-28,2024-01-02,14.84,68.92,8.52,Concluído
4546,1127,76,Data Analytics,2024-02-26,,3.0,12.91,,Cancelado
4547,1127,91,Gestão de Tempo,2024-12-19,2024-12-22,25.51,95.34,6.04,Concluído
4548,1128,23,DevOps e CI/CD,2024-02-29,2024-07-29,19.04,60.09,9.4,Concluído
4549,1128,12,JavaScript Moderno,2024-08-24,2024-12-09,33.12,61.89,7.86,Concluído
4550,1128,30,Liderança e Gestão de Pessoas,2024-09-07,2024-09-20,4.79,63.42,8.97,Concluído
4551,1128,40,Gestão de Projetos,2024-06-14,2024-12-02,11.6,74.19,6.64,Concluído
4552,1128,90,Power BI,2024-06-01,2024-08-07,29.95,92.73,7.27,Concluído
4553,1129,23,Product Management,2022-12-10,2024-12-01,18.05,63.99,7.25,Concluído
4554,1129,24,Agile/Scrum,2023-12-11,2024-04-18,22.3,96.32,7.26,Concluído
4555,1129,89,Cloud Computing AWS,2023-06-22,,13.45,12.88,,Em Andamento
4556,1129,90,Oratória,2023-07-28,2023-09-17,19.4,83.54,8.39,Concluído
4557,1129,46,Liderança e Gestão de Pessoas,2024-02-14,2024-03-26,24.9,98.07,6.02,Concluído
4558,1131,10,Agile/Scrum,2024-02-19,,18.86,47.77,,Em Andamento
4559,1131,44,DevOps e CI/CD,2024-07-01,,8.67,62.22,,Em Andamento
4560,1131,26,Excel Avançado,2024-05-09,2024-10-26,17.03,74.61,6.25,Concluído
4561,1131,20,JavaScript Moderno,2022-07-20,2023-03-11,10.14,69.5,8.62,Concluído
4562,1131,92,Comunicação Eficaz,2024-03-02,2024-04-12,4.32,98.64,7.28,Concluído
4563,1131,16,Oratória,2022-06-01,2023-02-26,33.24,96.86,9.35,Concluído
4564,1131,24,Customer Success,2023-08-18,2024-06-11,32.59,94.17,6.85,Concluído
4565,1132,56,Product Management,2024-04-16,2024-07-13,25.78,96.79,9.8,Concluído
4566,1132,79,Data Analytics,2024-05-10,2024-11-08,7.72,82.81,7.69,Concluído
4567,1132,22,Data Analytics,2022-05-08,2023-06-25,15.21,96.16,7.12,Concluído
4568,1132,66,Vendas Consultivas,2023-07-29,2024-01-28,30.71,63.61,9.36,Concluído
4569,1133,77,JavaScript Moderno,2023-10-27,2024-05-07,33.6,99.17,7.58,Concluído
4570,1133,24,Agile/Scrum,2024-03-25,2024-11-05,10.55,78.34,6.63,Concluído
4571,1133,17,Python Avançado,2023-07-18,2024-08-25,28.87,66.74,7.71,Concluído
4572,1134,8,Power BI,2022-06-11,2022-10-09,34.42,71.0,8.85,Concluído
4573,1134,62,Vendas Consultivas,2024-12-25,2024-12-27,30.98,95.95,7.25,Concluído
4574,1134,62,DevOps e CI/CD,2022-04-01,2022-07-27,26.21,80.0,6.8,Concluído
4575,1134,20,Gestão de Tempo,2022-11-04,2023-07-31,14.72,61.23,7.86,Concluído
4576,1134,68,Liderança e Gestão de Pessoas,2024-02-02,2024-08-27,34.59,79.74,8.88,Concluído
4577,1134,10,DevOps e CI/CD,2022-10-07,2023-07-09,25.37,88.1,7.0,Concluído
4578,1135,26,JavaScript Moderno,2024-07-11,2024-09-12,8.24,70.06,8.63,Concluído
4579,1135,6,Python Avançado,2024-09-09,2024-12-01,37.35,73.87,9.83,Concluído
4580,1136,29,Cloud Computing AWS,2024-04-07,2024-06-18,18.64,96.36,8.89,Concluído
4581,1136,38,Cloud Computing AWS,2024-04-24,2024-12-07,29.43,80.82,9.27,Concluído
4582,1136,53,Gestão de Projetos,2024-12-20,2024-12-29,24.67,95.52,6.97,Concluído
4583,1136,18,JavaScript Moderno,2024-05-26,,4.62,58.19,,Em Andamento
4584,1136,26,Negociação,2024-10-04,2024-10-08,37.79,64.49,6.56,Concluído
4585,1136,24,Data Analytics,2024-04-01,2024-04-12,19.23,83.45,9.45,Concluído
4586,1136,5,Python Avançado,2024-11-06,2024-12-03,39.76,80.02,9.2,Concluído
4587,1136,43,Product Management,2024-06-03,,18.31,46.07,,Em Andamento
4588,1137,88,JavaScript Moderno,2024-11-14,2024-12-29,19.27,64.5,6.94,Concluído
4589,1139,75,Negociação,2024-04-22,,2.15,40.63,,Em Andamento
4590,1139,96,Gestão de Projetos,2024-11-20,2024-12-11,17.52,78.95,6.09,Concluído
4591,1139,60,Python Avançado,2024-09-24,,8.08,55.91,,Em Andamento
4592,1139,73,Segurança da Informação,2024-06-21,2024-12-10,16.65,85.49,8.78,Concluído
4593,1139,25,Customer Success,2024-11-18,,6.39,81.86,,Em Andamento
4594,1140,3,Comunicação Eficaz,2024-12-04,2024-12-11,12.92,73.1,9.41,Concluído
4595,1140,80,Product Management,2024-10-12,2024-11-20,31.83,89.25,6.97,Concluído
4596,1142,51,Customer Success,2023-06-09,2023-12-07,7.22,81.75,7.89,Concluído
4597,1142,89,Product Management,2023-05-25,2024-07-15,23.87,91.68,9.24,Concluído
4598,1143,19,Negociação,2024-06-24,2024-10-31,30.96,72.64,7.43,Concluído
4599,1143,92,Machine Learning,2024-12-15,,15.32,9.28,,Em Andamento
4600,1143,93,Data Analytics,2023-12-27,2024-04-21,39.56,94.81,9.2,Concluído
4601,1143,53,Machine Learning,2022-11-03,2024-11-17,27.57,72.31,7.28,Concluído
4602,1143,69,Customer Success,2023-02-05,2023-11-17,26.5,68.83,6.7,Concluído
4603,1143,16,DevOps e CI/CD,2023-01-07,,3.84,24.31,,Cancelado
4604,1144,82,Oratória,2023-07-27,2023-10-01,16.78,61.35,7.07,Concluído
4605,1144,40,Gestão de Projetos,2023-05-25,2024-05-12,24.78,72.11,6.14,Concluído
4606,1144,5,Cloud Computing AWS,2024-12-18,2024-12-24,19.11,88.77,8.02,Concluído
4607,1145,75,Python Avançado,2024-09-19,2024-10-18,18.29,74.26,9.64,Concluído
4608,1145,48,Machine Learning,2024-12-24,2024-12-30,10.85,72.74,7.09,Concluído
4609,1145,69,Oratória,2024-10-05,2024-10-23,19.04,93.74,8.76,Concluído
4610,1145,11,Comunicação Eficaz,2024-10-30,2024-11-03,8.79,64.84,7.48,Concluído
4611,1145,61,Product Management,2024-09-17,2024-11-23,9.04,83.4,7.21,Concluído
4612,1145,60,Segurança da Informação,2024-11-17,2024-11-29,8.37,83.16,6.19,Concluído
4613,1145,39,Product Management,2024-10-16,2024-12-02,16.29,77.71,8.65,Concluído
4614,1145,12,Power BI,2024-09-28,2024-11-17,25.47,77.78,9.92,Concluído
4615,1146,78,Product Management,2024-02-01,,5.65,16.1,,Em Andamento
4616,1147,75,Oratória,2024-05-25,2024-11-08,35.85,79.05,6.33,Concluído
4617,1147,81,Data Analytics,2024-10-06,2024-12-05,28.65,90.86,7.36,Concluído
4618,1147,100,Segurança da Informação,2024-09-23,2024-10-06,16.76,91.19,6.87,Concluído
4619,1148,74,Negociação,2024-11-13,2024-11-18,4.84,94.16,9.9,Concluído
4620,1148,7,Comunicação Eficaz,2024-12-07,2024-12-25,39.08,85.46,7.34,Concluído
4621,1148,11,Segurança da Informação,2024-10-13,,6.43,19.09,,Em Andamento
4622,1148,53,Python Avançado,2024-09-24,,17.83,26.98,,Em Andamento
4623,1148,1,Cloud Computing AWS,2024-12-25,2024-12-29,17.51,66.23,7.83,Concluído
4624,1149,41,Comunicação Eficaz,2024-11-09,2024-12-03,29.62,68.95,8.83,Concluído
4625,1149,47,Gestão de Projetos,2024-09-27,,15.25,0.01,,Em Andamento
4626,1149,17,Machine Learning,2024-12-16,2024-12-25,34.65,86.72,9.43,Concluído
4627,1149,52,Power BI,2024-11-12,2024-12-13,10.35,74.47,8.83,Concluído
4628,1149,80,Negociação,2024-10-27,2024-12-19,9.46,90.29,7.39,Concluído
4629,1149,57,Excel Avançado,2024-12-04,2024-12-14,26.32,79.87,7.89,Concluído
4630,1150,51,Python Avançado,2024-04-26,2024-10-20,21.57,82.6,7.11,Concluído
4631,1150,84,Python Avançado,2024-09-10,,8.05,9.28,,Em Andamento
4632,1150,69,DevOps e CI/CD,2023-09-30,2024-02-23,4.42,74.55,9.79,Concluído
4633,1150,61,Power BI,2024-12-07,2024-12-11,39.96,76.67,6.01,Concluído
4634,1152,3,DevOps e CI/CD,2022-12-03,2023-09-01,29.86,74.65,9.03,Concluído
4635,1152,12,Liderança e Gestão de Pessoas,2024-09-08,,10.25,17.04,,Em Andamento
4636,1152,69,Design Thinking,2023-04-15,2023-09-20,31.25,99.56,8.96,Concluído
4637,1152,8,Python Avançado,2023-07-17,2024-05-16,6.13,97.53,6.96,Concluído
4638,1152,25,Python Avançado,2024-12-19,2024-12-27,5.98,74.07,9.5,Concluído
4639,1152,21,Segurança da Informação,2023-09-08,2024-09-14,38.95,60.98,7.67,Concluído
4640,1152,97,DevOps e CI/CD,2024-08-16,,9.91,30.83,,Em Andamento
4641,1153,33,Product Management,2022-10-07,,12.26,59.39,,Em Andamento
4642,1153,65,JavaScript Moderno,2024-09-05,2024-12-22,9.42,81.39,7.18,Concluído
4643,1153,19,JavaScript Moderno,2024-06-06,,17.11,67.54,,Em Andamento
4644,1153,25,Design Thinking,2023-02-08,2023-12-31,19.46,60.87,6.6,Concluído
4645,1153,46,Oratória,2023-05-13,,3.12,0.74,,Em Andamento
4646,1153,53,Python Avançado,2023-07-11,2023-09-14,8.16,88.59,8.41,Concluído
4647,1153,14,Segurança da Informação,2022-12-26,2024-10-29,4.54,98.29,9.52,Concluído
4648,1153,84,Oratória,2023-08-03,2023-10-22,19.99,98.88,6.83,Concluído
4649,1154,69,Agile/Scrum,2024-12-21,2024-12-29,16.99,81.43,7.6,Concluído
4650,1154,53,Oratória,2024-12-23,,15.87,65.45,,Em Andamento
4651,1154,100,Cloud Computing AWS,2024-12-13,2024-12-21,24.42,96.83,8.83,Concluído
4652,1154,87,Negociação,2024-12-25,,5.81,1.53,,Em Andamento
4653,1154,26,Cloud Computing AWS,2024-12-16,2024-12-29,21.19,93.09,6.48,Concluído
4654,1155,47,DevOps e CI/CD,2024-06-10,2024-07-21,7.01,67.41,9.2,Concluído
4655,1155,24,Python Avançado,2024-05-30,2024-10-08,33.14,64.97,7.31,Concluído
4656,1157,14,Gestão de Projetos,2022-09-19,2024-05-08,17.62,60.52,8.72,Concluído
4657,1159,5,Power BI,2024-08-11,2024-10-29,24.05,68.5,6.0,Concluído
4658,1159,60,DevOps e CI/CD,2024-03-25,2024-04-28,21.1,97.47,9.62,Concluído
4659,1159,98,Cloud Computing AWS,2024-11-28,2024-12-02,13.35,81.81,8.7,Concluído
4660,1159,76,Negociação,2024-06-19,2024-08-23,10.17,86.81,9.63,Concluído
4661,1159,63,Vendas Consultivas,2024-07-09,2024-11-07,31.36,65.95,7.16,Concluído
4662,1159,66,Machine Learning,2024-12-11,2024-12-16,15.14,72.85,6.42,Concluído
4663,1159,71,Cloud Computing AWS,2024-07-03,2024-07-13,7.26,83.75,6.27,Concluído
4664,1160,9,Negociação,2024-10-14,2024-11-06,20.78,76.8,6.99,Concluído
4665,1160,76,Gestão de Tempo,2024-10-30,2024-12-01,7.53,75.52,9.25,Concluído
4666,1160,10,Segurança da Informação,2024-12-04,2024-12-15,12.9,68.37,9.78,Concluído
4667,1160,6,Oratória,2024-12-15,2024-12-25,13.26,75.61,8.83,Concluído
4668,1160,56,Vendas Consultivas,2024-11-28,2024-12-11,16.09,79.55,9.79,Concluído
4669,1160,70,Oratória,2024-12-15,2024-12-31,7.83,62.32,7.83,Concluído
4670,1161,26,Gestão de Tempo,2024-07-27,2024-10-28,5.43,62.07,9.71,Concluído
4671,1161,15,Design Thinking,2024-08-02,2024-10-18,32.1,78.86,9.05,Concluído
4672,1161,11,Comunicação Eficaz,2024-03-22,2024-09-01,39.69,73.24,7.23,Concluído
4673,1161,81,Data Analytics,2024-08-22,2024-10-28,12.42,93.29,9.57,Concluído
4674,1161,70,Machine Learning,2024-11-01,2024-12-11,32.36,88.75,6.41,Concluído
4675,1161,79,Liderança e Gestão de Pessoas,2024-08-21,2024-12-29,35.24,99.97,9.79,Concluído
4676,1162,56,Gestão de Tempo,2024-01-09,2024-03-26,28.31,94.4,6.47,Concluído
4677,1163,68,Liderança e Gestão de Pessoas,2024-03-08,,8.83,10.47,,Cancelado
4678,1163,84,DevOps e CI/CD,2024-01-28,2024-03-11,19.19,64.76,8.89,Concluído
4679,1163,94,Liderança e Gestão de Pessoas,2023-12-17,2023-12-24,4.78,99.25,6.95,Concluído
4680,1163,9,Gestão de Tempo,2023-11-19,,5.49,31.02,,Cancelado
4681,1163,56,Python Avançado,2024-11-04,,3.3,27.41,,Cancelado
4682,1163,51,Segurança da Informação,2023-11-23,2024-07-18,38.54,80.24,6.08,Concluído
4683,1164,45,Machine Learning,2024-04-29,2024-08-04,32.46,86.51,6.61,Concluído
4684,1164,95,Liderança e Gestão de Pessoas,2024-09-27,2024-10-09,19.67,93.51,8.25,Concluído
4685,1164,33,Power BI,2024-02-03,2024-05-31,15.49,75.71,6.05,Concluído
4686,1165,59,Liderança e Gestão de Pessoas,2024-07-30,2024-10-31,25.13,64.78,7.93,Concluído
4687,1165,59,Agile/Scrum,2024-01-18,2024-04-26,28.92,81.47,7.14,Concluído
4688,1165,16,Customer Success,2024-06-22,2024-07-21,36.6,90.63,8.92,Concluído
4689,1165,17,Segurança da Informação,2024-06-01,2024-07-18,37.26,63.67,7.76,Concluído
4690,1165,52,DevOps e CI/CD,2023-07-21,2024-12-28,5.32,86.32,9.66,Concluído
4691,1165,8,Gestão de Tempo,2023-07-28,2024-02-20,25.24,64.88,7.19,Concluído
4692,1165,61,Power BI,2023-11-16,2024-12-14,16.25,64.43,8.3,Concluído
4693,1166,95,JavaScript Moderno,2023-08-08,2024-06-02,17.03,63.4,8.0,Concluído
4694,1166,67,Machine Learning,2024-10-12,2024-12-01,37.79,77.75,9.34,Concluído
4695,1166,8,Gestão de Tempo,2024-02-26,2024-10-10,34.51,99.36,8.43,Concluído
4696,1166,64,Product Management,2023-11-15,2024-08-21,17.76,80.88,6.53,Concluído
4697,1167,42,Gestão de Tempo,2024-07-14,2024-10-06,6.44,92.53,8.97,Concluído
4698,1167,21,Liderança e Gestão de Pessoas,2024-08-06,2024-09-23,11.66,89.33,6.37,Concluído
4699,1168,40,Oratória,2024-12-20,2024-12-23,22.9,70.37,8.35,Concluído
4700,1169,23,Liderança e Gestão de Pessoas,2024-05-30,,7.08,22.35,,Em Andamento
4701,1169,19,Agile/Scrum,2023-12-12,2024-11-11,29.29,71.74,9.25,Concluído
4702,1169,66,Comunicação Eficaz,2024-05-02,2024-06-18,30.63,99.57,6.7,Concluído
4703,1169,70,Python Avançado,2023-08-02,2024-05-05,36.11,62.11,8.92,Concluído
4704,1169,52,Agile/Scrum,2024-08-26,2024-09-27,20.61,99.17,9.73,Concluído
4705,1169,9,Excel Avançado,2024-03-14,2024-04-06,30.56,80.52,7.86,Concluído
4706,1169,37,Customer Success,2024-02-16,2024-09-21,11.65,91.45,7.91,Concluído
4707,1170,54,Design Thinking,2024-05-26,,2.11,55.38,,Em Andamento
4708,1171,67,Segurança da Informação,2024-12-13,2024-12-29,18.76,61.54,8.22,Concluído
4709,1172,38,Python Avançado,2024-12-17,2024-12-31,12.17,75.84,6.03,Concluído
4710,1172,74,Liderança e Gestão de Pessoas,2024-12-01,2024-12-07,39.93,97.03,9.52,Concluído
4711,1172,98,Cloud Computing AWS,2024-11-04,,14.31,71.1,,Em Andamento
4712,1172,37,Product Management,2024-10-01,2024-11-27,8.01,77.71,8.37,Concluído
4713,1172,91,JavaScript Moderno,2024-10-12,2024-11-22,29.73,96.57,6.15,Concluído
4714,1172,2,Gestão de Projetos,2024-12-08,2024-12-20,15.07,67.88,7.39,Concluído
4715,1172,73,Power BI,2024-10-13,2024-10-16,15.26,69.1,6.42,Concluído
4716,1175,46,Python Avançado,2024-07-29,2024-09-28,13.59,85.2,7.12,Concluído
4717,1176,14,JavaScript Moderno,2024-11-03,2024-11-09,10.01,74.83,9.01,Concluído
4718,1176,7,Liderança e Gestão de Pessoas,2024-12-26,2024-12-31,33.43,73.74,8.17,Concluído
4719,1176,29,Product Management,2024-12-08,,12.82,63.4,,Em Andamento
4720,1176,4,Customer Success,2024-12-06,,14.8,78.04,,Em Andamento
4721,1176,71,Oratória,2024-10-29,2024-12-26,16.61,99.2,8.57,Concluído
4722,1176,63,Product Management,2024-10-18,2024-10-30,25.34,72.28,7.93,Concluído
4723,1176,80,Gestão de Projetos,2024-12-17,2024-12-23,28.06,71.87,6.69,Concluído
4724,1176,7,Comunicação Eficaz,2024-12-25,2024-12-27,18.36,75.13,8.28,Concluído
4725,1177,96,Product Management,2024-10-30,2024-11-20,28.95,78.58,8.72,Concluído
4726,1177,97,Agile/Scrum,2024-07-09,2024-07-23,26.34,76.7,9.03,Concluído
4727,1177,81,Customer Success,2024-06-13,2024-12-12,39.02,77.74,9.9,Concluído
4728,1177,45,Customer Success,2024-05-05,2024-08-13,14.96,95.32,7.86,Concluído
4729,1177,72,Excel Avançado,2024-10-01,,19.87,83.8,,Em Andamento
4730,1177,27,Product Management,2024-05-16,,13.52,68.14,,Em Andamento
4731,1177,15,Data Analytics,2024-06-24,2024-12-09,23.31,63.59,9.92,Concluído
4732,1178,50,Segurança da Informação,2024-02-10,,18.63,64.05,,Em Andamento
4733,1178,44,JavaScript Moderno,2024-05-02,2024-08-05,26.48,97.27,6.69,Concluído
4734,1179,83,DevOps e CI/CD,2024-05-11,2024-10-05,24.72,67.74,8.93,Concluído
4735,1179,81,Agile/Scrum,2024-10-04,2024-11-21,13.8,68.26,9.91,Concluído
4736,1179,51,Negociação,2024-06-16,2024-07-27,25.57,77.75,9.09,Concluído
4737,1179,29,Agile/Scrum,2024-12-02,2024-12-25,19.8,81.49,7.65,Concluído
4738,1179,17,Negociação,2024-10-01,,8.85,4.66,,Cancelado
4739,1179,30,Liderança e Gestão de Pessoas,2024-09-26,2024-10-19,15.21,83.58,9.81,Concluído
4740,1180,69,Customer Success,2024-04-20,2024-12-26,28.04,84.41,7.0,Concluído
4741,1180,19,Customer Success,2024-11-30,2024-12-06,34.88,70.84,7.27,Concluído
4742,1180,64,Cloud Computing AWS,2024-04-20,2024-07-21,27.06,62.12,6.5,Concluído
4743,1180,66,Vendas Consultivas,2024-10-27,2024-12-19,16.73,79.0,9.58,Concluído
4744,1180,76,Agile/Scrum,2024-05-26,,13.9,34.92,,Em Andamento
4745,1180,100,Liderança e Gestão de Pessoas,2024-11-21,2024-12-03,19.9,74.83,8.62,Concluído
4746,1181,96,Segurança da Informação,2024-08-07,,6.8,83.81,,Em Andamento
4747,1181,77,Gestão de Projetos,2024-05-30,2024-07-16,31.02,63.45,8.1,Concluído
4748,1181,66,Negociação,2023-04-20,2023-04-27,18.71,79.13,7.51,Concluído
4749,1181,40,Cloud Computing AWS,2024-12-05,2024-12-19,25.65,80.93,7.88,Concluído
4750,1181,52,Python Avançado,2024-11-27,,13.24,45.12,,Em Andamento
4751,1181,42,Negociação,2023-01-26,2024-06-11,22.97,83.84,8.04,Concluído
4752,1181,78,Excel Avançado,2024-06-02,2024-07-12,19.84,64.87,8.77,Concluído
4753,1182,73,Vendas Consultivas,2024-12-07,2024-12-10,17.09,66.81,7.9,Concluído
4754,1182,18,Product Management,2023-08-18,,16.52,89.36,,Em Andamento
4755,1182,34,Design Thinking,2023-09-11,2024-02-29,31.55,96.24,9.42,Concluído
4756,1182,8,DevOps e CI/CD,2024-11-21,2024-12-06,25.16,68.0,6.26,Concluído
4757,1182,31,Gestão de Tempo,2024-12-03,2024-12-09,16.43,83.06,6.41,Concluído
4758,1183,70,Design Thinking,2024-03-16,2024-09-27,27.93,74.74,9.06,Concluído
4759,1184,37,Power BI,2024-08-04,2024-12-10,5.6,64.15,6.44,Concluído
4760,1184,80,Cloud Computing AWS,2023-09-27,,11.24,59.32,,Em Andamento
4761,1184,58,Segurança da Informação,2024-10-22,2024-12-22,18.81,95.39,6.4,Concluído
4762,1185,90,JavaScript Moderno,2024-05-23,,14.11,55.2,,Em Andamento
4763,1185,73,Design Thinking,2024-12-31,2025-01-01,38.45,91.23,8.62,Concluído
4764,1185,47,Power BI,2024-04-26,,6.68,59.83,,Em Andamento
4765,1185,2,Liderança e Gestão de Pessoas,2023-09-08,2024-06-11,35.07,85.29,9.38,Concluído
4766,1185,67,DevOps e CI/CD,2023-08-27,2024-12-23,38.74,88.45,9.12,Concluído
4767,1186,41,Power BI,2024-08-05,2024-11-16,13.95,88.81,6.33,Concluído
4768,1186,38,Oratória,2024-10-13,,6.42,32.45,,Cancelado
4769,1186,26,Gestão de Projetos,2024-12-12,2024-12-20,18.17,70.58,8.17,Concluído
4770,1186,7,Machine Learning,2024-02-03,2024-05-31,20.94,67.6,9.46,Concluído
4771,1187,6,Comunicação Eficaz,2024-10-06,2024-11-25,9.4,77.26,8.53,Concluído
4772,1188,57,Negociação,2023-02-02,,15.09,42.64,,Em Andamento
4773,1188,100,DevOps e CI/CD,2023-05-21,,13.59,44.98,,Em Andamento
4774,1188,69,Customer Success,2024-01-06,2024-01-07,36.41,85.89,7.38,Concluído
4775,1188,54,Liderança e Gestão de Pessoas,2022-08-24,,1.56,26.16,,Cancelado
4776,1188,50,Gestão de Projetos,2024-07-20,2024-08-20,6.24,84.13,6.49,Concluído
4777,1188,21,Oratória,2024-03-08,2024-03-29,4.17,91.88,8.33,Concluído
4778,1189,40,JavaScript Moderno,2024-10-21,2024-11-19,34.43,73.97,8.82,Concluído
4779,1189,38,Customer Success,2024-07-18,2024-07-27,13.55,83.67,8.81,Concluído
4780,1189,30,JavaScript Moderno,2024-12-20,2024-12-23,25.52,62.5,6.06,Concluído
4781,1190,44,JavaScript Moderno,2024-03-11,2024-07-24,18.88,94.89,9.81,Concluído
4782,1190,26,Excel Avançado,2024-06-16,2024-07-18,19.12,80.39,9.69,Concluído
4783,1190,54,Machine Learning,2024-03-18,2024-11-19,16.34,63.41,7.22,Concluído
4784,1190,84,DevOps e CI/CD,2024-05-14,2024-11-17,29.2,72.24,8.25,Concluído
4785,1190,29,Negociação,2024-07-13,2024-12-24,6.85,82.9,9.01,Concluído
4786,1191,69,Python Avançado,2024-11-18,2024-11-29,17.52,85.46,8.69,Concluído
4787,1191,82,Agile/Scrum,2023-07-24,2024-06-25,37.88,96.73,8.63,Concluído
4788,1191,3,Vendas Consultivas,2023-12-29,,2.25,25.38,,Em Andamento
4789,1191,75,Python Avançado,2024-10-31,,6.77,18.31,,Cancelado
4790,1191,98,Agile/Scrum,2022-09-10,2023-11-15,22.98,69.15,8.8,Concluído
4791,1191,55,Negociação,2023-04-17,2023-05-24,15.86,61.15,6.36,Concluído
4792,1192,32,Gestão de Tempo,2024-12-27,2024-12-30,30.05,73.9,9.78,Concluído
4793,1193,50,JavaScript Moderno,2024-12-29,2024-12-31,20.19,93.29,6.62,Concluído
4794,1193,85,Design Thinking,2024-10-26,,12.56,29.16,,Em Andamento
4795,1193,20,Comunicação Eficaz,2024-07-29,2024-12-26,39.72,82.39,8.33,Concluído
4796,1193,75,Negociação,2024-06-24,,13.61,71.74,,Em Andamento
4797,1193,89,DevOps e CI/CD,2024-07-07,,5.54,24.34,,Cancelado
4798,1194,72,Machine Learning,2023-10-04,2024-07-08,16.2,69.15,9.64,Concluído
4799,1194,50,Excel Avançado,2024-04-24,2024-05-15,33.41,67.13,9.96,Concluído
4800,1194,80,Power BI,2024-11-25,2024-12-10,14.36,70.32,7.47,Concluído
4801,1194,22,Machine Learning,2023-05-29,2024-03-22,35.08,81.33,7.45,Concluído
4802,1194,65,JavaScript Moderno,2024-01-18,2024-11-03,13.77,61.34,6.48,Concluído
4803,1194,28,Excel Avançado,2024-04-09,,10.73,77.13,,Em Andamento
4804,1194,67,Negociação,2023-10-11,2024-07-24,23.04,74.11,6.64,Concluído
4805,1195,9,Product Management,2024-01-19,,10.38,49.89,,Em Andamento
4806,1195,21,Liderança e Gestão de Pessoas,2024-12-04,2024-12-08,28.94,83.3,7.23,Concluído
4807,1195,34,Excel Avançado,2024-11-27,2024-12-30,11.32,86.96,7.51,Concluído
4808,1195,43,Design Thinking,2023-12-29,2024-05-05,12.07,66.0,8.62,Concluído
4809,1195,14,Negociação,2023-05-21,,16.34,49.03,,Em Andamento
4810,1195,53,Comunicação Eficaz,2024-12-10,2024-12-25,17.0,81.27,6.89,Concluído
4811,1195,43,Oratória,2024-01-20,2024-09-11,5.74,63.86,7.21,Concluído
4812,1196,96,Vendas Consultivas,2024-07-01,,19.49,66.66,,Em Andamento
4813,1196,44,Agile/Scrum,2023-04-04,2023-10-25,4.87,62.09,6.0,Concluído
4814,1197,51,Machine Learning,2024-03-27,,5.17,6.91,,Cancelado
4815,1197,90,Power BI,2023-09-08,2024-11-12,15.01,95.12,8.2,Concluído
4816,1198,6,Power BI,2024-05-27,,19.75,64.59,,Em Andamento
4817,1198,70,JavaScript Moderno,2024-12-01,2024-12-24,29.92,74.35,7.48,Concluído
4818,1198,22,Cloud Computing AWS,2024-08-17,2024-09-12,31.08,98.58,7.86,Concluído
4819,1198,17,Machine Learning,2023-04-20,2023-11-21,24.51,79.79,8.06,Concluído
4820,1198,49,Python Avançado,2024-07-28,2024-09-29,28.67,77.35,7.61,Concluído
4821,1198,33,DevOps e CI/CD,2024-09-21,,7.76,10.93,,Cancelado
4822,1198,18,Oratória,2024-08-05,2024-08-28,25.95,67.91,7.81,Concluído
4823,1198,59,JavaScript Moderno,2023-04-18,2024-11-05,10.33,99.11,6.12,Concluído
4824,1199,28,Data Analytics,2023-11-11,,14.22,34.61,,Em Andamento
4825,1199,90,JavaScript Moderno,2024-04-30,,7.69,38.91,,Cancelado
4826,1199,8,Power BI,2023-09-25,2024-11-14,39.96,66.51,7.32,Concluído
4827,1199,37,Excel Avançado,2022-12-08,2023-07-12,24.13,98.06,8.84,Concluído
4828,1200,2,Liderança e Gestão de Pessoas,2023-04-17,,10.13,20.98,,Em Andamento
4829,1200,73,Gestão de Tempo,2023-03-31,,13.74,81.97,,Em Andamento
4830,1200,61,Cloud Computing AWS,2023-09-15,2024-11-25,28.74,77.04,8.59,Concluído
4831,1200,91,Design Thinking,2022-12-23,2024-06-11,13.2,86.03,9.71,Concluído
4832,1200,97,Cloud Computing AWS,2024-09-01,2024-09-20,5.15,68.71,6.27,Concluído
4833,1201,88,Data Analytics,2024-01-17,2024-05-03,32.23,68.65,6.62,Concluído
4834,1202,21,Segurança da Informação,2024-11-13,2024-12-25,38.91,63.79,7.16,Concluído
4835,1202,69,JavaScript Moderno,2024-03-03,2024-03-05,28.73,93.51,9.86,Concluído
4836,1202,17,DevOps e CI/CD,2024-01-24,2024-08-18,20.09,85.94,7.16,Concluído
4837,1202,74,Gestão de Projetos,2024-02-18,2024-06-16,21.61,74.82,9.75,Concluído
4838,1202,65,Gestão de Tempo,2023-04-19,2023-07-19,36.7,84.82,6.7,Concluído
4839,1202,10,Customer Success,2023-03-10,2023-03-13,30.63,65.1,7.39,Concluído
4840,1202,66,Python Avançado,2024-09-11,2024-10-27,36.86,70.82,9.11,Concluído
4841,1202,4,Gestão de Tempo,2023-08-25,2024-01-29,29.4,73.02,7.55,Concluído
4842,1203,65,Segurança da Informação,2024-12-29,2024-12-30,24.48,73.45,7.02,Concluído
4843,1203,11,JavaScript Moderno,2024-12-29,2024-12-31,38.07,99.96,8.97,Concluído
4844,1203,96,Design Thinking,2024-12-29,2024-12-31,37.05,93.45,8.76,Concluído
4845,1203,44,Gestão de Projetos,2024-12-29,2024-12-31,38.44,93.74,6.86,Concluído
4846,1203,84,Vendas Consultivas,2024-12-28,,7.84,22.46,,Cancelado
4847,1204,42,JavaScript Moderno,2024-04-12,2024-09-08,24.51,60.97,9.1,Concluído
4848,1204,26,Segurança da Informação,2024-10-06,2024-12-27,33.66,86.77,8.22,Concluído
4849,1204,12,Data Analytics,2024-01-24,2024-11-01,7.59,75.78,8.42,Concluído
4850,1205,26,Liderança e Gestão de Pessoas,2024-12-04,,10.04,38.96,,Em Andamento
4851,1207,45,Negociação,2024-09-10,2024-12-25,39.46,97.18,8.58,Concluído
4852,1207,75,Power BI,2024-08-26,,6.93,3.07,,Cancelado
4853,1208,85,Design Thinking,2024-12-14,,10.37,80.64,,Em Andamento
4854,1208,72,Segurança da Informação,2024-01-11,2024-10-23,22.74,85.44,8.14,Concluído
4855,1208,32,Design Thinking,2024-04-15,2024-04-30,16.41,95.08,9.11,Concluído
4856,1208,34,Comunicação Eficaz,2024-05-15,2024-09-22,12.5,97.64,9.25,Concluído
4857,1208,64,Oratória,2024-09-25,2024-12-28,7.31,98.5,7.94,Concluído
4858,1208,54,Comunicação Eficaz,2024-05-29,2024-06-30,6.88,77.41,6.36,Concluído
4859,1208,66,Power BI,2024-09-09,2024-09-18,30.54,96.27,6.11,Concluído
4860,1208,78,Comunicação Eficaz,2024-07-26,2024-12-29,20.43,67.7,8.59,Concluído
4861,1209,37,Negociação,2022-09-27,,6.5,9.36,,Em Andamento
4862,1209,43,Machine Learning,2023-08-05,2024-05-14,39.3,77.25,8.19,Concluído
4863,1209,84,Gestão de Tempo,2022-10-02,2023-03-24,14.79,97.17,9.68,Concluído
4864,1210,99,Segurança da Informação,2024-07-03,2024-08-21,4.29,63.94,8.69,Concluído
4865,1211,73,Data Analytics,2024-12-05,,17.8,0.64,,Em Andamento
4866,1212,90,Agile/Scrum,2024-08-15,2024-09-11,29.72,69.03,9.96,Concluído
4867,1212,49,Design Thinking,2024-12-18,2024-12-26,21.22,64.54,6.63,Concluído
4868,1212,23,Vendas Consultivas,2024-08-30,,3.42,35.0,,Em Andamento
4869,1213,18,Excel Avançado,2023-10-20,2024-03-06,13.19,90.05,7.82,Concluído
4870,1213,20,Oratória,2024-12-08,2024-12-28,22.07,67.78,9.03,Concluído
4871,1213,72,Customer Success,2024-06-15,2024-07-13,33.38,81.4,7.57,Concluído
4872,1213,87,Data Analytics,2024-03-26,2024-08-30,4.63,65.0,8.21,Concluído
4873,1213,52,Liderança e Gestão de Pessoas,2023-04-26,2023-12-27,31.0,71.07,7.59,Concluído
4874,1214,64,Machine Learning,2024-01-26,2024-02-18,26.66,65.6,7.44,Concluído
4875,1214,42,Cloud Computing AWS,2023-06-27,2024-06-15,21.96,67.85,7.24,Concluído
4876,1214,85,Vendas Consultivas,2024-04-11,2024-05-10,38.42,66.88,6.48,Concluído
4877,1214,67,Gestão de Projetos,2024-04-29,2024-10-29,17.86,73.48,8.48,Concluído
4878,1214,92,Data Analytics,2024-07-21,2024-09-28,23.87,64.49,7.79,Concluído
4879,1215,29,Product Management,2024-06-11,2024-08-28,6.91,60.68,7.04,Concluído
4880,1215,73,Cloud Computing AWS,2024-12-26,2024-12-31,9.37,95.61,10.0,Concluído
4881,1215,88,Python Avançado,2024-05-07,,10.79,11.54,,Em Andamento
4882,1215,87,Customer Success,2024-09-12,2024-11-28,16.96,71.99,7.52,Concluído
4883,1215,24,Oratória,2024-03-15,,18.99,41.29,,Em Andamento
4884,1215,22,Gestão de Projetos,2024-05-09,2024-10-07,22.27,87.8,6.8,Concluído
4885,1216,76,Python Avançado,2024-03-01,,18.8,26.07,,Em Andamento
4886,1216,52,Liderança e Gestão de Pessoas,2022-09-23,2022-10-07,18.2,88.3,9.43,Concluído
4887,1216,7,JavaScript Moderno,2023-06-13,2024-01-20,39.96,68.62,9.78,Concluído
4888,1216,77,Gestão de Projetos,2024-08-01,2024-09-30,20.88,66.13,8.08,Concluído
4889,1217,70,Customer Success,2024-12-25,2024-12-29,9.12,66.31,8.71,Concluído
4890,1217,16,Cloud Computing AWS,2024-12-23,2024-12-29,34.32,69.29,7.81,Concluído
4891,1218,77,Customer Success,2024-08-15,2024-12-07,12.17,75.3,8.16,Concluído
4892,1218,93,Liderança e Gestão de Pessoas,2024-08-04,2024-12-17,33.25,69.59,9.5,Concluído
4893,1218,75,DevOps e CI/CD,2024-07-07,2024-12-22,25.06,68.3,6.75,Concluído
4894,1218,4,Agile/Scrum,2024-10-03,2024-10-30,21.13,87.69,6.04,Concluído
4895,1218,63,Design Thinking,2024-10-25,2024-12-16,6.93,97.64,8.19,Concluído
4896,1218,27,Vendas Consultivas,2024-06-29,2024-09-19,23.66,81.45,9.62,Concluído
4897,1218,86,Data Analytics,2024-06-02,,8.98,26.2,,Cancelado
4898,1220,1,Agile/Scrum,2023-12-18,2024-11-09,12.63,97.62,9.7,Concluído
4899,1220,19,Oratória,2023-08-20,2024-10-31,37.03,88.11,8.88,Concluído
4900,1221,76,Machine Learning,2024-12-07,2024-12-10,12.39,94.36,9.89,Concluído
4901,1221,9,Negociação,2024-12-22,2024-12-31,35.32,76.26,9.32,Concluído
4902,1221,48,Data Analytics,2024-11-15,2024-12-21,10.21,89.45,8.75,Concluído
4903,1221,98,Machine Learning,2024-12-20,2024-12-29,7.71,84.19,9.0,Concluído
4904,1221,91,DevOps e CI/CD,2024-11-30,2024-12-06,18.96,86.13,8.58,Concluído
4905,1221,27,Gestão de Projetos,2024-11-10,2024-12-07,18.63,61.86,8.46,Concluído
4906,1221,73,JavaScript Moderno,2024-12-11,2024-12-18,29.92,89.3,8.25,Concluído
4907,1221,9,DevOps e CI/CD,2024-11-27,2024-12-02,24.72,97.5,6.81,Concluído
4908,1222,49,Oratória,2024-07-27,2024-08-15,25.12,73.79,8.63,Concluído
4909,1222,2,Machine Learning,2022-12-11,2024-11-10,16.2,65.21,8.13,Concluído
4910,1223,74,Machine Learning,2024-09-08,2024-09-11,31.89,65.22,6.38,Concluído
4911,1223,28,Gestão de Projetos,2024-12-15,2024-12-21,38.58,94.75,7.11,Concluído
4912,1223,83,Data Analytics,2024-04-05,2024-12-04,9.3,87.3,8.72,Concluído
4913,1223,18,Excel Avançado,2023-10-17,2024-02-09,29.53,89.67,8.93,Concluído
4914,1224,48,Cloud Computing AWS,2024-11-21,,2.89,51.33,,Em Andamento
4915,1224,60,Oratória,2024-03-11,2024-05-04,4.93,96.33,7.44,Concluído
4916,1224,53,Vendas Consultivas,2024-02-16,2024-11-01,32.67,65.09,7.64,Concluído
4917,1224,35,Oratória,2024-12-02,2024-12-11,12.81,81.37,6.95,Concluído
4918,1224,83,Agile/Scrum,2024-06-04,2024-11-02,12.96,98.23,8.08,Concluído
4919,1224,92,Liderança e Gestão de Pessoas,2024-09-19,2024-12-10,34.59,99.67,6.17,Concluído
4920,1224,63,Product Management,2023-04-21,,8.53,41.68,,Em Andamento
4921,1225,57,Cloud Computing AWS,2023-02-10,2024-04-26,11.53,76.75,7.57,Concluído
4922,1225,84,Gestão de Tempo,2023-11-27,2024-10-16,27.66,73.43,7.72,Concluído
4923,1225,90,Gestão de Projetos,2023-01-15,2024-02-12,4.69,87.84,8.02,Concluído
4924,1225,51,Python Avançado,2023-05-01,2024-06-20,20.13,84.97,7.4,Concluído
4925,1225,53,Liderança e Gestão de Pessoas,2023-02-14,2024-02-20,33.72,80.05,9.51,Concluído
4926,1225,17,Gestão de Tempo,2024-04-18,2024-11-17,11.27,95.49,9.6,Concluído
4927,1225,89,Cloud Computing AWS,2024-01-30,2024-06-11,8.42,85.38,9.95,Concluído
4928,1226,9,Product Management,2023-05-19,2024-01-28,13.18,90.94,8.39,Concluído
4929,1226,57,Cloud Computing AWS,2023-06-07,2024-08-27,39.79,68.94,6.47,Concluído
4930,1226,7,Segurança da Informação,2022-05-28,2024-10-07,26.1,81.39,7.9,Concluído
4931,1226,84,Agile/Scrum,2024-09-01,,3.19,79.25,,Em Andamento
4932,1226,63,Excel Avançado,2023-03-08,2024-02-09,7.16,73.63,9.41,Concluído
4933,1226,84,Cloud Computing AWS,2023-07-16,2024-04-22,20.22,97.46,6.53,Concluído
4934,1226,98,Segurança da Informação,2024-12-06,,5.21,41.61,,Em Andamento
4935,1227,54,Agile/Scrum,2023-11-28,2024-06-20,16.34,82.29,9.25,Concluído
4936,1227,30,Segurança da Informação,2023-09-08,2024-01-28,11.98,82.97,9.73,Concluído
4937,1227,2,Product Management,2023-08-09,,3.83,36.87,,Cancelado
4938,1227,14,Negociação,2024-10-22,2024-10-24,21.19,66.22,6.24,Concluído
4939,1227,51,Negociação,2024-12-05,,12.04,77.91,,Em Andamento
4940,1227,99,Liderança e Gestão de Pessoas,2023-11-03,2024-03-03,36.83,62.76,7.05,Concluído
4941,1227,4,Python Avançado,2023-05-17,2024-01-02,5.2,62.86,8.25,Concluído
4942,1228,1,JavaScript Moderno,2024-09-05,,13.01,17.01,,Em Andamento
4943,1228,20,Gestão de Tempo,2024-12-18,2024-12-21,21.53,69.79,9.73,Concluído
4944,1229,27,Power BI,2024-12-31,,18.23,1.1,,Em Andamento
4945,1229,18,Cloud Computing AWS,2024-12-29,2024-12-30,9.87,61.63,7.07,Concluído
4946,1229,52,JavaScript Moderno,2024-12-25,2024-12-31,38.53,61.75,8.11,Concluído
4947,1230,82,Excel Avançado,2024-10-12,2024-12-10,9.68,84.37,8.76,Concluído
4948,1230,91,Cloud Computing AWS,2023-05-22,,5.15,36.1,,Em Andamento
4949,1230,72,Gestão de Tempo,2024-12-22,2024-12-27,32.41,61.87,9.59,Concluído
4950,1230,99,Cloud Computing AWS,2023-05-23,,18.41,69.64,,Em Andamento
4951,1231,43,Gestão de Tempo,2024-03-29,2024-12-06,9.94,89.38,6.64,Concluído
4952,1231,35,Data Analytics,2024-11-12,2024-12-14,29.13,69.03,7.16,Concluído
4953,1231,69,Liderança e Gestão de Pessoas,2024-02-29,2024-07-15,17.85,61.44,9.01,Concluído
4954,1231,80,Design Thinking,2024-08-22,2024-08-25,9.13,97.47,7.65,Concluído
4955,1231,23,Power BI,2024-03-22,2024-07-23,13.49,81.27,9.04,Concluído
4956,1231,39,Segurança da Informação,2024-11-28,2024-12-19,26.69,93.63,9.89,Concluído
4957,1232,18,Segurança da Informação,2024-07-22,2024-10-15,24.11,68.69,7.09,Concluído
4958,1232,29,Power BI,2024-09-11,2024-11-04,36.91,74.71,6.73,Concluído
4959,1232,88,Liderança e Gestão de Pessoas,2024-11-08,2024-11-13,28.24,78.45,8.39,Concluído
4960,1232,46,Data Analytics,2024-11-19,2024-12-11,26.14,60.6,6.58,Concluído
4961,1232,26,JavaScript Moderno,2024-08-02,2024-11-01,39.71,87.3,6.67,Concluído
4962,1233,93,Negociação,2024-12-25,,13.61,69.12,,Em Andamento
4963,1233,85,Python Avançado,2024-09-23,2024-12-31,28.95,75.35,7.9,Concluído
4964,1233,21,Gestão de Tempo,2024-10-16,2024-11-07,5.51,60.35,9.27,Concluído
4965,1233,62,DevOps e CI/CD,2024-11-15,2024-12-12,24.05,64.1,8.34,Concluído
4966,1233,88,Gestão de Projetos,2024-10-10,2024-12-11,29.62,60.83,6.76,Concluído
4967,1233,2,Power BI,2024-12-01,,19.7,5.28,,Em Andamento
4968,1233,73,Liderança e Gestão de Pessoas,2024-09-15,2024-09-30,34.29,61.96,6.24,Concluído
4969,1233,1,Cloud Computing AWS,2024-12-12,,4.02,86.29,,Em Andamento
4970,1234,65,Oratória,2024-07-06,2024-08-05,7.78,64.2,9.56,Concluído
4971,1234,51,Excel Avançado,2023-06-24,2023-08-20,14.28,94.91,9.2,Concluído
4972,1234,47,Cloud Computing AWS,2023-10-26,,12.7,83.02,,Em Andamento
4973,1235,21,Power BI,2024-10-14,2024-12-28,24.54,86.52,6.36,Concluído
4974,1235,9,Cloud Computing AWS,2023-07-02,2023-11-21,27.83,69.07,8.83,Concluído
4975,1235,79,Design Thinking,2024-11-03,,7.93,22.9,,Em Andamento
4976,1235,8,Product Management,2023-12-16,2024-05-14,34.39,75.67,9.69,Concluído
4977,1235,79,Vendas Consultivas,2024-09-18,2024-10-23,13.23,95.86,6.62,Concluído
4978,1238,8,Vendas Consultivas,2024-06-02,2024-06-13,7.53,77.36,9.85,Concluído
4979,1239,35,Gestão de Projetos,2024-11-21,2024-12-08,27.38,60.44,8.88,Concluído
4980,1239,35,Python Avançado,2024-07-19,2024-11-25,16.54,60.53,8.82,Concluído
4981,1239,71,Cloud Computing AWS,2023-05-25,2024-03-11,16.6,64.84,6.3,Concluído
4982,1239,15,Python Avançado,2024-12-04,2024-12-10,33.54,85.56,8.74,Concluído
4983,1239,2,Design Thinking,2023-01-21,2023-09-25,19.9,95.12,8.27,Concluído
4984,1239,43,Customer Success,2023-06-13,2023-09-30,36.76,86.34,8.87,Concluído
4985,1239,67,Machine Learning,2023-03-30,2024-10-14,21.39,93.4,7.21,Concluído
4986,1240,51,DevOps e CI/CD,2023-10-30,2023-12-28,10.74,67.95,9.23,Concluído
4987,1241,86,Comunicação Eficaz,2023-04-26,2024-12-06,27.89,99.98,6.34,Concluído
4988,1241,40,Data Analytics,2024-08-18,2024-10-16,15.51,74.42,6.61,Concluído
4989,1242,12,Gestão de Projetos,2024-06-30,2024-12-09,13.65,87.44,7.54,Concluído
4990,1242,96,Oratória,2024-04-13,2024-10-31,4.35,99.05,9.1,Concluído
4991,1242,39,JavaScript Moderno,2024-08-17,2024-08-28,19.18,91.14,8.23,Concluído
4992,1242,75,Vendas Consultivas,2024-09-08,2024-11-10,5.37,84.05,9.88,Concluído
4993,1243,30,Excel Avançado,2024-09-14,2024-11-06,9.66,71.66,7.99,Concluído
4994,1243,44,Data Analytics,2024-12-07,2024-12-31,37.73,98.55,8.42,Concluído
4995,1243,89,JavaScript Moderno,2024-08-28,2024-09-05,24.02,86.24,7.23,Concluído
4996,1243,32,Cloud Computing AWS,2024-09-07,2024-10-19,39.96,61.17,9.53,Concluído
4997,1243,94,Python Avançado,2024-12-25,2024-12-28,25.75,62.59,9.21,Concluído
4998,1243,85,Data Analytics,2024-06-26,2024-07-14,34.49,80.25,7.21,Concluído
4999,1243,24,Machine Learning,2024-09-02,2024-12-10,13.63,62.54,9.24,Concluído
5000,1243,14,DevOps e CI/CD,2024-07-10,2024-11-02,25.16,95.66,9.1,Concluído
5001,1244,85,Design Thinking,2024-10-02,2024-11-10,27.41,96.81,6.75,Concluído
5002,1244,34,DevOps e CI/CD,2024-09-02,2024-11-29,8.22,97.01,9.69,Concluído
5003,1244,86,Product Management,2024-04-06,2024-06-04,4.02,79.38,9.26,Concluído
5004,1244,83,Customer Success,2024-05-05,2024-09-22,27.02,76.17,9.75,Concluído
5005,1245,69,Liderança e Gestão de Pessoas,2024-08-18,2024-08-31,8.0,90.05,9.44,Concluído
5006,1245,41,Gestão de Projetos,2024-02-28,2024-08-24,28.72,63.74,7.18,Concluído
5007,1245,97,Segurança da Informação,2024-08-22,2024-10-25,39.16,64.18,8.51,Concluído
5008,1245,89,Python Avançado,2024-01-05,,12.55,57.53,,Em Andamento
5009,1245,2,Segurança da Informação,2023-12-30,2024-07-15,11.12,96.7,9.92,Concluído
5010,1246,75,Data Analytics,2023-05-07,2024-10-25,30.94,90.45,8.23,Concluído
5011,1246,95,Comunicação Eficaz,2024-12-01,,8.06,87.25,,Em Andamento
5012,1246,73,Liderança e Gestão de Pessoas,2024-01-10,2024-06-24,35.16,88.69,8.6,Concluído
5013,1246,8,Python Avançado,2023-11-06,2024-02-07,35.81,72.54,7.9,Concluído
5014,1246,88,Gestão de Tempo,2023-01-03,2023-04-20,32.96,95.64,7.35,Concluído
5015,1246,4,Product Management,2023-08-22,2023-09-25,11.97,68.85,7.52,Concluído
5016,1247,97,Gestão de Projetos,2023-03-20,2023-09-11,16.63,61.73,9.47,Concluído
5017,1247,96,Cloud Computing AWS,2023-09-13,2024-07-26,35.13,81.39,7.51,Concluído
5018,1247,26,Negociação,2024-09-01,2024-09-10,34.81,83.69,6.35,Concluído
5019,1248,100,DevOps e CI/CD,2023-10-19,2024-12-16,13.2,62.64,7.06,Concluído
5020,1248,7,JavaScript Moderno,2022-09-22,,16.26,43.47,,Em Andamento
5021,1248,75,Product Management,2022-10-28,,13.26,44.97,,Em Andamento
5022,1248,20,Vendas Consultivas,2022-10-06,,9.43,0.35,,Em Andamento
5023,1248,15,Gestão de Projetos,2022-06-06,2024-04-15,36.09,66.38,8.28,Concluído
5024,1248,90,Customer Success,2023-04-11,2023-09-15,25.9,91.0,8.03,Concluído
5025,1248,11,Oratória,2022-09-11,2023-08-21,8.14,94.95,8.36,Concluído
5026,1248,1,Cloud Computing AWS,2024-04-29,2024-06-07,14.1,67.9,8.81,Concluído
5027,1249,58,Customer Success,2024-09-25,2024-10-18,39.45,83.87,8.79,Concluído
5028,1249,43,Python Avançado,2024-01-12,2024-11-14,10.72,98.37,9.97,Concluído
5029,1250,70,Gestão de Projetos,2024-06-20,2024-09-25,12.26,85.62,8.86,Concluído
5030,1250,48,DevOps e CI/CD,2024-05-02,2024-06-27,23.81,91.76,6.11,Concluído
5031,1250,32,Product Management,2024-08-27,2024-08-31,4.71,84.33,8.9,Concluído
5032,1250,50,Negociação,2024-08-14,2024-11-29,27.08,99.89,9.22,Concluído
5033,1251,35,Power BI,2024-08-07,2024-09-26,8.7,93.83,9.87,Concluído
5034,1252,45,Gestão de Projetos,2023-11-03,2024-07-09,15.09,92.18,6.53,Concluído
5035,1252,15,Agile/Scrum,2023-09-04,2024-10-16,16.84,82.77,6.39,Concluído
5036,1252,53,DevOps e CI/CD,2023-06-19,2023-11-20,7.2,65.89,8.11,Concluído
5037,1253,82,Gestão de Tempo,2023-09-27,,18.06,68.95,,Em Andamento
5038,1254,51,Oratória,2024-05-24,2024-07-13,7.22,65.71,7.87,Concluído
5039,1254,67,Gestão de Tempo,2023-03-27,2023-04-08,16.87,71.27,9.48,Concluído
5040,1254,8,Data Analytics,2023-07-11,2024-05-24,34.83,70.67,7.64,Concluído
5041,1254,84,Segurança da Informação,2024-01-05,,18.9,45.18,,Em Andamento
5042,1254,60,Cloud Computing AWS,2023-05-10,2024-06-29,38.22,99.76,8.01,Concluído
5043,1254,23,Negociação,2024-08-17,2024-08-18,26.26,62.71,9.57,Concluído
5044,1255,22,Product Management,2024-11-19,2024-12-28,16.71,93.0,6.2,Concluído
5045,1255,26,Gestão de Tempo,2024-09-16,2024-11-03,9.13,60.88,6.69,Concluído
5046,1257,64,Customer Success,2024-05-21,,3.84,13.05,,Em Andamento
5047,1257,100,Design Thinking,2023-08-09,2024-01-04,27.92,86.02,8.02,Concluído
5048,1257,73,Oratória,2023-01-28,2023-03-27,39.7,72.34,9.28,Concluído
5049,1257,23,Vendas Consultivas,2024-05-30,2024-12-24,32.24,64.8,9.07,Concluído
5050,1257,76,Customer Success,2023-10-04,2024-07-05,33.47,63.97,6.73,Concluído
5051,1257,55,Oratória,2023-02-09,2024-03-19,20.5,66.78,8.33,Concluído
5052,1258,62,Design Thinking,2024-11-15,2024-12-16,14.7,99.14,9.74,Concluído
5053,1258,76,JavaScript Moderno,2023-08-16,2024-06-16,19.39,87.01,9.74,Concluído
5054,1259,12,Gestão de Tempo,2024-10-13,2024-11-17,5.65,90.78,9.18,Concluído
5055,1259,80,Gestão de Tempo,2024-12-04,2024-12-12,6.02,91.78,9.76,Concluído
5056,1259,6,Design Thinking,2024-12-24,,5.32,0.06,,Cancelado
5057,1259,31,Gestão de Tempo,2024-12-01,,3.11,79.16,,Em Andamento
5058,1259,75,Excel Avançado,2024-12-07,2024-12-08,39.94,60.29,9.12,Concluído
5059,1260,42,Data Analytics,2023-01-27,2023-10-01,28.93,80.94,8.67,Concluído
5060,1260,51,Excel Avançado,2023-01-03,,14.44,55.7,,Em Andamento
5061,1260,6,Product Management,2024-11-03,2024-11-08,12.33,82.99,8.71,Concluído
5062,1261,13,Negociação,2024-03-16,,6.22,14.43,,Em Andamento
5063,1262,36,Excel Avançado,2024-09-23,2024-10-02,13.79,87.67,8.45,Concluído
5064,1262,41,Negociação,2024-01-28,2024-03-14,28.6,89.37,7.82,Concluído
5065,1262,91,Vendas Consultivas,2024-01-01,2024-11-23,4.66,74.53,8.92,Concluído
5066,1262,90,Product Management,2024-05-21,2024-08-05,23.75,79.85,9.11,Concluído
5067,1262,69,Excel Avançado,2023-02-15,2024-11-22,6.07,91.63,6.76,Concluído
5068,1262,12,Design Thinking,2024-08-04,2024-08-23,23.48,94.25,8.31,Concluído
5069,1262,38,Power BI,2024-09-20,2024-11-22,8.23,73.02,6.22,Concluído
5070,1262,59,Product Management,2024-01-12,2024-05-24,7.84,78.97,9.8,Concluído
5071,1263,94,Negociação,2024-06-07,2024-10-20,25.45,86.67,6.37,Concluído
5072,1263,4,Design Thinking,2024-12-15,2024-12-24,28.01,85.28,8.53,Concluído
5073,1263,93,Design Thinking,2024-08-31,2024-10-10,12.35,64.35,6.54,Concluído
5074,1264,72,Agile/Scrum,2024-12-19,,15.46,31.42,,Em Andamento
5075,1264,94,Excel Avançado,2024-12-31,2025-01-01,37.1,75.9,6.1,Concluído
5076,1264,72,Comunicação Eficaz,2024-11-07,2024-11-13,23.48,79.5,7.73,Concluído
5077,1265,44,Data Analytics,2024-09-11,2024-09-14,8.41,94.33,6.9,Concluído
5078,1265,42,Negociação,2024-12-30,2024-12-31,8.66,74.84,9.35,Concluído
5079,1265,91,Cloud Computing AWS,2024-08-21,2024-12-04,31.35,68.55,8.79,Concluído
5080,1267,56,Agile/Scrum,2024-12-28,2024-12-30,9.09,97.67,6.07,Concluído
5081,1267,70,Agile/Scrum,2023-03-12,2024-01-23,39.55,73.31,7.03,Concluído
5082,1267,77,JavaScript Moderno,2024-11-17,2024-12-18,6.16,87.17,6.62,Concluído
5083,1267,97,Excel Avançado,2024-08-02,2024-10-13,14.58,85.18,9.43,Concluído
5084,1267,24,Python Avançado,2024-11-03,2024-12-10,33.49,75.4,9.41,Concluído
5085,1267,84,Excel Avançado,2023-06-25,2024-07-20,29.39,62.25,7.8,Concluído
5086,1267,23,DevOps e CI/CD,2023-11-15,2023-12-01,30.39,94.71,9.18,Concluído
5087,1267,25,Excel Avançado,2023-10-20,2024-06-28,36.77,71.94,6.1,Concluído
5088,1268,67,Design Thinking,2024-01-30,2024-03-01,21.1,95.53,7.92,Concluído
5089,1268,79,Machine Learning,2024-05-02,2024-12-16,25.93,82.09,7.68,Concluído
5090,1268,32,Python Avançado,2024-08-16,2024-12-30,5.59,87.94,7.23,Concluído
5091,1268,55,Vendas Consultivas,2024-06-21,2024-09-18,13.27,90.21,9.41,Concluído
5092,1268,92,Data Analytics,2024-08-29,,7.45,26.77,,Em Andamento
5093,1269,74,Gestão de Tempo,2024-08-02,2024-09-17,23.93,72.15,8.32,Concluído
5094,1270,43,JavaScript Moderno,2024-04-12,,6.66,5.11,,Em Andamento
5095,1270,11,Design Thinking,2024-11-05,2024-11-26,16.5,78.21,6.55,Concluído
5096,1270,84,Gestão de Tempo,2024-05-25,2024-05-30,26.67,99.15,7.86,Concluído
5097,1270,91,Liderança e Gestão de Pessoas,2024-09-30,2024-10-27,22.46,81.1,9.56,Concluído
5098,1271,17,Gestão de Projetos,2024-06-13,2024-08-13,20.55,67.93,9.1,Concluído
5099,1271,20,Negociação,2024-08-07,2024-08-28,26.19,99.85,8.74,Concluído
5100,1271,46,Data Analytics,2024-03-12,,6.03,21.52,,Cancelado
5101,1271,91,Python Avançado,2023-10-12,2024-01-07,31.92,63.92,8.02,Concluído
5102,1271,3,Gestão de Projetos,2023-04-25,2024-12-08,34.41,94.23,9.13,Concluído
5103,1271,53,Comunicação Eficaz,2023-11-13,2024-12-19,14.5,74.84,9.1,Concluído
5104,1271,79,Data Analytics,2024-09-24,2024-12-30,33.48,80.16,6.97,Concluído
5105,1271,10,Segurança da Informação,2023-07-27,2024-04-24,20.69,81.83,8.76,Concluído
5106,1272,2,Agile/Scrum,2024-06-30,2024-10-13,24.11,87.4,7.75,Concluído
5107,1273,14,Excel Avançado,2024-12-04,,6.89,39.61,,Cancelado
5108,1273,87,Python Avançado,2024-11-08,2024-12-09,14.78,69.51,6.39,Concluído
5109,1273,4,Vendas Consultivas,2024-12-31,2025-01-01,32.22,85.27,7.36,Concluído
5110,1273,75,Data Analytics,2024-11-11,,13.03,38.23,,Em Andamento
5111,1273,27,Liderança e Gestão de Pessoas,2024-11-02,,10.27,29.55,,Em Andamento
5112,1273,54,Gestão de Projetos,2024-12-08,2024-12-24,8.84,63.31,7.79,Concluído
5113,1273,23,Excel Avançado,2024-12-02,2024-12-04,35.64,79.78,6.44,Concluído
5114,1273,62,Product Management,2024-11-02,2024-12-12,13.13,88.67,6.58,Concluído
5115,1274,22,Design Thinking,2024-02-21,2024-09-14,17.37,76.67,8.47,Concluído
5116,1274,19,Product Management,2024-12-05,,3.05,36.24,,Em Andamento
5117,1274,69,Oratória,2024-12-12,2024-12-27,15.05,74.94,8.47,Concluído
5118,1274,51,Data Analytics,2023-11-09,2023-11-23,16.3,77.76,9.83,Concluído
5119,1277,57,Negociação,2024-12-21,2024-12-30,6.17,71.21,9.49,Concluído
5120,1277,80,Agile/Scrum,2024-09-01,,5.65,33.13,,Cancelado
5121,1278,20,Data Analytics,2023-10-19,,6.46,40.31,,Em Andamento
5122,1278,46,Power BI,2023-10-23,2024-10-22,28.23,71.57,6.12,Concluído
5123,1278,64,Excel Avançado,2024-11-21,2024-11-23,7.74,60.4,6.44,Concluído
5124,1278,37,Power BI,2023-08-27,,3.4,18.02,,Em Andamento
5125,1278,22,Negociação,2023-11-29,2023-12-10,31.47,78.5,6.54,Concluído
5126,1278,41,Customer Success,2024-10-25,2024-11-17,20.44,94.26,7.73,Concluído
5127,1278,25,Oratória,2024-06-15,2024-07-14,36.55,98.67,8.8,Concluído
5128,1279,20,Oratória,2023-09-28,2024-02-24,27.65,81.02,6.78,Concluído
5129,1279,43,JavaScript Moderno,2024-03-17,,2.13,71.08,,Em Andamento
5130,1279,50,Segurança da Informação,2023-10-21,,2.52,34.75,,Cancelado
5131,1279,44,Cloud Computing AWS,2023-05-27,2023-09-12,18.76,99.99,9.13,Concluído
5132,1279,97,Gestão de Projetos,2023-02-20,2024-02-07,35.04,95.6,9.77,Concluído
5133,1280,69,Customer Success,2024-09-03,2024-12-01,20.06,62.06,9.2,Concluído
5134,1280,19,Liderança e Gestão de Pessoas,2024-09-03,2024-12-22,11.44,79.18,9.36,Concluído
5135,1281,95,Gestão de Tempo,2024-12-15,2024-12-25,32.6,78.71,6.37,Concluído
5136,1281,30,Cloud Computing AWS,2024-12-14,2024-12-29,7.47,97.1,6.33,Concluído
5137,1281,53,Python Avançado,2024-12-20,2024-12-31,16.03,62.35,8.19,Concluído
5138,1281,7,Negociação,2024-11-26,2024-12-24,28.64,66.58,6.14,Concluído
5139,1281,40,Agile/Scrum,2024-11-20,2024-11-29,7.83,99.3,7.42,Concluído
5140,1281,65,Machine Learning,2024-12-29,2024-12-31,22.85,95.52,8.06,Concluído
5141,1281,65,Excel Avançado,2024-12-24,,15.71,36.79,,Em Andamento
5142,1281,85,Gestão de Projetos,2024-12-24,2024-12-25,16.1,68.67,8.25,Concluído
5143,1282,39,Oratória,2024-11-27,2024-12-15,20.92,93.01,6.73,Concluído
5144,1282,8,Agile/Scrum,2023-08-11,2024-06-16,4.82,94.5,7.5,Concluído
5145,1282,16,Comunicação Eficaz,2023-11-08,2024-08-09,16.35,66.56,8.37,Concluído
5146,1282,53,Python Avançado,2022-10-15,2024-10-31,33.88,89.76,9.68,Concluído
5147,1282,38,Python Avançado,2024-09-09,,12.3,23.91,,Em Andamento
5148,1282,65,Gestão de Projetos,2023-09-11,2024-10-11,12.31,76.61,9.08,Concluído
5149,1282,33,Python Avançado,2024-05-30,2024-11-16,28.39,92.15,7.48,Concluído
5150,1283,41,Cloud Computing AWS,2023-11-27,2024-10-01,31.11,83.3,7.87,Concluído
5151,1283,67,Design Thinking,2023-04-19,2023-09-17,17.13,63.97,7.12,Concluído
5152,1283,87,Machine Learning,2023-07-14,2024-01-04,4.38,97.29,6.69,Concluído
5153,1283,38,Data Analytics,2024-02-06,2024-09-24,10.04,88.78,6.64,Concluído
5154,1283,24,Oratória,2023-12-01,2024-12-02,32.6,72.67,8.42,Concluído
5155,1284,32,Data Analytics,2024-10-19,2024-12-01,17.49,61.92,8.64,Concluído
5156,1284,59,Gestão de Projetos,2024-11-27,2024-12-08,20.62,75.14,8.38,Concluído
5157,1284,42,Oratória,2024-10-01,2024-12-14,17.63,95.2,8.03,Concluído
5158,1284,29,Gestão de Tempo,2024-09-14,2024-09-21,19.08,72.24,8.28,Concluído
5159,1284,3,Vendas Consultivas,2024-09-25,2024-10-25,9.46,90.57,8.87,Concluído
5160,1284,50,Python Avançado,2024-12-20,2024-12-22,5.84,69.77,9.19,Concluído
5161,1285,52,Power BI,2024-12-01,2024-12-20,22.54,76.67,7.63,Concluído
5162,1285,46,Machine Learning,2024-06-11,,3.48,20.49,,Cancelado
5163,1285,11,Power BI,2024-12-18,,8.31,7.31,,Cancelado
5164,1287,74,Data Analytics,2024-11-28,,2.58,28.5,,Em Andamento
5165,1287,33,Liderança e Gestão de Pessoas,2023-10-26,2024-10-20,18.87,89.33,7.21,Concluído
5166,1287,57,Product Management,2024-10-17,2024-10-26,8.96,60.56,8.86,Concluído
5167,1287,30,Gestão de Projetos,2024-10-16,2024-12-02,5.61,94.56,6.84,Concluído
5168,1288,13,DevOps e CI/CD,2024-11-14,,13.28,77.89,,Em Andamento
5169,1288,55,Oratória,2024-08-26,2024-11-21,13.26,71.08,9.32,Concluído
5170,1289,9,Product Management,2023-08-28,2023-11-14,24.14,72.35,6.56,Concluído
5171,1289,85,Vendas Consultivas,2023-09-25,2024-05-31,26.18,87.86,8.29,Concluído
5172,1289,35,Customer Success,2024-10-16,2024-11-27,27.11,73.29,8.03,Concluído
5173,1289,46,Python Avançado,2024-03-22,2024-06-12,22.41,77.74,9.62,Concluído
5174,1292,42,Excel Avançado,2023-04-25,2023-05-21,10.83,60.59,8.73,Concluído
5175,1292,65,Gestão de Projetos,2024-11-07,2024-12-23,29.55,71.41,8.83,Concluído
5176,1292,30,Python Avançado,2024-02-13,2024-11-30,31.17,87.06,6.22,Concluído
5177,1292,83,Liderança e Gestão de Pessoas,2023-07-18,,6.23,32.19,,Em Andamento
5178,1292,3,Negociação,2023-03-01,2023-06-12,29.3,63.59,9.36,Concluído
5179,1292,9,Gestão de Tempo,2024-07-05,2024-09-26,14.2,62.8,9.51,Concluído
5180,1293,73,Comunicação Eficaz,2023-02-15,2023-03-15,34.96,95.96,7.74,Concluído
5181,1293,8,Python Avançado,2024-10-17,2024-11-29,37.2,99.86,6.85,Concluído
5182,1293,42,DevOps e CI/CD,2024-03-16,2024-09-26,39.25,60.25,7.92,Concluído
5183,1294,62,Gestão de Tempo,2024-10-13,,10.55,9.45,,Em Andamento
5184,1294,8,Power BI,2024-10-18,2024-12-21,27.55,94.69,8.14,Concluído
5185,1294,71,Design Thinking,2024-12-31,2025-01-01,25.36,86.46,7.64,Concluído
5186,1294,54,DevOps e CI/CD,2024-10-27,2024-12-12,22.02,86.5,7.49,Concluído
5187,1294,95,Segurança da Informação,2024-11-15,2024-12-25,23.43,60.11,8.64,Concluído
5188,1294,49,Vendas Consultivas,2024-10-13,,9.62,67.41,,Em Andamento
5189,1294,41,Gestão de Tempo,2024-10-09,2024-11-15,16.88,85.53,6.08,Concluído
5190,1294,75,JavaScript Moderno,2024-11-05,2024-12-14,38.61,76.46,9.07,Concluído
5191,1295,23,Excel Avançado,2024-12-13,2024-12-14,19.38,78.69,6.2,Concluído
5192,1295,76,Negociação,2024-11-01,2024-11-18,39.01,69.75,6.46,Concluído
5193,1295,6,DevOps e CI/CD,2024-11-20,2024-12-27,14.44,92.84,9.86,Concluído
5194,1295,48,Data Analytics,2024-12-26,2024-12-28,7.42,64.03,6.28,Concluído
5195,1295,88,Design Thinking,2024-12-18,2024-12-19,35.06,68.89,6.28,Concluído
5196,1295,45,Machine Learning,2024-12-20,2024-12-29,37.06,70.02,6.72,Concluído
5197,1296,20,Gestão de Projetos,2024-10-28,,13.18,82.83,,Em Andamento
5198,1296,17,Gestão de Projetos,2023-03-30,,19.64,13.59,,Em Andamento
5199,1296,58,Data Analytics,2024-07-03,2024-09-30,12.99,69.86,7.09,Concluído
5200,1296,33,Agile/Scrum,2023-07-24,,15.77,23.44,,Em Andamento
5201,1296,84,Machine Learning,2023-05-11,2023-09-22,23.87,83.83,9.19,Concluído
5202,1296,48,Customer Success,2024-09-13,,14.65,20.9,,Em Andamento
5203,1297,56,Customer Success,2024-03-02,,4.42,26.89,,Cancelado
5204,1299,52,DevOps e CI/CD,2024-03-08,2024-07-26,7.25,89.24,6.84,Concluído
5205,1299,43,Oratória,2023-08-27,2024-06-26,15.77,64.29,7.82,Concluído
5206,1299,55,Machine Learning,2024-09-15,2024-10-26,5.49,69.28,9.37,Concluído
5207,1299,95,Excel Avançado,2024-05-10,2024-08-30,18.58,69.27,9.82,Concluído
5208,1299,12,Liderança e Gestão de Pessoas,2023-03-27,2024-09-10,36.28,92.76,8.53,Concluído
5209,1299,95,Liderança e Gestão de Pessoas,2024-10-04,2024-12-14,10.39,95.49,9.86,Concluído
5210,1299,34,Power BI,2023-07-16,2024-08-04,26.48,69.19,9.3,Concluído
5211,1300,45,Python Avançado,2023-11-26,2024-11-17,29.09,93.01,6.22,Concluído
5212,1300,54,Agile/Scrum,2024-03-27,2024-06-12,11.8,66.84,9.73,Concluído
5213,1300,36,JavaScript Moderno,2024-08-28,2024-10-11,17.64,69.18,8.04,Concluído
5214,1300,39,Gestão de Tempo,2024-08-28,2024-09-17,5.71,88.89,9.93,Concluído
5215,1300,77,Oratória,2024-07-23,2024-10-29,15.41,78.67,9.27,Concluído
5216,1301,5,Data Analytics,2024-10-07,2024-11-22,17.47,83.07,8.01,Concluído
5217,1302,77,Negociação,2024-12-18,,11.51,71.99,,Em Andamento
5218,1302,54,Gestão de Tempo,2024-10-30,2024-12-27,23.21,95.59,9.07,Concluído
5219,1302,81,Python Avançado,2024-12-05,2024-12-29,29.33,86.29,6.03,Concluído
5220,1302,11,DevOps e CI/CD,2024-11-02,,9.94,2.45,,Em Andamento
5221,1303,51,DevOps e CI/CD,2024-11-01,2024-11-06,10.65,74.44,7.68,Concluído
5222,1303,43,Gestão de Tempo,2024-09-08,2024-11-05,15.15,87.37,6.73,Concluído
5223,1303,13,Excel Avançado,2024-12-31,,8.87,24.3,,Em Andamento
5224,1304,5,JavaScript Moderno,2023-12-16,2024-04-23,15.57,70.44,9.27,Concluído
5225,1304,20,Python Avançado,2023-08-01,2024-11-16,35.82,75.98,9.65,Concluído
5226,1305,4,Python Avançado,2024-08-17,2024-10-24,5.58,60.92,8.59,Concluído
5227,1305,38,Vendas Consultivas,2024-07-31,2024-08-10,5.21,84.39,6.68,Concluído
5228,1305,29,Segurança da Informação,2024-08-26,2024-10-21,32.53,78.63,8.39,Concluído
5229,1305,75,Design Thinking,2024-12-03,2024-12-20,27.12,99.14,9.88,Concluído
5230,1305,77,Python Avançado,2024-10-17,2024-10-28,14.85,64.46,6.58,Concluído
5231,1306,26,Machine Learning,2023-02-01,2024-08-07,7.09,81.53,8.81,Concluído
5232,1306,58,Power BI,2023-06-10,2024-05-29,19.24,84.83,9.86,Concluído
5233,1307,17,Agile/Scrum,2023-05-26,2023-10-16,8.72,96.34,6.02,Concluído
5234,1307,12,Segurança da Informação,2024-06-17,2024-10-12,27.72,61.1,9.8,Concluído
5235,1307,84,Cloud Computing AWS,2024-03-20,2024-09-12,16.4,78.11,8.76,Concluído
5236,1307,12,Excel Avançado,2023-06-25,2024-03-05,29.61,87.83,6.89,Concluído
5237,1307,87,Excel Avançado,2024-02-25,2024-08-29,23.83,74.73,7.21,Concluído
5238,1307,40,Customer Success,2024-07-09,2024-10-16,13.15,73.66,6.1,Concluído
5239,1308,9,JavaScript Moderno,2024-12-29,2024-12-31,22.39,92.13,9.79,Concluído
5240,1308,90,Customer Success,2024-12-15,2024-12-26,21.96,90.89,6.01,Concluído
5241,1308,2,Power BI,2024-12-04,2024-12-10,25.72,66.47,9.46,Concluído
5242,1309,35,Power BI,2024-11-19,2024-11-25,35.06,72.64,6.52,Concluído
5243,1309,36,Negociação,2024-07-17,2024-09-23,6.2,70.9,6.37,Concluído
5244,1309,24,DevOps e CI/CD,2024-05-23,,1.4,34.28,,Cancelado
5245,1309,60,Vendas Consultivas,2024-08-23,,5.5,35.02,,Cancelado
5246,1309,21,Cloud Computing AWS,2024-10-19,2024-11-20,7.14,94.13,9.61,Concluído
5247,1310,98,Python Avançado,2024-12-06,2024-12-31,22.36,97.67,9.84,Concluído
5248,1311,28,Excel Avançado,2023-05-15,,11.77,41.2,,Em Andamento
5249,1311,18,Negociação,2024-01-19,2024-04-17,27.23,69.31,8.43,Concluído
5250,1312,47,DevOps e CI/CD,2024-05-03,,4.2,74.13,,Em Andamento
5251,1313,57,Segurança da Informação,2024-08-24,2024-09-12,19.8,99.66,6.19,Concluído
5252,1313,83,Segurança da Informação,2024-12-10,2024-12-26,35.48,85.21,8.91,Concluído
5253,1313,98,Gestão de Tempo,2024-10-28,2024-11-01,14.47,79.06,7.47,Concluído
5254,1313,2,Liderança e Gestão de Pessoas,2024-09-22,2024-10-04,8.89,65.47,6.38,Concluído
5255,1313,51,Design Thinking,2024-11-02,,13.91,69.22,,Em Andamento
5256,1313,84,Negociação,2024-08-07,2024-08-20,6.34,71.19,8.55,Concluído
5257,1314,31,Design Thinking,2024-09-09,2024-10-12,20.34,87.2,7.74,Concluído
5258,1314,22,Vendas Consultivas,2024-10-19,2024-11-09,31.28,77.82,8.2,Concluído
5259,1314,39,Agile/Scrum,2024-09-22,2024-10-19,28.22,91.3,6.75,Concluído
5260,1314,37,Vendas Consultivas,2024-12-21,2024-12-22,27.13,68.67,7.09,Concluído
5261,1314,93,Comunicação Eficaz,2024-11-11,,5.33,15.23,,Em Andamento
5262,1315,60,Negociação,2024-07-27,2024-10-06,21.43,67.9,9.09,Concluído
5263,1315,63,Segurança da Informação,2024-08-20,2024-10-27,13.56,98.13,7.15,Concluído
5264,1316,72,JavaScript Moderno,2024-12-16,2024-12-27,9.42,84.16,7.47,Concluído
5265,1316,48,Vendas Consultivas,2024-11-26,2024-12-28,32.42,75.48,7.4,Concluído
5266,1316,31,Gestão de Tempo,2024-11-24,2024-12-31,31.84,64.25,7.0,Concluído
5267,1316,29,Gestão de Projetos,2024-07-06,2024-10-27,31.51,76.88,6.37,Concluído
5268,1316,86,Customer Success,2024-12-08,2024-12-15,18.19,80.2,9.06,Concluído
5269,1316,75,Comunicação Eficaz,2024-09-14,,17.77,60.63,,Em Andamento
5270,1317,86,Product Management,2024-06-15,2024-09-26,38.74,60.45,8.79,Concluído
5271,1317,94,Gestão de Projetos,2024-10-06,2024-11-16,9.1,96.13,6.32,Concluído
5272,1317,67,Liderança e Gestão de Pessoas,2024-07-10,2024-11-05,31.12,71.7,8.93,Concluído
5273,1317,80,Customer Success,2024-09-23,,15.82,27.83,,Em Andamento
5274,1317,36,Vendas Consultivas,2023-08-04,2024-06-05,14.4,72.81,6.66,Concluído
5275,1318,45,Power BI,2024-03-19,,8.63,78.98,,Em Andamento
5276,1318,44,Comunicação Eficaz,2024-09-18,2024-11-17,15.9,83.85,7.23,Concluído
5277,1318,48,Gestão de Projetos,2023-06-20,2024-05-23,30.3,81.79,6.27,Concluído
5278,1318,46,Oratória,2024-08-27,2024-09-07,17.54,88.1,6.3,Concluído
5279,1318,55,Gestão de Projetos,2024-12-07,2024-12-27,8.07,80.97,6.25,Concluído
5280,1319,86,Design Thinking,2024-09-22,2024-09-26,31.18,89.21,6.24,Concluído
5281,1320,94,Excel Avançado,2024-06-24,2024-12-24,4.48,92.76,6.62,Concluído
5282,1320,17,Negociação,2024-07-19,2024-12-21,24.63,69.5,9.11,Concluído
5283,1320,59,Machine Learning,2024-08-20,,10.09,45.36,,Em Andamento
5284,1320,24,Customer Success,2024-07-26,2024-10-29,32.43,72.65,7.35,Concluído
5285,1320,93,Vendas Consultivas,2024-11-17,2024-11-26,30.63,72.63,8.37,Concluído
5286,1320,54,JavaScript Moderno,2024-06-21,2024-10-03,5.23,65.57,6.23,Concluído
5287,1321,74,Machine Learning,2024-08-23,2024-12-24,27.03,67.32,8.76,Concluído
5288,1321,59,Negociação,2024-08-07,2024-11-08,22.7,97.9,8.04,Concluído
5289,1321,98,DevOps e CI/CD,2024-05-28,2024-12-17,27.7,74.54,7.29,Concluído
5290,1322,68,Design Thinking,2023-03-20,2024-10-23,39.39,63.3,8.7,Concluído
5291,1322,23,Python Avançado,2023-07-15,2024-03-29,14.09,74.32,7.65,Concluído
5292,1322,70,Excel Avançado,2022-07-26,2023-02-11,23.23,62.07,7.44,Concluído
5293,1322,41,Data Analytics,2022-05-24,2022-10-12,33.29,60.06,8.71,Concluído
5294,1322,12,Comunicação Eficaz,2022-11-15,2023-08-28,9.09,88.24,7.1,Concluído
5295,1322,32,Machine Learning,2023-05-23,2024-06-21,22.11,78.03,6.62,Concluído
5296,1322,39,DevOps e CI/CD,2023-11-03,2023-11-15,5.23,97.77,6.27,Concluído
5297,1323,95,Cloud Computing AWS,2024-02-04,2024-02-17,15.41,99.62,7.11,Concluído
5298,1323,56,Gestão de Projetos,2024-04-18,2024-05-15,29.51,86.42,9.3,Concluído
5299,1324,84,Liderança e Gestão de Pessoas,2023-10-17,,2.59,0.27,,Em Andamento
5300,1324,53,Python Avançado,2024-11-12,2024-12-06,7.18,97.18,8.04,Concluído
5301,1326,88,Gestão de Tempo,2024-12-16,2024-12-22,27.13,66.68,6.18,Concluído
5302,1326,63,Gestão de Projetos,2024-11-28,2024-12-19,23.51,75.79,7.34,Concluído
5303,1326,16,JavaScript Moderno,2024-12-24,2024-12-25,8.89,75.07,6.51,Concluído
5304,1326,33,JavaScript Moderno,2024-12-14,2024-12-30,31.63,97.16,9.55,Concluído
5305,1328,2,Segurança da Informação,2023-08-17,2023-12-04,28.89,91.71,9.12,Concluído
5306,1328,34,Liderança e Gestão de Pessoas,2024-10-05,2024-12-19,13.77,65.86,9.33,Concluído
5307,1331,28,Design Thinking,2023-10-08,2024-06-25,30.29,95.14,8.57,Concluído
5308,1331,85,Comunicação Eficaz,2024-05-04,2024-07-16,38.23,77.7,8.26,Concluído
5309,1331,10,Excel Avançado,2024-09-22,2024-12-28,17.91,83.2,8.67,Concluído
5310,1332,49,Product Management,2024-05-04,2024-08-18,30.33,70.33,8.78,Concluído
5311,1333,18,Data Analytics,2024-09-22,2024-12-22,12.04,80.52,8.94,Concluído
5312,1333,20,Gestão de Tempo,2024-11-26,2024-12-26,27.09,87.92,7.53,Concluído
5313,1333,24,Vendas Consultivas,2024-11-08,2024-11-29,14.91,77.21,6.35,Concluído
5314,1333,43,DevOps e CI/CD,2024-10-02,2024-11-09,32.2,90.35,8.77,Concluído
5315,1333,69,Cloud Computing AWS,2024-10-21,2024-11-25,16.46,76.52,9.14,Concluído
5316,1333,60,Data Analytics,2024-09-26,2024-10-11,13.55,90.77,8.68,Concluído
5317,1334,43,Power BI,2024-12-07,2024-12-13,35.17,97.08,7.8,Concluído
5318,1334,98,Vendas Consultivas,2024-07-27,2024-10-11,21.44,63.74,9.64,Concluído
5319,1335,4,Comunicação Eficaz,2024-04-19,2024-10-06,4.21,85.24,8.11,Concluído
5320,1335,50,Machine Learning,2024-11-03,,13.62,58.4,,Em Andamento
5321,1336,47,Python Avançado,2024-01-30,2024-05-09,20.82,95.77,7.23,Concluído
5322,1336,90,JavaScript Moderno,2024-11-25,2024-12-16,38.41,60.29,9.47,Concluído
5323,1336,51,Python Avançado,2023-10-25,2024-01-20,12.17,89.45,8.97,Concluído
5324,1336,95,Negociação,2024-05-05,2024-08-17,24.51,66.28,7.29,Concluído
5325,1336,3,Agile/Scrum,2024-09-23,,17.73,49.61,,Em Andamento
5326,1336,28,Gestão de Projetos,2023-11-12,2024-04-24,35.15,98.55,9.89,Concluído
5327,1338,22,Liderança e Gestão de Pessoas,2024-04-20,2024-07-26,29.8,92.21,8.0,Concluído
5328,1338,60,Agile/Scrum,2024-02-02,2024-12-19,32.96,62.19,9.03,Concluído
5329,1338,87,Negociação,2023-10-09,2024-06-02,7.62,65.32,7.84,Concluído
5330,1340,89,Python Avançado,2023-01-16,2024-09-05,37.55,85.35,6.87,Concluído
5331,1340,48,Gestão de Projetos,2024-05-07,2024-06-14,22.28,63.63,9.32,Concluído
5332,1341,84,Excel Avançado,2024-12-31,,19.69,8.11,,Em Andamento
5333,1341,35,Python Avançado,2024-12-14,,15.81,12.85,,Em Andamento
5334,1341,25,Cloud Computing AWS,2024-12-20,2024-12-28,32.7,92.59,7.38,Concluído
5335,1342,81,Data Analytics,2024-06-26,2024-10-02,25.32,92.0,8.59,Concluído
5336,1342,59,Design Thinking,2024-08-13,,14.3,66.1,,Em Andamento
5337,1342,64,Oratória,2024-06-12,,11.98,82.03,,Em Andamento
5338,1342,55,Product Management,2024-07-27,2024-11-15,30.97,68.91,6.74,Concluído
5339,1342,7,Comunicação Eficaz,2024-06-04,2024-09-28,29.13,68.7,6.93,Concluído
5340,1342,79,Comunicação Eficaz,2024-08-30,2024-12-23,28.96,86.9,7.12,Concluído
5341,1343,4,DevOps e CI/CD,2024-11-23,2024-12-24,29.39,82.63,7.92,Concluído
5342,1343,17,Customer Success,2024-12-08,2024-12-11,32.18,60.94,7.9,Concluído
5343,1343,81,Machine Learning,2024-12-21,,19.7,8.85,,Em Andamento
5344,1343,59,Segurança da Informação,2024-12-24,2024-12-28,36.43,81.6,8.9,Concluído
5345,1343,96,Negociação,2024-12-01,2024-12-03,16.25,68.18,9.43,Concluído
5346,1343,21,Cloud Computing AWS,2024-12-05,2024-12-29,14.2,77.4,9.82,Concluído
5347,1343,100,Customer Success,2024-12-06,2024-12-24,21.65,98.45,9.9,Concluído
5348,1343,24,Data Analytics,2024-12-29,2024-12-30,4.19,82.78,7.37,Concluído
5349,1344,44,Data Analytics,2024-11-23,,17.14,84.41,,Em Andamento
5350,1344,46,Gestão de Tempo,2024-12-23,,7.17,38.47,,Cancelado
5351,1345,21,Oratória,2024-05-02,2024-11-19,21.43,91.47,8.27,Concluído
5352,1346,67,Python Avançado,2023-10-30,2024-08-11,24.85,77.77,8.78,Concluído
5353,1346,81,Gestão de Tempo,2024-07-17,2024-07-30,5.5,81.89,6.88,Concluído
5354,1346,3,Gestão de Tempo,2023-11-25,2024-01-30,39.69,69.26,9.57,Concluído
5355,1346,10,Excel Avançado,2024-04-24,2024-07-04,12.16,76.02,8.25,Concluído
5356,1346,61,Cloud Computing AWS,2024-04-27,2024-05-31,4.06,80.09,9.16,Concluído
5357,1346,82,Gestão de Tempo,2024-02-09,2024-09-16,34.16,84.28,8.42,Concluído
5358,1346,94,Excel Avançado,2023-12-01,2024-09-22,11.78,77.71,9.05,Concluído
5359,1346,74,Negociação,2024-11-25,2024-12-21,13.65,79.75,6.01,Concluído
5360,1347,21,Gestão de Tempo,2024-12-13,2024-12-24,10.14,88.72,8.48,Concluído
5361,1349,74,Machine Learning,2024-11-28,2024-12-02,28.03,94.14,9.16,Concluído
5362,1349,36,Excel Avançado,2024-05-16,2024-08-07,5.23,64.26,9.08,Concluído
5363,1350,14,Gestão de Projetos,2024-10-27,2024-12-21,6.41,91.55,7.95,Concluído
5364,1350,38,JavaScript Moderno,2024-10-24,2024-12-05,15.29,90.42,6.79,Concluído
5365,1350,78,Cloud Computing AWS,2024-11-15,2024-12-16,28.1,81.3,7.39,Concluído
5366,1351,100,JavaScript Moderno,2023-03-03,2023-09-07,33.71,63.26,7.22,Concluído
5367,1352,44,Customer Success,2024-07-25,2024-11-06,26.16,91.57,7.29,Concluído
5368,1352,73,Comunicação Eficaz,2024-09-05,,8.39,38.84,,Cancelado
5369,1352,19,Power BI,2023-06-28,2023-12-28,19.33,97.31,9.82,Concluído
5370,1352,3,Vendas Consultivas,2023-12-14,2024-01-24,36.88,72.82,6.26,Concluído
5371,1352,98,Segurança da Informação,2023-10-14,2023-12-18,24.41,65.8,9.84,Concluído
5372,1352,5,Python Avançado,2024-10-23,2024-12-22,14.05,68.37,9.91,Concluído
5373,1352,14,Agile/Scrum,2024-04-30,2024-07-30,6.04,61.46,7.79,Concluído
5374,1352,57,Comunicação Eficaz,2024-02-18,,17.58,13.15,,Em Andamento
5375,1353,36,Segurança da Informação,2024-11-18,2024-12-06,22.42,70.98,9.07,Concluído
5376,1353,11,JavaScript Moderno,2024-10-10,2024-10-14,13.12,73.23,6.16,Concluído
5377,1353,77,Liderança e Gestão de Pessoas,2024-09-15,,7.29,70.61,,Em Andamento
5378,1353,30,Segurança da Informação,2024-12-24,2024-12-27,21.06,69.97,6.56,Concluído
5379,1353,81,Data Analytics,2023-08-17,2024-10-13,16.84,95.23,6.73,Concluído
5380,1353,13,Segurança da Informação,2024-01-20,2024-06-28,35.57,73.3,6.05,Concluído
5381,1354,16,JavaScript Moderno,2024-12-01,2024-12-27,20.82,62.75,6.61,Concluído
5382,1354,40,DevOps e CI/CD,2024-11-11,2024-12-18,35.03,63.49,9.31,Concluído
5383,1354,85,Product Management,2024-09-29,2024-12-03,26.52,78.9,6.75,Concluído
5384,1354,61,Excel Avançado,2024-12-15,2024-12-20,29.48,79.94,9.91,Concluído
5385,1354,86,Gestão de Projetos,2024-10-01,2024-11-20,31.98,87.08,7.1,Concluído
5386,1354,63,Segurança da Informação,2024-09-07,,5.78,5.45,,Em Andamento
5387,1355,53,Data Analytics,2024-03-30,2024-12-14,39.96,88.7,6.42,Concluído
5388,1355,59,Segurança da Informação,2024-06-10,2024-07-18,32.53,81.65,6.48,Concluído
5389,1355,41,JavaScript Moderno,2024-07-29,2024-09-25,19.06,86.59,9.89,Concluído
5390,1355,55,Data Analytics,2024-12-28,2024-12-30,32.73,93.86,9.99,Concluído
5391,1355,78,Comunicação Eficaz,2024-09-25,,8.09,33.86,,Em Andamento
5392,1355,79,Python Avançado,2024-07-20,2024-09-29,28.81,74.94,9.96,Concluído
5393,1356,71,Python Avançado,2024-08-02,2024-09-18,24.13,65.5,6.92,Concluído
5394,1356,32,Cloud Computing AWS,2024-04-21,2024-08-08,22.96,99.75,9.97,Concluído
5395,1356,29,Customer Success,2024-07-17,,15.07,13.49,,Em Andamento
5396,1356,64,JavaScript Moderno,2024-10-22,,10.88,52.72,,Em Andamento
5397,1356,79,Data Analytics,2024-06-14,2024-11-24,37.11,75.52,8.35,Concluído
5398,1356,70,Excel Avançado,2024-07-24,,12.76,44.48,,Em Andamento
5399,1357,20,Gestão de Tempo,2024-03-05,,3.2,10.41,,Cancelado
5400,1357,37,Negociação,2022-11-17,2024-07-20,34.9,60.56,7.02,Concluído
5401,1357,98,Design Thinking,2022-12-18,2024-12-04,25.31,62.97,6.43,Concluído
5402,1357,50,Vendas Consultivas,2024-03-01,2024-08-12,24.39,69.99,6.22,Concluído
5403,1357,30,JavaScript Moderno,2023-06-05,2024-08-05,4.5,94.69,8.22,Concluído
5404,1358,33,Vendas Consultivas,2024-12-05,2024-12-28,22.08,82.8,9.43,Concluído
5405,1358,19,DevOps e CI/CD,2024-10-23,2024-11-01,33.24,79.36,7.31,Concluído
5406,1358,37,Vendas Consultivas,2024-11-14,2024-12-10,17.71,71.24,7.3,Concluído
5407,1358,61,Data Analytics,2024-11-22,,18.35,50.81,,Em Andamento
5408,1358,53,Gestão de Tempo,2024-10-04,2024-10-05,19.89,71.25,9.49,Concluído
5409,1358,21,DevOps e CI/CD,2024-09-14,2024-12-22,34.34,74.47,9.26,Concluído
5410,1358,18,JavaScript Moderno,2024-12-05,,15.22,74.83,,Em Andamento
5411,1359,91,Machine Learning,2023-11-23,2024-05-11,35.71,75.8,6.64,Concluído
5412,1359,11,Gestão de Projetos,2024-09-30,,9.87,24.79,,Cancelado
5413,1359,30,Segurança da Informação,2024-10-09,,1.12,17.29,,Cancelado
5414,1359,3,Customer Success,2024-02-25,,6.48,28.18,,Cancelado
5415,1360,14,Agile/Scrum,2024-03-25,2024-05-09,5.03,91.72,7.26,Concluído
5416,1360,89,Product Management,2024-09-29,,11.41,20.88,,Em Andamento
5417,1361,24,Gestão de Projetos,2024-11-09,2024-11-30,22.63,98.2,7.63,Concluído
5418,1361,65,Machine Learning,2024-12-02,2024-12-28,18.6,68.82,9.23,Concluído
5419,1361,70,Negociação,2024-12-24,2024-12-26,16.3,77.09,7.27,Concluído
5420,1361,57,Machine Learning,2024-11-16,,5.26,23.94,,Em Andamento
5421,1361,44,Gestão de Tempo,2024-12-28,2024-12-31,29.55,73.48,7.97,Concluído
5422,1361,78,Vendas Consultivas,2024-10-19,2024-11-04,20.57,70.67,7.66,Concluído
5423,1361,40,Customer Success,2024-12-14,2024-12-27,10.16,97.41,6.87,Concluído
5424,1362,60,Customer Success,2024-10-17,,2.76,62.7,,Em Andamento
5425,1362,78,Design Thinking,2024-11-16,,8.31,10.82,,Cancelado
5426,1362,15,Liderança e Gestão de Pessoas,2023-11-06,2024-01-07,16.11,88.42,9.05,Concluído
5427,1362,22,Gestão de Projetos,2023-04-18,2024-10-17,26.16,92.57,9.7,Concluído
5428,1363,25,Excel Avançado,2024-02-24,2024-07-31,36.07,68.02,7.8,Concluído
5429,1363,76,Excel Avançado,2022-08-03,,16.85,34.42,,Em Andamento
5430,1363,10,Design Thinking,2024-05-20,,8.72,24.44,,Cancelado
5431,1363,29,Negociação,2022-10-18,2023-05-02,29.82,79.81,8.32,Concluído
5432,1363,36,Python Avançado,2024-05-28,,7.76,25.03,,Cancelado
5433,1363,64,Gestão de Tempo,2024-12-30,2024-12-31,21.84,85.1,7.18,Concluído
5434,1364,13,Machine Learning,2024-02-26,2024-11-25,38.14,70.0,7.62,Concluído
5435,1364,67,DevOps e CI/CD,2023-05-15,,6.3,8.13,,Em Andamento
5436,1364,72,Design Thinking,2023-05-31,,18.14,42.86,,Em Andamento
5437,1364,22,JavaScript Moderno,2024-03-26,2024-05-19,28.72,81.62,6.74,Concluído
5438,1364,58,Vendas Consultivas,2023-06-04,,4.68,71.54,,Em Andamento
5439,1364,6,JavaScript Moderno,2024-07-10,2024-07-20,14.44,79.96,7.51,Concluído
5440,1365,3,Negociação,2024-12-17,2024-12-27,39.42,76.28,6.33,Concluído
5441,1365,47,Machine Learning,2024-12-01,,8.29,19.17,,Cancelado
5442,1365,4,Oratória,2024-12-20,2024-12-23,36.0,74.32,8.97,Concluído
5443,1365,96,Liderança e Gestão de Pessoas,2024-12-27,2024-12-29,13.6,83.9,7.56,Concluído
5444,1365,23,Gestão de Projetos,2024-12-20,2024-12-26,32.26,87.31,7.05,Concluído
5445,1365,90,Data Analytics,2024-12-02,,2.15,89.36,,Em Andamento
5446,1365,89,Excel Avançado,2024-12-05,2024-12-10,14.72,77.08,8.34,Concluído
5447,1365,90,Power BI,2024-11-29,,17.57,11.69,,Em Andamento
5448,1366,35,Excel Avançado,2025-01-01,2025-01-02,32.83,80.95,9.77,Concluído
5449,1366,81,Oratória,2024-12-31,2025-01-01,8.98,86.44,8.41,Concluído
5450,1366,27,Gestão de Projetos,2025-01-01,2025-01-02,10.61,71.92,7.94,Concluído
5451,1366,95,Data Analytics,2024-12-31,2025-01-01,14.89,83.48,9.33,Concluído
5452,1366,53,Comunicação Eficaz,2024-12-31,2025-01-01,24.54,89.93,6.99,Concluído
5453,1367,61,Vendas Consultivas,2024-11-26,,2.7,27.86,,Em Andamento
5454,1367,6,Python Avançado,2024-12-18,2024-12-31,8.24,87.22,8.76,Concluído
5455,1367,65,DevOps e CI/CD,2024-12-22,2024-12-30,28.96,60.76,6.49,Concluído
5456,1367,18,Gestão de Projetos,2024-08-31,2024-11-07,22.3,79.73,7.28,Concluído
5457,1367,25,Comunicação Eficaz,2024-10-10,,8.56,22.56,,Cancelado
5458,1367,10,Design Thinking,2024-08-10,2024-09-10,20.75,65.1,8.22,Concluído
5459,1368,83,Python Avançado,2024-05-03,2024-05-21,17.52,95.54,6.82,Concluído
5460,1368,39,Oratória,2024-11-18,2024-11-25,5.65,84.32,8.4,Concluído
5461,1368,27,Gestão de Projetos,2024-06-12,2024-08-16,38.55,61.22,8.48,Concluído
5462,1369,15,DevOps e CI/CD,2024-10-04,2024-12-01,20.51,86.8,6.81,Concluído
5463,1369,55,Vendas Consultivas,2024-03-21,,5.3,54.37,,Em Andamento
5464,1369,99,Cloud Computing AWS,2024-02-22,2024-07-17,39.97,75.69,8.82,Concluído
5465,1369,38,Oratória,2024-03-19,2024-07-09,22.37,81.57,8.25,Concluído
5466,1370,27,Machine Learning,2023-11-23,,19.28,6.62,,Em Andamento
5467,1370,62,Agile/Scrum,2024-02-19,,4.09,3.42,,Cancelado
5468,1370,88,Customer Success,2024-05-30,2024-11-06,38.94,66.62,8.57,Concluído
5469,1372,13,Negociação,2024-12-05,,16.2,73.23,,Em Andamento
5470,1372,95,Oratória,2024-07-15,2024-08-03,14.12,90.47,6.5,Concluído
5471,1372,31,JavaScript Moderno,2024-08-30,2024-12-22,18.94,85.8,8.35,Concluído
5472,1372,90,Cloud Computing AWS,2024-06-23,,16.59,63.21,,Em Andamento
5473,1373,53,Design Thinking,2024-11-29,2024-12-27,34.71,63.3,9.54,Concluído
5474,1373,11,Oratória,2024-06-05,,1.06,29.69,,Cancelado
5475,1373,18,Python Avançado,2024-01-30,2024-11-24,29.42,67.97,7.35,Concluído
5476,1373,33,Agile/Scrum,2024-07-24,2024-08-28,28.88,93.27,9.86,Concluído
5477,1374,7,Oratória,2024-09-21,2024-11-29,23.39,62.0,8.4,Concluído
5478,1374,23,Segurança da Informação,2024-11-17,2024-12-03,24.8,97.12,8.47,Concluído
5479,1374,45,Cloud Computing AWS,2024-11-21,2024-11-22,26.87,94.46,6.55,Concluído
5480,1374,91,JavaScript Moderno,2024-10-10,2024-11-19,33.71,78.31,9.5,Concluído
5481,1374,57,Python Avançado,2024-11-26,2024-12-07,35.73,99.87,7.32,Concluído
5482,1374,59,Segurança da Informação,2024-11-30,2024-12-13,16.78,83.77,7.22,Concluído
5483,1374,15,Machine Learning,2024-10-13,2024-10-15,11.81,96.08,9.54,Concluído
5484,1374,68,Vendas Consultivas,2024-11-28,2024-12-01,22.82,78.1,9.33,Concluído
5485,1375,56,Comunicação Eficaz,2024-03-10,2024-10-05,29.94,98.31,8.66,Concluído
5486,1375,23,Data Analytics,2022-10-04,2023-05-06,8.33,88.5,8.7,Concluído
5487,1375,86,Gestão de Tempo,2023-04-09,2024-11-29,30.33,79.69,7.2,Concluído
5488,1375,99,Oratória,2022-04-18,,2.74,31.72,,Em Andamento
5489,1376,42,Segurança da Informação,2022-07-31,2023-09-19,17.52,81.3,6.84,Concluído
5490,1376,78,DevOps e CI/CD,2023-09-16,2023-10-19,6.22,85.24,6.14,Concluído
5491,1376,36,Gestão de Tempo,2023-08-21,2024-08-01,13.48,61.9,6.74,Concluído
5492,1376,53,Design Thinking,2022-04-15,,10.86,11.49,,Em Andamento
5493,1376,19,Product Management,2022-10-25,2024-09-26,18.97,83.73,7.43,Concluído
5494,1376,13,JavaScript Moderno,2024-08-27,,10.59,52.21,,Em Andamento
5495,1377,28,Vendas Consultivas,2023-09-16,2024-01-23,23.32,93.02,9.9,Concluído
5496,1377,6,Agile/Scrum,2024-06-17,2024-12-29,25.56,99.44,9.58,Concluído
5497,1377,95,Gestão de Tempo,2023-07-26,2024-12-14,4.3,95.04,7.85,Concluído
5498,1377,98,JavaScript Moderno,2024-12-05,2024-12-07,20.44,74.32,9.7,Concluído
5499,1378,87,Negociação,2022-11-14,,7.44,48.79,,Em Andamento
5500,1378,48,Negociação,2022-06-06,2023-07-26,15.77,87.76,8.49,Concluído
5501,1379,77,Excel Avançado,2024-07-16,2024-10-13,21.16,61.16,6.41,Concluído
5502,1379,88,DevOps e CI/CD,2024-11-18,2024-12-23,20.71,81.94,8.79,Concluído
5503,1379,42,Design Thinking,2024-05-25,,19.11,33.06,,Em Andamento
5504,1379,95,Power BI,2024-08-30,2024-09-21,13.97,95.18,6.83,Concluído
5505,1379,8,Design Thinking,2024-07-04,2024-08-05,18.78,88.59,6.31,Concluído
5506,1379,22,Design Thinking,2024-10-03,2024-12-15,20.65,71.25,8.98,Concluído
5507,1379,66,Power BI,2024-08-28,2024-09-18,9.26,96.41,7.66,Concluído
5508,1379,46,Gestão de Tempo,2024-07-26,2024-10-24,8.14,88.67,7.65,Concluído
5509,1380,49,Gestão de Projetos,2024-12-22,2024-12-30,17.75,89.17,6.77,Concluído
5510,1380,44,Comunicação Eficaz,2024-12-20,2024-12-27,34.53,89.3,8.63,Concluído
5511,1380,1,Segurança da Informação,2024-12-19,2024-12-29,38.71,63.85,7.06,Concluído
5512,1380,23,Liderança e Gestão de Pessoas,2024-12-22,2024-12-29,35.99,79.35,7.51,Concluído
5513,1380,20,Agile/Scrum,2024-12-25,2024-12-29,29.87,62.61,6.11,Concluído
5514,1380,27,DevOps e CI/CD,2024-12-25,2024-12-29,7.95,65.45,6.87,Concluído
5515,1381,82,Gestão de Tempo,2024-11-21,2024-11-23,35.4,91.89,9.13,Concluído
5516,1381,12,Machine Learning,2024-08-06,2024-10-01,7.18,83.43,6.58,Concluído
5517,1381,64,Oratória,2024-11-21,,5.43,37.83,,Em Andamento
5518,1381,5,Product Management,2024-09-02,2024-09-09,14.74,76.0,8.16,Concluído
5519,1381,83,Cloud Computing AWS,2024-08-14,2024-10-30,37.0,63.1,9.3,Concluído
5520,1381,67,Vendas Consultivas,2024-09-26,,5.1,37.6,,Cancelado
5521,1381,81,Oratória,2024-08-28,2024-09-14,25.61,63.26,6.79,Concluído
5522,1382,2,Oratória,2023-11-22,2024-04-05,20.94,65.73,6.45,Concluído
5523,1382,87,Data Analytics,2023-04-26,,5.18,38.96,,Cancelado
5524,1382,31,Negociação,2024-07-06,2024-11-04,17.66,69.82,7.22,Concluído
5525,1382,36,Product Management,2024-03-27,2024-12-16,21.57,96.25,9.23,Concluído
5526,1383,32,Design Thinking,2024-04-18,,10.34,31.91,,Em Andamento
5527,1383,44,DevOps e CI/CD,2024-03-15,2024-09-20,32.91,60.22,7.26,Concluído
5528,1383,98,Excel Avançado,2024-10-26,2024-11-13,11.26,76.78,7.28,Concluído
5529,1383,4,Excel Avançado,2023-12-07,,14.67,73.27,,Em Andamento
5530,1383,81,DevOps e CI/CD,2024-07-09,,3.03,28.72,,Cancelado
5531,1383,25,Cloud Computing AWS,2024-08-05,2024-08-14,22.89,92.63,6.95,Concluído
5532,1383,41,Customer Success,2024-08-15,2024-11-24,30.86,74.26,7.86,Concluído
5533,1383,24,Cloud Computing AWS,2024-12-19,2024-12-31,34.21,89.31,9.07,Concluído
5534,1384,79,Machine Learning,2022-12-02,2024-05-05,20.89,89.51,6.27,Concluído
5535,1385,83,Python Avançado,2024-10-12,2024-12-20,8.06,67.15,9.53,Concluído
5536,1386,98,Gestão de Tempo,2024-07-20,2024-11-26,6.21,69.37,6.56,Concluído
5537,1386,75,Design Thinking,2024-08-19,2024-11-26,36.06,84.87,7.42,Concluído
5538,1386,71,Oratória,2024-11-01,2024-12-31,30.37,86.88,9.54,Concluído
5539,1386,2,Design Thinking,2024-07-10,2024-09-30,13.65,96.32,9.19,Concluído
5540,1386,31,Data Analytics,2024-08-31,2024-12-15,32.55,97.89,6.18,Concluído
5541,1386,45,Data Analytics,2024-04-10,2024-09-23,25.14,85.03,7.82,Concluído
5542,1386,45,Agile/Scrum,2023-12-22,,14.93,15.91,,Em Andamento
5543,1387,71,Machine Learning,2024-10-28,2024-12-07,35.66,95.66,8.09,Concluído
5544,1387,17,JavaScript Moderno,2024-08-08,,17.12,62.66,,Em Andamento
5545,1387,54,Gestão de Projetos,2024-11-11,2024-11-17,27.27,85.06,9.91,Concluído
5546,1388,81,Power BI,2024-07-16,2024-12-25,30.66,73.92,9.1,Concluído
5547,1388,74,Machine Learning,2023-12-25,2024-04-08,14.36,65.85,8.65,Concluído
5548,1388,71,Data Analytics,2023-06-10,2024-04-22,37.2,67.64,6.65,Concluído
5549,1389,35,Agile/Scrum,2023-06-17,2024-12-23,31.48,82.58,6.21,Concluído
5550,1389,85,Liderança e Gestão de Pessoas,2024-06-28,,8.9,5.53,,Cancelado
5551,1389,95,Data Analytics,2024-07-23,2024-08-23,29.63,84.23,8.95,Concluído
5552,1390,77,Cloud Computing AWS,2023-01-08,2024-06-26,19.6,92.47,6.65,Concluído
5553,1390,38,Segurança da Informação,2022-10-12,2024-01-20,25.8,74.7,9.55,Concluído
5554,1390,30,Agile/Scrum,2023-03-12,2024-03-24,22.52,62.77,8.7,Concluído
5555,1390,77,Gestão de Projetos,2022-08-15,2023-07-22,37.31,83.49,8.21,Concluído
5556,1390,29,Python Avançado,2022-10-25,,6.56,23.01,,Em Andamento
5557,1390,9,Vendas Consultivas,2024-08-19,2024-09-24,29.97,86.52,7.0,Concluído
5558,1390,49,Customer Success,2024-07-30,2024-10-31,10.96,92.98,9.45,Concluído
5559,1390,87,Data Analytics,2024-02-03,2024-10-21,11.03,77.42,7.84,Concluído
5560,1391,81,Python Avançado,2024-10-27,2024-11-19,7.35,71.78,9.95,Concluído
5561,1391,40,Excel Avançado,2024-01-15,2024-03-29,5.51,98.37,7.92,Concluído
5562,1391,46,Python Avançado,2024-11-22,,8.81,33.64,,Cancelado
5563,1391,57,Gestão de Projetos,2024-03-30,2024-11-20,35.88,82.15,6.79,Concluído
5564,1391,46,Comunicação Eficaz,2024-07-09,2024-10-08,23.31,98.19,7.65,Concluído
5565,1391,26,Segurança da Informação,2024-09-11,,6.99,22.12,,Cancelado
5566,1392,91,Agile/Scrum,2024-08-26,2024-10-15,22.98,68.15,7.81,Concluído
5567,1392,7,Segurança da Informação,2023-12-19,2024-12-04,36.36,78.07,8.11,Concluído
5568,1394,79,Customer Success,2024-11-24,,15.97,32.08,,Em Andamento
5569,1394,30,Agile/Scrum,2024-12-10,2024-12-28,38.09,65.83,9.05,Concluído
5570,1394,79,Power BI,2024-12-11,2024-12-17,8.09,65.38,6.4,Concluído
5571,1394,90,Gestão de Tempo,2024-12-23,,17.45,11.71,,Em Andamento
5572,1395,19,JavaScript Moderno,2024-06-21,2024-08-11,22.39,70.28,9.97,Concluído
5573,1395,94,Gestão de Tempo,2024-05-04,,4.17,88.24,,Em Andamento
5574,1395,61,Power BI,2024-04-20,2024-10-09,16.18,60.15,6.05,Concluído
5575,1395,36,JavaScript Moderno,2024-07-29,,7.13,49.2,,Em Andamento
5576,1395,37,Comunicação Eficaz,2024-08-14,2024-09-09,36.75,93.25,6.79,Concluído
5577,1395,95,Oratória,2024-11-20,2024-12-24,16.16,74.3,6.05,Concluído
5578,1395,30,Cloud Computing AWS,2024-09-20,2024-12-13,33.42,72.25,9.39,Concluído
5579,1397,86,Cloud Computing AWS,2024-11-21,2024-11-30,38.99,73.98,9.56,Concluído
5580,1397,54,Cloud Computing AWS,2024-11-19,2024-11-29,11.77,63.38,9.13,Concluído
5581,1397,66,Python Avançado,2024-12-14,2024-12-26,27.0,62.17,9.98,Concluído
5582,1397,100,Liderança e Gestão de Pessoas,2024-12-24,2024-12-25,8.57,68.94,9.79,Concluído
5583,1397,22,Oratória,2024-12-04,2024-12-14,34.26,92.87,6.22,Concluído
5584,1397,7,Machine Learning,2024-11-29,,5.54,61.55,,Em Andamento
5585,1397,84,Power BI,2024-12-31,2025-01-01,32.6,69.06,9.54,Concluído
5586,1397,59,Power BI,2024-11-06,2024-12-27,30.06,96.2,7.85,Concluído
5587,1399,99,Oratória,2024-11-23,2024-12-02,20.23,76.65,8.62,Concluído
5588,1399,73,Data Analytics,2023-06-30,2023-07-28,17.56,73.79,7.69,Concluído
5589,1399,59,Excel Avançado,2024-08-03,2024-08-07,17.78,89.97,6.55,Concluído
5590,1400,23,Liderança e Gestão de Pessoas,2024-01-18,2024-07-06,15.54,64.15,6.54,Concluído
5591,1400,74,JavaScript Moderno,2024-03-09,2024-05-29,8.75,64.39,6.42,Concluído
5592,1400,36,Negociação,2024-08-07,2024-12-07,30.45,99.11,6.33,Concluído
5593,1400,7,Agile/Scrum,2024-01-10,2024-07-21,25.59,98.38,9.04,Concluído
5594,1400,27,Product Management,2023-01-29,2024-04-01,11.7,62.86,9.19,Concluído
5595,1401,10,Python Avançado,2024-11-27,2024-12-22,20.3,78.81,8.0,Concluído
5596,1401,32,Agile/Scrum,2024-03-22,,17.48,61.24,,Em Andamento
5597,1401,62,Data Analytics,2024-05-28,2024-11-05,37.32,67.21,7.59,Concluído
5598,1401,73,Data Analytics,2024-04-20,2024-12-16,17.35,82.15,9.51,Concluído
5599,1401,20,Agile/Scrum,2024-09-30,,1.62,21.75,,Cancelado
5600,1401,42,Gestão de Projetos,2024-04-23,2024-11-15,4.4,77.28,9.78,Concluído
5601,1401,77,Oratória,2024-03-27,2024-11-27,10.51,79.58,6.92,Concluído
5602,1401,67,Gestão de Tempo,2024-10-23,2024-11-19,37.64,73.87,6.28,Concluído
5603,1402,70,Product Management,2023-05-17,2024-04-26,27.11,80.84,8.05,Concluído
5604,1402,29,Machine Learning,2024-06-05,2024-10-05,10.66,72.4,7.18,Concluído
5605,1402,33,Oratória,2024-09-15,2024-10-10,35.27,64.11,7.01,Concluído
5606,1403,14,Excel Avançado,2024-03-11,,6.19,26.79,,Cancelado
5607,1403,92,Agile/Scrum,2024-09-10,2024-12-31,30.29,80.07,9.44,Concluído
5608,1404,65,Cloud Computing AWS,2024-10-19,2024-12-21,36.54,77.14,7.46,Concluído
5609,1404,22,Oratória,2024-12-01,2024-12-17,5.21,78.62,8.43,Concluído
5610,1404,88,Data Analytics,2024-12-15,2024-12-18,22.45,75.88,8.05,Concluído
5611,1404,4,Excel Avançado,2024-12-26,2024-12-27,14.4,99.44,6.24,Concluído
5612,1404,73,Power BI,2024-12-11,,3.8,8.58,,Em Andamento
5613,1404,74,JavaScript Moderno,2024-11-06,2024-12-24,14.44,62.36,6.84,Concluído
5614,1405,63,Power BI,2024-09-11,2024-11-26,24.91,88.09,8.3,Concluído
5615,1405,100,Vendas Consultivas,2022-07-01,,6.09,54.6,,Em Andamento
5616,1405,99,Agile/Scrum,2023-01-08,2024-09-22,11.49,95.58,9.47,Concluído
5617,1405,97,Liderança e Gestão de Pessoas,2023-07-09,2024-04-02,32.61,99.14,9.26,Concluído
5618,1405,1,Customer Success,2022-08-16,2023-03-29,11.37,92.7,7.46,Concluído
5619,1405,9,Power BI,2024-01-27,2024-04-08,33.79,88.02,8.94,Concluído
5620,1405,22,Data Analytics,2024-10-18,2024-11-14,27.54,72.39,9.18,Concluído
5621,1406,38,Excel Avançado,2024-04-26,2024-09-15,38.18,66.53,8.65,Concluído
5622,1406,37,Power BI,2023-01-22,2024-02-20,35.32,88.4,7.36,Concluído
5623,1406,92,Oratória,2023-07-14,2024-07-17,28.01,83.73,7.44,Concluído
5624,1406,41,Gestão de Projetos,2023-04-23,,9.18,31.6,,Em Andamento
5625,1406,48,Power BI,2023-01-21,2023-09-30,21.21,83.66,7.2,Concluído
5626,1406,79,DevOps e CI/CD,2023-07-14,2024-02-08,9.57,92.54,6.79,Concluído
5627,1406,12,Gestão de Tempo,2023-10-09,2024-01-06,34.89,76.94,6.24,Concluído
5628,1406,98,JavaScript Moderno,2023-01-17,,5.09,0.36,,Cancelado
5629,1407,60,Machine Learning,2024-08-01,2024-12-22,16.6,67.56,7.13,Concluído
5630,1407,76,JavaScript Moderno,2023-09-05,,6.85,18.05,,Cancelado
5631,1407,53,Liderança e Gestão de Pessoas,2024-09-11,,9.94,14.64,,Em Andamento
5632,1408,93,Python Avançado,2024-12-16,2024-12-23,8.02,62.17,7.15,Concluído
5633,1408,10,Machine Learning,2024-08-21,,9.93,12.62,,Cancelado
5634,1408,72,Segurança da Informação,2024-12-13,2024-12-18,39.23,61.77,7.46,Concluído
5635,1408,74,Agile/Scrum,2024-11-21,2024-12-22,22.12,63.07,8.24,Concluído
5636,1408,11,Product Management,2024-12-14,2024-12-29,21.71,68.67,7.36,Concluído
5637,1408,49,Product Management,2024-06-28,2024-12-03,32.13,77.24,7.92,Concluído
5638,1408,20,Excel Avançado,2024-10-20,2024-11-26,16.14,91.67,6.24,Concluído
5639,1408,31,Oratória,2024-06-29,,4.7,40.84,,Em Andamento
5640,1409,40,DevOps e CI/CD,2024-12-15,2024-12-16,28.4,97.63,6.65,Concluído
5641,1409,15,DevOps e CI/CD,2024-09-16,2024-10-27,33.22,94.2,7.09,Concluído
5642,1409,86,Machine Learning,2024-12-11,2024-12-23,32.06,99.49,8.06,Concluído
5643,1409,54,Negociação,2024-09-23,2024-09-26,16.56,74.44,8.37,Concluído
5644,1409,52,Vendas Consultivas,2024-10-22,,14.7,31.94,,Em Andamento
5645,1409,38,Segurança da Informação,2024-09-27,2024-11-08,4.12,85.86,7.29,Concluído
5646,1410,98,DevOps e CI/CD,2024-07-09,,6.25,19.09,,Cancelado
5647,1410,92,Machine Learning,2024-11-29,2024-12-30,24.05,97.25,8.97,Concluído
5648,1410,35,DevOps e CI/CD,2024-11-09,2024-12-28,11.31,97.65,9.84,Concluído
5649,1411,90,DevOps e CI/CD,2024-01-14,2024-08-26,30.74,75.87,8.81,Concluído
5650,1412,88,Oratória,2023-12-31,2024-05-07,5.06,73.46,8.87,Concluído
5651,1412,52,Agile/Scrum,2024-08-05,,11.45,12.71,,Em Andamento
5652,1413,91,Segurança da Informação,2024-12-05,2024-12-23,24.16,96.73,6.21,Concluído
5653,1413,82,DevOps e CI/CD,2024-12-03,2024-12-18,19.05,62.43,7.83,Concluído
5654,1413,21,Gestão de Projetos,2024-06-24,2024-07-23,34.82,84.17,8.47,Concluído
5655,1413,41,Liderança e Gestão de Pessoas,2024-05-18,,8.17,34.54,,Cancelado
5656,1415,80,DevOps e CI/CD,2024-01-02,2024-06-08,14.7,91.92,6.0,Concluído
5657,1417,20,Segurança da Informação,2022-09-21,,7.46,14.51,,Em Andamento
5658,1417,3,Vendas Consultivas,2023-04-07,2024-11-28,18.4,87.42,7.67,Concluído
5659,1417,73,Customer Success,2022-05-09,2024-12-16,33.16,75.94,6.23,Concluído
5660,1418,33,Negociação,2023-10-05,2024-03-23,24.86,73.66,9.72,Concluído
5661,1418,48,Cloud Computing AWS,2023-05-14,2024-11-10,37.97,94.95,6.46,Concluído
5662,1419,1,Gestão de Projetos,2022-12-15,,16.49,85.5,,Em Andamento
5663,1419,77,Negociação,2022-09-30,,18.36,87.21,,Em Andamento
5664,1419,67,Vendas Consultivas,2024-04-03,2024-05-18,5.57,80.81,9.96,Concluído
5665,1419,8,Negociação,2024-01-19,2024-02-24,17.43,90.7,9.55,Concluído
5666,1419,36,Cloud Computing AWS,2023-12-09,2024-08-25,33.04,85.76,9.62,Concluído
5667,1419,57,Python Avançado,2023-11-01,2024-11-28,16.24,74.0,9.99,Concluído
5668,1419,60,Data Analytics,2022-12-06,2023-03-07,23.36,65.54,7.32,Concluído
5669,1420,23,JavaScript Moderno,2023-12-26,2024-02-24,21.11,94.86,8.58,Concluído
5670,1420,71,Data Analytics,2023-01-20,,14.69,50.44,,Em Andamento
5671,1420,75,Segurança da Informação,2024-01-06,2024-10-23,6.23,79.91,7.84,Concluído
5672,1420,60,Vendas Consultivas,2023-11-27,2024-02-04,5.94,89.31,8.37,Concluído
5673,1421,76,Liderança e Gestão de Pessoas,2024-05-18,2024-06-24,33.79,88.6,7.99,Concluído
5674,1421,79,Oratória,2023-07-28,2023-11-17,10.77,85.29,6.66,Concluído
5675,1421,84,Oratória,2024-12-13,,16.58,60.4,,Em Andamento
5676,1421,14,Comunicação Eficaz,2023-07-22,2024-06-18,23.09,71.36,7.97,Concluído
5677,1421,51,Negociação,2023-11-24,2024-01-28,19.26,99.72,6.91,Concluído
5678,1422,88,Cloud Computing AWS,2024-11-02,2024-11-30,26.19,72.24,6.97,Concluído
5679,1422,51,Agile/Scrum,2022-12-08,2024-03-10,23.62,82.65,7.28,Concluído
5680,1422,22,Gestão de Projetos,2024-02-28,2024-06-29,37.46,92.23,10.0,Concluído
5681,1422,50,Vendas Consultivas,2023-01-04,2024-11-23,29.67,97.86,9.68,Concluído
5682,1423,91,JavaScript Moderno,2024-04-23,2024-07-18,21.01,62.09,6.35,Concluído
5683,1423,76,Agile/Scrum,2024-05-11,2024-07-05,38.99,73.11,9.44,Concluído
5684,1423,47,Design Thinking,2024-10-26,2024-12-26,4.03,91.61,7.17,Concluído
5685,1423,40,JavaScript Moderno,2024-05-03,2024-06-22,14.77,63.42,9.6,Concluído
5686,1423,39,Design Thinking,2023-08-09,,3.79,9.33,,Cancelado
5687,1423,89,Gestão de Tempo,2024-06-22,2024-09-01,39.75,69.02,6.05,Concluído
5688,1423,37,Customer Success,2024-10-08,,16.38,37.82,,Em Andamento
5689,1423,20,Negociação,2023-08-05,2024-08-07,30.49,65.48,9.63,Concluído
5690,1424,22,Cloud Computing AWS,2023-07-22,2024-02-02,14.55,76.49,6.57,Concluído
5691,1424,98,Gestão de Tempo,2024-02-18,2024-08-06,15.28,63.36,8.58,Concluído
5692,1424,35,Comunicação Eficaz,2024-09-10,,2.58,46.99,,Em Andamento
5693,1424,13,Liderança e Gestão de Pessoas,2022-10-01,2024-01-30,4.17,78.67,8.39,Concluído
5694,1424,9,Excel Avançado,2024-06-02,2024-06-11,38.98,99.33,9.31,Concluído
5695,1424,89,Python Avançado,2023-12-06,2024-02-19,30.75,67.48,9.32,Concluído
5696,1424,75,Liderança e Gestão de Pessoas,2024-10-09,2024-11-14,30.6,83.75,6.46,Concluído
5697,1424,59,Gestão de Projetos,2024-07-15,2024-12-30,12.34,87.05,9.25,Concluído
5698,1426,43,Liderança e Gestão de Pessoas,2024-04-05,2024-04-13,10.25,97.22,9.41,Concluído
5699,1426,89,DevOps e CI/CD,2023-08-11,2024-07-20,7.61,83.13,8.54,Concluído
5700,1426,27,Design Thinking,2023-11-21,2024-10-30,13.03,81.35,6.24,Concluído
5701,1426,16,Design Thinking,2024-03-26,2024-10-03,8.6,65.26,6.39,Concluído
5702,1426,75,JavaScript Moderno,2023-06-24,2024-06-29,18.64,72.82,8.8,Concluído
5703,1426,70,Excel Avançado,2023-06-18,2024-04-23,7.75,74.69,6.85,Concluído
5704,1426,30,Vendas Consultivas,2024-09-01,2024-10-07,11.69,72.74,7.03,Concluído
5705,1427,4,Python Avançado,2023-09-10,2023-09-27,15.07,97.1,6.81,Concluído
5706,1427,14,Python Avançado,2023-10-13,2024-01-14,34.38,83.92,7.83,Concluído
5707,1427,89,Machine Learning,2024-06-14,2024-12-07,37.02,60.37,9.32,Concluído
5708,1427,71,Product Management,2023-12-02,,7.23,30.77,,Cancelado
5709,1427,5,Oratória,2024-07-18,2024-10-14,32.42,83.46,6.63,Concluído
5710,1427,62,Liderança e Gestão de Pessoas,2024-05-20,2024-06-07,25.51,95.38,7.7,Concluído
5711,1429,17,Data Analytics,2023-04-23,,5.89,22.14,,Cancelado
5712,1429,61,Design Thinking,2022-12-05,2023-01-08,28.44,61.89,9.1,Concluído
5713,1429,12,Liderança e Gestão de Pessoas,2023-10-12,2023-10-19,14.33,86.03,7.0,Concluído
5714,1429,34,Product Management,2023-01-17,2024-03-12,10.93,67.49,6.37,Concluído
5715,1429,45,Data Analytics,2023-07-16,,19.4,75.86,,Em Andamento
5716,1429,29,DevOps e CI/CD,2024-04-30,2024-12-26,24.51,79.25,8.02,Concluído
5717,1429,80,Comunicação Eficaz,2024-04-06,2024-08-29,9.01,99.26,7.73,Concluído
5718,1429,8,Gestão de Tempo,2024-07-17,2024-11-04,22.63,76.8,8.11,Concluído
5719,1430,31,Customer Success,2024-05-12,2024-06-15,9.04,60.32,6.92,Concluído
5720,1430,67,Customer Success,2024-06-17,2024-07-08,11.6,84.17,8.38,Concluído
5721,1430,91,DevOps e CI/CD,2024-06-09,,13.73,84.9,,Em Andamento
5722,1430,71,Machine Learning,2024-11-20,2024-12-26,5.11,98.84,7.98,Concluído
5723,1430,25,Excel Avançado,2024-11-16,2024-11-28,23.4,64.18,6.97,Concluído
5724,1431,81,Excel Avançado,2024-11-18,2024-11-25,24.42,62.48,6.55,Concluído
5725,1432,49,Design Thinking,2024-12-09,2024-12-24,16.71,71.98,9.55,Concluído
5726,1432,37,Vendas Consultivas,2024-12-01,2024-12-15,15.13,89.67,7.96,Concluído
5727,1432,79,Segurança da Informação,2024-12-14,2024-12-22,37.57,99.19,8.64,Concluído
5728,1432,35,Design Thinking,2024-05-26,2024-06-25,36.01,79.58,8.6,Concluído
5729,1432,9,Gestão de Projetos,2024-07-22,2024-11-15,13.06,67.74,6.58,Concluído
5730,1433,83,Power BI,2024-12-26,2024-12-27,11.26,68.65,7.13,Concluído
5731,1433,64,Customer Success,2024-04-04,,11.58,81.59,,Em Andamento
5732,1433,92,Agile/Scrum,2024-07-25,,4.06,23.64,,Cancelado
5733,1434,2,Power BI,2024-12-31,2025-01-01,11.36,62.58,9.58,Concluído
5734,1434,5,Vendas Consultivas,2024-12-30,2024-12-31,5.82,73.64,6.13,Concluído
5735,1434,7,Agile/Scrum,2024-12-30,2024-12-31,15.38,74.66,7.62,Concluído
5736,1434,34,Customer Success,2024-12-30,2024-12-31,6.95,66.82,7.64,Concluído
5737,1434,90,Gestão de Tempo,2024-12-29,,13.3,66.66,,Em Andamento
5738,1434,38,Customer Success,2024-12-30,2024-12-31,24.98,84.07,8.76,Concluído
5739,1434,62,Excel Avançado,2024-12-31,2025-01-01,6.07,76.03,6.32,Concluído
5740,1435,14,Data Analytics,2023-10-01,2024-02-20,8.07,95.42,9.18,Concluído
5741,1436,53,Oratória,2024-04-09,2024-04-17,38.69,97.93,7.68,Concluído
5742,1437,67,Agile/Scrum,2024-05-06,2024-06-08,8.12,82.25,9.46,Concluído
5743,1437,49,Segurança da Informação,2024-06-06,2024-10-17,17.64,64.09,6.95,Concluído
5744,1437,15,Agile/Scrum,2024-04-05,2024-08-28,34.56,77.09,9.26,Concluído
5745,1437,5,Agile/Scrum,2024-11-17,2024-12-26,11.36,61.51,9.04,Concluído
5746,1437,1,DevOps e CI/CD,2024-12-27,2024-12-29,22.74,69.18,6.61,Concluído
5747,1437,68,Gestão de Projetos,2024-11-18,,8.95,27.25,,Em Andamento
5748,1438,85,Oratória,2024-09-27,,8.46,52.36,,Em Andamento
5749,1439,35,Agile/Scrum,2024-12-11,2024-12-29,34.26,85.32,8.74,Concluído
5750,1439,9,Excel Avançado,2022-07-24,2024-04-23,23.93,90.92,9.84,Concluído
5751,1439,59,Cloud Computing AWS,2024-10-20,2024-10-22,30.77,66.98,8.22,Concluído
5752,1439,49,Data Analytics,2024-06-25,,8.35,8.01,,Cancelado
5753,1439,24,Customer Success,2023-08-08,2024-06-04,17.46,90.87,7.53,Concluído
5754,1439,20,Liderança e Gestão de Pessoas,2024-02-07,,7.89,74.59,,Em Andamento
5755,1440,96,Segurança da Informação,2024-09-06,2024-10-13,27.18,72.85,7.69,Concluído
5756,1440,80,Product Management,2024-11-13,2024-11-23,29.12,93.81,8.68,Concluído
5757,1441,10,Negociação,2024-07-19,,7.48,86.02,,Em Andamento
5758,1441,38,Product Management,2024-07-20,2024-10-05,38.97,95.49,8.37,Concluído
5759,1441,57,Python Avançado,2024-08-13,2024-08-18,36.53,74.19,7.39,Concluído
5760,1441,6,Power BI,2024-04-26,2024-12-25,30.57,60.47,9.11,Concluído
5761,1441,8,Negociação,2024-02-16,2024-07-03,9.09,83.23,9.26,Concluído
5762,1441,21,Gestão de Projetos,2023-09-25,,17.61,23.05,,Em Andamento
5763,1441,1,Agile/Scrum,2024-05-24,2024-07-04,39.53,97.53,6.84,Concluído
5764,1441,91,Machine Learning,2024-04-26,,11.03,25.92,,Em Andamento
5765,1442,60,Data Analytics,2024-02-20,2024-02-24,34.83,93.18,6.49,Concluído
5766,1442,25,Vendas Consultivas,2024-12-25,2024-12-31,5.7,96.23,8.57,Concluído
5767,1442,57,Design Thinking,2024-09-02,2024-09-10,23.47,75.77,7.21,Concluído
5768,1442,46,Vendas Consultivas,2024-07-22,,12.9,22.46,,Em Andamento
5769,1442,84,Python Avançado,2024-06-11,2024-10-20,25.34,67.36,7.93,Concluído
5770,1444,65,Negociação,2024-03-31,2024-07-24,9.65,92.57,9.48,Concluído
5771,1445,19,Negociação,2023-11-28,2024-06-21,22.56,74.29,7.74,Concluído
5772,1445,71,Comunicação Eficaz,2024-01-29,2024-05-23,16.98,71.33,6.13,Concluído
5773,1445,85,DevOps e CI/CD,2024-12-03,2024-12-12,11.44,62.12,9.35,Concluído
5774,1445,26,Gestão de Projetos,2022-10-11,2023-10-03,11.61,77.46,9.29,Concluído
5775,1445,10,Machine Learning,2023-02-26,2024-07-27,10.57,79.68,9.09,Concluído
5776,1446,30,Negociação,2024-12-15,2024-12-25,13.78,69.23,6.51,Concluído
5777,1446,78,DevOps e CI/CD,2024-06-03,,18.34,76.74,,Em Andamento
5778,1448,48,Negociação,2024-06-27,2024-11-01,38.96,79.52,8.13,Concluído
5779,1448,23,Excel Avançado,2024-12-25,2024-12-29,33.04,98.96,9.25,Concluído
5780,1448,20,Negociação,2024-09-23,2024-11-23,12.29,90.65,7.23,Concluído
5781,1448,43,Liderança e Gestão de Pessoas,2024-05-22,,8.14,44.11,,Em Andamento
5782,1448,7,Gestão de Tempo,2024-09-13,2024-11-20,16.82,61.85,8.26,Concluído
5783,1448,55,Agile/Scrum,2024-06-28,2024-10-06,24.95,75.74,9.79,Concluído
5784,1448,26,Machine Learning,2024-10-14,,7.77,60.45,,Em Andamento
5785,1448,58,Gestão de Projetos,2024-09-05,2024-10-22,36.02,73.66,8.29,Concluído
5786,1449,100,Segurança da Informação,2024-12-29,,8.85,50.47,,Em Andamento
5787,1449,22,Liderança e Gestão de Pessoas,2024-12-31,,18.17,73.04,,Em Andamento
5788,1449,97,Segurança da Informação,2024-12-22,2024-12-26,35.73,90.61,7.86,Concluído
5789,1449,44,Customer Success,2024-12-20,,9.72,12.5,,Cancelado
5790,1449,7,Machine Learning,2024-12-28,2024-12-29,35.62,98.08,6.99,Concluído
5791,1449,55,Cloud Computing AWS,2024-12-30,2024-12-31,25.67,68.42,7.6,Concluído
5792,1449,33,Gestão de Tempo,2024-12-31,,10.24,52.02,,Em Andamento
5793,1450,6,Segurança da Informação,2024-08-04,,4.92,70.84,,Em Andamento
5794,1450,75,Design Thinking,2024-03-30,2024-06-28,24.16,69.44,7.93,Concluído
5795,1450,95,Cloud Computing AWS,2024-05-04,2024-08-22,7.65,79.17,8.88,Concluído
5796,1450,36,Segurança da Informação,2024-04-22,2024-08-01,22.88,90.36,9.37,Concluído
5797,1450,72,Segurança da Informação,2024-07-15,,14.78,4.96,,Em Andamento
5798,1450,92,Data Analytics,2024-05-21,,19.29,48.92,,Em Andamento
5799,1450,74,Machine Learning,2024-12-04,2024-12-10,16.79,80.56,7.89,Concluído
5800,1452,79,Gestão de Projetos,2024-11-17,2024-11-28,16.42,96.61,8.35,Concluído
5801,1452,59,Gestão de Tempo,2024-09-10,,15.27,66.46,,Em Andamento
5802,1452,16,Agile/Scrum,2024-10-16,2024-10-21,21.31,87.14,6.41,Concluído
5803,1453,48,Gestão de Projetos,2024-12-10,2024-12-16,16.65,80.57,9.37,Concluído
5804,1454,86,JavaScript Moderno,2024-10-03,2024-11-20,6.28,88.12,9.57,Concluído
5805,1455,70,Oratória,2024-11-01,2024-12-06,26.12,86.89,7.78,Concluído
5806,1455,93,Gestão de Tempo,2024-11-09,2024-12-04,39.89,77.74,7.9,Concluído
5807,1455,94,Negociação,2024-10-08,2024-12-07,23.74,73.59,7.63,Concluído
5808,1455,50,Excel Avançado,2024-12-18,2024-12-31,9.95,72.24,6.99,Concluído
5809,1455,87,Agile/Scrum,2024-12-04,2024-12-20,7.51,62.23,7.91,Concluído
5810,1455,79,Cloud Computing AWS,2024-10-13,2024-11-16,23.24,64.97,6.44,Concluído
5811,1455,52,Vendas Consultivas,2024-12-02,2024-12-21,6.81,81.07,8.29,Concluído
5812,1455,35,Negociação,2024-11-07,2024-12-04,38.7,82.27,9.02,Concluído
5813,1456,29,Gestão de Tempo,2024-05-06,2024-09-20,26.66,74.02,7.41,Concluído
5814,1456,17,Agile/Scrum,2023-04-10,2023-11-15,28.48,93.37,6.32,Concluído
5815,1456,82,Oratória,2023-01-21,2023-11-03,37.29,99.74,9.35,Concluído
5816,1456,91,Python Avançado,2024-11-20,,12.69,87.48,,Em Andamento
5817,1456,44,Customer Success,2024-10-05,2024-12-22,17.92,88.07,9.94,Concluído
5818,1456,25,Agile/Scrum,2024-09-19,2024-12-18,23.65,99.87,8.07,Concluído
5819,1458,13,Gestão de Tempo,2023-09-22,,15.46,55.91,,Em Andamento
5820,1458,58,Python Avançado,2024-08-28,,7.87,59.86,,Em Andamento
5821,1458,7,JavaScript Moderno,2024-07-16,2024-09-08,22.99,98.17,7.16,Concluído
5822,1458,15,DevOps e CI/CD,2023-08-05,,3.18,84.27,,Em Andamento
5823,1458,78,JavaScript Moderno,2022-12-08,2023-03-23,23.75,88.29,9.81,Concluído
5824,1458,23,Excel Avançado,2023-09-03,2024-05-07,23.12,84.24,8.05,Concluído
5825,1458,89,Comunicação Eficaz,2022-10-29,,4.25,62.42,,Em Andamento
5826,1458,54,Data Analytics,2023-06-29,2023-11-06,36.95,89.03,6.81,Concluído
5827,1459,57,Segurança da Informação,2023-08-09,2024-11-30,26.84,82.56,8.05,Concluído
5828,1459,25,Data Analytics,2023-11-22,,15.29,85.48,,Em Andamento
5829,1459,45,Gestão de Projetos,2024-10-25,2024-11-04,14.49,93.71,8.3,Concluído
5830,1460,85,Liderança e Gestão de Pessoas,2024-04-03,2024-06-04,8.68,64.25,8.06,Concluído
5831,1460,66,Data Analytics,2023-10-19,2024-09-14,33.28,92.72,9.14,Concluído
5832,1460,28,Comunicação Eficaz,2024-06-01,2024-11-29,24.42,71.6,9.0,Concluído
5833,1461,34,Power BI,2022-08-06,,4.34,61.29,,Em Andamento
5834,1461,29,DevOps e CI/CD,2024-01-11,2024-10-26,37.19,80.47,7.96,Concluído
5835,1461,8,Segurança da Informação,2024-06-09,2024-08-20,6.57,99.96,9.9,Concluído
5836,1461,28,Agile/Scrum,2022-05-21,,5.59,25.91,,Cancelado
5837,1461,33,Power BI,2022-06-27,2023-09-30,25.21,78.72,9.62,Concluído
5838,1462,49,Customer Success,2024-02-03,2024-09-10,39.07,76.51,8.67,Concluído
5839,1462,63,Cloud Computing AWS,2024-10-07,,4.7,15.85,,Em Andamento
5840,1462,55,DevOps e CI/CD,2024-05-30,2024-12-06,22.41,68.91,7.0,Concluído
5841,1462,33,DevOps e CI/CD,2024-07-11,2024-11-13,26.79,82.17,8.13,Concluído
5842,1463,40,Data Analytics,2024-08-11,2024-10-18,29.83,74.25,9.34,Concluído
5843,1463,84,Oratória,2023-06-17,2024-06-22,26.75,93.14,7.03,Concluído
5844,1463,13,Python Avançado,2024-03-13,2024-12-04,14.0,93.37,9.61,Concluído
5845,1465,45,Cloud Computing AWS,2024-12-23,2024-12-26,37.86,72.45,8.48,Concluído
5846,1465,92,Gestão de Tempo,2024-08-02,2024-08-30,20.9,94.07,9.56,Concluído
5847,1465,92,Design Thinking,2024-10-22,2024-12-05,34.68,94.66,6.59,Concluído
5848,1465,85,Negociação,2024-11-26,2024-12-05,38.35,96.31,9.57,Concluído
5849,1465,33,Vendas Consultivas,2024-08-02,2024-09-01,11.66,91.42,7.0,Concluído
5850,1465,20,Gestão de Tempo,2024-07-30,2024-08-22,20.76,64.31,6.91,Concluído
5851,1465,33,Customer Success,2024-11-01,2024-11-02,29.31,69.62,8.35,Concluído
5852,1465,90,Negociação,2024-12-19,2024-12-29,39.7,74.91,9.62,Concluído
5853,1466,46,Machine Learning,2023-01-17,2024-11-26,29.85,78.87,7.85,Concluído
5854,1466,89,Data Analytics,2024-08-24,2024-12-22,39.05,91.38,7.05,Concluído
5855,1466,77,Machine Learning,2023-08-20,,4.88,4.83,,Cancelado
5856,1466,3,JavaScript Moderno,2024-07-15,2024-08-14,27.79,91.08,8.24,Concluído
5857,1466,11,Agile/Scrum,2024-11-18,2024-11-22,4.98,87.0,6.74,Concluído
5858,1468,18,Excel Avançado,2024-06-17,2024-09-22,12.78,60.05,7.57,Concluído
5859,1468,94,Gestão de Projetos,2024-05-06,2024-10-07,38.78,67.84,9.13,Concluído
5860,1468,24,Negociação,2024-12-30,2024-12-31,10.37,73.92,6.53,Concluído
5861,1468,18,Gestão de Projetos,2024-12-12,2024-12-29,25.12,68.66,6.3,Concluído
5862,1468,87,Oratória,2024-10-15,2024-11-02,22.68,73.48,8.17,Concluído
5863,1468,26,Machine Learning,2024-08-30,,10.6,34.86,,Em Andamento
5864,1468,67,Liderança e Gestão de Pessoas,2024-02-06,,17.02,31.87,,Em Andamento
5865,1469,26,Product Management,2023-08-04,2024-05-17,4.19,97.34,8.66,Concluído
5866,1469,54,Design Thinking,2023-12-28,2024-02-15,35.23,62.19,8.58,Concluído
5867,1469,6,Design Thinking,2024-01-12,2024-04-30,30.62,72.66,8.96,Concluído
5868,1469,7,Python Avançado,2023-11-15,2024-01-25,5.69,95.18,8.4,Concluído
5869,1469,5,Product Management,2024-07-24,,3.77,12.02,,Em Andamento
5870,1469,99,Python Avançado,2024-01-05,2024-03-04,13.94,83.79,6.58,Concluído
5871,1469,77,DevOps e CI/CD,2024-11-23,,4.76,5.37,,Cancelado
5872,1469,20,Customer Success,2024-06-05,,9.43,7.63,,Em Andamento
5873,1470,88,Vendas Consultivas,2024-05-15,2024-06-27,36.6,86.84,6.47,Concluído
5874,1470,76,JavaScript Moderno,2024-03-21,2024-12-02,31.97,87.23,7.62,Concluído
5875,1471,14,Machine Learning,2024-02-29,2024-06-24,17.49,97.19,8.58,Concluído
5876,1471,20,JavaScript Moderno,2024-04-11,2024-12-04,8.93,98.82,9.78,Concluído
5877,1472,66,Agile/Scrum,2023-11-10,2024-01-29,22.81,98.56,6.66,Concluído
5878,1472,84,Data Analytics,2024-01-22,2024-09-11,20.72,70.71,7.19,Concluído
5879,1472,95,JavaScript Moderno,2023-12-05,2024-04-16,12.87,97.79,6.75,Concluído
5880,1472,46,Negociação,2023-10-10,2024-10-15,16.57,63.11,8.66,Concluído
5881,1472,90,Oratória,2024-12-13,2024-12-14,21.12,85.19,6.63,Concluído
5882,1472,30,Design Thinking,2023-07-31,2024-01-27,24.29,71.32,6.88,Concluído
5883,1472,10,Data Analytics,2023-08-06,2024-04-22,6.7,62.7,7.93,Concluído
5884,1472,11,Machine Learning,2023-07-13,2024-08-08,12.56,85.52,6.89,Concluído
5885,1474,55,Liderança e Gestão de Pessoas,2024-03-10,2024-11-17,9.5,74.96,9.59,Concluído
5886,1475,40,Python Avançado,2024-02-13,2024-03-08,35.32,79.91,6.3,Concluído
5887,1475,52,Power BI,2023-12-05,2024-02-09,7.74,93.3,9.94,Concluído
5888,1475,67,Power BI,2024-02-13,2024-06-12,20.27,98.22,8.35,Concluído
5889,1475,35,Gestão de Tempo,2024-04-13,2024-10-23,37.38,98.67,7.19,Concluído
5890,1475,29,Python Avançado,2024-01-21,2024-07-12,12.94,80.23,8.36,Concluído
5891,1475,56,Cloud Computing AWS,2024-08-12,2024-12-13,11.92,94.59,7.89,Concluído
5892,1475,34,Vendas Consultivas,2024-12-06,2024-12-14,37.65,88.11,6.84,Concluído
5893,1476,80,Oratória,2022-08-26,2024-12-19,29.97,73.68,8.62,Concluído
5894,1476,49,Customer Success,2023-12-19,2024-07-02,23.7,86.18,7.51,Concluído
5895,1476,46,Liderança e Gestão de Pessoas,2024-01-28,,13.73,49.9,,Em Andamento
5896,1476,23,Gestão de Projetos,2023-10-07,2024-05-09,37.92,75.68,6.84,Concluído
5897,1476,60,Power BI,2022-12-15,2023-01-31,13.69,62.88,8.65,Concluído
5898,1476,54,Excel Avançado,2023-05-21,2024-02-26,4.18,97.92,8.42,Concluído
5899,1477,44,Liderança e Gestão de Pessoas,2024-08-08,2024-09-27,29.25,61.0,8.72,Concluído
5900,1477,25,Customer Success,2024-10-26,2024-12-27,23.87,95.66,8.37,Concluído
5901,1477,8,JavaScript Moderno,2024-10-12,2024-12-04,14.05,78.2,7.83,Concluído
5902,1477,80,JavaScript Moderno,2024-08-01,2024-11-12,38.18,96.89,9.51,Concluído
5903,1477,39,Liderança e Gestão de Pessoas,2024-08-25,2024-12-07,13.4,99.41,6.51,Concluído
5904,1477,60,Agile/Scrum,2024-11-23,,13.71,24.48,,Em Andamento
5905,1478,34,Negociação,2024-12-02,2024-12-20,32.13,75.4,6.92,Concluído
5906,1478,18,Negociação,2023-10-16,,15.31,10.09,,Em Andamento
5907,1478,55,Agile/Scrum,2023-07-11,2024-12-23,8.39,61.27,9.61,Concluído
5908,1478,36,Python Avançado,2024-10-19,2024-11-20,25.08,95.44,7.01,Concluído
5909,1480,40,Liderança e Gestão de Pessoas,2024-12-01,,17.78,50.46,,Em Andamento
5910,1480,69,Machine Learning,2024-10-27,2024-11-15,32.95,95.46,6.66,Concluído
5911,1480,74,Data Analytics,2024-12-20,2024-12-30,32.21,63.33,9.86,Concluído
5912,1480,97,Cloud Computing AWS,2024-11-03,2024-12-31,26.05,89.09,9.3,Concluído
5913,1480,97,Excel Avançado,2024-08-23,2024-09-08,29.65,80.48,8.98,Concluído
5914,1480,85,Design Thinking,2024-03-14,2024-11-08,21.87,74.27,7.89,Concluído
5915,1482,77,Segurança da Informação,2024-02-15,,3.36,60.85,,Em Andamento
5916,1482,76,Product Management,2024-03-13,2024-10-18,29.02,72.64,7.63,Concluído
5917,1482,77,Gestão de Projetos,2024-06-21,,17.32,24.08,,Em Andamento
5918,1483,73,Design Thinking,2024-06-15,2024-06-30,15.78,87.0,6.43,Concluído
5919,1483,28,Oratória,2023-12-06,2024-05-26,16.55,76.59,9.73,Concluído
5920,1483,50,Cloud Computing AWS,2023-06-03,2023-06-17,7.53,80.78,6.41,Concluído
5921,1483,19,Comunicação Eficaz,2023-10-04,2023-11-12,29.96,79.93,7.63,Concluído
5922,1483,18,Gestão de Tempo,2024-07-19,2024-08-24,21.99,99.56,6.22,Concluído
5923,1483,23,Excel Avançado,2023-12-12,2024-05-08,16.24,89.97,7.74,Concluído
5924,1483,13,DevOps e CI/CD,2023-06-21,2024-12-05,13.67,84.71,6.84,Concluído
5925,1484,83,Design Thinking,2024-10-09,2024-12-27,5.81,87.3,7.57,Concluído
5926,1484,60,DevOps e CI/CD,2024-11-25,2024-12-18,39.56,74.48,9.7,Concluído
5927,1484,26,Data Analytics,2024-09-27,2024-12-23,14.23,80.28,6.93,Concluído
5928,1484,92,Oratória,2024-12-08,2024-12-26,18.71,75.23,7.01,Concluído
5929,1484,83,Data Analytics,2024-10-02,2024-10-22,29.22,70.94,8.11,Concluído
5930,1484,62,JavaScript Moderno,2024-12-22,,9.22,11.2,,Cancelado
5931,1484,65,Power BI,2024-08-06,2024-12-21,8.22,99.65,6.25,Concluído
5932,1486,60,Comunicação Eficaz,2023-09-22,2024-08-09,26.63,69.01,6.65,Concluído
5933,1486,24,JavaScript Moderno,2023-08-26,2024-02-06,18.63,83.56,8.67,Concluído
5934,1486,29,Python Avançado,2024-06-21,,12.39,83.53,,Em Andamento
5935,1486,27,Machine Learning,2024-03-13,2024-06-18,26.99,63.29,7.62,Concluído
5936,1486,61,Cloud Computing AWS,2024-05-18,,7.71,14.84,,Cancelado
5937,1486,35,DevOps e CI/CD,2023-01-17,2024-12-18,25.98,93.59,6.36,Concluído
5938,1486,59,Python Avançado,2023-02-18,,12.48,66.81,,Em Andamento
5939,1486,76,Gestão de Projetos,2023-07-18,2024-01-31,23.83,94.55,10.0,Concluído
5940,1487,65,Product Management,2024-07-29,2024-09-10,34.01,82.92,8.21,Concluído
5941,1487,83,Cloud Computing AWS,2024-11-01,2024-11-20,13.04,74.32,8.48,Concluído
5942,1488,51,Product Management,2024-04-05,2024-05-25,24.62,64.39,6.43,Concluído
5943,1488,18,Agile/Scrum,2024-05-14,2024-12-13,30.78,62.89,6.12,Concluído
5944,1488,2,Gestão de Tempo,2023-06-05,2023-10-20,23.38,84.74,9.85,Concluído
5945,1488,4,Excel Avançado,2023-10-05,2024-03-30,30.94,79.49,6.09,Concluído
5946,1488,17,Comunicação Eficaz,2024-01-15,,14.77,83.9,,Em Andamento
5947,1488,79,Comunicação Eficaz,2024-04-15,2024-11-07,6.92,92.13,7.98,Concluído
5948,1488,40,DevOps e CI/CD,2024-11-27,2024-12-29,5.58,63.21,9.35,Concluído
5949,1488,74,Product Management,2024-11-07,2024-12-27,7.53,96.75,7.85,Concluído
5950,1489,59,Excel Avançado,2023-06-13,2024-12-22,8.05,85.09,6.78,Concluído
5951,1489,25,Data Analytics,2024-06-13,2024-12-20,20.48,72.0,7.64,Concluído
5952,1489,18,Liderança e Gestão de Pessoas,2024-11-10,2024-11-27,16.89,89.65,7.82,Concluído
5953,1489,92,Comunicação Eficaz,2023-05-23,2024-01-23,35.32,92.12,8.34,Concluído
5954,1489,87,Gestão de Projetos,2024-03-25,2024-10-25,27.74,90.94,8.78,Concluído
5955,1489,27,Excel Avançado,2023-03-07,2023-05-04,38.55,64.19,9.85,Concluído
5956,1490,1,Design Thinking,2023-07-30,2024-04-22,19.7,97.38,7.12,Concluído
5957,1490,43,Machine Learning,2022-12-31,,17.93,32.3,,Em Andamento
5958,1490,59,Customer Success,2022-10-15,2024-10-12,9.95,88.5,7.02,Concluído
5959,1490,15,Gestão de Projetos,2023-01-21,2023-07-29,24.13,83.64,8.75,Concluído
5960,1490,76,Vendas Consultivas,2024-09-04,2024-11-23,9.7,82.81,8.65,Concluído
5961,1491,92,Comunicação Eficaz,2024-09-28,2024-10-11,11.12,61.75,8.58,Concluído
5962,1491,54,Negociação,2024-10-12,2024-12-08,38.07,96.99,7.39,Concluído
5963,1492,69,Excel Avançado,2024-01-22,2024-12-31,26.56,96.74,7.79,Concluído
5964,1492,67,Negociação,2024-05-06,2024-10-31,35.96,81.87,8.84,Concluído
5965,1492,42,Oratória,2024-07-21,2024-08-29,36.23,64.49,9.55,Concluído
5966,1492,70,Gestão de Projetos,2024-11-10,2024-11-26,15.19,90.16,9.69,Concluído
5967,1492,10,Liderança e Gestão de Pessoas,2024-12-25,,8.55,42.99,,Em Andamento
5968,1493,79,Data Analytics,2023-03-06,2024-12-22,38.05,81.86,8.54,Concluído
5969,1493,90,Negociação,2022-10-08,2023-07-10,17.96,81.27,8.84,Concluído
5970,1493,85,Python Avançado,2022-10-09,2024-09-10,5.82,88.86,8.89,Concluído
5971,1493,52,Product Management,2023-06-14,2024-07-16,35.09,96.58,8.54,Concluído
5972,1493,17,Customer Success,2024-05-04,2024-05-30,21.87,70.36,8.22,Concluído
5973,1493,52,Data Analytics,2023-12-26,2024-06-01,34.03,60.56,8.47,Concluído
5974,1494,98,Power BI,2024-09-06,2024-11-15,8.69,77.44,6.44,Concluído
5975,1494,46,JavaScript Moderno,2022-12-28,2024-05-16,21.16,83.28,8.33,Concluído
5976,1494,76,Liderança e Gestão de Pessoas,2023-08-03,,18.21,74.85,,Em Andamento
5977,1494,71,Design Thinking,2023-01-14,2024-10-21,8.73,91.61,9.67,Concluído
5978,1494,2,Product Management,2023-11-13,,13.7,14.4,,Em Andamento
5979,1494,45,Design Thinking,2024-06-28,2024-08-11,39.83,78.79,9.14,Concluído
5980,1495,73,Power BI,2024-01-10,2024-12-21,27.92,69.21,7.94,Concluído
5981,1496,100,Cloud Computing AWS,2023-10-24,,14.82,26.9,,Em Andamento
5982,1496,51,Cloud Computing AWS,2024-02-05,2024-02-22,34.3,71.54,8.16,Concluído
5983,1496,51,Power BI,2024-11-27,,7.94,1.55,,Em Andamento
5984,1496,41,DevOps e CI/CD,2024-10-31,,9.82,33.75,,Cancelado
5985,1496,99,Vendas Consultivas,2022-05-10,,10.69,10.39,,Em Andamento
5986,1496,16,Segurança da Informação,2024-11-21,,8.03,56.51,,Em Andamento
5987,1496,55,Power BI,2024-07-12,2024-08-24,19.97,72.75,9.5,Concluído
5988,1497,95,Cloud Computing AWS,2024-12-21,2024-12-24,24.1,90.4,8.95,Concluído
5989,1497,99,Product Management,2024-11-25,2024-12-21,16.56,66.23,7.3,Concluído
5990,1497,60,Python Avançado,2024-09-01,2024-11-03,4.07,89.44,9.08,Concluído
5991,1497,63,Python Avançado,2024-12-07,,2.73,67.33,,Em Andamento
5992,1497,8,Python Avançado,2024-08-27,2024-10-30,35.18,84.88,9.95,Concluído
5993,1497,85,Python Avançado,2024-10-30,2024-12-03,18.05,99.02,6.57,Concluído
5994,1498,85,JavaScript Moderno,2023-08-20,2024-04-04,26.02,75.65,6.56,Concluído
5995,1498,23,Segurança da Informação,2024-04-05,2024-07-03,34.31,85.59,8.44,Concluído
5996,1498,73,Machine Learning,2024-07-12,2024-12-21,11.42,98.41,6.16,Concluído
5997,1498,12,Data Analytics,2023-04-28,2024-04-10,37.78,87.32,9.02,Concluído
5998,1498,99,Agile/Scrum,2024-06-13,2024-10-24,22.57,94.9,7.51,Concluído
5999,1498,57,Python Avançado,2024-07-15,2024-08-30,13.95,94.83,6.08,Concluído
6000,1498,45,Negociação,2023-07-09,2024-06-06,11.95,72.18,6.7,Concluído
6001,1498,11,Data Analytics,2023-08-10,2024-05-20,10.47,95.07,6.53,Concluído
6002,1499,10,Customer Success,2023-12-29,2024-10-21,27.58,97.16,9.83,Concluído
6003,1499,84,Cloud Computing AWS,2023-07-30,2024-06-08,15.05,62.56,6.46,Concluído
6004,1499,9,Design Thinking,2023-08-26,2024-10-12,36.22,83.44,6.75,Concluído
6005,1499,33,Oratória,2024-07-04,2024-08-22,29.27,66.2,6.27,Concluído
6006,1499,84,Excel Avançado,2024-07-07,,16.28,61.65,,Em Andamento
6007,1500,2,JavaScript Moderno,2024-11-26,2024-12-04,17.28,67.47,9.55,Concluído
6008,1500,68,Customer Success,2024-12-10,2024-12-26,31.46,99.63,7.05,Concluído
6009,1500,19,Design Thinking,2024-12-09,2024-12-30,22.85,85.58,7.85,Concluído
6010,1500,39,Data Analytics,2024-12-28,2024-12-31,24.82,84.04,6.02,Concluído
6011,1500,59,Segurança da Informação,2024-10-27,2024-11-02,24.15,65.47,8.48,Concluído
6012,1500,89,Power BI,2024-12-07,2024-12-09,10.12,78.38,7.32,Concluído
6013,1500,50,Power BI,2024-11-01,,19.87,2.92,,Em Andamento
6014,1501,26,JavaScript Moderno,2024-08-10,2024-11-06,20.95,74.9,8.99,Concluído
6015,1501,62,Vendas Consultivas,2024-05-18,2024-08-13,17.05,90.29,6.24,Concluído
6016,1501,94,Agile/Scrum,2024-07-20,2024-10-09,13.91,91.43,7.34,Concluído
6017,1501,6,Comunicação Eficaz,2024-02-12,2024-12-25,13.17,63.33,6.64,Concluído
6018,1501,72,Negociação,2024-05-19,2024-09-12,6.24,87.31,9.94,Concluído
6019,1503,47,Agile/Scrum,2024-10-15,2024-12-09,18.76,81.92,7.83,Concluído
6020,1503,94,DevOps e CI/CD,2023-10-10,,9.66,21.88,,Cancelado
6021,1503,44,Gestão de Projetos,2023-04-06,2023-12-10,15.7,98.17,8.45,Concluído
6022,1503,92,Data Analytics,2023-06-16,,18.75,79.31,,Em Andamento
6023,1504,91,Data Analytics,2024-03-08,2024-05-14,14.54,98.08,9.83,Concluído
6024,1504,36,Agile/Scrum,2024-05-15,,12.66,26.75,,Em Andamento
6025,1504,65,Customer Success,2023-05-22,2023-08-10,12.5,95.37,7.32,Concluído
6026,1504,24,Gestão de Tempo,2024-03-04,2024-03-21,39.22,81.98,7.5,Concluído
6027,1504,67,Segurança da Informação,2024-11-19,2024-12-26,13.93,73.0,8.76,Concluído
6028,1504,27,Machine Learning,2024-01-07,2024-12-12,35.21,68.69,7.23,Concluído
6029,1505,51,Cloud Computing AWS,2024-12-01,2024-12-06,4.79,71.57,8.76,Concluído
6030,1505,29,Segurança da Informação,2024-06-16,2024-10-22,29.62,89.55,8.52,Concluído
6031,1506,27,JavaScript Moderno,2024-05-20,2024-06-10,6.92,80.62,7.18,Concluído
6032,1506,49,Vendas Consultivas,2024-12-05,,5.19,12.28,,Cancelado
6033,1507,5,Excel Avançado,2024-06-05,2024-08-24,35.36,90.99,6.91,Concluído
6034,1507,10,Agile/Scrum,2024-06-13,,3.76,81.39,,Em Andamento
6035,1507,98,Comunicação Eficaz,2024-01-16,2024-10-29,30.76,69.16,6.28,Concluído
6036,1507,8,Segurança da Informação,2023-12-26,,18.17,69.01,,Em Andamento
6037,1507,24,Power BI,2024-10-16,2024-11-01,32.57,84.56,7.81,Concluído
6038,1508,75,Product Management,2024-08-07,2024-11-24,26.76,77.42,9.21,Concluído
6039,1508,59,DevOps e CI/CD,2023-12-11,2024-07-29,19.88,60.69,8.97,Concluído
6040,1508,80,Comunicação Eficaz,2023-03-04,2023-11-09,29.74,96.68,6.53,Concluído
6041,1509,32,Vendas Consultivas,2022-03-24,2022-11-29,39.58,97.67,6.31,Concluído
6042,1509,10,Gestão de Projetos,2022-11-04,2023-01-04,29.0,62.86,6.31,Concluído
6043,1509,24,Gestão de Projetos,2022-09-02,,13.34,31.45,,Em Andamento
6044,1509,37,Customer Success,2024-09-21,2024-12-18,6.53,93.76,8.78,Concluído
6045,1509,43,DevOps e CI/CD,2023-12-24,2024-10-28,33.19,93.05,7.42,Concluído
6046,1509,42,Gestão de Tempo,2022-12-01,2024-01-11,29.07,95.43,7.34,Concluído
6047,1509,41,Cloud Computing AWS,2024-05-28,2024-12-12,23.08,81.88,9.27,Concluído
6048,1510,76,Vendas Consultivas,2024-11-29,2024-12-30,12.5,68.89,6.25,Concluído
6049,1510,7,Customer Success,2024-11-15,2024-12-20,4.92,95.36,8.81,Concluído
6050,1510,90,Gestão de Tempo,2024-12-20,2024-12-26,33.46,99.9,6.7,Concluído
6051,1510,23,Machine Learning,2024-12-09,2024-12-27,30.66,81.45,8.83,Concluído
6052,1510,95,Comunicação Eficaz,2024-11-22,,6.8,24.67,,Em Andamento
6053,1511,3,Comunicação Eficaz,2022-12-20,,5.93,29.18,,Em Andamento
6054,1511,88,Comunicação Eficaz,2024-01-19,2024-06-17,34.24,69.29,8.18,Concluído
6055,1511,82,Product Management,2024-01-16,2024-11-14,23.77,71.19,6.68,Concluído
6056,1511,58,Power BI,2023-05-25,2024-10-05,36.88,91.2,6.52,Concluído
6057,1511,9,Segurança da Informação,2023-03-02,2024-03-19,12.37,88.57,7.45,Concluído
6058,1511,71,Excel Avançado,2022-09-23,2024-07-02,17.92,88.45,7.23,Concluído
6059,1511,63,Machine Learning,2024-12-30,2024-12-31,19.8,85.69,6.72,Concluído
6060,1511,66,DevOps e CI/CD,2023-01-19,2024-06-14,37.02,97.39,8.01,Concluído
6061,1512,47,Oratória,2024-11-02,,7.82,85.52,,Em Andamento
6062,1513,92,Segurança da Informação,2024-07-23,2024-08-07,9.54,98.33,8.44,Concluído
6063,1513,45,Gestão de Tempo,2024-11-10,,13.38,59.26,,Em Andamento
6064,1513,9,JavaScript Moderno,2024-10-25,2024-12-26,38.23,93.66,8.91,Concluído
6065,1514,59,Negociação,2023-11-04,2024-11-01,15.35,66.58,8.75,Concluído
6066,1514,43,Excel Avançado,2024-09-09,2024-10-22,18.34,63.73,7.43,Concluído
6067,1514,85,Vendas Consultivas,2023-12-25,2024-07-21,30.33,62.31,7.85,Concluído
6068,1514,20,Machine Learning,2024-01-13,2024-11-02,11.4,63.67,6.38,Concluído
6069,1514,87,Negociação,2023-11-04,2024-12-12,7.96,63.46,6.13,Concluído
6070,1514,64,Negociação,2024-08-11,2024-09-17,17.03,67.75,6.06,Concluído
6071,1514,33,JavaScript Moderno,2024-08-20,,6.45,24.2,,Em Andamento
6072,1514,8,Oratória,2024-07-02,2024-10-26,36.17,77.81,9.34,Concluído
6073,1515,32,Vendas Consultivas,2024-11-29,2024-12-08,8.7,86.21,7.9,Concluído
6074,1515,58,Excel Avançado,2022-09-09,2024-04-06,10.5,89.97,6.93,Concluído
6075,1515,84,Customer Success,2022-11-03,2024-10-25,23.24,93.08,8.81,Concluído
6076,1515,78,Negociação,2024-08-22,2024-10-27,31.8,83.91,8.11,Concluído
6077,1515,49,Data Analytics,2023-12-25,2024-08-26,23.86,97.65,6.6,Concluído
6078,1515,62,Python Avançado,2024-03-17,,9.79,52.21,,Em Andamento
6079,1515,94,Agile/Scrum,2024-07-10,2024-11-15,36.47,70.6,9.51,Concluído
6080,1516,34,Agile/Scrum,2024-12-21,2024-12-28,32.49,77.71,6.67,Concluído
6081,1517,1,Gestão de Tempo,2024-07-30,2024-08-29,7.34,63.2,7.93,Concluído
6082,1517,83,Cloud Computing AWS,2024-12-06,,9.74,72.95,,Em Andamento
6083,1517,94,Power BI,2023-12-21,2024-11-08,5.81,79.5,9.11,Concluído
6084,1517,85,Gestão de Projetos,2024-05-12,2024-06-03,10.76,68.04,8.36,Concluído
6085,1518,63,Machine Learning,2024-05-24,,17.44,26.1,,Em Andamento
6086,1518,52,Product Management,2024-07-30,2024-09-06,33.07,84.16,6.25,Concluído
6087,1518,57,Product Management,2024-08-12,,8.19,73.93,,Em Andamento
6088,1520,93,Data Analytics,2023-06-18,,9.84,12.26,,Cancelado
6089,1520,81,Cloud Computing AWS,2023-05-06,2024-12-29,28.2,98.92,8.94,Concluído
6090,1520,80,Agile/Scrum,2024-04-02,2024-09-06,33.26,87.96,6.84,Concluído
6091,1520,44,Power BI,2024-01-20,2024-03-26,15.61,77.23,7.18,Concluído
6092,1520,43,Oratória,2024-09-19,2024-11-25,11.5,87.27,8.92,Concluído
6093,1520,9,JavaScript Moderno,2023-11-08,2024-06-21,28.85,61.63,10.0,Concluído
6094,1520,31,Machine Learning,2024-05-26,2024-07-17,15.93,91.49,8.18,Concluído
6095,1521,85,Excel Avançado,2024-10-12,2024-10-15,25.33,97.35,8.39,Concluído
6096,1521,81,JavaScript Moderno,2024-06-09,2024-09-11,18.2,89.09,8.03,Concluído
6097,1521,74,Design Thinking,2024-06-23,2024-07-20,14.14,74.63,7.06,Concluído
6098,1521,85,Cloud Computing AWS,2024-09-06,2024-09-08,14.74,89.0,7.33,Concluído
6099,1521,53,Python Avançado,2024-07-01,,7.66,19.97,,Em Andamento
6100,1521,79,Python Avançado,2024-08-06,2024-10-07,19.8,70.3,7.19,Concluído
6101,1522,55,JavaScript Moderno,2023-07-23,2024-08-15,12.99,81.89,8.14,Concluído
6102,1523,28,Data Analytics,2024-10-08,2024-11-25,13.64,84.16,9.17,Concluído
6103,1523,26,Excel Avançado,2024-12-11,2024-12-27,28.68,81.1,7.91,Concluído
6104,1523,42,Gestão de Tempo,2024-10-30,,6.97,38.85,,Em Andamento
6105,1523,33,Python Avançado,2024-11-01,2024-11-21,22.28,85.46,8.99,Concluído
6106,1524,42,Comunicação Eficaz,2023-12-26,2024-09-28,30.63,89.39,7.74,Concluído
6107,1524,8,Design Thinking,2022-08-31,2022-11-10,8.22,81.11,9.82,Concluído
6108,1524,58,Machine Learning,2023-07-05,2023-08-07,12.99,96.62,7.17,Concluído
6109,1524,16,Oratória,2024-12-02,,7.5,17.46,,Em Andamento
6110,1524,23,Product Management,2022-06-04,2024-12-31,34.66,99.51,6.8,Concluído
6111,1525,49,Oratória,2024-01-19,,17.56,64.63,,Em Andamento
6112,1525,81,Oratória,2023-10-21,2024-11-16,6.03,89.55,9.51,Concluído
6113,1525,80,Power BI,2024-03-08,2024-04-11,38.73,71.47,6.43,Concluído
6114,1525,77,Design Thinking,2024-01-08,2024-09-01,19.9,98.27,8.28,Concluído
6115,1525,63,Segurança da Informação,2024-07-14,2024-08-06,11.45,72.54,8.81,Concluído
6116,1526,22,Product Management,2024-01-04,2024-11-16,4.75,78.8,6.9,Concluído
6117,1526,94,Cloud Computing AWS,2024-05-19,2024-06-07,36.85,88.72,8.47,Concluído
6118,1526,28,Liderança e Gestão de Pessoas,2024-03-10,2024-12-10,21.76,67.52,9.14,Concluído
6119,1526,93,Power BI,2024-06-09,2024-07-26,32.99,77.27,9.07,Concluído
6120,1526,77,JavaScript Moderno,2024-04-07,2024-11-26,32.13,70.19,8.12,Concluído
6121,1527,71,Machine Learning,2024-04-23,2024-09-05,14.75,75.9,6.98,Concluído
6122,1527,97,Oratória,2024-07-30,2024-12-07,33.64,79.27,8.72,Concluído
6123,1527,63,Data Analytics,2024-09-02,2024-10-07,9.62,99.65,7.5,Concluído
6124,1527,53,DevOps e CI/CD,2023-05-08,2023-08-14,8.88,95.83,9.83,Concluído
6125,1527,55,Excel Avançado,2023-04-25,2024-05-20,25.63,63.5,9.07,Concluído
6126,1527,6,Vendas Consultivas,2023-04-12,2024-12-03,13.61,83.75,6.23,Concluído
6127,1528,29,Power BI,2024-04-29,2024-08-31,37.69,80.36,8.76,Concluído
6128,1529,55,Cloud Computing AWS,2024-08-09,2024-11-30,33.61,63.47,8.82,Concluído
6129,1529,53,Machine Learning,2024-08-09,,7.88,5.31,,Cancelado
6130,1529,44,Gestão de Tempo,2024-08-15,2024-09-16,30.88,79.8,7.12,Concluído
6131,1530,24,Design Thinking,2024-11-21,2024-12-06,14.89,77.08,8.87,Concluído
6132,1530,86,JavaScript Moderno,2024-11-19,,9.71,39.12,,Cancelado
6133,1531,35,Liderança e Gestão de Pessoas,2024-10-02,,10.29,49.75,,Em Andamento
6134,1531,17,Machine Learning,2024-12-03,2024-12-06,25.3,75.1,6.64,Concluído
6135,1531,54,Oratória,2024-11-12,2024-12-06,20.27,69.44,8.96,Concluído
6136,1531,50,Negociação,2024-09-03,2024-09-18,25.5,97.1,7.66,Concluído
6137,1531,12,Python Avançado,2024-11-23,2024-12-18,13.62,65.42,9.37,Concluído
6138,1532,51,Segurança da Informação,2024-11-05,2024-12-12,30.54,76.36,7.43,Concluído
6139,1532,80,Design Thinking,2023-06-27,2024-09-20,18.13,90.84,9.46,Concluído
6140,1532,18,Customer Success,2023-10-04,2024-04-03,30.81,80.66,9.83,Concluído
6141,1532,72,Customer Success,2023-09-08,2024-05-14,28.15,64.98,9.47,Concluído
6142,1533,72,Customer Success,2022-07-24,2023-12-05,28.15,62.55,6.16,Concluído
6143,1533,29,Comunicação Eficaz,2023-11-15,2024-10-01,19.49,87.72,9.97,Concluído
6144,1533,8,Design Thinking,2023-06-23,2023-09-07,19.28,71.38,7.38,Concluído
6145,1533,25,Customer Success,2023-11-07,2024-01-30,15.19,74.37,8.78,Concluído
6146,1533,16,Oratória,2023-06-10,,4.07,60.29,,Em Andamento
6147,1534,52,Power BI,2023-05-29,2023-07-04,12.18,62.01,8.91,Concluído
6148,1534,87,Negociação,2023-04-13,2023-08-14,19.4,80.75,6.52,Concluído
6149,1534,89,Segurança da Informação,2023-05-06,2023-12-12,31.48,89.82,8.25,Concluído
6150,1534,31,JavaScript Moderno,2023-10-08,2024-11-14,31.23,65.51,6.13,Concluído
6151,1534,13,JavaScript Moderno,2023-10-15,2024-10-02,16.35,83.02,9.12,Concluído
6152,1534,61,Power BI,2024-07-23,2024-08-11,36.01,63.17,8.57,Concluído
6153,1534,81,Excel Avançado,2024-05-16,2024-06-24,27.12,98.51,9.76,Concluído
6154,1535,41,Segurança da Informação,2024-04-21,2024-11-29,8.67,95.31,7.66,Concluído
6155,1536,97,Oratória,2024-01-26,2024-03-21,34.63,65.05,6.0,Concluído
6156,1536,23,Python Avançado,2024-10-18,2024-10-24,11.31,62.53,7.8,Concluído
6157,1536,25,DevOps e CI/CD,2024-06-16,2024-07-31,18.29,72.56,9.69,Concluído
6158,1536,80,Comunicação Eficaz,2024-01-04,2024-05-06,17.13,86.56,9.82,Concluído
6159,1537,67,Oratória,2024-12-31,2025-01-01,28.96,95.82,6.97,Concluído
6160,1537,85,DevOps e CI/CD,2024-10-03,,5.09,87.17,,Em Andamento
6161,1537,57,Comunicação Eficaz,2024-11-24,2024-12-14,9.58,95.3,6.36,Concluído
6162,1537,77,Design Thinking,2024-08-08,,15.49,78.57,,Em Andamento
6163,1537,19,DevOps e CI/CD,2024-10-17,2024-11-04,11.9,90.07,9.43,Concluído
6164,1537,76,Machine Learning,2024-08-13,2024-08-30,23.84,92.22,6.24,Concluído
6165,1537,1,Liderança e Gestão de Pessoas,2024-07-24,2024-11-06,35.0,93.91,7.91,Concluído
6166,1538,47,Machine Learning,2023-01-04,2024-05-12,6.46,70.37,9.63,Concluído
6167,1538,82,Customer Success,2023-01-02,,13.69,66.75,,Em Andamento
6168,1538,73,JavaScript Moderno,2023-06-26,,13.82,68.8,,Em Andamento
6169,1538,58,Power BI,2023-04-02,2024-06-27,38.92,67.53,7.3,Concluído
6170,1538,3,Liderança e Gestão de Pessoas,2024-02-10,2024-08-26,24.01,97.28,7.94,Concluído
6171,1538,17,Product Management,2024-07-05,2024-10-30,36.26,88.8,8.3,Concluído
6172,1538,29,Negociação,2023-12-24,2024-03-21,5.84,93.17,7.29,Concluído
6173,1541,35,Comunicação Eficaz,2023-08-15,2024-07-13,33.51,96.82,7.78,Concluído
6174,1541,33,Liderança e Gestão de Pessoas,2023-09-28,,4.57,78.06,,Em Andamento
6175,1541,3,Liderança e Gestão de Pessoas,2024-11-04,2024-12-29,35.72,88.55,9.74,Concluído
6176,1541,97,Product Management,2023-09-16,2024-03-31,17.55,81.08,6.64,Concluído
6177,1541,99,DevOps e CI/CD,2024-02-21,2024-06-05,4.39,67.72,6.78,Concluído
6178,1542,86,Design Thinking,2024-12-03,2024-12-18,22.15,77.78,7.81,Concluído
6179,1542,76,Design Thinking,2024-12-08,2024-12-30,7.96,63.7,8.73,Concluído
6180,1542,86,Machine Learning,2024-11-23,2024-12-30,16.09,70.59,7.71,Concluído
6181,1542,16,Gestão de Tempo,2024-06-26,2024-12-20,22.18,94.9,8.79,Concluído
6182,1542,85,Python Avançado,2024-06-19,2024-08-17,15.62,72.99,7.15,Concluído
6183,1542,47,Agile/Scrum,2024-09-28,,13.88,29.19,,Em Andamento
6184,1542,90,Oratória,2024-04-04,2024-05-11,22.42,79.82,9.95,Concluído
6185,1543,59,Product Management,2024-12-08,2024-12-13,36.71,81.34,9.02,Concluído
6186,1543,28,Power BI,2024-06-22,2024-07-12,7.79,68.02,6.01,Concluído
6187,1543,79,Design Thinking,2024-11-02,,19.03,55.23,,Em Andamento
6188,1543,56,Customer Success,2023-08-21,2023-09-04,6.2,94.51,9.66,Concluído
6189,1543,52,Data Analytics,2023-07-03,2023-08-05,32.12,88.94,8.29,Concluído
6190,1543,29,Power BI,2023-10-26,2024-05-13,37.23,73.87,9.19,Concluído
6191,1543,6,Segurança da Informação,2023-11-16,2024-01-02,15.43,68.38,6.13,Concluído
6192,1543,1,Gestão de Projetos,2024-05-19,2024-09-25,25.5,78.97,9.04,Concluído
6193,1544,72,Gestão de Tempo,2023-11-26,,13.87,78.46,,Em Andamento
6194,1545,42,Power BI,2024-02-29,2024-07-30,9.47,73.94,7.85,Concluído
6195,1545,37,Python Avançado,2024-04-10,2024-07-01,35.9,94.75,9.91,Concluído
6196,1546,53,Excel Avançado,2023-07-25,2023-10-29,19.84,98.86,6.36,Concluído
6197,1546,67,Gestão de Tempo,2024-11-01,,4.27,88.28,,Em Andamento
6198,1546,93,DevOps e CI/CD,2024-02-02,2024-12-23,36.67,64.13,9.53,Concluído
6199,1546,63,Oratória,2023-03-23,2024-08-16,30.02,65.82,9.12,Concluído
6200,1546,67,Python Avançado,2022-12-21,2022-12-30,38.6,71.48,7.12,Concluído
6201,1546,39,Cloud Computing AWS,2023-12-18,2024-09-14,7.79,92.88,6.49,Concluído
6202,1546,52,Power BI,2023-02-23,2024-11-06,11.27,83.63,6.2,Concluído
6203,1546,7,Cloud Computing AWS,2024-04-20,2024-05-12,30.11,69.05,9.44,Concluído
6204,1547,28,Python Avançado,2022-04-20,2024-09-12,14.12,75.62,9.65,Concluído
6205,1547,14,Python Avançado,2023-01-19,2023-08-15,18.2,88.83,6.08,Concluído
6206,1547,98,Product Management,2023-01-29,,3.34,55.51,,Em Andamento
6207,1547,60,Agile/Scrum,2023-02-21,2023-04-02,16.8,76.75,8.08,Concluído
6208,1548,83,Product Management,2024-01-04,2024-10-25,38.18,90.85,7.17,Concluído
6209,1548,10,Data Analytics,2024-09-07,2024-11-24,39.57,97.69,6.04,Concluído
6210,1548,17,Product Management,2024-12-23,2024-12-28,12.08,98.33,7.01,Concluído
6211,1548,99,DevOps e CI/CD,2023-12-26,2024-07-28,31.93,79.14,6.73,Concluído
6212,1549,48,Data Analytics,2023-12-31,2024-03-24,24.28,77.34,9.36,Concluído
6213,1549,68,Data Analytics,2024-02-02,2024-04-28,29.3,78.32,7.83,Concluído
6214,1549,99,Liderança e Gestão de Pessoas,2024-04-20,2024-11-03,18.86,61.86,9.13,Concluído
6215,1549,81,Excel Avançado,2024-09-04,2024-10-14,15.49,89.26,7.42,Concluído
6216,1549,9,Excel Avançado,2023-11-08,2024-03-24,26.53,73.51,7.14,Concluído
6217,1549,33,Segurança da Informação,2024-03-23,2024-07-25,37.84,69.59,6.73,Concluído
6218,1550,33,Oratória,2024-09-22,2024-09-30,6.67,72.64,8.63,Concluído
6219,1550,77,Oratória,2024-10-20,2024-12-20,35.96,90.56,9.72,Concluído
6220,1550,20,Liderança e Gestão de Pessoas,2024-12-05,2024-12-12,27.5,84.58,6.36,Concluído
6221,1550,99,Negociação,2023-06-08,2023-06-09,5.96,61.89,8.08,Concluído
6222,1550,81,Product Management,2023-04-15,2023-08-26,4.83,80.74,8.11,Concluído
6223,1550,97,Data Analytics,2023-08-12,2024-03-10,21.45,63.58,6.15,Concluído
6224,1550,71,Negociação,2022-06-28,2024-08-05,26.35,96.2,8.44,Concluído
6225,1550,61,Agile/Scrum,2024-04-18,,4.87,23.14,,Cancelado
6226,1551,64,Gestão de Projetos,2023-03-21,2024-12-28,39.66,88.37,8.75,Concluído
6227,1551,7,Machine Learning,2022-11-22,,19.0,59.61,,Em Andamento
6228,1551,73,Cloud Computing AWS,2023-11-29,,7.27,29.51,,Cancelado
6229,1551,66,Oratória,2022-07-05,2024-08-26,26.04,98.51,8.14,Concluído
6230,1551,27,Excel Avançado,2023-04-25,2024-07-26,20.49,75.6,8.85,Concluído
6231,1553,77,Customer Success,2024-02-05,2024-05-27,17.05,94.22,7.95,Concluído
6232,1553,66,Negociação,2024-08-06,2024-10-22,38.11,62.85,6.56,Concluído
6233,1553,66,DevOps e CI/CD,2024-11-27,2024-12-20,5.82,79.67,7.4,Concluído
6234,1553,3,Oratória,2024-05-13,2024-12-10,24.6,90.49,7.48,Concluído
6235,1554,28,Oratória,2022-08-03,2024-10-02,30.34,95.72,9.62,Concluído
6236,1555,5,Liderança e Gestão de Pessoas,2023-02-10,2024-08-06,16.72,82.89,9.48,Concluído
6237,1555,63,Customer Success,2024-09-04,2024-12-31,30.75,89.97,8.79,Concluído
6238,1555,44,Oratória,2022-10-12,2023-01-30,30.75,74.86,6.98,Concluído
6239,1555,50,Comunicação Eficaz,2022-09-22,2023-11-19,11.26,84.22,9.75,Concluído
6240,1555,23,JavaScript Moderno,2022-08-05,,16.43,18.41,,Em Andamento
6241,1556,78,Oratória,2023-04-03,2023-08-17,7.04,68.49,8.53,Concluído
6242,1556,43,Comunicação Eficaz,2023-05-14,2024-03-24,9.5,77.03,9.89,Concluído
6243,1556,78,Data Analytics,2023-07-29,2024-01-12,39.64,77.97,9.85,Concluído
6244,1557,24,Python Avançado,2024-12-27,2024-12-31,16.0,81.75,6.43,Concluído
6245,1557,14,Negociação,2024-10-28,2024-11-23,33.48,96.0,9.06,Concluído
6246,1557,82,Gestão de Tempo,2024-10-23,2024-12-05,7.54,92.23,7.08,Concluído
6247,1557,50,Negociação,2024-11-15,2024-11-18,25.85,72.46,8.1,Concluído
6248,1558,35,Comunicação Eficaz,2023-03-03,,2.17,34.19,,Em Andamento
6249,1558,9,Data Analytics,2023-11-22,,8.83,56.84,,Em Andamento
6250,1558,2,Gestão de Projetos,2024-07-05,2024-07-24,10.57,95.24,6.44,Concluído
6251,1558,54,Negociação,2023-07-12,2024-05-10,35.9,94.79,8.72,Concluído
6252,1558,99,Agile/Scrum,2024-10-13,2024-11-10,6.82,92.02,7.44,Concluído
6253,1558,99,Design Thinking,2024-05-11,2024-06-03,13.78,92.55,7.13,Concluído
6254,1558,83,Segurança da Informação,2023-10-22,2024-08-05,16.38,81.16,9.65,Concluído
6255,1559,64,Machine Learning,2023-07-17,2024-03-04,6.81,93.63,7.21,Concluído
6256,1559,57,Segurança da Informação,2024-01-14,2024-02-26,12.46,63.3,9.08,Concluído
6257,1559,84,Design Thinking,2023-09-19,,8.64,5.61,,Em Andamento
6258,1559,86,Vendas Consultivas,2024-10-14,2024-10-21,20.8,70.83,9.35,Concluído
6259,1559,20,Machine Learning,2024-11-27,2024-12-11,6.73,76.47,9.73,Concluído
6260,1560,60,Agile/Scrum,2024-12-27,2024-12-29,22.95,86.42,9.62,Concluído
6261,1560,93,Gestão de Tempo,2024-07-08,2024-07-20,28.02,73.34,7.05,Concluído
6262,1560,40,Liderança e Gestão de Pessoas,2024-12-26,2024-12-27,14.98,64.97,7.05,Concluído
6263,1560,46,Customer Success,2024-03-27,2024-05-17,33.72,73.32,8.75,Concluído
6264,1560,77,Gestão de Tempo,2024-07-16,2024-11-17,23.78,87.75,9.61,Concluído
6265,1560,58,Segurança da Informação,2024-08-22,,9.23,22.71,,Em Andamento
6266,1561,49,Customer Success,2024-11-29,2024-12-12,30.18,90.27,8.45,Concluído
6267,1561,95,Cloud Computing AWS,2023-08-12,2023-08-24,29.8,93.74,8.06,Concluído
6268,1561,65,Machine Learning,2024-02-10,2024-07-18,31.66,66.69,9.53,Concluído
6269,1561,36,Vendas Consultivas,2024-12-13,2024-12-24,12.43,84.24,6.43,Concluído
6270,1561,96,Machine Learning,2024-08-16,2024-12-16,19.58,80.87,6.91,Concluído
6271,1561,46,Product Management,2023-11-14,2024-10-07,12.12,63.46,6.72,Concluído
6272,1561,36,Agile/Scrum,2024-01-21,,14.07,7.5,,Em Andamento
6273,1561,95,Gestão de Tempo,2024-09-03,2024-10-29,26.96,65.13,7.04,Concluído
6274,1562,71,Python Avançado,2024-12-27,2024-12-28,16.29,75.95,8.72,Concluído
6275,1562,27,Machine Learning,2024-12-15,2024-12-28,25.49,78.02,7.26,Concluído
6276,1562,47,Oratória,2024-11-14,,15.96,89.8,,Em Andamento
6277,1562,36,JavaScript Moderno,2024-12-11,,14.35,0.96,,Em Andamento
6278,1563,87,Customer Success,2024-08-24,2024-12-15,20.46,85.38,9.8,Concluído
6279,1563,23,Agile/Scrum,2024-02-19,,15.7,57.8,,Em Andamento
6280,1563,72,Excel Avançado,2023-06-02,2024-12-05,4.16,82.84,9.18,Concluído
6281,1563,48,Agile/Scrum,2023-02-10,2024-07-12,35.57,76.88,6.68,Concluído
6282,1563,67,Customer Success,2023-06-01,2024-05-08,39.61,96.25,8.01,Concluído
6283,1563,82,Machine Learning,2022-03-14,,4.48,6.02,,Em Andamento
6284,1564,55,Comunicação Eficaz,2024-09-11,2024-12-21,32.79,64.12,9.68,Concluído
6285,1564,27,Python Avançado,2024-04-16,2024-09-01,26.31,72.48,7.35,Concluído
6286,1564,88,Gestão de Projetos,2023-10-14,2024-08-10,11.76,87.61,9.34,Concluído
6287,1564,95,Design Thinking,2023-03-05,2024-08-09,8.66,70.62,8.33,Concluído
6288,1565,98,Machine Learning,2023-05-12,,12.65,8.75,,Em Andamento
6289,1565,71,Segurança da Informação,2022-07-28,,6.27,35.16,,Em Andamento
6290,1565,93,Data Analytics,2024-09-06,2024-11-01,8.58,66.18,7.71,Concluído
6291,1565,36,JavaScript Moderno,2024-03-29,,18.54,82.59,,Em Andamento
6292,1566,71,Product Management,2024-03-25,2024-12-11,21.09,87.34,9.75,Concluído
6293,1568,54,DevOps e CI/CD,2022-09-11,2023-01-17,17.72,96.03,7.84,Concluído
6294,1568,98,Cloud Computing AWS,2023-09-15,2024-01-08,9.3,68.77,9.11,Concluído
6295,1568,64,Power BI,2022-09-10,2024-09-26,34.76,75.0,7.93,Concluído
6296,1568,76,Machine Learning,2024-07-23,2024-12-18,33.3,82.15,9.46,Concluído
6297,1568,36,Gestão de Projetos,2024-09-18,2024-10-27,35.76,68.39,8.84,Concluído
6298,1569,17,Design Thinking,2024-03-02,2024-12-10,25.92,68.41,9.59,Concluído
6299,1569,22,Cloud Computing AWS,2024-12-09,2024-12-21,14.26,97.14,7.1,Concluído
6300,1569,29,Excel Avançado,2024-10-18,2024-11-15,9.5,72.47,7.68,Concluído
6301,1569,99,Negociação,2024-12-09,2024-12-20,6.55,83.7,9.81,Concluído
6302,1569,37,Cloud Computing AWS,2024-08-18,2024-10-14,32.18,62.46,9.04,Concluído
6303,1569,32,DevOps e CI/CD,2024-08-03,2024-11-23,14.31,86.24,9.3,Concluído
6304,1569,71,Negociação,2024-03-31,2024-06-26,10.4,81.45,7.65,Concluído
6305,1569,57,Product Management,2024-07-20,2024-08-30,6.95,63.92,8.56,Concluído
6306,1570,5,DevOps e CI/CD,2024-11-19,2024-11-30,38.85,90.21,9.24,Concluído
6307,1570,79,Data Analytics,2024-11-04,2024-12-11,17.65,95.15,7.06,Concluído
6308,1570,61,Machine Learning,2024-11-30,2024-12-02,32.82,97.46,6.2,Concluído
6309,1570,68,Gestão de Tempo,2024-11-13,,9.36,32.86,,Em Andamento
6310,1570,79,Gestão de Tempo,2024-11-23,2024-12-29,27.03,76.23,6.59,Concluído
6311,1570,9,Oratória,2024-10-01,,9.08,5.63,,Cancelado
6312,1570,15,Gestão de Projetos,2024-11-25,2024-12-21,7.86,66.15,8.63,Concluído
6313,1571,3,Product Management,2024-12-29,,11.21,34.07,,Em Andamento
6314,1571,14,Cloud Computing AWS,2024-12-08,,6.11,42.57,,Em Andamento
6315,1571,64,Comunicação Eficaz,2024-12-24,2024-12-26,6.92,63.19,7.58,Concluído
6316,1571,47,Segurança da Informação,2024-12-16,2024-12-17,33.61,80.83,6.38,Concluído
6317,1571,62,Machine Learning,2024-12-28,2024-12-30,38.54,94.93,6.06,Concluído
6318,1573,51,Comunicação Eficaz,2024-07-03,2024-10-04,18.74,60.21,8.23,Concluído
6319,1574,90,Machine Learning,2024-03-17,,3.86,7.16,,Cancelado
6320,1574,59,DevOps e CI/CD,2024-07-05,2024-09-27,29.07,97.53,9.49,Concluído
6321,1574,36,Gestão de Projetos,2024-12-14,2024-12-29,26.23,82.43,9.3,Concluído
6322,1574,10,Design Thinking,2023-07-04,2024-02-04,37.44,82.1,9.69,Concluído
6323,1574,27,Negociação,2023-05-17,2023-05-30,5.6,75.98,8.37,Concluído
6324,1575,85,Comunicação Eficaz,2024-12-19,2024-12-22,9.41,98.74,9.25,Concluído
6325,1575,52,Negociação,2023-09-12,,8.13,58.61,,Em Andamento
6326,1575,11,DevOps e CI/CD,2023-03-28,2024-04-03,21.58,96.2,8.28,Concluído
6327,1575,14,Data Analytics,2024-02-14,2024-12-07,11.23,88.8,9.58,Concluído
6328,1576,57,Product Management,2024-09-23,2024-10-23,25.77,87.69,6.59,Concluído
6329,1576,57,Design Thinking,2024-08-03,2024-08-28,29.95,73.16,9.38,Concluído
6330,1576,6,Negociação,2024-08-03,2024-11-14,23.02,73.99,8.73,Concluído
6331,1576,10,Oratória,2024-10-26,2024-12-21,20.16,70.78,8.3,Concluído
6332,1576,36,Segurança da Informação,2024-07-25,2024-12-12,5.87,94.31,9.15,Concluído
6333,1576,84,Segurança da Informação,2024-10-14,2024-11-04,24.2,94.56,6.25,Concluído
6334,1576,1,Gestão de Projetos,2024-11-30,2024-12-08,27.05,61.5,9.03,Concluído
6335,1577,1,JavaScript Moderno,2024-07-25,2024-08-07,29.48,92.96,9.73,Concluído
6336,1577,72,Gestão de Tempo,2024-12-24,2024-12-31,31.5,64.67,6.25,Concluído
6337,1577,82,Design Thinking,2022-09-26,2023-11-29,22.05,72.32,6.7,Concluído
6338,1577,3,Segurança da Informação,2022-09-13,2024-03-10,32.85,62.59,6.38,Concluído
6339,1577,47,Oratória,2023-03-29,,7.77,5.68,,Cancelado
6340,1577,26,Segurança da Informação,2024-03-16,2024-04-04,29.94,86.93,7.78,Concluído
6341,1578,35,Vendas Consultivas,2024-09-24,2024-12-25,26.83,79.16,7.02,Concluído
6342,1578,60,Gestão de Projetos,2024-02-17,,17.81,88.06,,Em Andamento
6343,1578,76,Gestão de Tempo,2024-09-18,,10.19,65.89,,Em Andamento
6344,1578,83,Comunicação Eficaz,2024-05-17,2024-08-20,11.05,92.94,6.72,Concluído
6345,1579,100,Design Thinking,2024-01-22,2024-11-20,37.82,73.24,8.22,Concluído
6346,1579,51,DevOps e CI/CD,2024-09-21,,5.02,7.45,,Em Andamento
6347,1580,1,Cloud Computing AWS,2024-09-18,2024-11-09,17.54,71.01,9.12,Concluído
6348,1580,22,Liderança e Gestão de Pessoas,2023-09-02,2024-01-16,12.4,84.73,7.09,Concluído
6349,1580,63,Liderança e Gestão de Pessoas,2024-10-31,2024-12-31,34.64,68.69,6.09,Concluído
6350,1580,74,Gestão de Projetos,2024-12-17,2024-12-21,4.24,84.94,7.98,Concluído
6351,1580,46,Oratória,2024-05-13,,6.49,15.8,,Cancelado
6352,1580,79,JavaScript Moderno,2024-12-24,2024-12-25,15.92,87.93,7.53,Concluído
6353,1580,8,Machine Learning,2024-10-12,2024-12-27,25.91,82.82,9.46,Concluído
6354,1581,2,JavaScript Moderno,2024-05-29,2024-08-14,29.28,83.13,8.24,Concluído
6355,1581,77,Gestão de Projetos,2022-05-25,2024-03-16,17.2,87.78,8.27,Concluído
6356,1581,6,Data Analytics,2024-04-08,2024-12-24,6.99,67.0,8.29,Concluído
6357,1582,49,Excel Avançado,2024-02-03,2024-12-02,31.38,66.73,7.31,Concluído
6358,1582,10,DevOps e CI/CD,2022-11-27,2023-06-20,13.34,87.99,7.79,Concluído
6359,1582,25,Customer Success,2023-09-13,2024-07-01,23.28,87.85,6.92,Concluído
6360,1582,22,Negociação,2023-10-05,2024-10-21,18.07,80.17,6.5,Concluído
6361,1582,93,Gestão de Tempo,2023-01-01,2023-10-04,30.73,97.07,7.23,Concluído
6362,1582,61,Gestão de Tempo,2023-04-19,2023-12-21,18.06,73.2,9.38,Concluído
6363,1582,20,Cloud Computing AWS,2023-06-26,2023-07-28,36.27,74.06,8.5,Concluído
6364,1582,1,JavaScript Moderno,2023-11-26,2023-12-14,25.08,82.15,8.27,Concluído
6365,1583,37,Customer Success,2024-08-27,2024-09-28,17.22,97.17,9.94,Concluído
6366,1583,70,Segurança da Informação,2024-12-14,2024-12-24,9.28,79.33,8.32,Concluído
6367,1584,46,Cloud Computing AWS,2024-07-03,2024-10-05,18.79,92.88,9.29,Concluído
6368,1584,39,JavaScript Moderno,2024-12-26,2024-12-29,36.23,69.76,9.58,Concluído
6369,1584,37,JavaScript Moderno,2023-08-15,2023-11-05,31.08,69.11,6.63,Concluído
6370,1584,94,Oratória,2022-04-24,,9.16,9.95,,Cancelado
6371,1584,63,Power BI,2022-08-26,2023-09-14,32.42,69.71,7.18,Concluído
6372,1584,84,Oratória,2023-02-12,,9.65,15.41,,Em Andamento
6373,1584,81,Excel Avançado,2023-10-06,2024-11-30,23.16,81.53,8.67,Concluído
6374,1585,52,Cloud Computing AWS,2024-04-08,2024-09-26,16.59,75.72,7.91,Concluído
6375,1585,14,Gestão de Projetos,2024-05-21,2024-08-02,31.92,99.89,6.2,Concluído
6376,1585,1,Vendas Consultivas,2024-06-01,2024-12-06,5.74,81.04,9.99,Concluído
6377,1585,57,Power BI,2024-10-24,2024-12-26,38.21,80.85,9.2,Concluído
6378,1585,98,Oratória,2024-07-31,2024-08-13,30.9,82.31,7.46,Concluído
6379,1586,61,Oratória,2023-12-12,,18.96,89.23,,Em Andamento
6380,1586,43,Comunicação Eficaz,2024-05-06,2024-09-14,10.74,90.76,7.5,Concluído
6381,1587,24,JavaScript Moderno,2023-01-24,2024-08-27,12.66,79.52,6.68,Concluído
6382,1587,48,Gestão de Projetos,2022-09-07,2023-09-18,21.85,90.55,8.67,Concluído
6383,1587,30,Negociação,2023-06-04,2024-05-21,15.18,67.31,8.28,Concluído
6384,1587,14,Segurança da Informação,2023-10-26,2024-10-06,28.77,96.14,6.42,Concluído
6385,1588,26,Excel Avançado,2024-10-22,,4.11,36.04,,Em Andamento
6386,1588,23,Segurança da Informação,2024-10-07,,16.77,44.64,,Em Andamento
6387,1588,78,Cloud Computing AWS,2024-08-13,2024-10-31,15.95,81.25,6.52,Concluído
6388,1589,1,Comunicação Eficaz,2024-12-29,2024-12-31,15.94,78.63,9.3,Concluído
6389,1589,94,JavaScript Moderno,2024-01-11,2024-01-20,32.02,65.07,7.52,Concluído
6390,1589,44,Gestão de Projetos,2023-11-30,2024-05-21,9.91,82.26,6.4,Concluído
6391,1590,52,JavaScript Moderno,2023-03-29,2023-07-19,16.71,66.45,8.78,Concluído
6392,1590,52,Excel Avançado,2023-11-07,2024-08-30,7.46,96.16,9.26,Concluído
6393,1590,88,Comunicação Eficaz,2024-11-13,2024-12-07,13.24,81.55,7.55,Concluído
6394,1590,75,Agile/Scrum,2024-04-19,,4.21,70.15,,Em Andamento
6395,1590,10,Agile/Scrum,2024-04-14,2024-06-28,33.17,70.82,7.71,Concluído
6396,1591,67,Segurança da Informação,2024-08-26,2024-11-18,33.23,60.65,7.69,Concluído
6397,1594,54,Power BI,2022-09-12,2024-01-15,22.8,62.23,6.36,Concluído
6398,1595,6,Agile/Scrum,2023-04-02,2023-09-06,20.17,94.09,6.43,Concluído
6399,1595,11,Power BI,2024-08-06,2024-12-11,22.6,64.52,9.12,Concluído
6400,1595,82,Negociação,2023-07-01,2024-10-26,17.68,81.29,6.46,Concluído
6401,1596,90,Agile/Scrum,2024-08-27,,14.67,16.53,,Em Andamento
6402,1596,46,Python Avançado,2024-06-02,2024-12-18,28.45,74.51,9.31,Concluído
6403,1596,56,Negociação,2024-07-15,,3.39,73.17,,Em Andamento
6404,1596,76,JavaScript Moderno,2024-06-16,2024-11-16,33.4,76.51,8.66,Concluído
6405,1596,93,Vendas Consultivas,2024-06-04,2024-08-05,39.05,73.31,8.98,Concluído
6406,1596,15,Gestão de Projetos,2024-10-11,2024-11-01,38.27,68.27,8.48,Concluído
6407,1596,50,Oratória,2024-09-10,2024-09-18,32.91,64.49,8.32,Concluído
6408,1596,19,Product Management,2024-09-13,2024-09-21,30.11,74.65,9.37,Concluído
6409,1597,35,Customer Success,2024-01-07,2024-02-21,22.63,84.64,8.73,Concluído
6410,1597,61,JavaScript Moderno,2024-12-22,2024-12-28,15.36,69.77,6.38,Concluído
6411,1597,46,Gestão de Tempo,2024-11-06,,10.81,75.36,,Em Andamento
6412,1597,94,Negociação,2022-08-01,2022-12-29,4.23,99.44,6.77,Concluído
6413,1598,63,Design Thinking,2024-11-16,,12.24,78.71,,Em Andamento
6414,1598,53,Comunicação Eficaz,2024-12-28,2024-12-31,27.95,86.71,7.69,Concluído
6415,1598,65,Machine Learning,2024-10-28,2024-12-25,16.76,60.23,9.37,Concluído
6416,1598,78,Machine Learning,2024-11-02,,4.08,34.92,,Em Andamento
6417,1600,74,Gestão de Tempo,2024-02-22,2024-04-27,37.07,71.19,6.38,Concluído
6418,1600,100,Design Thinking,2024-11-17,2024-12-29,31.6,70.79,6.15,Concluído
6419,1601,15,Gestão de Tempo,2024-11-10,2024-12-15,7.34,79.57,9.89,Concluído
6420,1601,76,Negociação,2024-07-19,2024-09-03,23.05,73.91,6.76,Concluído
6421,1601,87,DevOps e CI/CD,2023-04-12,2024-05-14,17.36,73.31,9.62,Concluído
6422,1601,59,Gestão de Projetos,2024-02-27,,5.54,11.97,,Cancelado
6423,1601,6,Excel Avançado,2023-07-07,2024-06-14,17.3,68.7,7.91,Concluído
6424,1602,96,Design Thinking,2024-11-25,2024-12-04,6.23,96.3,8.11,Concluído
6425,1604,86,Python Avançado,2024-11-26,2024-11-29,38.75,84.37,8.4,Concluído
6426,1604,5,Cloud Computing AWS,2024-09-16,2024-10-07,18.16,71.97,7.28,Concluído
6427,1604,23,Vendas Consultivas,2023-11-29,2024-04-05,24.89,68.21,9.41,Concluído
6428,1604,24,Product Management,2023-12-08,2024-08-25,30.06,77.67,6.71,Concluído
6429,1605,48,Oratória,2024-12-25,2024-12-31,31.83,76.15,9.7,Concluído
6430,1605,28,Vendas Consultivas,2024-12-23,2024-12-26,8.97,86.25,8.77,Concluído
6431,1605,85,Product Management,2024-12-28,2024-12-29,5.41,70.11,8.57,Concluído
6432,1606,9,DevOps e CI/CD,2024-11-07,,11.93,63.02,,Em Andamento
6433,1607,85,Design Thinking,2024-09-23,,3.48,83.51,,Em Andamento
6434,1607,29,Data Analytics,2024-09-08,2024-11-20,11.25,97.34,7.86,Concluído
6435,1607,64,Liderança e Gestão de Pessoas,2024-09-27,2024-12-02,22.24,84.94,8.47,Concluído
6436,1607,16,Segurança da Informação,2024-10-14,2024-11-28,33.49,96.61,8.86,Concluído
6437,1607,47,Excel Avançado,2024-08-22,2024-10-22,25.03,94.45,6.11,Concluído
6438,1607,15,DevOps e CI/CD,2024-09-03,2024-11-06,17.27,85.66,7.22,Concluído
6439,1608,66,Customer Success,2024-06-01,2024-09-03,11.86,74.94,6.43,Concluído
6440,1608,2,Design Thinking,2024-08-31,,7.25,52.55,,Em Andamento
6441,1608,28,JavaScript Moderno,2024-06-01,2024-07-10,35.57,71.21,6.22,Concluído
6442,1608,71,Data Analytics,2024-12-20,,5.25,5.24,,Em Andamento
6443,1609,57,Data Analytics,2023-10-05,2023-12-07,25.63,69.41,6.42,Concluído
6444,1609,84,Agile/Scrum,2024-02-23,2024-10-31,17.0,82.02,9.42,Concluído
6445,1609,54,Cloud Computing AWS,2024-05-30,2024-07-19,38.81,91.43,6.84,Concluído
6446,1609,55,Comunicação Eficaz,2024-02-10,2024-03-16,18.38,67.51,6.23,Concluído
6447,1609,73,Gestão de Projetos,2024-12-03,2024-12-11,29.46,83.36,8.31,Concluído
6448,1609,94,Oratória,2024-12-05,2024-12-17,4.19,91.01,6.19,Concluído
6449,1609,84,Power BI,2023-02-15,2024-09-25,24.44,96.49,8.49,Concluído
6450,1610,28,Machine Learning,2022-05-30,2023-11-28,8.59,84.14,6.27,Concluído
6451,1610,14,Product Management,2023-10-22,2024-02-12,30.67,86.81,6.18,Concluído
6452,1610,11,DevOps e CI/CD,2024-06-22,2024-07-14,18.87,75.47,7.54,Concluído
6453,1610,10,Power BI,2023-05-10,2024-09-22,38.71,97.41,8.7,Concluído
6454,1610,65,Python Avançado,2023-12-26,2024-03-23,32.31,97.16,8.88,Concluído
6455,1610,31,Power BI,2024-09-26,2024-12-01,18.66,72.01,8.15,Concluído
6456,1610,44,Design Thinking,2022-08-17,2024-03-06,30.15,68.57,9.82,Concluído
6457,1610,58,Oratória,2023-03-12,2023-08-02,20.62,87.16,9.06,Concluído
6458,1611,83,Liderança e Gestão de Pessoas,2023-04-25,2024-10-02,16.42,98.61,8.24,Concluído
6459,1611,86,Customer Success,2023-04-28,2024-09-17,15.48,98.47,7.39,Concluído
6460,1611,40,Vendas Consultivas,2024-10-26,,12.82,80.19,,Em Andamento
6461,1611,43,Cloud Computing AWS,2023-02-06,,4.89,25.25,,Em Andamento
6462,1611,17,Negociação,2022-05-27,2023-10-12,11.94,88.29,9.09,Concluído
6463,1612,66,Gestão de Projetos,2024-01-15,,9.8,39.01,,Cancelado
6464,1612,90,Machine Learning,2024-08-21,2024-09-29,22.18,80.97,9.61,Concluído
6465,1612,33,Product Management,2024-08-13,,10.88,61.61,,Em Andamento
6466,1612,90,Excel Avançado,2023-12-12,,12.54,50.12,,Em Andamento
6467,1614,82,Design Thinking,2024-11-07,2024-11-28,24.03,98.68,6.4,Concluído
6468,1615,3,Oratória,2024-10-20,2024-12-06,28.24,76.96,8.52,Concluído
6469,1616,61,Agile/Scrum,2023-11-08,2024-01-17,22.65,64.05,6.28,Concluído
6470,1616,7,Design Thinking,2024-02-12,2024-07-06,37.07,66.04,9.65,Concluído
6471,1616,14,Gestão de Tempo,2023-11-21,,19.4,68.47,,Em Andamento
6472,1616,7,Segurança da Informação,2024-11-03,2024-11-30,34.07,87.56,7.24,Concluído
6473,1616,100,Segurança da Informação,2022-11-10,2024-11-01,38.55,73.7,9.04,Concluído
6474,1617,66,Design Thinking,2024-11-28,,4.78,47.87,,Em Andamento
6475,1617,48,Customer Success,2024-12-24,2024-12-25,7.7,81.24,7.35,Concluído
6476,1617,59,Liderança e Gestão de Pessoas,2024-12-22,2024-12-23,18.19,84.65,7.16,Concluído
6477,1617,23,Customer Success,2024-10-05,2024-10-19,14.47,83.16,7.54,Concluído
6478,1617,43,Agile/Scrum,2024-11-29,2024-12-28,17.88,96.77,7.96,Concluído
6479,1617,69,Gestão de Tempo,2024-11-01,2024-11-26,28.36,78.23,6.48,Concluído
6480,1617,83,Gestão de Tempo,2024-11-06,2024-12-31,17.28,94.6,6.35,Concluído
6481,1617,32,Machine Learning,2024-10-06,2024-12-11,11.29,99.13,7.94,Concluído
6482,1618,32,Python Avançado,2024-08-21,2024-09-02,13.09,96.31,6.46,Concluído
6483,1619,64,Oratória,2024-04-24,,5.25,11.76,,Em Andamento
6484,1619,15,Comunicação Eficaz,2024-09-19,2024-10-17,25.89,72.03,7.31,Concluído
6485,1619,87,Vendas Consultivas,2023-12-18,2023-12-28,35.35,72.2,6.47,Concluído
6486,1619,23,Oratória,2024-05-16,2024-09-29,14.99,64.47,8.0,Concluído
6487,1620,97,DevOps e CI/CD,2024-11-20,2024-12-23,29.46,95.6,7.56,Concluído
6488,1620,39,Cloud Computing AWS,2024-12-01,2024-12-21,25.99,98.32,9.52,Concluído
6489,1620,75,JavaScript Moderno,2024-11-25,2024-12-15,39.14,98.49,7.42,Concluído
6490,1620,4,Excel Avançado,2024-11-01,2024-11-02,38.79,70.78,9.12,Concluído
6491,1620,94,DevOps e CI/CD,2024-11-15,,14.94,37.48,,Em Andamento
6492,1620,12,Excel Avançado,2024-12-25,,4.97,23.01,,Cancelado
6493,1620,25,Negociação,2024-12-11,2024-12-15,37.73,93.31,7.01,Concluído
6494,1621,28,Comunicação Eficaz,2024-09-04,2024-10-26,33.18,60.82,9.46,Concluído
6495,1621,38,Cloud Computing AWS,2023-11-09,2024-09-07,37.5,78.79,9.52,Concluído
6496,1621,1,Oratória,2023-12-23,,5.45,6.48,,Cancelado
6497,1621,60,DevOps e CI/CD,2024-08-08,,11.52,18.95,,Em Andamento
6498,1621,81,Segurança da Informação,2023-07-17,2024-02-18,19.78,63.39,8.51,Concluído
6499,1622,8,Liderança e Gestão de Pessoas,2024-03-25,2024-07-12,21.17,64.14,6.03,Concluído
6500,1622,86,Cloud Computing AWS,2024-06-20,2024-12-10,36.04,73.72,8.39,Concluído
6501,1622,58,Power BI,2024-10-21,2024-11-16,39.43,62.89,9.79,Concluído
6502,1622,50,JavaScript Moderno,2023-07-30,2024-08-23,13.17,81.85,7.46,Concluído
6503,1622,7,Product Management,2024-08-11,2024-10-03,19.86,88.06,6.25,Concluído
6504,1622,58,Python Avançado,2024-03-11,,5.29,30.99,,Em Andamento
6505,1622,7,Power BI,2024-03-08,,17.44,48.08,,Em Andamento
6506,1623,34,Segurança da Informação,2024-05-30,2024-09-03,12.79,93.34,9.21,Concluído
6507,1623,31,Gestão de Tempo,2023-11-30,2024-11-27,17.68,64.69,7.31,Concluído
6508,1623,97,Data Analytics,2024-03-31,2024-10-07,28.22,98.74,8.76,Concluído
6509,1624,56,Power BI,2024-12-04,2024-12-30,36.34,84.62,6.81,Concluído
6510,1624,28,Negociação,2024-12-16,,6.9,12.1,,Em Andamento
6511,1624,95,Machine Learning,2024-11-27,2024-12-21,22.11,64.14,6.4,Concluído
6512,1624,91,Power BI,2024-12-27,,9.71,38.28,,Cancelado
6513,1624,92,DevOps e CI/CD,2024-12-18,2024-12-22,33.59,80.37,7.44,Concluído
6514,1625,22,Oratória,2023-09-02,2024-08-05,37.06,61.0,8.69,Concluído
6515,1625,80,Gestão de Tempo,2024-03-04,,14.03,72.49,,Em Andamento
6516,1625,74,Oratória,2024-08-03,2024-08-23,37.38,81.46,6.45,Concluído
6517,1625,6,Customer Success,2022-12-25,2024-07-20,23.49,69.15,9.72,Concluído
6518,1625,62,Oratória,2023-05-04,2023-07-15,19.76,80.24,8.74,Concluído
6519,1625,64,Machine Learning,2024-07-19,,18.72,50.45,,Em Andamento
6520,1625,22,Vendas Consultivas,2023-11-05,2024-09-24,13.89,69.54,8.55,Concluído
6521,1625,49,Oratória,2023-07-29,2023-09-06,24.63,69.2,7.68,Concluído
6522,1626,12,DevOps e CI/CD,2024-05-31,2024-12-17,9.28,66.16,7.09,Concluído
6523,1627,89,Oratória,2024-06-15,2024-07-04,20.86,90.41,9.37,Concluído
6524,1627,91,Gestão de Projetos,2024-12-10,2024-12-28,29.35,66.76,9.1,Concluído
6525,1627,65,Customer Success,2022-11-04,2024-09-29,11.37,98.8,8.18,Concluído
6526,1627,33,Power BI,2023-03-22,2024-01-09,10.99,66.91,7.73,Concluído
6527,1627,22,JavaScript Moderno,2023-04-20,2023-08-06,5.22,71.16,9.28,Concluído
6528,1627,99,Design Thinking,2024-04-26,2024-12-31,28.88,81.97,7.92,Concluído
6529,1627,94,Power BI,2023-03-09,2024-06-08,36.11,89.36,7.71,Concluído
6530,1628,45,Gestão de Projetos,2024-07-06,,19.19,61.34,,Em Andamento
6531,1628,72,DevOps e CI/CD,2022-08-27,2023-07-10,34.71,72.49,9.86,Concluído
6532,1628,14,Vendas Consultivas,2023-12-30,,9.98,69.64,,Em Andamento
6533,1628,53,Gestão de Projetos,2022-09-14,2024-02-04,16.26,81.44,8.23,Concluído
6534,1628,17,Oratória,2023-12-14,2024-02-14,23.62,84.77,7.74,Concluído
6535,1628,73,Vendas Consultivas,2024-10-31,,5.48,45.88,,Em Andamento
6536,1628,52,DevOps e CI/CD,2023-08-31,2024-12-05,27.2,96.42,8.62,Concluído
6537,1628,46,Data Analytics,2022-09-27,2024-01-04,29.7,90.28,6.52,Concluído
6538,1629,98,Data Analytics,2023-10-01,2024-01-01,24.04,84.73,8.7,Concluído
6539,1629,21,Data Analytics,2023-08-29,2024-03-11,12.98,77.96,9.02,Concluído
6540,1629,18,Machine Learning,2024-03-30,,9.9,35.05,,Cancelado
6541,1629,32,Cloud Computing AWS,2023-11-29,2024-06-09,13.71,86.01,9.61,Concluído
6542,1629,79,Gestão de Tempo,2024-07-30,,5.52,86.38,,Em Andamento
6543,1629,26,JavaScript Moderno,2024-07-06,2024-11-07,7.69,82.75,7.55,Concluído
6544,1629,72,Data Analytics,2023-06-17,2023-09-20,14.37,87.87,7.26,Concluído
6545,1630,40,Comunicação Eficaz,2024-09-19,2024-10-22,28.83,92.61,8.14,Concluído
6546,1630,96,Segurança da Informação,2024-01-16,,17.27,44.75,,Em Andamento
6547,1630,72,Product Management,2024-09-11,2024-10-28,31.5,72.25,8.55,Concluído
6548,1630,7,Power BI,2024-11-29,2024-12-03,32.5,73.05,8.2,Concluído
6549,1631,46,Vendas Consultivas,2022-06-25,,5.87,64.94,,Em Andamento
6550,1631,46,Product Management,2024-03-24,2024-08-16,38.42,61.9,8.71,Concluído
6551,1631,97,Excel Avançado,2023-04-09,,3.87,11.96,,Cancelado
6552,1631,5,Gestão de Tempo,2023-05-06,2023-10-16,39.5,75.14,8.25,Concluído
6553,1631,58,Customer Success,2024-01-21,,2.82,12.55,,Em Andamento
6554,1631,77,Agile/Scrum,2024-10-17,2024-12-27,20.59,97.34,8.94,Concluído
6555,1632,20,Product Management,2024-05-31,2024-07-27,28.52,81.95,6.49,Concluído
6556,1632,55,Comunicação Eficaz,2024-07-04,,16.87,33.57,,Em Andamento
6557,1632,44,Liderança e Gestão de Pessoas,2024-01-18,2024-04-07,4.64,75.85,9.37,Concluído
6558,1632,15,Agile/Scrum,2024-01-08,2024-01-21,9.02,85.87,6.72,Concluído
6559,1632,32,Gestão de Tempo,2023-03-19,2024-06-04,17.6,91.51,6.81,Concluído
6560,1632,45,Oratória,2024-01-19,2024-07-23,25.64,75.11,8.58,Concluído
6561,1632,7,DevOps e CI/CD,2024-04-01,2024-05-25,22.79,96.94,8.35,Concluído
6562,1633,14,Python Avançado,2024-11-04,2024-12-09,38.31,86.93,9.61,Concluído
6563,1634,51,DevOps e CI/CD,2023-08-13,2024-08-03,30.97,77.35,8.35,Concluído
6564,1634,9,Segurança da Informação,2024-02-01,2024-08-05,20.72,91.57,6.08,Concluído
6565,1634,32,Cloud Computing AWS,2024-08-01,2024-12-19,10.01,79.04,8.95,Concluído
6566,1634,20,JavaScript Moderno,2023-01-22,,5.62,14.14,,Cancelado
6567,1634,19,Negociação,2022-03-26,2023-01-31,18.23,80.77,6.27,Concluído
6568,1634,73,Excel Avançado,2023-10-05,2023-10-25,5.41,81.6,7.11,Concluído
6569,1634,3,Agile/Scrum,2024-09-21,,17.66,71.46,,Em Andamento
6570,1635,36,Product Management,2024-08-10,2024-12-07,21.4,91.34,8.31,Concluído
6571,1635,46,Python Avançado,2024-08-06,2024-10-13,38.06,65.91,9.89,Concluído
6572,1635,28,Gestão de Tempo,2024-09-29,2024-10-18,27.06,90.0,8.27,Concluído
6573,1635,5,Liderança e Gestão de Pessoas,2024-10-31,2024-12-24,34.28,77.93,6.96,Concluído
6574,1635,69,Machine Learning,2024-06-13,2024-12-26,15.65,79.3,9.75,Concluído
6575,1635,57,Vendas Consultivas,2024-12-13,2024-12-29,27.0,83.64,7.03,Concluído
6576,1635,25,Design Thinking,2024-10-13,2024-10-21,9.61,74.96,8.85,Concluído
6577,1635,39,Agile/Scrum,2024-09-08,2024-09-16,34.53,69.17,7.16,Concluído
6578,1636,60,Oratória,2023-06-24,2023-10-16,30.16,99.19,8.53,Concluído
6579,1636,74,Agile/Scrum,2023-10-22,2024-11-26,6.01,99.04,7.12,Concluído
6580,1636,24,Negociação,2024-11-22,,17.37,19.07,,Em Andamento
6581,1636,53,Liderança e Gestão de Pessoas,2023-01-09,2024-01-10,9.29,66.62,7.92,Concluído
6582,1637,92,Customer Success,2023-10-20,2024-03-31,12.03,98.66,9.54,Concluído
6583,1637,99,JavaScript Moderno,2023-03-26,2023-07-03,39.2,75.32,7.95,Concluído
6584,1638,84,Python Avançado,2023-08-10,2024-10-27,6.16,70.57,8.19,Concluído
6585,1638,56,Agile/Scrum,2023-02-28,,7.22,49.29,,Em Andamento
6586,1638,60,Oratória,2022-12-01,2024-01-15,7.93,70.69,6.95,Concluído
6587,1638,2,Segurança da Informação,2022-10-26,2024-04-04,15.06,66.33,9.95,Concluído
6588,1638,12,Vendas Consultivas,2023-08-06,2024-07-13,15.48,91.39,6.51,Concluído
6589,1640,63,Machine Learning,2024-09-09,2024-09-17,34.89,61.54,7.84,Concluído
6590,1641,47,JavaScript Moderno,2024-12-10,2024-12-17,10.89,73.25,9.2,Concluído
6591,1641,16,Segurança da Informação,2024-11-13,,12.58,35.11,,Em Andamento
6592,1641,34,JavaScript Moderno,2024-12-17,,8.45,21.41,,Cancelado
6593,1641,82,Customer Success,2024-11-12,,6.31,28.04,,Cancelado
6594,1641,96,Power BI,2024-11-15,2024-11-27,13.44,83.44,9.83,Concluído
6595,1641,2,Machine Learning,2024-11-04,2024-11-16,33.72,78.34,9.11,Concluído
6596,1641,92,Oratória,2024-12-02,2024-12-25,27.61,85.35,6.75,Concluído
6597,1642,54,Gestão de Tempo,2024-11-07,2024-12-13,6.15,80.55,6.92,Concluído
6598,1642,39,Design Thinking,2024-10-05,2024-10-20,26.37,93.7,8.52,Concluído
6599,1642,44,Product Management,2024-10-19,2024-11-06,36.85,78.4,8.08,Concluído
6600,1642,9,Power BI,2024-09-09,2024-10-31,27.91,76.97,8.24,Concluído
6601,1642,76,Liderança e Gestão de Pessoas,2024-08-18,,8.11,60.69,,Em Andamento
6602,1642,57,Negociação,2024-08-19,2024-12-06,30.59,82.86,9.0,Concluído
6603,1643,82,Vendas Consultivas,2024-01-31,2024-12-09,24.67,92.08,7.58,Concluído
6604,1644,6,JavaScript Moderno,2024-09-22,2024-09-25,38.66,74.75,9.47,Concluído
6605,1644,17,Oratória,2024-12-17,2024-12-26,13.43,68.32,7.1,Concluído
6606,1644,17,Oratória,2024-11-29,2024-12-19,15.65,79.3,9.55,Concluído
6607,1645,16,Gestão de Tempo,2024-12-21,2024-12-28,10.04,97.13,8.09,Concluído
6608,1645,27,JavaScript Moderno,2024-11-01,2024-12-07,23.43,73.33,9.46,Concluído
6609,1645,96,Gestão de Tempo,2024-11-10,,8.66,61.87,,Em Andamento
6610,1645,85,Product Management,2024-12-04,,16.78,54.03,,Em Andamento
6611,1645,68,JavaScript Moderno,2024-11-30,,18.12,5.41,,Em Andamento
6612,1645,15,Gestão de Projetos,2024-10-27,,2.66,62.15,,Em Andamento
6613,1645,80,Gestão de Projetos,2024-12-17,2024-12-24,7.96,61.92,8.61,Concluído
6614,1645,77,Agile/Scrum,2024-10-27,2024-11-02,9.0,85.07,7.78,Concluído
6615,1646,80,Vendas Consultivas,2024-07-18,2024-08-29,38.21,76.23,9.92,Concluído
6616,1646,66,Product Management,2024-01-29,2024-11-04,17.88,85.18,7.56,Concluído
6617,1646,2,Product Management,2023-12-01,2024-05-10,29.87,91.27,9.08,Concluído
6618,1646,22,DevOps e CI/CD,2023-05-18,2024-05-27,22.01,77.68,7.24,Concluído
6619,1647,55,Gestão de Tempo,2024-08-19,2024-08-22,21.53,79.63,6.44,Concluído
6620,1647,30,JavaScript Moderno,2023-03-13,,19.22,46.25,,Em Andamento
6621,1647,48,Agile/Scrum,2023-09-28,2024-12-23,5.45,69.94,6.93,Concluído
6622,1647,26,JavaScript Moderno,2023-07-23,,2.52,28.51,,Cancelado
6623,1647,95,Cloud Computing AWS,2023-05-20,2023-08-22,26.68,79.9,6.74,Concluído
6624,1647,95,Vendas Consultivas,2024-08-31,2024-12-11,25.39,97.92,8.4,Concluído
6625,1647,64,Python Avançado,2023-03-25,2023-05-20,13.68,92.55,9.12,Concluído
6626,1647,90,JavaScript Moderno,2023-08-04,2024-09-10,29.33,79.47,8.9,Concluído
6627,1648,69,Cloud Computing AWS,2024-11-14,2024-12-22,33.92,96.64,9.76,Concluído
6628,1648,20,Cloud Computing AWS,2024-12-16,2024-12-18,37.53,72.71,9.24,Concluído
6629,1648,6,Power BI,2024-09-18,2024-11-11,6.87,80.34,8.43,Concluído
6630,1648,84,Comunicação Eficaz,2024-09-27,,19.26,53.62,,Em Andamento
6631,1648,48,Agile/Scrum,2024-09-03,,1.03,0.69,,Cancelado
6632,1649,81,Excel Avançado,2024-12-02,2024-12-17,4.31,70.84,7.19,Concluído
6633,1650,60,Machine Learning,2024-12-26,,4.56,73.8,,Em Andamento
6634,1650,83,Data Analytics,2024-12-29,2024-12-31,8.15,74.12,7.46,Concluído
6635,1650,67,Vendas Consultivas,2024-12-04,2024-12-18,14.07,90.57,7.22,Concluído
6636,1650,87,Customer Success,2024-12-31,,4.6,30.6,,Em Andamento
6637,1651,82,Vendas Consultivas,2023-03-12,2024-10-12,32.27,66.13,6.05,Concluído
6638,1651,82,Design Thinking,2024-04-20,,8.47,9.32,,Cancelado
6639,1652,20,Data Analytics,2024-11-10,,2.68,44.47,,Em Andamento
6640,1653,29,Comunicação Eficaz,2024-12-18,,7.03,35.89,,Em Andamento
6641,1653,95,Data Analytics,2024-12-20,,5.67,34.1,,Cancelado
6642,1653,76,Vendas Consultivas,2024-12-25,2024-12-28,11.89,84.46,6.03,Concluído
6643,1653,22,Oratória,2024-12-30,2024-12-31,29.81,79.53,9.79,Concluído
6644,1654,3,Gestão de Tempo,2024-10-03,2024-12-07,24.34,70.59,7.88,Concluído
6645,1654,53,Liderança e Gestão de Pessoas,2024-12-19,2024-12-24,24.63,60.99,7.75,Concluído
6646,1654,83,Vendas Consultivas,2024-10-19,2024-12-16,29.9,90.8,6.04,Concluído
6647,1654,100,Vendas Consultivas,2024-09-22,2024-10-01,36.53,90.41,8.94,Concluído
6648,1655,49,Segurança da Informação,2024-05-02,,10.46,77.02,,Em Andamento
6649,1656,65,JavaScript Moderno,2023-08-26,,16.96,58.0,,Em Andamento
6650,1657,79,Product Management,2023-08-10,2024-11-08,26.05,63.36,8.34,Concluído
6651,1657,56,DevOps e CI/CD,2023-03-18,2023-08-28,12.4,77.55,7.49,Concluído
6652,1657,27,Data Analytics,2022-08-21,,3.09,56.6,,Em Andamento
6653,1657,58,Python Avançado,2024-06-04,2024-12-13,31.6,98.22,8.23,Concluído
6654,1657,18,Negociação,2022-09-04,,6.48,64.63,,Em Andamento
6655,1657,100,Power BI,2022-10-24,2023-10-04,24.58,70.21,8.14,Concluído
6656,1657,71,Excel Avançado,2022-10-02,,17.09,3.3,,Em Andamento
6657,1659,79,Liderança e Gestão de Pessoas,2024-11-28,2024-12-25,30.03,61.45,6.16,Concluído
6658,1659,98,Design Thinking,2024-12-06,2024-12-09,13.62,85.14,9.08,Concluído
6659,1659,8,Power BI,2024-12-21,2024-12-25,12.37,63.09,9.26,Concluído
6660,1660,75,Python Avançado,2024-03-10,2024-08-17,7.02,77.17,8.94,Concluído
6661,1660,94,Python Avançado,2022-01-30,2024-03-25,29.72,92.38,7.05,Concluído
6662,1660,29,JavaScript Moderno,2024-04-13,,3.9,16.72,,Em Andamento
6663,1660,43,Oratória,2022-10-30,2023-08-09,13.28,82.96,9.45,Concluído
6664,1660,4,Python Avançado,2024-02-17,2024-03-10,14.7,67.06,9.12,Concluído
6665,1661,53,Customer Success,2023-02-15,,4.55,27.58,,Cancelado
6666,1661,91,Design Thinking,2024-07-18,2024-08-19,36.58,68.92,9.52,Concluído
6667,1661,81,Gestão de Projetos,2024-05-09,2024-09-09,12.6,90.78,7.18,Concluído
6668,1661,5,Agile/Scrum,2024-04-24,2024-06-05,10.21,65.23,8.03,Concluído
6669,1661,8,Vendas Consultivas,2024-10-23,2024-10-24,29.48,66.95,7.55,Concluído
6670,1661,61,Customer Success,2022-09-10,,18.29,48.82,,Em Andamento
6671,1661,87,Machine Learning,2023-02-27,2023-09-21,16.44,71.33,8.94,Concluído
6672,1662,32,JavaScript Moderno,2024-10-11,2024-11-20,27.49,82.09,8.48,Concluído
6673,1662,56,Customer Success,2024-04-19,2024-12-02,8.49,78.67,9.71,Concluído
6674,1662,37,Product Management,2024-03-11,2024-06-24,17.28,79.66,9.12,Concluído
6675,1662,45,Customer Success,2024-10-20,,6.76,10.56,,Em Andamento
6676,1662,53,Data Analytics,2024-09-12,,18.25,47.42,,Em Andamento
6677,1664,38,Negociação,2024-12-09,2024-12-12,4.19,63.52,8.24,Concluído
6678,1664,70,Excel Avançado,2024-11-28,,10.28,85.84,,Em Andamento
6679,1664,96,Gestão de Tempo,2024-11-19,2024-12-28,7.13,95.82,8.67,Concluído
6680,1664,48,Power BI,2024-11-19,2024-11-25,11.12,94.96,8.89,Concluído
6681,1665,68,Gestão de Projetos,2024-10-04,2024-10-18,31.66,84.48,9.71,Concluído
6682,1665,30,Oratória,2024-05-27,2024-07-16,17.09,97.41,7.82,Concluído
6683,1665,75,Product Management,2024-04-27,2024-09-17,28.03,97.3,9.07,Concluído
6684,1665,85,DevOps e CI/CD,2023-06-03,2023-10-14,7.42,64.12,9.91,Concluído
6685,1665,81,Cloud Computing AWS,2023-11-21,2023-11-27,13.74,70.44,7.1,Concluído
6686,1666,95,Gestão de Projetos,2024-07-18,,15.63,76.05,,Em Andamento
6687,1666,58,Python Avançado,2023-10-03,2024-11-07,17.62,97.21,7.59,Concluído
6688,1666,10,Excel Avançado,2024-04-02,2024-07-09,8.46,69.6,8.86,Concluído
6689,1666,63,Excel Avançado,2023-11-14,2024-03-04,37.01,73.34,6.86,Concluído
6690,1667,22,Machine Learning,2024-10-05,2024-12-08,31.0,75.45,8.87,Concluído
6691,1667,94,Segurança da Informação,2024-09-07,2024-10-10,37.73,66.4,8.77,Concluído
6692,1667,11,Python Avançado,2024-02-09,2024-12-15,24.72,93.19,6.14,Concluído
6693,1667,50,Negociação,2024-03-11,2024-10-06,12.67,61.41,9.48,Concluído
6694,1667,35,DevOps e CI/CD,2024-03-21,2024-04-11,10.09,88.04,6.32,Concluído
6695,1668,4,Python Avançado,2024-11-29,2024-12-04,20.5,63.16,6.23,Concluído
6696,1668,62,Product Management,2024-11-04,2024-12-08,4.22,78.94,7.33,Concluído
6697,1668,47,Liderança e Gestão de Pessoas,2024-12-17,2024-12-23,34.2,64.65,7.47,Concluído
6698,1668,83,Agile/Scrum,2024-11-26,,9.29,5.1,,Cancelado
6699,1668,16,JavaScript Moderno,2024-12-21,2024-12-22,34.4,81.64,8.41,Concluído
6700,1669,93,Liderança e Gestão de Pessoas,2024-12-17,2024-12-27,16.77,71.81,9.69,Concluído
6701,1669,81,Liderança e Gestão de Pessoas,2024-08-02,2024-12-22,33.06,64.74,7.1,Concluído
6702,1669,16,Data Analytics,2024-08-21,2024-11-01,4.48,73.77,9.44,Concluído
6703,1669,65,Customer Success,2024-09-30,2024-10-29,23.7,73.2,9.26,Concluído
6704,1669,100,Design Thinking,2024-11-23,2024-12-24,39.96,70.27,9.28,Concluído
6705,1669,40,Power BI,2024-05-30,2024-06-24,22.45,89.04,6.31,Concluído
6706,1669,34,Customer Success,2024-12-30,2024-12-31,26.55,60.92,6.26,Concluído
6707,1671,69,Negociação,2024-07-12,2024-11-08,16.6,97.45,7.7,Concluído
6708,1671,88,JavaScript Moderno,2024-09-24,2024-12-24,12.05,62.91,9.49,Concluído
6709,1671,10,DevOps e CI/CD,2024-04-20,,10.56,76.15,,Em Andamento
6710,1671,83,Oratória,2024-08-25,2024-10-22,25.71,74.74,8.46,Concluído
6711,1672,1,Oratória,2024-12-09,,9.96,78.03,,Em Andamento
6712,1672,32,Customer Success,2023-05-10,2024-02-08,21.85,68.55,8.61,Concluído
6713,1672,64,Negociação,2024-09-17,2024-10-13,22.73,96.9,7.71,Concluído
6714,1672,6,Oratória,2023-04-14,2023-11-08,37.49,86.48,9.28,Concluído
6715,1672,84,Customer Success,2024-04-15,2024-05-22,29.38,74.49,9.15,Concluído
6716,1672,24,Power BI,2022-12-17,2023-04-09,10.95,64.38,6.79,Concluído
6717,1672,37,Gestão de Projetos,2024-06-04,2024-10-06,8.72,69.73,8.63,Concluído
6718,1674,94,DevOps e CI/CD,2023-04-20,2023-09-26,16.07,66.05,8.32,Concluído
6719,1674,20,Vendas Consultivas,2023-02-24,2024-06-09,9.22,73.22,7.03,Concluído
6720,1674,66,Liderança e Gestão de Pessoas,2024-04-01,2024-04-15,28.39,83.77,7.94,Concluído
6721,1675,92,Segurança da Informação,2024-10-31,2024-11-07,6.71,95.45,7.75,Concluído
6722,1676,61,Vendas Consultivas,2023-03-20,2023-10-08,19.37,81.6,7.68,Concluído
6723,1676,72,Negociação,2023-06-27,2024-06-28,29.58,71.08,8.79,Concluído
6724,1677,6,Design Thinking,2024-11-10,2024-11-21,33.18,62.77,8.09,Concluído
6725,1677,47,Excel Avançado,2024-10-04,2024-11-02,25.73,76.07,8.05,Concluído
6726,1677,52,Design Thinking,2024-09-28,2024-11-10,12.2,76.77,8.07,Concluído
6727,1677,36,Negociação,2024-11-08,2024-11-29,34.2,60.36,8.53,Concluído
6728,1677,80,Comunicação Eficaz,2024-11-17,2024-11-23,7.82,68.22,7.62,Concluído
6729,1677,69,Liderança e Gestão de Pessoas,2024-08-12,2024-09-24,28.47,83.46,6.42,Concluído
6730,1677,63,Excel Avançado,2024-10-06,,8.97,66.91,,Em Andamento
6731,1678,20,Data Analytics,2023-04-30,2024-06-05,19.09,70.58,6.29,Concluído
6732,1678,85,Liderança e Gestão de Pessoas,2024-02-02,2024-02-21,13.51,83.06,6.62,Concluído
6733,1678,64,Negociação,2024-07-16,2024-12-30,34.55,65.04,7.17,Concluído
6734,1679,38,Python Avançado,2024-08-20,2024-10-06,11.1,93.06,8.15,Concluído
6735,1680,73,Design Thinking,2024-11-20,2024-12-13,39.69,74.37,8.89,Concluído
6736,1681,35,Design Thinking,2024-03-10,2024-07-25,33.52,94.46,6.66,Concluído
6737,1681,77,Segurança da Informação,2024-06-29,2024-08-13,20.99,83.16,7.2,Concluído
6738,1682,87,Gestão de Tempo,2024-01-27,2024-09-18,22.77,80.76,7.31,Concluído
6739,1682,70,Cloud Computing AWS,2024-05-04,2024-12-23,5.44,70.75,7.71,Concluído
6740,1682,17,Design Thinking,2023-04-02,2023-11-20,14.61,94.94,6.32,Concluído
6741,1682,55,Liderança e Gestão de Pessoas,2024-06-06,2024-10-17,23.97,86.29,7.2,Concluído
6742,1682,42,Agile/Scrum,2024-10-03,2024-10-27,18.69,86.18,7.63,Concluído
6743,1682,33,Gestão de Tempo,2023-02-11,2024-04-12,4.45,84.99,9.57,Concluído
6744,1682,85,JavaScript Moderno,2023-10-22,,17.3,30.12,,Em Andamento
6745,1682,33,JavaScript Moderno,2024-07-07,2024-12-05,16.14,68.11,6.91,Concluído
6746,1683,81,Excel Avançado,2024-10-16,2024-12-21,8.09,87.46,7.38,Concluído
6747,1684,98,Customer Success,2024-01-10,2024-04-16,30.31,80.54,8.22,Concluído
6748,1685,28,Excel Avançado,2024-02-17,2024-06-19,33.77,78.57,8.09,Concluído
6749,1685,89,Product Management,2023-04-02,2024-06-16,10.17,62.55,7.72,Concluído
6750,1685,81,Data Analytics,2022-07-31,2022-12-03,17.9,89.68,9.35,Concluído
6751,1685,65,Negociação,2024-05-24,2024-05-25,30.49,88.31,9.56,Concluído
6752,1685,21,Machine Learning,2022-06-15,,17.62,50.08,,Em Andamento
6753,1685,91,Negociação,2024-02-01,2024-02-08,39.63,78.74,9.98,Concluído
6754,1686,22,Comunicação Eficaz,2024-12-29,2024-12-30,27.74,61.77,7.43,Concluído
6755,1686,42,Liderança e Gestão de Pessoas,2023-05-29,2024-12-01,11.43,89.84,9.28,Concluído
6756,1686,81,Oratória,2024-12-25,2024-12-31,36.98,74.01,8.44,Concluído
6757,1686,99,Power BI,2024-09-01,2024-10-06,28.2,61.14,7.68,Concluído
6758,1686,2,Data Analytics,2023-08-28,2024-11-08,4.86,61.03,9.72,Concluído
6759,1686,24,Power BI,2023-05-09,2024-04-20,32.91,89.84,8.57,Concluído
6760,1687,53,Vendas Consultivas,2024-05-24,2024-12-05,22.95,85.66,7.89,Concluído
6761,1687,63,Power BI,2023-09-01,2023-09-27,26.77,90.51,8.06,Concluído
6762,1687,53,Data Analytics,2024-04-06,2024-09-03,18.3,77.64,9.73,Concluído
6763,1689,75,Agile/Scrum,2024-12-01,2024-12-08,13.62,88.29,8.5,Concluído
6764,1691,3,DevOps e CI/CD,2024-10-03,2024-12-06,16.77,70.24,7.41,Concluído
6765,1693,83,Customer Success,2024-11-03,2024-11-27,26.38,85.4,9.37,Concluído
6766,1693,9,Vendas Consultivas,2024-10-14,2024-11-23,29.91,83.1,9.92,Concluído
6767,1694,25,Comunicação Eficaz,2023-07-05,2024-05-01,20.24,74.34,9.82,Concluído
6768,1694,93,Customer Success,2024-04-06,2024-06-10,39.68,94.01,7.26,Concluído
6769,1694,42,Liderança e Gestão de Pessoas,2024-05-21,2024-12-28,30.5,63.74,9.93,Concluído
6770,1694,85,Design Thinking,2023-10-23,,17.67,37.27,,Em Andamento
6771,1694,45,Comunicação Eficaz,2023-07-09,2024-02-01,25.5,99.14,8.22,Concluído
6772,1695,52,Gestão de Tempo,2024-04-17,,17.18,35.34,,Em Andamento
6773,1695,20,DevOps e CI/CD,2023-08-10,2023-11-18,19.25,72.55,8.07,Concluído
6774,1695,71,Machine Learning,2024-07-10,2024-10-18,10.94,93.66,6.65,Concluído
6775,1695,68,Vendas Consultivas,2024-12-02,2024-12-30,20.5,72.71,7.03,Concluído
6776,1695,97,Vendas Consultivas,2022-09-23,2024-02-01,17.64,71.02,6.96,Concluído
6777,1696,1,Vendas Consultivas,2023-06-21,2023-09-01,6.65,63.92,7.15,Concluído
6778,1696,82,Excel Avançado,2024-03-15,2024-05-10,38.59,61.79,8.55,Concluído
6779,1696,89,Liderança e Gestão de Pessoas,2023-05-29,2023-11-28,11.81,84.47,7.46,Concluído
6780,1696,54,Product Management,2023-03-15,2023-04-03,12.2,80.39,6.92,Concluído
6781,1696,97,Cloud Computing AWS,2024-07-04,2024-11-25,8.28,84.39,8.46,Concluído
6782,1696,66,Power BI,2023-06-02,2023-07-16,13.24,92.73,9.28,Concluído
6783,1696,10,JavaScript Moderno,2024-02-18,,13.48,18.72,,Em Andamento
6784,1697,23,Cloud Computing AWS,2024-03-23,2024-05-12,36.68,62.07,6.24,Concluído
6785,1697,34,JavaScript Moderno,2024-06-20,2024-08-17,7.5,87.97,6.84,Concluído
6786,1697,70,Customer Success,2024-02-04,2024-12-28,14.75,74.96,6.44,Concluído
6787,1698,20,Agile/Scrum,2024-02-24,2024-06-20,8.4,87.41,6.22,Concluído
6788,1699,8,Gestão de Projetos,2023-10-04,2024-07-04,30.29,72.25,8.55,Concluído
6789,1699,95,Vendas Consultivas,2023-10-12,2024-04-11,4.26,70.93,7.44,Concluído
6790,1699,49,Liderança e Gestão de Pessoas,2024-02-14,2024-08-18,32.05,72.73,8.68,Concluído
6791,1699,97,Vendas Consultivas,2023-12-07,2024-06-25,18.43,79.0,7.46,Concluído
6792,1699,79,Data Analytics,2023-06-12,,6.49,24.53,,Em Andamento
6793,1699,63,Python Avançado,2024-05-29,2024-08-14,24.24,68.8,7.1,Concluído
6794,1699,1,Customer Success,2023-10-22,2024-08-01,39.85,99.94,9.07,Concluído
6795,1700,82,Python Avançado,2023-06-14,,8.1,5.18,,Cancelado
6796,1700,3,Power BI,2023-11-22,2024-01-04,34.34,69.74,8.37,Concluído
6797,1700,78,Gestão de Projetos,2023-09-05,2024-03-22,26.07,77.83,9.39,Concluído
6798,1700,34,Customer Success,2024-10-16,2024-10-29,30.55,95.95,8.96,Concluído
6799,1700,4,Vendas Consultivas,2023-07-05,2024-10-25,20.79,69.65,6.63,Concluído
6800,1700,77,Oratória,2024-12-24,2024-12-26,18.6,62.91,8.48,Concluído
6801,1700,82,Segurança da Informação,2024-09-28,2024-12-19,16.45,67.66,9.08,Concluído
6802,1700,11,Agile/Scrum,2024-08-16,2024-10-18,16.36,66.64,7.72,Concluído
6803,1701,75,Gestão de Projetos,2023-10-24,2023-11-27,9.56,63.11,8.41,Concluído
6804,1701,53,Negociação,2024-12-20,,9.14,31.42,,Cancelado
6805,1701,26,Customer Success,2023-03-20,2024-10-14,33.82,74.17,6.53,Concluído
6806,1702,19,Data Analytics,2022-06-09,2023-01-20,17.86,89.35,6.51,Concluído
6807,1702,93,Excel Avançado,2024-03-11,2024-03-19,36.89,66.39,6.78,Concluído
6808,1702,90,Python Avançado,2024-03-04,2024-12-24,20.33,80.82,7.33,Concluído
6809,1702,3,Oratória,2023-11-24,,9.08,4.59,,Cancelado
6810,1703,64,Data Analytics,2024-10-26,2024-11-04,10.16,67.81,7.64,Concluído
6811,1703,33,Gestão de Projetos,2023-09-17,,15.92,73.25,,Em Andamento
6812,1703,87,Python Avançado,2024-11-05,2024-12-08,26.87,84.51,7.09,Concluído
6813,1703,53,Data Analytics,2024-07-20,,19.82,42.69,,Em Andamento
6814,1703,6,Agile/Scrum,2024-12-20,2024-12-25,4.38,63.76,8.56,Concluído
6815,1703,78,Gestão de Tempo,2024-03-15,2024-03-19,25.41,76.47,8.67,Concluído
6816,1703,80,Oratória,2024-04-26,2024-11-28,18.8,62.37,8.75,Concluído
6817,1703,12,Product Management,2023-09-17,2023-10-14,31.57,85.88,7.08,Concluído
6818,1704,13,Data Analytics,2024-08-09,2024-11-28,6.12,68.64,7.59,Concluído
6819,1704,70,Power BI,2024-08-04,2024-11-15,21.09,98.88,6.3,Concluído
6820,1704,70,Vendas Consultivas,2024-09-01,2024-12-29,24.92,68.11,8.01,Concluído
6821,1704,98,Machine Learning,2024-09-24,2024-10-20,22.96,65.55,6.48,Concluído
6822,1704,14,Agile/Scrum,2024-12-30,,8.74,67.8,,Em Andamento
6823,1704,82,DevOps e CI/CD,2024-09-16,,19.48,50.51,,Em Andamento
6824,1705,99,Gestão de Projetos,2024-03-30,2024-04-09,31.91,62.15,9.84,Concluído
6825,1705,22,Comunicação Eficaz,2024-09-02,2024-09-09,12.98,70.72,8.27,Concluído
6826,1705,100,Product Management,2024-01-16,2024-05-16,17.95,78.74,6.27,Concluído
6827,1705,29,DevOps e CI/CD,2023-12-20,2024-04-12,14.38,85.68,7.4,Concluído
6828,1705,50,Product Management,2024-03-16,2024-03-25,12.63,98.75,9.8,Concluído
6829,1705,56,Gestão de Tempo,2024-10-20,2024-11-07,17.38,94.15,8.27,Concluído
6830,1705,5,Segurança da Informação,2024-10-02,2024-11-09,26.83,94.69,8.62,Concluído
6831,1706,49,Vendas Consultivas,2024-11-18,2024-11-22,7.57,66.51,9.14,Concluído
6832,1707,73,Vendas Consultivas,2024-12-26,2024-12-31,9.31,75.61,9.33,Concluído
6833,1707,35,Liderança e Gestão de Pessoas,2024-07-23,2024-11-12,33.96,62.46,7.14,Concluído
6834,1707,59,Gestão de Tempo,2024-09-11,2024-12-04,25.9,97.15,8.49,Concluído
6835,1707,63,Python Avançado,2024-12-26,,9.94,4.09,,Em Andamento
6836,1707,3,Gestão de Projetos,2024-05-19,2024-07-03,37.56,81.99,9.87,Concluído
6837,1707,2,JavaScript Moderno,2024-07-30,2024-12-20,38.78,97.61,9.26,Concluído
6838,1707,28,Gestão de Tempo,2024-09-21,,7.55,14.59,,Cancelado
6839,1708,16,Vendas Consultivas,2023-04-26,2024-02-14,36.95,67.14,7.79,Concluído
6840,1708,90,DevOps e CI/CD,2023-02-11,2024-09-15,17.81,77.01,8.9,Concluído
6841,1708,48,Gestão de Tempo,2024-10-06,2024-12-01,29.52,98.41,8.05,Concluído
6842,1709,82,Comunicação Eficaz,2024-11-26,2024-12-07,14.83,98.79,8.07,Concluído
6843,1709,27,Cloud Computing AWS,2024-07-27,2024-12-14,5.71,97.38,9.12,Concluído
6844,1709,25,Product Management,2024-09-03,2024-09-23,27.8,78.62,6.66,Concluído
6845,1709,79,Design Thinking,2024-08-03,2024-11-26,24.95,84.78,6.59,Concluído
6846,1709,86,Negociação,2024-08-28,2024-12-16,18.82,67.56,9.63,Concluído
6847,1709,65,Machine Learning,2024-07-23,2024-09-24,27.79,92.92,8.32,Concluído
6848,1709,28,Comunicação Eficaz,2024-10-16,2024-12-18,15.37,74.89,6.72,Concluído
6849,1710,83,Agile/Scrum,2023-07-25,2024-09-05,4.02,86.64,6.18,Concluído
6850,1710,7,Machine Learning,2024-04-03,2024-10-20,37.26,85.94,6.29,Concluído
6851,1710,81,Product Management,2023-09-20,2024-12-28,5.83,80.48,6.73,Concluído
6852,1712,78,Data Analytics,2023-08-07,2023-09-30,36.39,71.64,7.13,Concluído
6853,1712,53,Vendas Consultivas,2023-04-24,,9.57,6.16,,Cancelado
6854,1712,42,Design Thinking,2023-07-10,2024-01-25,11.13,91.28,6.91,Concluído
6855,1712,46,Machine Learning,2023-12-16,2024-05-15,36.79,81.58,7.48,Concluído
6856,1712,31,Segurança da Informação,2023-10-25,2024-06-13,21.85,70.42,6.73,Concluído
6857,1712,14,Excel Avançado,2023-09-03,2023-09-12,15.87,85.35,6.9,Concluído
6858,1712,31,Excel Avançado,2023-11-04,2024-07-30,23.34,87.54,9.58,Concluído
6859,1713,51,Gestão de Projetos,2024-10-13,2024-11-29,28.41,67.84,7.07,Concluído
6860,1713,32,Design Thinking,2024-12-22,,7.52,24.4,,Cancelado
6861,1713,41,Cloud Computing AWS,2024-08-12,2024-09-28,19.57,77.0,9.78,Concluído
6862,1713,27,DevOps e CI/CD,2024-12-31,,10.05,48.16,,Em Andamento
6863,1713,55,Vendas Consultivas,2024-12-07,2024-12-25,16.72,80.35,9.62,Concluído
6864,1714,65,Liderança e Gestão de Pessoas,2023-03-03,2024-02-01,9.45,95.99,9.29,Concluído
6865,1715,95,Product Management,2024-11-30,2024-12-11,24.98,82.99,7.2,Concluído
6866,1715,49,Gestão de Projetos,2024-10-16,2024-12-09,19.44,80.66,9.46,Concluído
6867,1715,46,Segurança da Informação,2024-10-02,2024-12-23,34.37,75.46,6.55,Concluído
6868,1715,27,Excel Avançado,2024-11-16,,6.97,30.57,,Cancelado
6869,1716,46,Python Avançado,2024-09-19,2024-10-21,27.29,91.48,6.48,Concluído
6870,1716,44,Cloud Computing AWS,2023-01-20,,17.67,59.31,,Em Andamento
6871,1716,30,Agile/Scrum,2023-07-23,2023-12-18,26.79,97.17,9.27,Concluído
6872,1717,92,Excel Avançado,2023-08-26,2024-04-16,30.74,84.86,7.17,Concluído
6873,1718,51,Agile/Scrum,2023-10-22,,14.34,27.36,,Em Andamento
6874,1718,56,Cloud Computing AWS,2023-05-21,2023-09-20,11.91,67.98,7.18,Concluído
6875,1718,74,Gestão de Projetos,2023-04-21,2024-01-27,6.51,74.1,7.72,Concluído
6876,1718,36,Customer Success,2024-09-26,2024-11-30,9.35,98.59,6.11,Concluído
6877,1718,84,Gestão de Tempo,2023-03-08,2024-01-30,28.34,99.0,6.85,Concluído
6878,1718,39,Gestão de Projetos,2024-04-17,2024-04-26,20.34,64.25,9.72,Concluído
6879,1718,43,Customer Success,2023-11-29,,8.31,8.87,,Cancelado
6880,1718,60,Agile/Scrum,2023-08-19,2024-03-26,13.71,93.01,6.07,Concluído
6881,1719,26,Gestão de Projetos,2024-04-07,2024-11-16,10.66,86.19,9.71,Concluído
6882,1719,47,Gestão de Projetos,2024-02-11,2024-05-11,9.54,82.83,8.35,Concluído
6883,1719,34,Customer Success,2023-02-27,2023-08-22,20.06,69.32,9.67,Concluído
6884,1719,73,Oratória,2024-04-16,2024-10-06,19.95,94.33,7.46,Concluído
6885,1719,68,DevOps e CI/CD,2024-03-02,2024-12-11,8.24,65.19,8.27,Concluído
6886,1719,71,Oratória,2024-04-22,2024-09-21,17.86,84.41,8.82,Concluído
6887,1719,20,Customer Success,2024-11-30,2024-12-27,18.13,65.1,9.5,Concluído
6888,1719,62,Oratória,2024-07-15,2024-11-22,16.34,92.62,7.8,Concluído
6889,1720,35,Product Management,2024-09-29,2024-11-16,27.33,81.73,8.52,Concluído
6890,1720,72,Python Avançado,2024-10-16,2024-12-15,13.87,75.25,8.46,Concluído
6891,1720,16,Customer Success,2024-04-02,2024-04-06,30.35,88.46,7.86,Concluído
6892,1720,97,Design Thinking,2024-05-03,2024-07-27,31.99,80.31,6.13,Concluído
6893,1720,54,Product Management,2024-11-16,2024-12-20,19.63,83.51,7.09,Concluído
6894,1721,68,Agile/Scrum,2023-04-03,,8.6,78.89,,Em Andamento
6895,1721,3,Excel Avançado,2023-05-19,,13.82,61.79,,Em Andamento
6896,1721,37,Product Management,2024-07-31,2024-09-09,9.41,66.08,8.43,Concluído
6897,1721,99,Customer Success,2022-12-30,2024-06-27,10.48,70.52,7.62,Concluído
6898,1722,35,Python Avançado,2024-06-19,2024-07-15,37.1,78.29,8.55,Concluído
6899,1722,3,Power BI,2024-04-17,2024-12-26,6.86,95.2,9.22,Concluído
6900,1722,29,DevOps e CI/CD,2024-02-10,,11.31,18.29,,Em Andamento
6901,1722,21,Vendas Consultivas,2024-12-05,2024-12-08,13.54,97.08,7.46,Concluído
6902,1722,15,Python Avançado,2024-01-30,2024-12-22,19.16,85.69,7.25,Concluído
6903,1722,72,Comunicação Eficaz,2024-05-05,2024-05-08,30.82,62.66,9.14,Concluído
6904,1722,49,Comunicação Eficaz,2024-06-05,,11.38,32.49,,Em Andamento
6905,1722,65,Agile/Scrum,2024-09-12,,4.88,25.14,,Em Andamento
6906,1723,89,Power BI,2024-12-20,2024-12-30,23.84,89.13,9.09,Concluído
6907,1723,93,Liderança e Gestão de Pessoas,2024-07-28,2024-10-10,33.09,81.84,8.26,Concluído
6908,1723,28,Negociação,2024-09-13,2024-11-19,15.47,93.58,6.45,Concluído
6909,1723,77,Negociação,2024-08-24,2024-12-19,28.32,83.74,6.88,Concluído
6910,1724,75,Gestão de Projetos,2023-06-09,2024-10-20,29.99,71.61,8.1,Concluído
6911,1724,26,Liderança e Gestão de Pessoas,2023-12-22,2024-12-06,30.52,92.49,9.4,Concluído
6912,1724,100,Python Avançado,2023-11-11,2024-04-30,28.06,99.99,9.81,Concluído
6913,1724,31,Segurança da Informação,2024-08-03,2024-11-16,23.12,86.57,9.45,Concluído
6914,1724,8,Excel Avançado,2023-06-01,,12.0,77.02,,Em Andamento
6915,1724,23,Negociação,2024-04-10,2024-06-11,13.94,91.0,9.46,Concluído
6916,1725,60,Data Analytics,2023-10-17,2024-12-22,9.37,80.61,6.52,Concluído
6917,1725,34,Liderança e Gestão de Pessoas,2024-09-08,2024-09-15,20.66,97.26,6.72,Concluído
6918,1725,71,Comunicação Eficaz,2024-07-30,2024-12-13,38.77,80.64,6.5,Concluído
6919,1725,80,Design Thinking,2024-05-18,2024-11-10,27.43,96.09,6.05,Concluído
6920,1725,74,Negociação,2024-06-29,2024-10-03,19.54,65.54,6.06,Concluído
6921,1725,29,Power BI,2024-06-25,,2.12,18.13,,Cancelado
6922,1725,50,Segurança da Informação,2023-12-21,2024-02-25,33.89,77.89,6.73,Concluído
6923,1726,66,Comunicação Eficaz,2024-08-22,2024-10-29,19.51,89.71,9.36,Concluído
6924,1726,83,Liderança e Gestão de Pessoas,2024-07-07,2024-07-13,4.9,97.17,6.72,Concluído
6925,1726,98,Segurança da Informação,2024-06-23,2024-07-21,19.46,98.98,8.01,Concluído
6926,1726,78,Gestão de Projetos,2024-08-13,2024-10-27,37.62,60.51,7.26,Concluído
6927,1726,11,Machine Learning,2024-04-21,2024-07-05,22.94,82.06,8.99,Concluído
6928,1727,99,Excel Avançado,2024-12-19,2024-12-26,6.62,70.47,9.01,Concluído
6929,1727,61,DevOps e CI/CD,2024-12-18,2024-12-23,25.31,83.15,8.61,Concluído
6930,1727,7,Liderança e Gestão de Pessoas,2024-12-29,2024-12-31,14.92,74.94,7.29,Concluído
6931,1727,12,Liderança e Gestão de Pessoas,2024-12-10,2024-12-11,35.29,74.72,7.96,Concluído
6932,1728,9,Data Analytics,2024-09-03,2024-12-13,9.03,86.41,8.73,Concluído
6933,1728,60,Vendas Consultivas,2024-12-25,2024-12-26,33.7,83.27,8.46,Concluído
6934,1728,87,Python Avançado,2024-12-01,2024-12-07,25.64,80.6,8.91,Concluído
6935,1728,2,Python Avançado,2024-08-07,,17.21,42.93,,Em Andamento
6936,1728,25,Gestão de Tempo,2024-06-12,2024-07-10,24.43,80.46,9.41,Concluído
6937,1729,55,Machine Learning,2024-12-19,,16.59,31.39,,Em Andamento
6938,1729,53,Machine Learning,2024-09-13,2024-12-25,14.61,97.39,8.6,Concluído
6939,1729,39,Oratória,2024-09-27,2024-11-19,30.85,81.43,8.44,Concluído
6940,1729,49,Gestão de Projetos,2024-09-29,2024-10-26,39.62,93.62,8.71,Concluído
6941,1729,79,Product Management,2024-09-23,2024-11-02,15.36,90.03,7.55,Concluído
6942,1729,73,Design Thinking,2024-12-15,2024-12-30,23.44,65.21,7.99,Concluído
6943,1729,50,Customer Success,2024-11-03,2024-12-02,31.26,96.61,8.33,Concluído
6944,1731,66,Oratória,2024-05-21,2024-10-19,29.08,94.29,9.05,Concluído
6945,1731,10,Gestão de Projetos,2022-12-24,2023-09-12,32.14,62.6,9.23,Concluído
6946,1732,66,JavaScript Moderno,2024-03-22,,1.07,34.2,,Cancelado
6947,1732,63,Comunicação Eficaz,2024-11-10,2024-11-11,8.09,83.31,7.45,Concluído
6948,1733,60,Negociação,2024-12-20,2024-12-29,6.8,74.49,9.73,Concluído
6949,1733,18,Negociação,2024-12-29,2024-12-30,11.75,68.53,7.55,Concluído
6950,1734,33,Design Thinking,2024-02-12,,16.01,68.54,,Em Andamento
6951,1734,24,Comunicação Eficaz,2023-01-12,2024-04-09,22.31,71.27,7.78,Concluído
6952,1734,78,Agile/Scrum,2023-02-19,2023-04-06,33.36,86.92,9.91,Concluído
6953,1734,60,Comunicação Eficaz,2024-08-11,,16.35,84.62,,Em Andamento
6954,1734,87,DevOps e CI/CD,2023-02-06,2023-04-03,7.54,79.4,8.79,Concluído
6955,1734,50,Customer Success,2024-11-30,,3.92,5.78,,Cancelado
6956,1735,89,Design Thinking,2024-06-27,2024-10-26,39.5,77.15,8.87,Concluído
6957,1735,77,Vendas Consultivas,2024-08-10,,4.98,56.99,,Em Andamento
6958,1736,67,Machine Learning,2024-11-30,,9.96,13.26,,Cancelado
6959,1736,12,Vendas Consultivas,2024-10-13,2024-11-08,31.27,72.52,8.12,Concluído
6960,1736,79,Data Analytics,2024-07-08,,7.74,24.14,,Cancelado
6961,1736,47,Excel Avançado,2024-07-14,2024-11-14,11.36,98.05,6.54,Concluído
6962,1736,19,DevOps e CI/CD,2024-08-16,2024-11-14,5.06,74.64,7.99,Concluído
6963,1736,7,Python Avançado,2024-09-11,2024-12-27,39.72,99.64,6.55,Concluído
6964,1736,51,DevOps e CI/CD,2024-12-23,2024-12-31,14.05,77.54,7.72,Concluído
6965,1736,8,Liderança e Gestão de Pessoas,2024-11-03,2024-12-01,31.64,71.71,8.81,Concluído
6966,1737,72,JavaScript Moderno,2024-10-25,2024-12-12,16.41,85.02,9.86,Concluído
6967,1737,62,Comunicação Eficaz,2024-10-17,2024-12-14,14.31,85.95,8.3,Concluído
6968,1738,96,Gestão de Projetos,2024-10-27,2024-11-11,21.41,60.78,9.76,Concluído
6969,1738,81,Agile/Scrum,2024-10-13,2024-10-24,17.99,94.76,7.05,Concluído
6970,1738,55,Comunicação Eficaz,2024-12-29,2024-12-30,37.57,92.12,6.48,Concluído
6971,1738,28,Segurança da Informação,2024-12-14,2024-12-29,20.13,68.9,6.83,Concluído
6972,1739,93,Python Avançado,2023-02-10,2023-07-10,34.59,65.37,9.26,Concluído
6973,1739,97,Power BI,2023-10-03,2024-02-05,24.54,87.49,6.62,Concluído
6974,1739,41,Product Management,2024-05-12,,3.16,58.84,,Em Andamento
6975,1739,76,Liderança e Gestão de Pessoas,2023-05-04,,6.82,17.44,,Em Andamento
6976,1740,44,JavaScript Moderno,2023-02-19,,14.07,60.93,,Em Andamento
6977,1741,60,Excel Avançado,2024-12-30,,11.46,40.79,,Em Andamento
6978,1741,45,Design Thinking,2024-12-30,,2.35,7.7,,Cancelado
6979,1741,41,Product Management,2024-12-31,,19.66,7.32,,Em Andamento
6980,1741,63,Python Avançado,2024-12-30,2024-12-31,15.88,60.08,6.38,Concluído
6981,1741,42,Design Thinking,2024-12-31,2025-01-01,31.06,65.94,7.1,Concluído
6982,1741,65,Oratória,2024-12-30,2024-12-31,25.01,90.61,6.27,Concluído
6983,1741,22,Oratória,2024-12-30,2024-12-31,22.1,74.14,7.31,Concluído
6984,1741,3,Design Thinking,2024-12-30,2024-12-31,12.81,86.77,6.54,Concluído
6985,1742,6,Machine Learning,2022-09-12,2024-03-16,31.32,61.31,8.26,Concluído
6986,1742,7,Comunicação Eficaz,2023-11-21,2024-03-03,25.15,93.8,7.19,Concluído
6987,1742,30,Product Management,2024-05-24,2024-08-19,5.46,66.04,9.11,Concluído
6988,1742,2,DevOps e CI/CD,2022-12-11,2023-05-29,23.16,95.09,6.15,Concluído
6989,1743,25,Design Thinking,2024-11-25,2024-12-12,39.41,90.44,7.71,Concluído
6990,1743,76,Gestão de Projetos,2024-08-14,2024-12-29,33.72,93.41,8.48,Concluído
6991,1744,99,DevOps e CI/CD,2024-10-30,2024-12-31,25.77,87.74,7.55,Concluído
6992,1744,32,DevOps e CI/CD,2024-09-23,2024-12-05,19.62,74.55,9.09,Concluído
6993,1744,21,Negociação,2024-10-15,2024-11-05,7.59,66.22,6.49,Concluído
6994,1744,44,Machine Learning,2024-07-15,2024-08-20,7.61,69.01,8.59,Concluído
6995,1744,24,Segurança da Informação,2024-09-12,2024-12-24,29.75,69.28,6.84,Concluído
6996,1744,13,Design Thinking,2024-07-23,2024-09-06,33.87,86.37,6.63,Concluído
6997,1744,93,Excel Avançado,2024-10-31,,10.49,77.99,,Em Andamento
6998,1744,68,Gestão de Projetos,2024-09-09,2024-10-05,15.76,64.71,8.89,Concluído
6999,1746,85,JavaScript Moderno,2022-11-24,,19.02,88.7,,Em Andamento
7000,1746,10,Data Analytics,2024-02-14,,18.0,30.22,,Em Andamento
7001,1746,47,JavaScript Moderno,2024-04-26,2024-09-26,20.09,68.84,7.01,Concluído
7002,1746,95,JavaScript Moderno,2023-01-24,2023-10-11,13.26,93.62,8.93,Concluído
7003,1746,93,Gestão de Projetos,2024-08-17,2024-09-06,13.26,79.95,7.91,Concluído
7004,1746,48,Power BI,2022-12-01,2023-12-01,36.74,73.41,6.69,Concluído
7005,1746,51,Negociação,2023-05-17,2023-10-02,14.22,84.21,8.22,Concluído
7006,1746,62,Product Management,2024-12-11,2024-12-25,6.81,60.33,8.62,Concluído
7007,1747,98,Python Avançado,2024-06-23,2024-08-26,28.82,73.43,8.89,Concluído
7008,1747,72,Power BI,2024-12-30,2024-12-31,37.03,97.85,6.11,Concluído
7009,1748,60,Vendas Consultivas,2022-11-21,2023-07-18,13.81,92.98,6.7,Concluído
7010,1748,79,Vendas Consultivas,2024-02-17,2024-06-27,30.13,64.65,8.29,Concluído
7011,1748,89,Machine Learning,2024-08-03,2024-12-06,39.73,92.29,8.66,Concluído
7012,1748,58,DevOps e CI/CD,2024-05-06,2024-09-30,39.85,60.83,7.58,Concluído
7013,1748,55,Liderança e Gestão de Pessoas,2024-03-21,2024-09-25,30.73,66.46,7.07,Concluído
7014,1748,17,JavaScript Moderno,2024-03-12,2024-11-08,20.72,77.88,6.14,Concluído
7015,1749,56,Liderança e Gestão de Pessoas,2024-08-14,,7.48,32.04,,Cancelado
7016,1749,75,Excel Avançado,2024-02-04,2024-02-23,38.59,74.14,7.0,Concluído
7017,1749,25,Python Avançado,2024-02-22,,5.52,28.09,,Em Andamento
7018,1751,32,Gestão de Tempo,2023-08-26,2024-02-28,4.68,87.28,6.11,Concluído
7019,1751,6,Customer Success,2022-10-19,2023-05-16,33.74,88.26,9.91,Concluído
7020,1751,22,Vendas Consultivas,2024-06-01,2024-06-29,4.68,82.25,8.28,Concluído
7021,1751,2,JavaScript Moderno,2024-01-27,2024-11-07,9.23,86.68,8.53,Concluído
7022,1751,68,Product Management,2023-06-04,2024-03-11,14.82,98.79,7.27,Concluído
7023,1752,22,Gestão de Tempo,2024-11-22,2024-12-18,12.49,65.83,6.41,Concluído
7024,1753,48,Cloud Computing AWS,2024-08-25,2024-10-27,19.77,76.44,7.59,Concluído
7025,1753,38,Data Analytics,2024-10-07,2024-11-09,25.06,98.92,7.27,Concluído
7026,1755,60,Vendas Consultivas,2022-05-24,2022-08-26,11.34,74.71,7.43,Concluído
7027,1755,47,Gestão de Tempo,2023-12-01,2024-12-10,29.07,86.12,9.87,Concluído
7028,1755,14,Gestão de Tempo,2022-09-21,2023-08-17,7.91,97.87,8.78,Concluído
7029,1755,74,Customer Success,2023-10-04,2024-04-17,39.75,67.62,9.57,Concluído
7030,1755,35,Power BI,2023-02-11,2024-12-28,16.22,72.75,6.01,Concluído
7031,1756,13,Agile/Scrum,2022-10-30,2023-09-08,16.94,83.01,9.34,Concluído
7032,1756,4,Data Analytics,2022-10-15,2023-12-23,26.62,91.62,9.04,Concluído
7033,1756,31,Liderança e Gestão de Pessoas,2022-08-09,2023-07-25,14.53,82.32,7.23,Concluído
7034,1756,19,DevOps e CI/CD,2023-07-29,,10.31,45.76,,Em Andamento
7035,1756,13,Product Management,2022-10-13,2024-08-17,32.73,96.94,8.22,Concluído
7036,1756,46,Oratória,2024-11-08,2024-12-25,6.41,75.77,9.79,Concluído
7037,1757,5,JavaScript Moderno,2024-06-12,2024-08-01,13.99,65.81,6.39,Concluído
7038,1758,20,Agile/Scrum,2023-01-17,2023-11-02,24.96,88.21,9.18,Concluído
7039,1758,41,Agile/Scrum,2022-12-26,2023-01-19,19.77,84.08,8.83,Concluído
7040,1759,94,Liderança e Gestão de Pessoas,2023-08-01,,15.91,71.03,,Em Andamento
7041,1759,3,Liderança e Gestão de Pessoas,2024-04-13,2024-11-18,4.39,86.71,6.78,Concluído
7042,1759,25,Liderança e Gestão de Pessoas,2023-08-24,2024-04-17,11.84,61.19,9.49,Concluído
7043,1759,55,Comunicação Eficaz,2024-09-15,2024-09-30,23.32,97.66,6.04,Concluído
7044,1760,52,Agile/Scrum,2024-12-30,,17.51,67.21,,Em Andamento
7045,1761,54,Segurança da Informação,2024-10-03,2024-11-23,30.72,84.42,6.38,Concluído
7046,1761,34,Agile/Scrum,2023-09-18,2024-10-13,38.68,91.0,9.08,Concluído
7047,1761,68,Segurança da Informação,2023-12-02,2024-07-09,26.63,99.55,6.41,Concluído
7048,1761,83,Comunicação Eficaz,2023-08-27,2024-09-29,13.94,87.85,9.96,Concluído
7049,1762,9,Comunicação Eficaz,2024-10-16,2024-10-23,5.17,98.81,8.05,Concluído
7050,1762,4,Negociação,2024-08-03,2024-09-25,15.41,98.02,9.71,Concluído
7051,1762,70,Segurança da Informação,2024-11-12,2024-12-30,18.62,77.26,6.36,Concluído
7052,1762,92,Comunicação Eficaz,2024-07-03,2024-09-14,7.99,76.17,9.66,Concluído
7053,1762,54,Comunicação Eficaz,2024-09-30,2024-12-09,32.19,81.85,6.92,Concluído
7054,1763,88,Gestão de Projetos,2022-11-22,2023-10-08,23.88,87.6,7.33,Concluído
7055,1763,73,Gestão de Projetos,2024-08-20,2024-10-28,32.44,66.08,6.89,Concluído
7056,1763,100,Design Thinking,2023-06-15,2023-07-24,12.17,74.94,9.76,Concluído
7057,1764,58,Segurança da Informação,2024-06-29,2024-07-04,11.16,94.58,6.04,Concluído
7058,1764,37,Cloud Computing AWS,2024-09-24,,2.42,12.98,,Cancelado
7059,1764,98,Comunicação Eficaz,2024-07-01,,5.71,59.98,,Em Andamento
7060,1764,16,Agile/Scrum,2024-10-29,2024-12-26,10.74,71.09,7.93,Concluído
7061,1765,78,DevOps e CI/CD,2024-11-09,2024-12-10,24.33,90.35,6.2,Concluído
7062,1765,43,Gestão de Tempo,2024-12-26,2024-12-28,13.61,65.59,9.31,Concluído
7063,1765,95,Excel Avançado,2024-09-19,2024-12-16,23.0,71.1,8.13,Concluído
7064,1765,15,Design Thinking,2024-06-26,2024-12-29,29.28,73.88,6.88,Concluído
7065,1765,67,DevOps e CI/CD,2024-05-16,2024-05-19,33.91,63.02,8.02,Concluído
7066,1765,59,Power BI,2024-04-18,,4.12,51.51,,Em Andamento
7067,1765,73,Cloud Computing AWS,2024-08-26,2024-12-31,19.44,79.2,9.52,Concluído
7068,1766,18,Segurança da Informação,2023-06-07,,4.07,3.63,,Cancelado
7069,1766,19,Segurança da Informação,2023-11-21,,17.52,45.05,,Em Andamento
7070,1766,72,Comunicação Eficaz,2024-07-13,,18.06,17.94,,Em Andamento
7071,1766,45,Design Thinking,2024-04-09,2024-05-16,11.87,82.25,6.24,Concluído
7072,1766,64,Product Management,2023-03-17,,8.99,1.0,,Em Andamento
7073,1766,55,Oratória,2022-09-11,,12.76,89.56,,Em Andamento
7074,1766,67,Negociação,2024-12-11,,5.89,31.13,,Cancelado
7075,1766,85,Design Thinking,2022-07-14,2024-03-07,26.73,92.32,7.57,Concluído
7076,1767,25,Agile/Scrum,2024-04-18,2024-12-14,8.01,94.69,9.58,Concluído
7077,1767,67,Python Avançado,2024-01-28,2024-07-16,13.53,72.17,6.99,Concluído
7078,1767,84,Python Avançado,2023-12-27,2024-09-16,10.52,83.26,9.9,Concluído
7079,1767,71,Cloud Computing AWS,2023-10-20,,1.15,34.62,,Cancelado
7080,1767,9,Cloud Computing AWS,2023-10-17,2024-06-04,35.16,98.57,7.17,Concluído
7081,1767,88,Negociação,2023-11-14,2024-09-13,18.88,91.0,8.65,Concluído
7082,1767,65,Liderança e Gestão de Pessoas,2024-12-20,2024-12-25,6.33,74.93,6.28,Concluído
7083,1767,58,Liderança e Gestão de Pessoas,2024-11-16,2024-12-16,19.04,63.9,6.52,Concluído
7084,1768,99,Negociação,2024-09-02,2024-12-17,13.36,78.69,7.33,Concluído
7085,1768,65,Liderança e Gestão de Pessoas,2023-03-27,2023-06-07,16.41,83.92,7.68,Concluído
7086,1769,39,Gestão de Projetos,2024-11-13,,13.61,74.09,,Em Andamento
7087,1769,43,Gestão de Projetos,2024-06-30,2024-07-08,37.56,84.17,7.5,Concluído
7088,1769,47,Power BI,2024-06-05,,14.6,45.63,,Em Andamento
7089,1769,50,Negociação,2024-03-19,2024-11-06,9.04,83.45,6.56,Concluído
7090,1769,59,Oratória,2024-05-14,2024-12-09,31.11,92.41,7.1,Concluído
7091,1769,53,Comunicação Eficaz,2024-09-14,2024-11-10,15.76,65.13,7.67,Concluído
7092,1770,22,Negociação,2024-11-02,2024-11-24,11.55,65.62,6.57,Concluído
7093,1770,4,Liderança e Gestão de Pessoas,2023-01-31,2023-11-01,23.81,64.47,6.96,Concluído
7094,1770,34,Power BI,2022-07-15,2024-04-03,15.53,62.3,6.36,Concluído
7095,1770,44,Liderança e Gestão de Pessoas,2024-05-01,2024-11-18,18.57,68.84,7.8,Concluído
7096,1770,40,Negociação,2023-06-10,,6.37,0.9,,Cancelado
7097,1771,72,Agile/Scrum,2023-06-26,2023-09-24,11.63,78.19,6.98,Concluído
7098,1771,62,Power BI,2023-09-28,2024-06-16,12.51,89.7,9.81,Concluído
7099,1771,78,Liderança e Gestão de Pessoas,2022-09-27,2024-10-11,19.49,60.74,8.5,Concluído
7100,1771,31,Comunicação Eficaz,2022-06-30,2023-12-17,8.62,81.4,6.72,Concluído
7101,1771,93,Agile/Scrum,2023-11-15,2024-02-18,19.38,96.31,10.0,Concluído
7102,1773,79,Gestão de Projetos,2023-02-26,,11.82,59.28,,Em Andamento
7103,1773,48,Comunicação Eficaz,2024-08-06,2024-08-10,28.37,74.02,8.55,Concluído
7104,1773,42,Power BI,2023-08-20,2024-02-15,24.49,75.43,8.76,Concluído
7105,1773,4,Agile/Scrum,2023-07-13,2024-02-19,5.84,65.14,6.38,Concluído
7106,1774,18,Gestão de Projetos,2024-08-06,,19.42,25.41,,Em Andamento
7107,1774,30,Segurança da Informação,2024-06-19,2024-07-22,9.28,72.03,9.74,Concluído
7108,1774,80,Excel Avançado,2024-09-02,2024-11-13,13.44,80.16,7.18,Concluído
7109,1774,68,Power BI,2023-05-30,2024-06-09,23.21,70.46,6.02,Concluído
7110,1774,97,Gestão de Tempo,2023-10-22,2024-02-04,11.81,94.74,8.74,Concluído
7111,1774,81,Negociação,2023-09-19,2024-09-25,19.52,62.54,8.4,Concluído
7112,1774,45,Liderança e Gestão de Pessoas,2023-01-14,,19.63,42.09,,Em Andamento
7113,1775,41,Agile/Scrum,2023-09-11,2024-10-19,10.0,81.03,7.03,Concluído
7114,1776,54,DevOps e CI/CD,2024-01-19,2024-05-20,7.79,78.74,8.72,Concluído
7115,1777,52,Negociação,2024-07-31,2024-12-29,29.62,89.05,9.69,Concluído
7116,1777,87,Machine Learning,2023-05-04,,16.9,58.08,,Em Andamento
7117,1777,97,Customer Success,2023-03-17,2024-06-23,7.82,92.38,7.7,Concluído
7118,1777,53,Design Thinking,2022-06-19,2024-11-19,25.61,92.79,9.56,Concluído
7119,1777,75,Comunicação Eficaz,2024-01-15,2024-04-04,5.94,66.12,7.11,Concluído
7120,1778,75,Product Management,2024-11-19,2024-11-24,4.89,92.94,6.27,Concluído
7121,1778,57,Vendas Consultivas,2024-12-08,2024-12-27,27.73,97.96,8.96,Concluído
7122,1778,89,Machine Learning,2024-11-20,2024-12-23,10.01,62.9,7.37,Concluído
7123,1778,28,Gestão de Projetos,2024-08-14,2024-12-13,12.37,77.12,9.31,Concluído
7124,1778,44,DevOps e CI/CD,2024-08-21,2024-10-20,20.0,71.35,9.41,Concluído
7125,1779,11,Power BI,2024-08-15,2024-12-18,24.38,81.58,8.91,Concluído
7126,1779,78,JavaScript Moderno,2024-06-11,2024-07-24,29.67,73.71,8.99,Concluído
7127,1780,15,DevOps e CI/CD,2024-12-20,2024-12-24,36.82,92.1,6.27,Concluído
7128,1780,72,Comunicação Eficaz,2024-06-21,2024-07-01,17.46,63.89,6.77,Concluído
7129,1780,87,Data Analytics,2023-07-14,2023-10-29,11.34,70.29,8.01,Concluído
7130,1780,47,Negociação,2023-05-16,2024-04-17,19.53,71.02,8.57,Concluído
7131,1780,95,Vendas Consultivas,2023-08-25,2024-06-22,34.86,97.75,6.16,Concluído
7132,1781,94,Liderança e Gestão de Pessoas,2024-10-02,,12.88,23.31,,Em Andamento
7133,1781,10,Excel Avançado,2024-09-09,2024-10-03,17.56,71.33,7.22,Concluído
7134,1782,92,Cloud Computing AWS,2024-10-21,2024-11-18,14.64,98.59,9.7,Concluído
7135,1782,60,Python Avançado,2024-04-25,2024-08-31,20.12,90.36,8.54,Concluído
7136,1782,51,Comunicação Eficaz,2024-08-03,2024-09-28,20.55,77.37,9.92,Concluído
7137,1782,58,Agile/Scrum,2023-09-07,2024-05-17,6.59,66.72,6.06,Concluído
7138,1782,50,Gestão de Tempo,2024-03-13,2024-07-22,31.74,80.98,8.35,Concluído
7139,1782,94,Agile/Scrum,2023-09-30,2024-11-10,10.06,88.62,7.8,Concluído
7140,1782,11,Oratória,2023-10-24,2024-02-24,19.02,96.71,8.95,Concluído
7141,1782,20,Gestão de Tempo,2023-12-15,2023-12-17,5.25,65.59,6.37,Concluído
7142,1783,59,Excel Avançado,2024-12-09,2024-12-26,29.72,64.86,9.45,Concluído
7143,1783,74,Cloud Computing AWS,2024-11-09,2024-12-24,38.19,86.65,6.91,Concluído
7144,1783,82,Data Analytics,2024-10-25,2024-11-06,20.38,70.1,6.29,Concluído
7145,1783,52,DevOps e CI/CD,2024-12-30,2024-12-31,30.57,72.41,9.39,Concluído
7146,1783,87,JavaScript Moderno,2024-09-22,2024-12-12,26.27,97.45,6.81,Concluído
7147,1783,33,Oratória,2024-11-06,2024-12-05,25.64,93.92,6.39,Concluído
7148,1783,100,Power BI,2024-12-04,2024-12-25,31.68,61.56,8.57,Concluído
7149,1783,87,Gestão de Projetos,2024-12-01,,9.02,48.3,,Em Andamento
7150,1786,44,Power BI,2023-02-25,2024-11-15,14.44,74.3,6.06,Concluído
7151,1787,7,Liderança e Gestão de Pessoas,2024-11-24,2024-12-08,29.91,84.32,9.91,Concluído
7152,1788,42,Design Thinking,2024-10-25,2024-12-15,15.41,82.58,6.68,Concluído
7153,1789,38,Python Avançado,2024-12-06,2024-12-24,25.71,73.96,9.82,Concluído
7154,1789,50,Segurança da Informação,2024-10-31,2024-12-07,38.07,73.48,7.07,Concluído
7155,1789,89,Power BI,2024-05-23,2024-06-05,34.08,79.87,6.98,Concluído
7156,1789,74,Excel Avançado,2024-04-30,2024-07-08,27.86,63.12,8.19,Concluído
7157,1789,62,JavaScript Moderno,2024-08-11,,16.02,66.71,,Em Andamento
7158,1790,6,Machine Learning,2024-04-01,2024-06-01,39.49,61.39,8.96,Concluído
7159,1790,47,Gestão de Projetos,2024-06-23,2024-07-24,28.99,75.31,8.52,Concluído
7160,1791,60,Product Management,2024-02-20,2024-06-22,20.52,91.68,8.3,Concluído
7161,1791,51,Agile/Scrum,2022-11-14,2024-11-12,12.88,61.35,9.42,Concluído
7162,1792,92,Negociação,2024-05-30,2024-11-01,21.96,63.43,6.71,Concluído
7163,1792,67,Product Management,2023-12-19,2024-05-03,28.41,93.66,7.76,Concluído
7164,1793,56,JavaScript Moderno,2024-05-24,,11.74,75.22,,Em Andamento
7165,1793,46,Comunicação Eficaz,2023-11-29,2024-10-10,34.36,84.51,8.68,Concluído
7166,1793,38,Gestão de Tempo,2023-11-05,2024-05-18,28.08,64.07,6.34,Concluído
7167,1793,34,Negociação,2024-10-09,2024-12-22,37.06,96.41,7.32,Concluído
7168,1793,28,Product Management,2024-01-17,2024-03-17,4.66,92.25,9.1,Concluído
7169,1793,25,Machine Learning,2023-11-10,,17.39,84.6,,Em Andamento
7170,1793,32,JavaScript Moderno,2024-11-06,2024-11-15,17.31,80.13,8.88,Concluído
7171,1793,6,Gestão de Projetos,2024-10-14,,3.66,29.48,,Cancelado
7172,1794,55,Comunicação Eficaz,2024-10-27,2024-11-29,19.23,89.23,9.24,Concluído
7173,1796,74,Comunicação Eficaz,2024-01-01,2024-05-23,19.09,61.86,8.51,Concluído
7174,1796,57,Excel Avançado,2023-07-09,2024-02-27,22.23,84.04,7.0,Concluído
7175,1797,62,Power BI,2024-08-17,2024-10-22,37.02,88.67,8.1,Concluído
7176,1797,9,Python Avançado,2024-01-21,2024-05-17,33.9,65.73,6.37,Concluído
7177,1798,20,Customer Success,2023-09-20,2023-11-17,17.86,93.32,9.67,Concluído
7178,1798,83,Vendas Consultivas,2024-02-25,2024-04-25,26.83,86.84,7.41,Concluído
7179,1798,88,Data Analytics,2023-12-07,2024-11-27,24.12,98.24,9.97,Concluído
7180,1798,51,Python Avançado,2023-09-29,2024-02-09,35.17,82.9,9.72,Concluído
7181,1798,22,Oratória,2024-04-21,2024-09-19,37.84,90.5,8.48,Concluído
7182,1798,44,Product Management,2023-07-23,2023-08-14,22.64,92.23,9.23,Concluído
7183,1798,73,JavaScript Moderno,2024-06-02,2024-07-05,31.04,84.43,9.92,Concluído
7184,1798,41,Segurança da Informação,2023-10-30,2024-02-16,30.94,71.2,8.21,Concluído
7185,1799,72,Data Analytics,2024-10-09,,16.46,21.53,,Em Andamento
7186,1799,40,Vendas Consultivas,2024-07-22,2024-11-23,29.19,63.65,7.86,Concluído
7187,1799,62,Design Thinking,2022-12-31,2023-09-09,33.77,63.05,6.58,Concluído
7188,1799,40,Product Management,2023-08-08,2024-04-10,23.25,84.81,9.01,Concluído
7189,1799,96,Product Management,2024-05-25,2024-12-21,18.01,88.68,8.8,Concluído
7190,1799,5,Power BI,2023-08-09,2023-10-22,38.1,84.49,9.02,Concluído
7191,1799,82,Gestão de Tempo,2024-09-08,2024-11-07,34.63,93.96,6.2,Concluído
7192,1799,97,DevOps e CI/CD,2024-04-25,2024-06-19,9.47,74.39,8.72,Concluído
7193,1800,40,Machine Learning,2024-02-07,2024-07-29,16.9,85.45,9.5,Concluído
7194,1800,96,Liderança e Gestão de Pessoas,2024-02-20,2024-09-09,24.73,86.13,8.86,Concluído
7195,1800,25,Comunicação Eficaz,2024-08-09,2024-08-13,39.39,78.17,9.86,Concluído
7196,1800,65,Machine Learning,2024-01-04,2024-12-20,19.97,68.0,7.09,Concluído
7197,1801,73,Design Thinking,2024-03-06,,2.38,16.1,,Em Andamento
7198,1801,44,Negociação,2022-05-26,,6.41,13.12,,Cancelado
7199,1801,42,Excel Avançado,2022-05-07,2024-04-05,29.99,99.08,7.53,Concluído
7200,1801,75,Agile/Scrum,2024-09-25,2024-11-27,11.09,60.27,7.99,Concluído
7201,1801,56,Segurança da Informação,2024-09-10,2024-11-14,27.32,76.37,8.16,Concluído
7202,1801,93,Vendas Consultivas,2023-04-21,2023-12-07,25.55,81.87,9.56,Concluído
7203,1801,74,JavaScript Moderno,2022-06-14,2024-11-21,8.4,95.45,9.7,Concluído
7204,1802,57,Negociação,2024-10-14,2024-11-04,38.69,87.87,7.11,Concluído
7205,1802,97,Oratória,2024-11-09,2024-11-12,34.69,62.21,8.15,Concluído
7206,1802,12,Gestão de Projetos,2024-02-15,,6.34,81.08,,Em Andamento
7207,1802,51,Vendas Consultivas,2023-04-03,2023-05-21,18.43,77.48,8.92,Concluído
7208,1802,67,Comunicação Eficaz,2023-07-21,2023-12-01,33.33,78.23,9.96,Concluído
7209,1803,19,Design Thinking,2024-12-23,2024-12-26,31.37,99.81,9.3,Concluído
7210,1803,6,Machine Learning,2024-12-17,2024-12-28,11.42,96.81,6.54,Concluído
7211,1803,10,Power BI,2024-09-17,2024-12-26,5.34,74.87,7.8,Concluído
7212,1803,5,Machine Learning,2024-10-17,,12.88,11.96,,Em Andamento
7213,1803,59,Customer Success,2024-09-09,2024-11-08,38.21,82.04,6.34,Concluído
7214,1804,16,Gestão de Tempo,2023-11-05,2024-02-24,29.77,80.64,6.48,Concluído
7215,1804,80,Agile/Scrum,2023-11-30,2024-08-04,36.67,63.88,9.89,Concluído
7216,1804,96,Python Avançado,2024-10-12,2024-11-26,38.83,99.43,9.01,Concluído
7217,1804,96,Negociação,2023-09-30,2024-06-02,33.48,98.55,6.07,Concluído
7218,1805,38,Excel Avançado,2024-12-10,,8.85,8.48,,Cancelado
7219,1805,17,Negociação,2024-06-24,2024-12-24,20.66,94.18,9.42,Concluído
7220,1805,71,Data Analytics,2023-07-10,2024-06-13,31.16,68.95,9.75,Concluído
7221,1805,3,Machine Learning,2023-06-23,2024-09-07,19.34,66.25,8.06,Concluído
7222,1805,12,Data Analytics,2024-02-04,2024-05-04,28.28,69.74,9.21,Concluído
7223,1805,72,JavaScript Moderno,2023-10-30,2024-07-19,23.75,60.42,9.52,Concluído
7224,1806,6,Segurança da Informação,2024-12-03,2024-12-12,11.2,85.3,7.24,Concluído
7225,1806,51,Segurança da Informação,2024-11-27,2024-12-12,31.37,73.96,9.33,Concluído
7226,1806,86,Customer Success,2024-12-17,2024-12-26,25.31,88.27,8.91,Concluído
7227,1806,52,Negociação,2024-08-04,2024-08-08,34.18,72.78,7.39,Concluído
7228,1806,1,Negociação,2024-03-20,2024-09-25,21.52,60.95,7.64,Concluído
7229,1806,60,Gestão de Projetos,2024-12-30,,6.1,1.11,,Cancelado
7230,1806,56,Vendas Consultivas,2024-11-16,2024-11-18,5.58,90.12,8.52,Concluído
7231,1806,13,Power BI,2024-07-02,2024-11-20,25.59,62.21,8.8,Concluído
7232,1807,35,Power BI,2024-12-28,2024-12-30,27.81,82.06,7.09,Concluído
7233,1807,47,Cloud Computing AWS,2024-12-28,,3.57,56.44,,Em Andamento
7234,1807,89,DevOps e CI/CD,2024-12-25,2024-12-30,15.93,76.4,8.8,Concluído
7235,1808,31,Oratória,2022-08-05,2024-11-22,37.51,94.63,9.21,Concluído
7236,1809,44,Negociação,2024-12-31,2025-01-01,9.91,84.34,7.8,Concluído
7237,1809,64,Agile/Scrum,2024-03-10,2024-12-31,27.11,90.67,7.45,Concluído
7238,1809,82,Product Management,2023-03-14,2023-08-04,16.61,98.82,8.95,Concluído
7239,1809,60,Product Management,2024-03-08,2024-08-25,19.32,83.21,6.28,Concluído
7240,1809,31,DevOps e CI/CD,2023-05-08,2023-09-19,38.66,76.61,9.76,Concluído
7241,1809,14,Customer Success,2022-12-18,2024-04-21,35.03,83.12,6.01,Concluído
7242,1810,29,Negociação,2024-12-12,2024-12-19,18.67,81.9,7.2,Concluído
7243,1810,63,Data Analytics,2024-08-07,2024-12-16,30.63,77.47,6.96,Concluído
7244,1810,1,Data Analytics,2024-10-31,2024-12-23,24.48,66.13,8.03,Concluído
7245,1810,66,Product Management,2024-07-03,2024-07-11,14.76,91.12,8.42,Concluído
7246,1810,70,Cloud Computing AWS,2024-08-24,2024-09-10,33.89,68.31,9.09,Concluído
7247,1810,57,Cloud Computing AWS,2024-10-18,2024-11-05,15.96,96.91,8.14,Concluído
7248,1810,74,Oratória,2024-08-21,,11.15,6.35,,Em Andamento
7249,1811,2,Machine Learning,2022-07-03,2023-02-28,29.87,61.11,8.43,Concluído
7250,1811,94,Data Analytics,2023-02-25,,16.06,31.36,,Em Andamento
7251,1811,60,Cloud Computing AWS,2023-12-24,2024-10-25,37.16,61.16,7.61,Concluído
7252,1811,61,Machine Learning,2022-08-24,2024-08-18,11.65,83.29,6.82,Concluído
7253,1811,68,DevOps e CI/CD,2024-08-17,2024-09-15,7.4,69.73,9.83,Concluído
7254,1812,98,Power BI,2024-01-06,2024-11-11,29.62,96.73,9.67,Concluído
7255,1812,39,JavaScript Moderno,2024-11-24,2024-12-30,38.23,76.86,9.93,Concluído
7256,1812,8,Design Thinking,2024-01-06,2024-05-17,19.66,94.15,6.43,Concluído
7257,1812,13,Agile/Scrum,2024-01-12,2024-07-15,39.65,79.98,9.75,Concluído
7258,1812,39,DevOps e CI/CD,2024-12-04,2024-12-09,14.99,77.92,6.68,Concluído
7259,1812,92,Python Avançado,2023-10-07,2024-05-26,33.43,80.16,7.25,Concluído
7260,1812,35,Vendas Consultivas,2023-11-25,2024-01-20,17.54,84.58,6.73,Concluído
7261,1812,96,Power BI,2024-02-14,2024-06-29,15.61,88.63,6.59,Concluído
7262,1813,87,DevOps e CI/CD,2023-03-14,,10.8,23.14,,Em Andamento
7263,1813,84,Negociação,2023-09-10,2023-12-14,11.03,66.27,8.76,Concluído
7264,1813,28,Negociação,2023-05-05,2024-07-05,27.56,95.8,6.63,Concluído
7265,1813,64,Oratória,2023-07-30,2024-12-11,20.32,92.98,8.16,Concluído
7266,1813,45,Data Analytics,2023-07-01,,3.84,0.54,,Cancelado
7267,1813,84,Machine Learning,2023-11-16,2024-11-09,37.64,95.79,7.37,Concluído
7268,1813,4,Data Analytics,2024-10-17,2024-12-08,34.29,97.94,6.91,Concluído
7269,1813,52,Segurança da Informação,2023-12-19,2024-09-03,22.12,97.89,8.1,Concluído
7270,1814,7,Python Avançado,2023-04-21,2023-11-14,14.52,91.89,6.97,Concluído
7271,1814,6,Power BI,2023-10-19,,6.87,41.66,,Em Andamento
7272,1814,7,JavaScript Moderno,2024-11-23,2024-12-20,4.35,70.52,7.88,Concluído
7273,1815,4,Oratória,2023-05-02,2023-05-16,29.79,95.75,7.74,Concluído
7274,1815,24,Power BI,2023-08-22,2024-01-06,16.78,75.44,8.88,Concluído
7275,1815,79,Liderança e Gestão de Pessoas,2024-06-29,2024-08-06,24.28,64.12,6.68,Concluído
7276,1816,32,Gestão de Projetos,2024-10-09,2024-10-18,19.71,93.96,6.06,Concluído
7277,1816,49,Negociação,2024-11-22,2024-12-03,28.57,89.87,8.41,Concluído
7278,1816,52,DevOps e CI/CD,2024-10-03,2024-12-16,11.0,66.57,6.42,Concluído
7279,1816,96,DevOps e CI/CD,2024-11-07,2024-12-12,16.39,86.18,6.78,Concluído
7280,1816,93,Customer Success,2024-11-12,2024-12-22,30.28,86.88,8.03,Concluído
7281,1816,31,Power BI,2024-10-20,,9.17,63.77,,Em Andamento
7282,1816,89,Gestão de Tempo,2024-09-24,2024-10-12,34.52,95.74,6.46,Concluído
7283,1816,28,Comunicação Eficaz,2024-11-09,2024-12-16,15.31,76.8,6.79,Concluído
7284,1817,94,Data Analytics,2024-08-12,2024-11-15,31.75,70.44,8.96,Concluído
7285,1817,16,JavaScript Moderno,2023-09-16,2024-08-22,17.48,91.31,9.95,Concluído
7286,1817,63,Python Avançado,2024-07-09,2024-11-18,16.37,64.8,7.38,Concluído
7287,1817,72,Negociação,2022-05-02,,7.29,76.66,,Em Andamento
7288,1817,13,Python Avançado,2024-06-18,2024-12-30,27.08,83.6,6.04,Concluído
7289,1817,33,Negociação,2024-05-14,,11.59,76.86,,Em Andamento
7290,1817,27,Liderança e Gestão de Pessoas,2023-07-18,2024-04-18,38.72,81.36,8.21,Concluído
7291,1817,47,Agile/Scrum,2023-09-23,2024-11-30,5.3,61.01,7.96,Concluído
7292,1818,58,Power BI,2024-09-05,2024-11-18,33.64,96.41,9.03,Concluído
7293,1818,76,Python Avançado,2024-05-18,,12.68,35.51,,Em Andamento
7294,1818,26,Negociação,2024-05-22,2024-11-18,30.56,94.28,6.72,Concluído
7295,1818,16,Cloud Computing AWS,2024-06-30,,7.09,48.83,,Em Andamento
7296,1818,56,Power BI,2024-09-04,,14.77,63.68,,Em Andamento
7297,1818,99,Power BI,2024-02-15,,14.3,5.64,,Em Andamento
7298,1818,95,Power BI,2024-07-22,,8.56,70.44,,Em Andamento
7299,1819,30,Gestão de Projetos,2024-05-22,2024-12-16,31.56,82.3,6.83,Concluído
7300,1819,15,Vendas Consultivas,2024-10-20,2024-12-26,27.82,77.72,8.97,Concluído
7301,1819,65,Cloud Computing AWS,2024-03-20,2024-06-04,28.62,68.14,8.39,Concluído
7302,1820,62,Vendas Consultivas,2023-08-16,,10.75,78.21,,Em Andamento
7303,1820,65,Excel Avançado,2024-03-03,,17.89,68.9,,Em Andamento
7304,1820,71,JavaScript Moderno,2024-12-31,2025-01-01,7.75,83.17,9.51,Concluído
7305,1820,82,Comunicação Eficaz,2024-11-10,2024-12-06,37.05,76.85,8.62,Concluído
7306,1820,86,Data Analytics,2024-08-19,2024-09-06,9.3,79.33,8.96,Concluído
7307,1821,72,Gestão de Projetos,2023-09-30,2023-11-10,30.92,67.3,7.32,Concluído
7308,1822,78,Agile/Scrum,2024-06-06,2024-07-14,33.24,92.8,8.46,Concluído
7309,1822,32,Cloud Computing AWS,2023-04-15,2024-12-27,21.24,92.76,7.66,Concluído
7310,1822,80,Gestão de Projetos,2022-05-23,2023-08-28,16.14,67.54,8.55,Concluído
7311,1823,83,Customer Success,2024-12-27,2024-12-28,21.73,85.14,7.06,Concluído
7312,1823,17,DevOps e CI/CD,2024-12-21,2024-12-23,37.2,86.85,7.28,Concluído
7313,1823,17,Liderança e Gestão de Pessoas,2024-12-03,,3.76,11.77,,Cancelado
7314,1823,52,Machine Learning,2024-12-01,2024-12-21,37.49,72.17,7.94,Concluído
7315,1823,46,Gestão de Tempo,2024-12-21,2024-12-28,14.94,83.84,9.11,Concluído
7316,1824,54,Customer Success,2023-09-05,2024-09-28,36.15,85.98,7.24,Concluído
7317,1824,72,Data Analytics,2023-07-10,2024-04-15,6.45,93.55,6.81,Concluído
7318,1824,50,Agile/Scrum,2023-10-02,2024-05-10,27.37,75.3,6.09,Concluído
7319,1824,39,Customer Success,2023-04-22,2023-05-21,34.83,76.28,6.86,Concluído
7320,1824,32,Gestão de Projetos,2024-05-10,2024-06-20,20.2,78.5,7.42,Concluído
7321,1824,20,Agile/Scrum,2023-07-30,2024-08-21,20.22,93.05,9.08,Concluído
7322,1824,34,Machine Learning,2023-09-29,2024-10-28,18.36,92.55,8.72,Concluído
7323,1825,56,Machine Learning,2023-01-23,2024-01-16,15.79,91.99,7.11,Concluído
7324,1825,66,Gestão de Tempo,2024-07-09,2024-07-13,29.75,79.44,7.3,Concluído
7325,1825,78,Agile/Scrum,2024-05-22,2024-12-23,37.31,98.02,7.94,Concluído
7326,1825,18,Machine Learning,2023-12-05,2024-12-09,26.03,77.81,6.6,Concluído
7327,1825,92,Data Analytics,2023-10-21,2024-01-09,14.36,89.88,8.95,Concluído
7328,1825,32,Customer Success,2023-08-31,2024-01-26,12.79,87.55,6.04,Concluído
7329,1825,68,JavaScript Moderno,2024-04-09,2024-06-28,19.64,75.31,9.83,Concluído
7330,1826,47,Machine Learning,2024-10-15,2024-12-07,32.82,92.68,9.64,Concluído
7331,1826,50,Liderança e Gestão de Pessoas,2024-09-23,2024-10-22,30.35,80.07,7.69,Concluído
7332,1828,63,Power BI,2024-10-29,2024-11-16,29.38,65.47,8.55,Concluído
7333,1828,96,Comunicação Eficaz,2024-05-02,2024-10-02,38.24,64.76,8.2,Concluído
7334,1828,54,Oratória,2024-11-27,2024-12-30,27.46,71.72,9.42,Concluído
7335,1828,47,Cloud Computing AWS,2024-12-19,2024-12-21,4.73,98.81,6.5,Concluído
7336,1828,67,Product Management,2024-06-04,2024-06-10,7.64,66.5,8.21,Concluído
7337,1828,42,Power BI,2024-04-19,2024-04-20,5.81,84.19,7.51,Concluído
7338,1828,25,Comunicação Eficaz,2024-06-08,,4.46,30.86,,Cancelado
7339,1828,24,Customer Success,2024-02-25,2024-04-04,10.56,81.93,7.27,Concluído
7340,1829,44,Negociação,2022-08-11,2024-05-30,37.62,77.04,9.51,Concluído
7341,1829,53,Liderança e Gestão de Pessoas,2024-06-22,2024-12-01,5.48,62.07,7.55,Concluído
7342,1829,83,Customer Success,2022-10-08,,18.3,20.59,,Em Andamento
7343,1829,78,Data Analytics,2024-10-04,2024-10-31,36.8,67.27,9.23,Concluído
7344,1829,79,Liderança e Gestão de Pessoas,2022-03-04,2024-12-08,28.89,75.99,7.68,Concluído
7345,1829,60,Comunicação Eficaz,2023-11-05,2024-06-14,9.64,81.74,8.01,Concluído
7346,1830,25,Liderança e Gestão de Pessoas,2024-12-19,2024-12-22,26.59,68.79,6.86,Concluído
7347,1830,45,Python Avançado,2024-07-10,2024-08-01,26.77,67.28,7.45,Concluído
7348,1830,55,Design Thinking,2024-08-14,2024-11-23,24.94,79.6,7.99,Concluído
7349,1831,99,DevOps e CI/CD,2024-08-23,2024-12-30,31.13,71.0,6.24,Concluído
7350,1832,71,Gestão de Projetos,2022-09-15,2023-11-28,4.31,64.95,9.45,Concluído
7351,1833,57,Data Analytics,2024-11-03,2024-11-29,19.33,97.41,6.96,Concluído
7352,1833,39,Oratória,2024-07-23,2024-12-04,27.17,84.04,9.24,Concluído
7353,1834,47,Excel Avançado,2024-05-19,2024-08-24,10.55,93.94,9.84,Concluído
7354,1834,85,Segurança da Informação,2022-05-20,2022-10-23,34.59,91.68,9.56,Concluído
7355,1834,2,Gestão de Tempo,2022-07-23,,18.12,45.87,,Em Andamento
7356,1834,47,Comunicação Eficaz,2022-05-06,2023-09-15,7.68,71.48,6.89,Concluído
7357,1836,62,Product Management,2024-04-26,2024-11-11,11.82,71.82,8.59,Concluído
7358,1836,80,DevOps e CI/CD,2022-11-01,2024-04-18,9.08,96.33,8.05,Concluído
7359,1836,49,Product Management,2024-03-07,2024-08-17,8.41,83.92,9.31,Concluído
7360,1836,51,DevOps e CI/CD,2024-01-13,,6.5,9.84,,Cancelado
7361,1836,60,Gestão de Tempo,2024-07-17,2024-08-12,35.84,83.4,9.18,Concluído
7362,1837,83,Gestão de Tempo,2023-07-29,2024-11-03,26.02,82.46,7.84,Concluído
7363,1837,8,Power BI,2023-12-31,2024-12-28,17.1,68.91,8.0,Concluído
7364,1837,57,Liderança e Gestão de Pessoas,2024-12-20,,4.5,75.02,,Em Andamento
7365,1837,36,JavaScript Moderno,2024-06-30,2024-09-01,6.29,75.99,7.3,Concluído
7366,1837,61,Machine Learning,2024-09-05,2024-11-07,10.08,73.36,6.9,Concluído
7367,1838,2,Power BI,2023-10-22,2024-06-22,35.74,97.91,7.03,Concluído
7368,1838,85,Gestão de Projetos,2024-09-01,2024-10-27,28.15,96.69,6.58,Concluído
7369,1838,65,Python Avançado,2023-12-11,2024-09-07,24.97,66.33,7.71,Concluído
7370,1839,30,Customer Success,2024-05-27,2024-08-20,17.79,94.05,7.58,Concluído
7371,1839,26,Design Thinking,2023-11-24,,11.5,32.92,,Em Andamento
7372,1839,90,Liderança e Gestão de Pessoas,2024-07-09,,6.98,3.07,,Cancelado
7373,1839,26,Oratória,2024-03-22,2024-07-13,21.71,93.32,7.73,Concluído
7374,1839,96,Gestão de Projetos,2024-08-18,,5.43,2.4,,Cancelado
7375,1839,41,Gestão de Tempo,2024-08-31,2024-11-12,38.41,73.28,8.79,Concluído
7376,1839,63,Customer Success,2024-07-13,2024-12-20,28.04,60.59,9.27,Concluído
7377,1839,45,Product Management,2024-09-12,2024-09-18,11.88,87.6,9.98,Concluído
7378,1840,77,Excel Avançado,2024-04-13,,5.2,17.58,,Em Andamento
7379,1840,51,Liderança e Gestão de Pessoas,2024-02-17,2024-03-03,13.86,77.81,7.86,Concluído
7380,1841,41,Agile/Scrum,2023-03-18,2024-05-08,4.62,64.24,8.61,Concluído
7381,1841,19,Product Management,2023-10-03,2024-07-02,7.31,65.75,8.2,Concluído
7382,1841,79,Comunicação Eficaz,2023-11-27,2024-06-11,11.11,86.99,8.25,Concluído
7383,1841,21,Gestão de Projetos,2024-07-14,2024-09-28,30.9,80.68,8.66,Concluído
7384,1841,5,Oratória,2024-07-27,2024-12-26,23.51,94.4,7.08,Concluído
7385,1841,96,Gestão de Projetos,2023-01-14,,3.73,15.26,,Em Andamento
7386,1843,81,Customer Success,2024-10-18,,5.26,57.51,,Em Andamento
7387,1843,5,Oratória,2023-04-18,,17.68,28.22,,Em Andamento
7388,1843,71,Agile/Scrum,2022-10-26,2024-03-06,13.82,92.47,6.86,Concluído
7389,1844,53,Machine Learning,2023-06-28,2024-04-16,20.93,88.05,8.12,Concluído
7390,1844,71,Design Thinking,2023-12-30,,3.73,62.5,,Em Andamento
7391,1844,78,Design Thinking,2024-06-13,,10.09,84.05,,Em Andamento
7392,1844,1,Data Analytics,2024-06-22,2024-10-29,16.41,95.57,8.59,Concluído
7393,1845,63,Liderança e Gestão de Pessoas,2024-08-04,2024-10-08,39.82,80.11,9.85,Concluído
7394,1847,32,Agile/Scrum,2024-07-06,2024-10-27,36.91,75.25,8.18,Concluído
7395,1847,59,Gestão de Projetos,2024-04-24,2024-07-31,22.86,98.53,7.37,Concluído
7396,1847,85,Power BI,2023-08-25,2024-01-27,31.57,69.56,8.64,Concluído
7397,1847,11,Gestão de Tempo,2024-04-19,2024-08-02,29.08,89.35,7.38,Concluído
7398,1848,43,Design Thinking,2024-06-20,2024-10-22,16.53,66.75,7.78,Concluído
7399,1848,19,Oratória,2024-09-15,2024-11-28,33.67,98.09,9.29,Concluído
7400,1848,67,Cloud Computing AWS,2024-11-15,,8.83,85.57,,Em Andamento
7401,1848,97,JavaScript Moderno,2024-08-04,,18.36,45.31,,Em Andamento
7402,1848,71,Comunicação Eficaz,2024-08-29,,7.91,7.63,,Cancelado
7403,1849,61,Customer Success,2024-08-30,2024-09-07,22.58,89.93,7.32,Concluído
7404,1849,47,Oratória,2024-04-13,2024-07-08,38.77,89.15,6.61,Concluído
7405,1849,47,Gestão de Tempo,2024-01-04,2024-05-23,27.35,60.53,7.65,Concluído
7406,1849,97,DevOps e CI/CD,2023-09-20,,1.8,35.3,,Cancelado
7407,1849,75,Liderança e Gestão de Pessoas,2024-02-24,,18.94,34.25,,Em Andamento
7408,1850,24,Customer Success,2024-04-05,2024-12-19,13.49,86.62,7.1,Concluído
7409,1850,11,Negociação,2024-09-10,2024-09-26,4.04,87.34,6.51,Concluído
7410,1850,81,Excel Avançado,2024-03-31,2024-12-04,37.97,92.0,6.49,Concluído
7411,1850,83,Product Management,2023-08-17,2023-11-20,28.3,60.46,7.92,Concluído
7412,1850,11,Python Avançado,2023-11-08,2024-10-05,17.1,80.54,7.98,Concluído
7413,1850,86,Segurança da Informação,2024-03-01,,4.06,3.18,,Cancelado
7414,1851,57,Agile/Scrum,2023-10-06,,4.3,57.42,,Em Andamento
7415,1851,56,Excel Avançado,2024-12-22,2024-12-28,22.28,85.0,6.97,Concluído
7416,1851,94,Agile/Scrum,2024-07-29,2024-08-20,32.76,79.22,9.11,Concluído
7417,1851,18,JavaScript Moderno,2024-10-23,2024-12-16,18.86,64.47,8.8,Concluído
7418,1851,63,Gestão de Projetos,2024-11-02,,10.85,32.54,,Em Andamento
7419,1851,71,Gestão de Projetos,2024-08-05,,4.86,24.34,,Em Andamento
7420,1852,64,Oratória,2024-04-02,2024-11-29,31.31,62.04,8.76,Concluído
7421,1853,32,Gestão de Projetos,2024-08-26,2024-09-19,19.95,89.51,9.93,Concluído
7422,1853,3,Comunicação Eficaz,2024-08-08,2024-10-29,7.29,81.71,7.2,Concluído
7423,1853,90,Segurança da Informação,2024-07-28,2024-12-21,28.08,76.85,6.56,Concluído
7424,1853,33,Segurança da Informação,2024-11-26,2024-12-24,7.73,77.32,8.24,Concluído
7425,1854,20,JavaScript Moderno,2024-08-01,,6.53,9.81,,Em Andamento
7426,1854,56,Design Thinking,2024-02-29,2024-07-09,5.31,93.15,9.97,Concluído
7427,1855,17,JavaScript Moderno,2024-11-19,2024-12-28,12.46,67.77,6.1,Concluído
7428,1856,42,Agile/Scrum,2024-08-10,,16.09,60.78,,Em Andamento
7429,1856,76,Data Analytics,2024-11-01,2024-12-08,25.81,85.27,7.56,Concluído
7430,1856,39,Design Thinking,2024-12-27,2024-12-31,34.75,66.22,6.6,Concluído
7431,1856,46,Gestão de Projetos,2024-04-15,2024-11-28,36.06,76.89,6.96,Concluído
7432,1856,92,Product Management,2023-08-09,2024-03-28,27.17,70.34,8.96,Concluído
7433,1856,26,Machine Learning,2024-02-09,2024-04-10,28.56,93.21,9.4,Concluído
7434,1858,30,Design Thinking,2024-09-16,2024-10-11,35.11,71.62,7.6,Concluído
7435,1859,1,Gestão de Projetos,2024-11-23,2024-12-04,8.09,83.26,9.02,Concluído
7436,1859,11,Design Thinking,2024-08-05,,9.58,71.08,,Em Andamento
7437,1859,80,Gestão de Projetos,2024-12-28,2024-12-30,28.83,85.25,6.15,Concluído
7438,1859,22,Data Analytics,2024-12-19,2024-12-25,22.93,91.71,6.03,Concluído
7439,1859,50,Agile/Scrum,2024-12-07,2024-12-12,8.2,98.57,6.22,Concluído
7440,1860,56,DevOps e CI/CD,2024-08-21,2024-11-26,11.91,71.65,7.33,Concluído
7441,1860,42,Excel Avançado,2024-07-31,2024-11-23,4.1,71.26,7.48,Concluído
7442,1861,36,Cloud Computing AWS,2023-02-13,2023-10-21,28.98,65.31,8.84,Concluído
7443,1861,59,Agile/Scrum,2023-05-06,2023-06-16,22.14,86.4,9.03,Concluído
7444,1861,42,JavaScript Moderno,2023-12-25,2024-08-31,4.27,81.27,6.88,Concluído
7445,1861,11,Gestão de Projetos,2024-03-31,2024-04-04,35.88,91.89,9.68,Concluído
7446,1861,27,Gestão de Projetos,2024-07-23,2024-08-13,8.21,92.54,8.28,Concluído
7447,1862,18,Vendas Consultivas,2023-11-27,2024-10-15,8.06,88.15,7.46,Concluído
7448,1863,72,JavaScript Moderno,2024-10-24,2024-12-21,20.78,66.71,9.37,Concluído
7449,1863,45,Liderança e Gestão de Pessoas,2024-11-10,2024-12-30,8.21,76.84,8.56,Concluído
7450,1863,88,JavaScript Moderno,2024-11-18,,18.78,63.46,,Em Andamento
7451,1863,96,Product Management,2024-10-02,2024-10-12,27.1,97.81,8.79,Concluído
7452,1863,79,DevOps e CI/CD,2024-11-01,2024-12-06,7.03,61.33,9.75,Concluído
7453,1863,13,Segurança da Informação,2024-10-03,2024-12-20,17.29,72.99,7.49,Concluído
7454,1863,52,JavaScript Moderno,2024-12-31,,3.88,29.6,,Em Andamento
7455,1863,56,Data Analytics,2024-09-27,2024-12-22,27.73,72.95,6.11,Concluído
7456,1864,56,Comunicação Eficaz,2024-12-10,,17.88,41.01,,Em Andamento
7457,1864,59,Cloud Computing AWS,2024-03-14,2024-06-05,14.37,83.27,8.58,Concluído
7458,1864,94,Python Avançado,2023-09-04,2024-05-08,25.35,77.87,7.62,Concluído
7459,1864,22,Customer Success,2024-07-19,2024-08-09,33.28,93.34,6.23,Concluído
7460,1864,28,Data Analytics,2024-01-17,,12.84,73.88,,Em Andamento
7461,1864,79,Product Management,2024-01-29,2024-03-29,7.28,77.3,8.18,Concluído
7462,1864,86,Negociação,2024-07-22,2024-11-10,30.67,82.13,9.69,Concluído
7463,1864,15,Liderança e Gestão de Pessoas,2024-05-01,2024-08-13,34.08,97.55,7.64,Concluído
7464,1865,23,Liderança e Gestão de Pessoas,2023-03-05,2024-02-24,12.53,99.05,7.53,Concluído
7465,1865,61,Agile/Scrum,2023-02-21,,2.24,35.97,,Em Andamento
7466,1865,2,JavaScript Moderno,2024-07-01,2024-11-30,26.73,78.76,7.5,Concluído
7467,1866,47,Cloud Computing AWS,2024-04-10,2024-10-01,12.01,63.48,7.87,Concluído
7468,1867,29,Gestão de Tempo,2023-08-21,2024-11-23,11.22,63.24,6.56,Concluído
7469,1868,25,DevOps e CI/CD,2023-05-23,2024-03-14,20.23,66.12,7.74,Concluído
7470,1868,35,Negociação,2024-02-03,2024-08-10,8.36,68.92,7.79,Concluído
7471,1868,85,Liderança e Gestão de Pessoas,2023-12-13,2024-10-05,24.28,60.33,9.65,Concluído
7472,1868,31,Cloud Computing AWS,2024-07-20,2024-10-31,9.42,93.3,7.33,Concluído
7473,1868,26,Machine Learning,2023-04-26,,1.4,3.96,,Cancelado
7474,1868,2,Oratória,2022-08-02,2023-01-05,8.71,96.54,6.06,Concluído
7475,1868,25,Data Analytics,2023-02-28,2023-05-24,11.93,60.22,6.27,Concluído
7476,1868,97,Gestão de Tempo,2024-10-12,2024-12-28,9.52,77.41,9.63,Concluído
7477,1869,90,DevOps e CI/CD,2024-02-03,2024-10-11,26.88,62.94,8.8,Concluído
7478,1869,65,Liderança e Gestão de Pessoas,2024-07-06,2024-07-11,32.15,60.27,7.68,Concluído
7479,1869,50,Power BI,2023-01-11,2024-02-29,26.99,86.25,8.5,Concluído
7480,1869,10,Comunicação Eficaz,2024-12-20,2024-12-23,11.69,75.89,6.8,Concluído
7481,1870,87,Customer Success,2024-07-24,2024-08-22,21.07,95.87,8.58,Concluído
7482,1870,82,Liderança e Gestão de Pessoas,2024-09-28,2024-10-04,10.37,93.04,9.55,Concluído
7483,1871,23,JavaScript Moderno,2024-06-08,2024-09-24,5.3,71.5,8.77,Concluído
7484,1872,9,Customer Success,2024-12-18,2024-12-30,14.67,67.33,9.38,Concluído
7485,1872,26,Data Analytics,2024-12-31,2025-01-01,9.94,67.95,9.31,Concluído
7486,1872,60,Gestão de Projetos,2024-12-19,2024-12-25,11.32,79.98,6.85,Concluído
7487,1872,83,Comunicação Eficaz,2024-12-11,2024-12-12,9.41,98.76,7.42,Concluído
7488,1873,98,Agile/Scrum,2022-11-24,2023-04-22,15.11,68.48,8.08,Concluído
7489,1873,81,Gestão de Tempo,2024-04-19,2024-05-20,37.28,60.51,8.63,Concluído
7490,1873,18,Python Avançado,2023-04-29,2024-09-18,12.32,88.45,7.71,Concluído
7491,1873,25,Power BI,2023-07-10,2023-10-26,20.1,60.4,9.21,Concluído
7492,1874,91,Python Avançado,2023-10-06,,14.8,33.41,,Em Andamento
7493,1874,68,Gestão de Tempo,2022-09-04,2022-09-13,5.22,98.08,9.86,Concluído
7494,1874,26,Product Management,2023-11-29,,12.35,7.73,,Em Andamento
7495,1875,39,Product Management,2023-07-17,2024-12-04,17.0,77.72,9.29,Concluído
7496,1876,86,Oratória,2024-11-17,,15.36,86.95,,Em Andamento
7497,1876,53,Segurança da Informação,2024-11-15,,2.49,3.19,,Cancelado
7498,1876,84,DevOps e CI/CD,2024-11-22,2024-12-22,19.4,74.43,8.38,Concluído
7499,1876,58,Gestão de Tempo,2024-11-22,2024-12-20,5.94,71.44,8.96,Concluído
7500,1877,49,Gestão de Projetos,2023-01-09,2024-09-28,4.0,89.93,6.83,Concluído
7501,1878,31,Python Avançado,2024-01-09,2024-06-06,27.44,61.42,8.45,Concluído
7502,1878,4,Product Management,2024-01-01,2024-06-12,5.47,64.68,8.26,Concluído
7503,1878,69,Liderança e Gestão de Pessoas,2024-11-19,2024-11-29,6.36,97.61,8.98,Concluído
7504,1878,90,Data Analytics,2024-10-16,2024-12-08,9.4,61.28,9.81,Concluído
7505,1879,75,Power BI,2024-01-02,2024-01-30,38.88,88.39,7.19,Concluído
7506,1879,68,Design Thinking,2023-02-18,2023-10-01,13.9,75.55,9.77,Concluído
7507,1879,18,Segurança da Informação,2023-04-26,2023-08-17,16.74,86.52,6.52,Concluído
7508,1879,50,Machine Learning,2023-03-18,2024-11-21,9.46,97.51,6.24,Concluído
7509,1879,32,Product Management,2024-11-29,,2.07,24.73,,Cancelado
7510,1879,13,Agile/Scrum,2023-03-09,,9.09,83.72,,Em Andamento
7511,1879,11,Machine Learning,2024-12-08,2024-12-22,18.96,82.31,8.0,Concluído
7512,1879,5,Comunicação Eficaz,2023-12-24,2024-05-17,20.79,94.82,8.87,Concluído
7513,1880,71,Product Management,2023-11-22,,8.45,37.54,,Em Andamento
7514,1880,81,Product Management,2023-10-01,2024-12-23,12.58,79.9,7.8,Concluído
7515,1881,93,Data Analytics,2024-09-14,,11.86,48.78,,Em Andamento
7516,1882,46,Segurança da Informação,2023-11-10,,19.65,52.66,,Em Andamento
7517,1882,76,Gestão de Tempo,2024-05-17,2024-11-02,24.01,74.08,6.67,Concluído
7518,1882,77,Python Avançado,2023-05-18,2023-12-04,26.36,62.76,8.27,Concluído
7519,1882,30,Cloud Computing AWS,2024-10-31,,14.74,45.09,,Em Andamento
7520,1882,28,Comunicação Eficaz,2023-01-31,2024-02-17,27.76,66.55,8.02,Concluído
7521,1882,15,Oratória,2023-02-11,2023-07-30,17.69,95.8,7.83,Concluído
7522,1884,32,Segurança da Informação,2022-11-22,2023-05-19,32.34,71.75,9.96,Concluído
7523,1884,62,Customer Success,2024-09-09,,19.82,46.4,,Em Andamento
7524,1884,44,Negociação,2023-10-30,2024-06-11,18.18,61.8,8.3,Concluído
7525,1884,71,Segurança da Informação,2023-11-25,,17.99,27.84,,Em Andamento
7526,1884,52,Oratória,2023-06-26,2024-07-15,11.48,71.39,6.64,Concluído
7527,1884,94,Comunicação Eficaz,2022-12-26,2023-06-13,20.38,68.89,6.68,Concluído
7528,1884,9,Data Analytics,2024-09-25,2024-09-26,13.92,73.38,6.02,Concluído
7529,1884,3,Cloud Computing AWS,2024-04-14,2024-11-13,38.49,67.58,9.85,Concluído
7530,1885,57,Gestão de Tempo,2023-10-07,2023-11-02,27.36,74.08,6.94,Concluído
7531,1885,95,Liderança e Gestão de Pessoas,2023-05-11,2023-12-02,10.07,85.22,7.68,Concluído
7532,1885,65,Agile/Scrum,2023-05-23,2024-01-06,9.05,69.4,8.3,Concluído
7533,1885,45,Comunicação Eficaz,2024-09-12,2024-10-02,23.6,82.5,6.24,Concluído
7534,1886,91,Agile/Scrum,2023-06-17,2023-10-24,9.07,80.36,9.27,Concluído
7535,1886,77,Negociação,2023-02-02,2023-03-10,16.72,98.49,6.13,Concluído
7536,1886,7,Python Avançado,2024-11-14,2024-12-06,21.58,71.87,7.87,Concluído
7537,1886,59,Design Thinking,2022-12-08,2023-03-03,25.14,64.66,9.09,Concluído
7538,1888,64,Machine Learning,2024-09-24,2024-10-24,9.51,73.35,8.06,Concluído
7539,1888,5,DevOps e CI/CD,2024-11-11,2024-12-06,20.71,94.64,7.92,Concluído
7540,1888,64,Product Management,2024-03-22,2024-08-09,20.82,71.94,9.95,Concluído
7541,1888,49,Comunicação Eficaz,2024-01-07,2024-06-08,19.18,61.96,7.15,Concluído
7542,1888,91,Python Avançado,2024-09-30,2024-12-21,39.64,90.05,9.98,Concluído
7543,1888,56,JavaScript Moderno,2024-02-22,2024-06-23,35.9,79.75,8.93,Concluído
7544,1888,40,Segurança da Informação,2024-03-27,2024-06-06,30.26,62.64,8.34,Concluído
7545,1888,96,Product Management,2024-01-29,2024-03-25,12.74,65.41,9.76,Concluído
7546,1889,53,Python Avançado,2024-08-29,,15.26,66.7,,Em Andamento
7547,1889,87,Design Thinking,2023-12-14,2024-03-16,9.96,75.44,7.57,Concluído
7548,1889,64,Data Analytics,2023-10-09,2024-08-31,23.17,72.28,7.39,Concluído
7549,1889,29,Comunicação Eficaz,2024-01-09,2024-08-25,30.83,70.36,8.77,Concluído
7550,1889,92,Excel Avançado,2024-04-04,,11.24,86.8,,Em Andamento
7551,1890,46,Machine Learning,2022-03-23,,15.25,46.04,,Em Andamento
7552,1890,85,Power BI,2022-08-13,2023-11-22,31.61,83.99,6.17,Concluído
7553,1890,66,Comunicação Eficaz,2022-09-09,2024-05-19,32.22,66.53,8.07,Concluído
7554,1890,13,Agile/Scrum,2022-02-18,2022-05-13,22.53,85.2,7.21,Concluído
7555,1890,69,Design Thinking,2023-05-09,,3.96,34.18,,Cancelado
7556,1890,47,Agile/Scrum,2022-06-23,2024-01-25,17.58,70.83,7.66,Concluído
7557,1890,34,Data Analytics,2023-06-12,2024-05-03,7.44,78.79,9.9,Concluído
7558,1890,65,Power BI,2023-05-20,2024-02-24,11.48,90.84,6.28,Concluído
7559,1891,95,Design Thinking,2024-11-10,2024-12-31,37.55,81.35,7.12,Concluído
7560,1891,8,Comunicação Eficaz,2022-08-12,2024-04-04,10.02,80.07,7.05,Concluído
7561,1892,29,JavaScript Moderno,2023-04-11,2023-10-02,22.67,72.33,8.1,Concluído
7562,1892,31,Gestão de Tempo,2024-01-16,2024-08-03,16.61,65.4,9.39,Concluído
7563,1893,57,Oratória,2024-01-01,2024-01-22,29.86,64.68,8.9,Concluído
7564,1894,39,Liderança e Gestão de Pessoas,2024-09-20,2024-11-07,18.15,74.09,8.31,Concluído
7565,1894,16,Agile/Scrum,2024-08-15,2024-10-04,10.4,66.32,7.18,Concluído
7566,1894,42,Data Analytics,2024-08-21,2024-12-12,19.72,72.68,7.28,Concluído
7567,1894,95,Agile/Scrum,2024-07-29,2024-10-04,37.62,76.04,9.71,Concluído
7568,1894,38,Liderança e Gestão de Pessoas,2024-11-01,2024-12-23,19.22,95.75,6.41,Concluído
7569,1894,34,Power BI,2024-04-19,2024-05-03,17.49,80.95,9.08,Concluído
7570,1894,88,Segurança da Informação,2024-12-14,2024-12-25,33.94,89.83,7.15,Concluído
7571,1894,3,JavaScript Moderno,2024-05-01,2024-09-21,21.57,68.44,9.67,Concluído
7572,1895,40,Gestão de Projetos,2023-07-30,2024-02-12,10.91,67.16,7.31,Concluído
7573,1895,77,Comunicação Eficaz,2023-12-28,2024-06-20,28.49,96.62,8.64,Concluído
7574,1895,1,Segurança da Informação,2023-10-23,2023-12-21,39.52,90.4,6.53,Concluído
7575,1895,36,Liderança e Gestão de Pessoas,2022-11-16,2024-09-16,30.72,75.44,6.67,Concluído
7576,1895,53,Product Management,2024-04-10,2024-05-20,21.06,88.71,7.58,Concluído
7577,1896,13,Gestão de Projetos,2024-07-11,,5.46,5.98,,Cancelado
7578,1896,87,DevOps e CI/CD,2024-06-20,2024-08-31,30.38,76.6,6.68,Concluído
7579,1896,1,Excel Avançado,2024-08-15,2024-12-04,35.63,98.71,6.16,Concluído
7580,1897,87,Liderança e Gestão de Pessoas,2024-09-29,2024-12-11,10.76,87.14,6.77,Concluído
7581,1897,44,DevOps e CI/CD,2024-04-30,2024-12-15,8.8,96.87,6.13,Concluído
7582,1897,61,Customer Success,2024-10-15,,17.21,17.91,,Em Andamento
7583,1897,64,Python Avançado,2023-05-18,2024-12-12,26.64,68.33,7.09,Concluído
7584,1898,2,Excel Avançado,2024-11-07,,3.57,18.63,,Cancelado
7585,1898,90,Comunicação Eficaz,2024-11-09,2024-12-18,16.63,64.5,6.55,Concluído
7586,1898,65,Python Avançado,2024-10-08,,14.65,72.37,,Em Andamento
7587,1898,19,Oratória,2024-11-09,,1.25,10.12,,Cancelado
7588,1898,79,Liderança e Gestão de Pessoas,2024-12-30,2024-12-31,29.51,88.92,8.07,Concluído
7589,1898,69,Liderança e Gestão de Pessoas,2024-09-13,,17.6,45.15,,Em Andamento
7590,1898,84,DevOps e CI/CD,2024-10-18,2024-11-13,31.52,70.85,6.78,Concluído
7591,1899,90,Excel Avançado,2024-12-28,2024-12-29,29.21,78.51,9.1,Concluído
7592,1899,43,Cloud Computing AWS,2024-12-28,2024-12-31,35.43,82.08,6.93,Concluído
7593,1899,36,Gestão de Projetos,2024-12-26,2024-12-29,33.34,73.62,6.74,Concluído
7594,1899,36,Cloud Computing AWS,2024-12-30,2024-12-31,9.77,64.68,8.18,Concluído
7595,1899,65,Segurança da Informação,2024-12-30,2024-12-31,15.31,99.67,6.0,Concluído
7596,1900,25,Gestão de Projetos,2022-12-19,2024-06-19,14.93,71.3,8.72,Concluído
7597,1900,26,Oratória,2024-02-28,2024-10-31,20.66,66.32,9.46,Concluído
7598,1900,22,Power BI,2024-04-26,2024-10-31,24.37,85.31,9.46,Concluído
7599,1900,29,Power BI,2022-12-21,2023-11-08,7.09,82.03,6.25,Concluído
7600,1900,23,Machine Learning,2024-12-25,2024-12-26,19.85,62.44,6.14,Concluído
7601,1900,51,Comunicação Eficaz,2024-06-23,2024-11-15,35.41,63.87,8.83,Concluído
7602,1900,66,Power BI,2024-09-28,2024-11-03,9.1,80.09,6.34,Concluído
7603,1900,87,Agile/Scrum,2024-11-10,,18.89,69.89,,Em Andamento
7604,1901,71,Vendas Consultivas,2022-07-09,,2.24,14.32,,Cancelado
7605,1901,27,JavaScript Moderno,2024-12-20,2024-12-24,29.13,89.56,6.29,Concluído
7606,1901,4,Negociação,2024-10-20,2024-12-10,6.87,64.39,8.43,Concluído
7607,1901,28,JavaScript Moderno,2024-10-06,2024-10-17,25.93,83.7,8.43,Concluído
7608,1901,45,Machine Learning,2023-02-08,2023-12-13,24.97,83.8,7.42,Concluído
7609,1901,39,Design Thinking,2022-04-02,2023-06-17,27.43,92.65,6.59,Concluído
7610,1901,12,JavaScript Moderno,2022-05-11,2023-07-07,32.81,60.32,6.83,Concluído
7611,1901,34,Agile/Scrum,2023-02-08,,3.85,37.43,,Cancelado
7612,1902,16,Comunicação Eficaz,2023-03-06,2024-10-02,21.81,62.86,7.5,Concluído
7613,1902,16,JavaScript Moderno,2024-01-27,2024-10-27,24.56,70.51,9.12,Concluído
7614,1902,48,Product Management,2024-03-03,,5.69,29.8,,Cancelado
7615,1902,11,Python Avançado,2024-04-10,2024-11-23,32.96,68.75,6.19,Concluído
7616,1902,55,Design Thinking,2022-11-21,2024-12-23,36.24,61.39,9.76,Concluído
7617,1902,39,Cloud Computing AWS,2024-11-21,,5.07,51.64,,Em Andamento
7618,1902,37,Agile/Scrum,2023-04-05,2023-09-08,29.06,66.73,9.55,Concluído
7619,1902,81,Cloud Computing AWS,2023-06-15,2023-07-22,29.0,85.45,8.34,Concluído
7620,1904,17,Cloud Computing AWS,2024-11-09,2024-12-28,32.93,68.03,6.41,Concluído
7621,1905,93,Segurança da Informação,2023-09-11,,6.03,72.39,,Em Andamento
7622,1905,55,JavaScript Moderno,2023-05-15,2023-11-23,25.1,60.72,7.93,Concluído
7623,1905,18,JavaScript Moderno,2024-09-16,2024-11-17,31.89,95.19,8.53,Concluído
7624,1906,61,Segurança da Informação,2024-06-24,2024-10-11,14.63,84.91,6.63,Concluído
7625,1906,16,Customer Success,2023-04-23,2024-10-16,21.28,81.21,8.03,Concluído
7626,1907,7,Power BI,2024-06-16,2024-08-06,28.29,84.08,7.05,Concluído
7627,1907,47,Data Analytics,2023-09-11,2023-10-06,14.61,71.58,7.07,Concluído
7628,1907,62,DevOps e CI/CD,2024-04-19,2024-08-21,15.24,75.59,9.85,Concluído
7629,1907,38,Excel Avançado,2023-09-17,,3.12,56.07,,Em Andamento
7630,1908,74,Product Management,2024-01-24,2024-02-05,29.45,73.38,7.9,Concluído
7631,1908,12,Agile/Scrum,2024-10-19,2024-12-13,9.57,79.0,8.73,Concluído
7632,1908,56,Power BI,2024-07-03,2024-07-11,16.51,70.32,6.01,Concluído
7633,1908,3,Design Thinking,2024-11-16,2024-12-25,39.91,66.89,7.78,Concluído
7634,1908,35,Segurança da Informação,2024-05-10,2024-11-25,34.22,86.77,9.16,Concluído
7635,1909,30,Cloud Computing AWS,2024-10-24,2024-12-12,31.96,65.06,8.22,Concluído
7636,1909,74,Power BI,2024-01-02,2024-04-13,17.73,80.53,9.15,Concluído
7637,1909,7,Oratória,2023-04-21,2024-05-05,10.97,79.25,9.28,Concluído
7638,1909,28,Oratória,2022-08-02,,10.52,61.19,,Em Andamento
7639,1909,86,Vendas Consultivas,2023-03-10,2024-07-09,14.21,84.89,9.63,Concluído
7640,1909,48,Excel Avançado,2023-07-30,2024-08-05,34.95,61.06,9.1,Concluído
7641,1909,48,JavaScript Moderno,2024-09-04,2024-11-14,28.65,62.48,6.01,Concluído
7642,1909,72,DevOps e CI/CD,2023-05-08,2024-01-07,13.91,96.66,8.14,Concluído
7643,1910,41,JavaScript Moderno,2024-11-04,2024-11-28,21.0,91.78,7.22,Concluído
7644,1910,71,Gestão de Projetos,2024-10-29,,18.65,69.48,,Em Andamento
7645,1910,52,Machine Learning,2024-08-18,2024-09-01,22.18,61.59,9.6,Concluído
7646,1910,89,Segurança da Informação,2024-09-25,,14.75,54.39,,Em Andamento
7647,1910,7,Power BI,2024-09-12,2024-09-13,23.98,94.15,7.32,Concluído
7648,1910,89,Vendas Consultivas,2024-11-20,2024-11-23,30.42,80.24,9.13,Concluído
7649,1910,35,Excel Avançado,2024-10-25,2024-11-20,26.29,70.59,9.99,Concluído
7650,1910,38,Machine Learning,2024-12-13,2024-12-27,22.56,77.0,8.04,Concluído
7651,1911,35,Negociação,2024-04-01,2024-05-31,14.66,77.69,8.74,Concluído
7652,1911,81,Machine Learning,2024-03-22,2024-07-02,39.51,70.63,8.36,Concluído
7653,1911,20,Excel Avançado,2024-12-31,2025-01-01,38.37,76.34,6.81,Concluído
7654,1911,62,Gestão de Tempo,2024-07-31,2024-11-20,15.67,89.34,6.79,Concluído
7655,1911,6,Gestão de Tempo,2024-04-12,2024-10-05,10.26,83.0,7.47,Concluído
7656,1912,10,Python Avançado,2024-11-08,2024-12-25,30.89,67.99,7.6,Concluído
7657,1912,84,Data Analytics,2024-11-29,2024-12-16,15.06,85.02,8.69,Concluído
7658,1912,9,Comunicação Eficaz,2024-11-26,,3.29,58.97,,Em Andamento
7659,1912,81,DevOps e CI/CD,2024-11-06,2024-12-24,39.07,73.97,7.93,Concluído
7660,1914,37,Power BI,2024-07-17,2024-10-24,30.91,95.51,8.35,Concluído
7661,1915,89,Excel Avançado,2024-12-12,2024-12-22,5.86,77.9,6.12,Concluído
7662,1915,30,DevOps e CI/CD,2024-12-23,,4.5,2.89,,Em Andamento
7663,1915,78,Vendas Consultivas,2024-12-30,2024-12-31,13.53,72.58,9.11,Concluído
7664,1915,93,Excel Avançado,2024-12-04,2024-12-22,15.04,63.82,8.53,Concluído
7665,1915,28,Oratória,2024-12-18,,4.78,2.63,,Em Andamento
7666,1917,38,Comunicação Eficaz,2024-01-01,2024-09-12,23.74,77.66,9.52,Concluído
7667,1917,76,Segurança da Informação,2024-01-06,2024-10-22,36.62,88.88,6.96,Concluído
7668,1917,78,Oratória,2024-01-09,2024-02-18,20.5,85.0,9.49,Concluído
7669,1917,90,Oratória,2023-04-02,2024-09-15,31.26,60.22,6.94,Concluído
7670,1917,57,Comunicação Eficaz,2023-02-10,2024-05-23,26.48,89.95,9.8,Concluído
7671,1919,75,DevOps e CI/CD,2024-04-21,2024-10-28,16.82,82.22,7.99,Concluído
7672,1919,50,Power BI,2024-02-26,,10.86,25.43,,Em Andamento
7673,1919,16,JavaScript Moderno,2024-09-05,2024-09-18,39.27,96.58,9.36,Concluído
7674,1919,54,Machine Learning,2024-03-23,2024-12-29,9.39,72.06,6.97,Concluído
7675,1919,32,Segurança da Informação,2024-09-21,2024-11-03,22.85,85.1,6.84,Concluído
7676,1919,23,Negociação,2024-11-13,2024-12-03,31.92,87.77,8.33,Concluído
7677,1919,49,Power BI,2024-11-09,2024-12-21,26.94,66.31,8.99,Concluído
7678,1919,85,Comunicação Eficaz,2024-12-21,2024-12-29,19.28,69.98,6.41,Concluído
7679,1920,73,Gestão de Tempo,2024-07-08,2024-08-11,14.87,67.23,8.49,Concluído
7680,1920,10,Comunicação Eficaz,2024-02-02,2024-09-26,28.93,96.17,9.05,Concluído
7681,1921,10,JavaScript Moderno,2024-08-14,,8.25,44.13,,Em Andamento
7682,1921,37,Vendas Consultivas,2024-11-10,2024-11-22,23.74,74.72,9.17,Concluído
7683,1921,34,Gestão de Projetos,2024-09-15,2024-12-03,21.82,71.23,8.46,Concluído
7684,1921,31,Python Avançado,2024-12-26,2024-12-31,18.9,76.17,6.23,Concluído
7685,1921,20,Negociação,2024-06-26,2024-09-28,4.64,93.22,7.46,Concluído
7686,1922,71,Customer Success,2024-02-26,2024-11-03,6.02,76.33,8.42,Concluído
7687,1922,92,Negociação,2024-02-02,2024-10-29,29.29,82.92,9.7,Concluído
7688,1922,42,Gestão de Tempo,2024-05-04,2024-11-12,24.67,78.94,7.6,Concluído
7689,1922,39,Liderança e Gestão de Pessoas,2024-09-06,2024-12-17,39.1,92.23,7.6,Concluído
7690,1922,39,Machine Learning,2024-06-25,2024-08-24,8.1,60.3,8.45,Concluído
7691,1922,8,DevOps e CI/CD,2023-12-29,,4.62,4.2,,Cancelado
7692,1923,47,Gestão de Projetos,2024-08-19,,15.2,19.32,,Em Andamento
7693,1923,10,Negociação,2024-10-28,2024-11-22,17.85,95.44,9.55,Concluído
7694,1923,32,Gestão de Tempo,2024-09-23,2024-12-15,35.95,94.07,6.21,Concluído
7695,1923,52,Machine Learning,2024-08-20,2024-10-25,5.21,64.58,6.33,Concluído
7696,1923,8,Agile/Scrum,2024-12-22,2024-12-28,31.84,62.48,6.57,Concluído
7697,1924,23,Segurança da Informação,2024-05-28,2024-11-25,13.75,87.76,6.5,Concluído
7698,1924,70,Agile/Scrum,2024-09-11,,7.28,81.89,,Em Andamento
7699,1924,6,Customer Success,2022-12-24,2024-12-09,33.56,73.0,8.28,Concluído
7700,1924,11,Design Thinking,2023-11-30,2024-07-26,21.26,98.11,7.76,Concluído
7701,1924,41,Python Avançado,2024-02-26,2024-07-05,10.5,99.94,9.51,Concluído
7702,1925,74,Cloud Computing AWS,2024-06-16,2024-06-19,9.84,64.53,7.6,Concluído
7703,1926,14,Python Avançado,2024-12-27,,6.18,67.78,,Em Andamento
7704,1926,6,Vendas Consultivas,2024-12-30,2024-12-31,10.66,60.9,7.15,Concluído
7705,1926,32,Gestão de Tempo,2024-12-22,2024-12-25,6.11,88.86,8.59,Concluído
7706,1926,57,Comunicação Eficaz,2024-12-28,2024-12-31,28.74,72.71,9.97,Concluído
7707,1927,91,Customer Success,2024-10-29,2024-12-24,26.57,97.08,9.48,Concluído
7708,1927,96,Customer Success,2024-11-02,2024-12-23,27.79,67.02,7.29,Concluído
7709,1927,25,Agile/Scrum,2024-12-29,2024-12-31,30.65,77.6,8.33,Concluído
7710,1927,36,Product Management,2024-11-16,2024-12-28,4.13,61.33,9.57,Concluído
7711,1927,71,Data Analytics,2024-11-30,2024-12-14,15.89,71.44,9.41,Concluído
7712,1927,6,DevOps e CI/CD,2024-12-27,,3.85,24.68,,Cancelado
7713,1927,36,Gestão de Tempo,2024-09-26,,19.7,50.61,,Em Andamento
7714,1928,41,Agile/Scrum,2023-01-23,2024-09-21,31.12,76.73,9.43,Concluído
7715,1928,6,DevOps e CI/CD,2023-05-04,,4.57,9.57,,Cancelado
7716,1928,51,Oratória,2022-05-27,2023-01-02,15.95,64.08,7.87,Concluído
7717,1928,98,Segurança da Informação,2023-07-21,2023-11-26,20.63,88.46,8.96,Concluído
7718,1928,41,Vendas Consultivas,2024-05-31,2024-06-06,38.73,75.79,8.79,Concluído
7719,1928,86,Agile/Scrum,2022-06-19,2022-12-16,37.7,62.12,9.04,Concluído
7720,1928,38,Segurança da Informação,2024-06-22,2024-11-24,14.96,67.13,7.6,Concluído
7721,1928,98,Oratória,2023-12-24,2024-11-19,21.27,67.39,6.02,Concluído
7722,1929,77,Gestão de Tempo,2024-09-26,2024-11-15,35.35,82.87,6.65,Concluído
7723,1930,18,Design Thinking,2023-03-16,2024-05-09,31.61,75.73,7.12,Concluído
7724,1930,91,Python Avançado,2024-10-02,2024-12-06,30.2,86.3,8.1,Concluído
7725,1930,11,Oratória,2022-09-06,2023-09-01,33.98,85.62,9.56,Concluído
7726,1930,7,Data Analytics,2023-04-29,2024-08-29,25.11,79.81,6.69,Concluído
7727,1930,10,Excel Avançado,2023-07-15,2024-05-26,38.66,75.92,6.25,Concluído
7728,1931,78,Machine Learning,2024-07-19,2024-10-19,19.27,92.53,7.65,Concluído
7729,1931,51,Liderança e Gestão de Pessoas,2023-11-05,2024-02-10,27.09,60.55,9.11,Concluído
7730,1931,34,Customer Success,2022-12-14,2022-12-26,22.16,68.83,9.88,Concluído
7731,1931,55,Agile/Scrum,2024-12-04,2024-12-16,35.27,83.45,9.01,Concluído
7732,1931,71,Python Avançado,2024-06-10,2024-06-26,19.33,77.57,7.06,Concluído
7733,1932,62,Gestão de Projetos,2024-10-15,2024-11-27,12.87,76.43,8.66,Concluído
7734,1932,10,Gestão de Tempo,2024-06-07,2024-06-10,36.17,63.28,8.72,Concluído
7735,1933,58,Data Analytics,2024-09-04,2024-12-27,22.63,66.4,6.47,Concluído
7736,1935,26,Power BI,2024-08-20,,2.0,25.49,,Cancelado
7737,1935,40,Vendas Consultivas,2024-11-17,,5.06,37.7,,Cancelado
7738,1935,92,Liderança e Gestão de Pessoas,2023-02-27,2024-12-30,36.77,63.43,7.83,Concluído
7739,1935,90,Vendas Consultivas,2024-03-01,2024-09-08,9.5,77.37,9.2,Concluído
7740,1935,36,Customer Success,2022-02-04,,2.74,66.42,,Em Andamento
7741,1935,11,Comunicação Eficaz,2022-08-13,2023-04-03,35.41,78.47,8.51,Concluído
7742,1935,27,Excel Avançado,2022-05-18,2022-09-19,33.7,84.79,9.1,Concluído
7743,1935,34,Cloud Computing AWS,2022-07-18,2023-05-23,14.31,82.22,6.17,Concluído
7744,1936,44,Negociação,2022-08-06,2024-01-10,25.87,96.46,8.39,Concluído
7745,1937,71,DevOps e CI/CD,2024-11-08,,12.11,8.62,,Em Andamento
7746,1937,50,Negociação,2024-09-11,2024-11-03,4.4,88.38,8.35,Concluído
7747,1938,45,Customer Success,2024-12-29,,7.97,11.92,,Cancelado
7748,1938,57,Negociação,2024-12-21,2024-12-31,28.51,69.51,9.17,Concluído
7749,1939,23,Segurança da Informação,2023-10-11,2024-10-27,12.38,66.42,7.5,Concluído
7750,1939,74,DevOps e CI/CD,2024-11-06,2024-11-20,13.09,90.79,8.79,Concluído
7751,1939,86,DevOps e CI/CD,2024-08-16,,2.77,31.04,,Em Andamento
7752,1939,46,Negociação,2024-10-17,2024-12-31,14.84,85.89,8.52,Concluído
7753,1939,52,Power BI,2023-09-16,2024-12-21,38.42,60.21,9.16,Concluído
7754,1939,40,Product Management,2024-11-03,,2.11,74.52,,Em Andamento
7755,1939,68,Python Avançado,2024-02-07,2024-09-26,33.34,69.79,9.99,Concluído
7756,1940,57,Excel Avançado,2024-12-12,2024-12-15,34.11,68.65,6.42,Concluído
7757,1940,24,Oratória,2024-12-31,,8.34,49.62,,Em Andamento
7758,1940,17,Agile/Scrum,2024-11-10,,4.87,7.35,,Em Andamento
7759,1940,4,Product Management,2024-11-17,2024-12-27,22.02,87.25,9.35,Concluído
7760,1940,83,JavaScript Moderno,2024-12-30,2024-12-31,28.27,84.61,7.18,Concluído
7761,1940,65,Oratória,2024-12-28,2024-12-29,37.69,72.69,7.22,Concluído
7762,1940,27,Liderança e Gestão de Pessoas,2024-12-05,2024-12-06,17.01,85.59,6.56,Concluído
7763,1941,28,Customer Success,2024-05-07,2024-06-28,24.39,61.25,8.05,Concluído
7764,1942,98,Excel Avançado,2024-11-09,2024-11-29,10.86,96.69,9.39,Concluído
7765,1942,35,Design Thinking,2024-12-28,2024-12-30,15.6,60.53,8.86,Concluído
7766,1942,8,Comunicação Eficaz,2024-10-15,2024-12-17,26.94,91.42,7.58,Concluído
7767,1942,47,DevOps e CI/CD,2024-11-06,2024-11-22,33.9,75.51,6.85,Concluído
7768,1942,13,Design Thinking,2024-10-30,,5.27,12.68,,Em Andamento
7769,1942,35,Data Analytics,2024-11-05,2024-11-21,14.89,92.44,6.62,Concluído
7770,1942,5,Oratória,2024-11-04,2024-11-27,28.86,61.64,7.85,Concluído
7771,1943,11,Agile/Scrum,2023-10-25,,9.74,52.03,,Em Andamento
7772,1943,66,Segurança da Informação,2024-12-09,,3.8,39.49,,Em Andamento
7773,1943,36,DevOps e CI/CD,2024-10-08,,9.59,28.15,,Cancelado
7774,1943,33,Oratória,2024-04-18,2024-11-23,7.37,64.71,9.25,Concluído
7775,1943,2,Segurança da Informação,2024-03-11,2024-04-19,17.13,85.7,9.19,Concluído
7776,1943,51,Agile/Scrum,2024-11-21,,15.67,9.79,,Em Andamento
7777,1943,19,Customer Success,2024-05-21,2024-06-26,16.63,78.31,7.79,Concluído
7778,1944,43,Cloud Computing AWS,2024-09-12,2024-10-26,32.38,95.45,8.01,Concluído
7779,1944,67,Python Avançado,2023-08-19,2024-01-03,9.9,71.13,7.13,Concluído
7780,1944,38,Negociação,2024-08-18,2024-10-12,38.35,99.26,7.12,Concluído
7781,1944,100,Comunicação Eficaz,2024-09-04,2024-11-20,29.87,67.95,6.03,Concluído
7782,1944,3,Product Management,2023-12-09,2024-01-10,18.47,89.42,7.46,Concluído
7783,1944,24,Comunicação Eficaz,2023-09-21,2024-05-06,20.27,88.97,9.05,Concluído
7784,1944,72,Segurança da Informação,2024-09-07,2024-09-21,8.21,81.52,7.54,Concluído
7785,1944,48,Python Avançado,2023-11-09,2024-12-23,24.3,77.73,6.46,Concluído
7786,1945,21,DevOps e CI/CD,2023-10-17,2023-10-28,9.63,63.49,7.8,Concluído
7787,1945,37,Liderança e Gestão de Pessoas,2024-02-17,,6.13,61.81,,Em Andamento
7788,1945,31,Python Avançado,2023-02-21,2023-02-26,24.38,88.94,9.88,Concluído
7789,1945,98,Vendas Consultivas,2024-03-21,2024-06-27,31.78,63.99,7.56,Concluído
7790,1945,53,Liderança e Gestão de Pessoas,2024-05-09,2024-12-06,33.2,71.53,7.71,Concluído
7791,1946,19,Agile/Scrum,2024-09-12,2024-12-19,29.28,93.36,9.69,Concluído
7792,1946,61,Design Thinking,2024-08-27,,14.48,21.88,,Em Andamento
7793,1946,61,Liderança e Gestão de Pessoas,2024-07-05,2024-08-04,7.83,72.63,7.63,Concluído
7794,1946,51,Machine Learning,2024-10-18,2024-11-10,19.09,99.94,8.23,Concluído
7795,1946,53,Python Avançado,2023-05-08,2024-10-05,30.3,68.26,9.53,Concluído
7796,1946,24,Machine Learning,2023-07-08,,14.34,72.74,,Em Andamento
7797,1946,85,Gestão de Tempo,2023-10-12,,17.94,1.43,,Em Andamento
7798,1947,21,Vendas Consultivas,2024-02-19,2024-11-30,30.44,64.02,8.43,Concluído
7799,1948,20,Design Thinking,2024-06-13,,16.11,47.2,,Em Andamento
7800,1949,83,Python Avançado,2023-11-05,,15.17,0.37,,Em Andamento
7801,1949,55,Product Management,2024-08-09,2024-11-24,16.61,67.46,6.36,Concluído
7802,1949,86,DevOps e CI/CD,2024-08-11,2024-11-15,15.56,60.57,7.59,Concluído
7803,1950,90,Segurança da Informação,2023-07-27,2024-07-15,16.23,62.1,9.37,Concluído
7804,1950,79,Segurança da Informação,2022-11-13,2024-03-17,27.01,69.69,7.22,Concluído
7805,1950,92,JavaScript Moderno,2024-01-28,2024-10-01,33.58,71.98,6.32,Concluído
7806,1950,66,DevOps e CI/CD,2022-12-08,2024-09-25,7.83,88.28,9.63,Concluído
7807,1950,44,Cloud Computing AWS,2024-05-01,2024-12-10,10.15,72.41,8.19,Concluído
7808,1950,57,Oratória,2022-10-29,2024-09-18,38.33,67.21,9.47,Concluído
7809,1951,58,Python Avançado,2022-11-07,,3.36,10.97,,Em Andamento
7810,1951,29,DevOps e CI/CD,2023-12-28,2024-04-28,23.69,74.4,9.1,Concluído
7811,1951,80,Design Thinking,2023-03-13,2023-08-03,16.67,63.18,6.89,Concluído
7812,1951,60,Excel Avançado,2023-06-09,2024-10-07,22.14,98.94,9.22,Concluído
7813,1951,72,Negociação,2023-07-09,2024-07-15,14.78,80.05,6.99,Concluído
7814,1951,82,Customer Success,2023-02-21,2024-03-16,23.04,78.49,7.0,Concluído
7815,1951,60,Excel Avançado,2024-01-24,,6.33,84.37,,Em Andamento
7816,1952,19,Data Analytics,2023-03-24,2024-03-09,27.53,71.01,8.91,Concluído
7817,1952,23,Power BI,2022-08-03,2022-09-15,24.9,62.6,8.13,Concluído
7818,1952,79,JavaScript Moderno,2024-03-14,2024-11-21,34.74,80.07,6.53,Concluído
7819,1952,93,DevOps e CI/CD,2023-03-11,2024-01-08,18.71,75.54,8.28,Concluído
7820,1953,55,Segurança da Informação,2024-02-15,2024-03-05,22.16,89.3,6.33,Concluído
7821,1954,4,JavaScript Moderno,2022-09-01,2024-09-09,33.43,76.09,6.85,Concluído
7822,1954,94,Product Management,2023-08-25,2024-02-16,36.86,71.24,8.41,Concluído
7823,1955,75,Comunicação Eficaz,2024-06-25,2024-12-06,30.32,89.02,9.96,Concluído
7824,1955,81,Oratória,2024-04-27,2024-06-30,32.48,95.35,6.14,Concluído
7825,1955,3,Oratória,2024-05-28,2024-11-06,15.27,65.99,8.19,Concluído
7826,1955,45,Segurança da Informação,2024-09-08,2024-11-25,27.63,61.9,8.01,Concluído
7827,1955,69,Python Avançado,2024-06-22,2024-11-06,18.43,78.09,7.75,Concluído
7828,1956,61,Design Thinking,2024-11-02,2024-11-10,6.81,93.84,7.51,Concluído
7829,1957,48,Customer Success,2022-11-21,,13.78,87.27,,Em Andamento
7830,1957,60,Segurança da Informação,2023-09-18,2024-11-01,37.05,96.72,7.06,Concluído
7831,1957,81,Comunicação Eficaz,2022-03-17,2022-06-11,17.78,71.45,7.73,Concluído
7832,1957,8,Gestão de Tempo,2024-03-07,2024-07-04,12.19,99.42,7.63,Concluído
7833,1957,52,Power BI,2024-08-12,2024-11-20,20.22,73.89,7.03,Concluído
7834,1957,43,Gestão de Tempo,2022-04-19,,17.49,5.07,,Em Andamento
7835,1957,60,Data Analytics,2023-07-04,2023-07-16,19.2,92.94,8.77,Concluído
7836,1958,11,Design Thinking,2024-08-28,2024-10-25,14.48,74.57,9.84,Concluído
7837,1958,67,Excel Avançado,2023-03-21,2024-10-30,21.21,95.88,8.39,Concluído
7838,1958,65,Data Analytics,2024-07-06,2024-11-05,22.11,98.83,8.73,Concluído
7839,1958,4,Comunicação Eficaz,2024-07-25,2024-11-17,19.75,93.8,7.8,Concluído
7840,1958,49,Vendas Consultivas,2023-08-16,,14.09,41.76,,Em Andamento
7841,1958,84,Gestão de Tempo,2024-04-06,2024-09-19,36.8,92.68,6.93,Concluído
7842,1959,3,Liderança e Gestão de Pessoas,2024-08-16,2024-08-30,14.99,85.57,6.78,Concluído
7843,1960,72,Python Avançado,2024-11-24,2024-11-30,35.5,64.4,8.06,Concluído
7844,1960,48,Product Management,2024-11-14,,5.36,17.94,,Em Andamento
7845,1960,89,Excel Avançado,2024-06-23,2024-12-18,38.22,86.83,9.36,Concluído
7846,1960,63,Excel Avançado,2024-06-19,2024-07-30,33.47,80.48,7.2,Concluído
7847,1960,20,Customer Success,2024-04-12,2024-09-08,9.96,77.6,8.07,Concluído
7848,1960,59,DevOps e CI/CD,2024-12-19,2024-12-24,32.29,76.73,6.63,Concluído
7849,1960,72,JavaScript Moderno,2024-04-02,2024-08-30,7.32,67.48,6.12,Concluído
7850,1960,75,DevOps e CI/CD,2024-06-09,2024-10-29,7.33,97.27,9.4,Concluído
7851,1962,43,Customer Success,2024-09-30,2024-10-09,32.75,60.51,8.95,Concluído
7852,1963,34,Customer Success,2024-11-29,2024-12-03,5.53,85.19,8.9,Concluído
7853,1963,44,Product Management,2024-08-08,2024-10-11,21.92,86.87,9.17,Concluído
7854,1964,50,Liderança e Gestão de Pessoas,2024-12-24,2024-12-30,14.33,90.84,8.76,Concluído
7855,1964,9,Machine Learning,2023-10-06,,15.07,47.57,,Em Andamento
7856,1964,8,Python Avançado,2023-05-18,2023-08-06,13.11,72.21,7.81,Concluído
7857,1964,94,DevOps e CI/CD,2024-01-15,2024-07-14,19.65,93.45,9.79,Concluído
7858,1964,39,Agile/Scrum,2023-07-16,2023-10-22,28.94,80.8,8.4,Concluído
7859,1964,41,Oratória,2024-04-18,2024-05-21,36.4,82.39,6.87,Concluído
7860,1964,44,Design Thinking,2024-07-15,2024-12-15,20.81,69.47,8.78,Concluído
7861,1964,68,Customer Success,2023-12-04,2024-03-31,9.38,83.99,6.78,Concluído
7862,1966,70,Customer Success,2024-08-10,2024-09-19,8.72,74.59,7.71,Concluído
7863,1966,19,Cloud Computing AWS,2024-11-10,2024-11-26,23.68,66.18,8.63,Concluído
7864,1967,87,Data Analytics,2024-03-31,2024-10-13,26.7,77.29,8.03,Concluído
7865,1967,8,Vendas Consultivas,2024-08-15,2024-10-03,7.06,66.95,6.52,Concluído
7866,1967,75,Machine Learning,2024-04-29,2024-06-06,31.63,74.3,7.41,Concluído
7867,1967,8,JavaScript Moderno,2024-12-27,2024-12-28,22.1,74.12,9.38,Concluído
7868,1968,51,Agile/Scrum,2024-12-23,2024-12-26,30.0,70.35,6.3,Concluído
7869,1968,31,Vendas Consultivas,2024-10-23,2024-12-16,20.61,78.62,7.05,Concluído
7870,1968,69,Agile/Scrum,2024-02-12,2024-12-29,6.15,85.91,8.11,Concluído
7871,1968,32,Power BI,2024-03-19,2024-12-05,7.53,67.32,7.24,Concluído
7872,1968,1,Vendas Consultivas,2024-03-28,2024-07-23,14.7,76.04,9.95,Concluído
7873,1968,60,Agile/Scrum,2024-09-22,,2.99,18.54,,Em Andamento
7874,1969,15,Gestão de Projetos,2024-10-16,2024-12-25,28.78,67.81,9.9,Concluído
7875,1969,2,Machine Learning,2024-11-26,2024-12-22,6.51,71.07,8.46,Concluído
7876,1969,100,Machine Learning,2024-12-02,2024-12-09,23.16,95.41,6.42,Concluído
7877,1969,46,Design Thinking,2024-12-08,2024-12-10,38.18,99.48,6.61,Concluído
7878,1969,96,Agile/Scrum,2024-11-18,2024-12-08,14.05,63.48,9.44,Concluído
7879,1969,31,Cloud Computing AWS,2024-12-05,2024-12-21,27.16,86.72,9.32,Concluído
7880,1969,9,Cloud Computing AWS,2024-12-19,2024-12-24,22.49,79.49,9.91,Concluído
7881,1970,51,Segurança da Informação,2024-12-24,2024-12-26,17.66,71.76,8.42,Concluído
7882,1970,9,Product Management,2023-07-03,2023-11-09,36.9,77.94,7.89,Concluído
7883,1970,64,Gestão de Tempo,2024-02-03,2024-04-14,4.85,65.32,6.41,Concluído
7884,1970,73,Power BI,2024-09-18,2024-11-27,23.49,73.46,9.43,Concluído
7885,1970,52,Customer Success,2024-09-27,2024-10-10,20.18,74.41,9.08,Concluído
7886,1971,23,Comunicação Eficaz,2024-08-01,,1.36,23.96,,Cancelado
7887,1972,26,Power BI,2023-08-10,2024-08-11,9.47,60.77,6.15,Concluído
7888,1972,79,Comunicação Eficaz,2024-01-01,2024-08-08,29.0,71.29,9.19,Concluído
7889,1972,76,Product Management,2023-08-18,2024-05-10,33.93,73.16,9.18,Concluído
7890,1972,16,Vendas Consultivas,2023-09-27,2024-10-29,31.43,92.16,9.34,Concluído
7891,1972,73,Customer Success,2024-05-31,2024-09-05,10.83,69.64,6.47,Concluído
7892,1972,89,Liderança e Gestão de Pessoas,2024-12-19,2024-12-22,37.01,98.84,6.83,Concluído
7893,1972,12,Machine Learning,2024-08-29,2024-09-24,32.34,85.22,8.49,Concluído
7894,1973,15,Gestão de Projetos,2024-09-28,2024-10-15,38.93,77.99,6.91,Concluído
7895,1973,80,Machine Learning,2023-03-26,2023-04-02,14.16,97.84,7.93,Concluído
7896,1974,6,Python Avançado,2024-05-10,2024-08-17,6.14,72.77,6.12,Concluído
7897,1974,67,Gestão de Projetos,2023-11-05,2024-02-26,27.57,88.37,8.1,Concluído
7898,1974,4,DevOps e CI/CD,2022-08-14,2022-12-31,39.82,94.6,8.75,Concluído
7899,1975,27,Power BI,2022-09-02,2023-03-14,23.94,67.53,6.16,Concluído
7900,1975,24,Python Avançado,2022-10-10,2024-02-05,11.4,96.5,8.13,Concluído
7901,1975,20,Excel Avançado,2024-02-15,2024-09-02,15.32,83.29,6.81,Concluído
7902,1975,76,Excel Avançado,2023-04-13,2023-10-25,33.76,95.43,9.6,Concluído
7903,1976,70,Gestão de Tempo,2024-11-13,2024-12-11,16.05,90.0,8.34,Concluído
7904,1976,57,Product Management,2024-09-23,2024-10-30,6.6,70.19,8.59,Concluído
7905,1977,99,Product Management,2024-12-23,2024-12-31,38.04,75.89,9.09,Concluído
7906,1977,99,Gestão de Projetos,2024-10-23,2024-11-24,34.66,92.64,7.05,Concluído
7907,1977,88,Data Analytics,2024-12-14,2024-12-23,29.77,60.06,8.14,Concluído
7908,1977,65,JavaScript Moderno,2024-12-27,2024-12-28,30.0,96.67,8.92,Concluído
7909,1978,87,Oratória,2024-06-06,2024-06-08,32.62,94.95,8.58,Concluído
7910,1978,91,Cloud Computing AWS,2024-08-26,2024-09-20,14.87,67.36,9.12,Concluído
7911,1978,73,DevOps e CI/CD,2024-12-14,2024-12-21,6.17,91.66,8.32,Concluído
7912,1978,3,Gestão de Projetos,2024-09-08,2024-09-28,23.61,93.32,8.19,Concluído
7913,1978,36,Machine Learning,2024-09-07,2024-12-15,24.78,96.05,7.63,Concluído
7914,1978,78,Gestão de Tempo,2024-05-21,2024-11-15,6.87,74.28,7.13,Concluído
7915,1979,28,Negociação,2024-09-10,2024-10-29,16.18,87.14,9.98,Concluído
7916,1979,77,Product Management,2024-07-19,,5.65,89.11,,Em Andamento
7917,1979,78,Power BI,2024-07-18,2024-10-03,23.48,61.13,7.52,Concluído
7918,1979,71,Data Analytics,2024-09-29,,16.06,12.09,,Em Andamento
7919,1980,22,Liderança e Gestão de Pessoas,2024-09-24,2024-10-01,16.61,74.15,7.75,Concluído
7920,1980,40,Gestão de Projetos,2024-09-25,2024-09-30,22.98,65.75,6.95,Concluído
7921,1981,44,Product Management,2024-04-05,2024-10-24,25.83,87.59,8.37,Concluído
7922,1981,10,Cloud Computing AWS,2023-11-02,2024-03-08,6.05,86.61,9.92,Concluído
7923,1981,36,Vendas Consultivas,2023-08-14,2024-02-17,13.99,76.67,7.34,Concluído
7924,1981,48,Design Thinking,2024-09-13,2024-09-14,9.38,60.86,8.22,Concluído
7925,1983,28,Liderança e Gestão de Pessoas,2024-10-20,2024-11-25,26.49,73.43,6.61,Concluído
7926,1983,21,Agile/Scrum,2024-11-06,2024-11-19,25.88,65.75,8.69,Concluído
7927,1983,99,Oratória,2024-10-20,2024-12-09,11.57,62.57,7.68,Concluído
7928,1983,93,Gestão de Projetos,2024-09-03,,10.43,27.95,,Em Andamento
7929,1983,12,Design Thinking,2024-08-17,2024-11-16,23.62,84.93,7.04,Concluído
7930,1983,42,Design Thinking,2024-12-13,2024-12-16,16.89,99.91,9.96,Concluído
7931,1983,78,Machine Learning,2024-10-01,2024-12-02,29.04,99.56,9.39,Concluído
7932,1983,88,Comunicação Eficaz,2024-08-16,2024-11-27,29.41,95.09,8.65,Concluído
7933,1984,26,Customer Success,2024-07-23,2024-09-10,22.21,61.54,9.42,Concluído
7934,1984,65,Data Analytics,2024-07-19,2024-11-26,17.53,78.97,8.22,Concluído
7935,1984,81,Oratória,2024-06-13,,16.72,1.15,,Em Andamento
7936,1984,77,Oratória,2024-09-18,,1.45,1.88,,Cancelado
7937,1984,69,Gestão de Tempo,2024-10-18,2024-12-11,21.47,81.62,7.42,Concluído
7938,1984,39,Liderança e Gestão de Pessoas,2024-10-24,2024-11-24,9.24,77.26,7.49,Concluído
7939,1985,43,Negociação,2022-08-17,2024-02-03,16.22,82.68,8.11,Concluído
7940,1985,81,Liderança e Gestão de Pessoas,2024-11-23,,2.07,70.39,,Em Andamento
7941,1986,3,Machine Learning,2022-09-03,2023-05-06,10.04,61.53,7.97,Concluído
7942,1986,29,JavaScript Moderno,2023-10-25,,7.52,17.15,,Cancelado
7943,1986,37,Segurança da Informação,2024-03-22,2024-12-27,12.0,90.57,10.0,Concluído
7944,1987,100,Agile/Scrum,2024-10-06,2024-12-22,9.55,83.26,8.02,Concluído
7945,1987,43,Python Avançado,2024-12-30,2024-12-31,33.69,86.72,9.07,Concluído
7946,1987,77,Liderança e Gestão de Pessoas,2024-09-14,,9.31,29.27,,Cancelado
7947,1987,31,Comunicação Eficaz,2024-08-14,2024-11-23,30.67,91.07,7.79,Concluído
7948,1988,54,Liderança e Gestão de Pessoas,2024-04-12,2024-10-27,32.41,79.72,8.86,Concluído
7949,1988,5,Segurança da Informação,2024-02-06,2024-06-01,10.97,96.6,8.29,Concluído
7950,1988,93,Data Analytics,2024-11-08,2024-12-02,37.16,85.68,6.09,Concluído
7951,1988,73,Machine Learning,2024-01-15,2024-08-21,19.23,95.38,6.16,Concluído
7952,1988,95,Liderança e Gestão de Pessoas,2024-03-15,2024-12-24,5.47,66.43,9.56,Concluído
7953,1988,84,Agile/Scrum,2024-07-09,2024-12-06,34.89,91.71,6.15,Concluído
7954,1988,5,Excel Avançado,2024-03-10,,4.76,13.46,,Cancelado
7955,1989,26,Gestão de Tempo,2024-11-14,,8.52,49.19,,Em Andamento
7956,1989,14,Vendas Consultivas,2024-09-29,2024-12-23,20.22,72.61,6.47,Concluído
7957,1989,96,Data Analytics,2024-11-17,2024-12-26,29.35,79.7,6.59,Concluído
7958,1990,91,Product Management,2024-09-18,2024-10-08,9.47,80.14,7.74,Concluído
7959,1990,35,Data Analytics,2024-08-22,,8.3,70.88,,Em Andamento
7960,1990,19,Gestão de Projetos,2024-08-12,2024-10-28,39.9,64.81,9.34,Concluído
7961,1990,40,Power BI,2024-07-26,2024-12-20,12.24,91.99,7.32,Concluído
7962,1991,25,Gestão de Tempo,2023-12-26,,5.11,25.82,,Cancelado
7963,1991,75,Agile/Scrum,2024-01-05,2024-11-27,23.52,61.87,7.4,Concluído
7964,1991,58,Excel Avançado,2023-09-07,2024-08-11,16.47,72.08,8.59,Concluído
7965,1991,54,Machine Learning,2024-09-04,2024-09-17,9.02,97.92,7.71,Concluído
7966,1992,6,Segurança da Informação,2024-12-10,2024-12-11,10.46,77.25,6.34,Concluído
7967,1992,89,Comunicação Eficaz,2023-08-31,2024-06-25,11.16,71.52,8.57,Concluído
7968,1992,44,Product Management,2024-12-17,2024-12-30,17.03,75.97,8.59,Concluído
7969,1992,31,Comunicação Eficaz,2024-07-11,2024-09-30,12.82,81.11,6.76,Concluído
7970,1993,73,Segurança da Informação,2023-12-22,2024-10-22,39.66,66.47,8.57,Concluído
7971,1993,52,Agile/Scrum,2024-09-06,2024-10-31,34.64,63.1,8.1,Concluído
7972,1993,33,Machine Learning,2024-01-22,2024-12-10,30.3,93.87,7.72,Concluído
7973,1993,89,Power BI,2024-08-26,2024-09-28,10.95,66.26,6.17,Concluído
7974,1993,91,Customer Success,2023-12-26,,16.17,76.21,,Em Andamento
7975,1993,81,Liderança e Gestão de Pessoas,2024-09-02,,16.66,85.79,,Em Andamento
7976,1993,57,Design Thinking,2024-01-18,,6.79,25.61,,Em Andamento
7977,1994,42,Negociação,2024-12-30,,16.86,22.28,,Em Andamento
7978,1994,59,Agile/Scrum,2024-12-28,2024-12-29,21.97,75.71,8.09,Concluído
7979,1994,50,Data Analytics,2024-12-29,2024-12-31,36.98,81.78,8.87,Concluído
7980,1994,24,Segurança da Informação,2024-12-23,2024-12-31,38.5,88.89,9.81,Concluído
7981,1994,63,Gestão de Projetos,2024-12-31,2025-01-01,12.35,88.73,9.78,Concluído
7982,1994,28,Machine Learning,2024-12-24,2024-12-31,28.42,68.91,7.99,Concluído
7983,1995,15,Excel Avançado,2024-08-21,2024-11-16,4.24,77.29,8.7,Concluído
7984,1995,37,Oratória,2024-07-15,2024-10-14,6.58,78.86,7.29,Concluído
7985,1996,23,Segurança da Informação,2024-02-12,2024-12-28,18.87,76.66,6.15,Concluído
7986,1996,46,Agile/Scrum,2023-02-08,2023-04-11,23.35,65.73,8.39,Concluído
7987,1996,7,Liderança e Gestão de Pessoas,2023-01-18,2024-05-30,18.48,85.71,9.44,Concluído
7988,1996,21,Negociação,2024-08-23,2024-12-02,28.8,90.49,9.22,Concluído
7989,1997,28,Segurança da Informação,2023-07-18,2023-10-21,10.39,82.84,7.73,Concluído
7990,1997,4,Vendas Consultivas,2024-01-06,2024-07-24,16.23,75.69,8.63,Concluído
7991,1998,85,Design Thinking,2023-10-26,2024-06-25,19.69,96.55,6.72,Concluído
7992,1999,54,Product Management,2024-08-16,2024-12-26,12.23,97.11,9.53,Concluído
7993,1999,50,Vendas Consultivas,2024-11-29,2024-12-01,18.94,88.73,9.23,Concluído
7994,1999,58,Design Thinking,2024-09-02,2024-12-11,12.6,74.73,7.4,Concluído
7995,1999,76,Agile/Scrum,2024-08-05,2024-08-23,10.04,89.9,9.26,Concluído
7996,1999,28,Python Avançado,2024-11-06,2024-12-27,36.71,72.94,6.09,Concluído
7997,1999,71,Excel Avançado,2024-12-23,2024-12-28,5.52,70.42,8.92,Concluído
7998,1999,44,Python Avançado,2024-12-11,,9.61,50.8,,Em Andamento
7999,1999,66,Liderança e Gestão de Pessoas,2024-10-13,2024-10-18,29.37,75.63,6.2,Concluído
8000,2000,78,Negociação,2024-06-24,2024-08-21,30.42,94.07,9.92,Concluído
8001,2000,80,JavaScript Moderno,2024-04-01,2024-12-02,23.36,83.4,9.24,Concluído
8002,2000,100,Machine Learning,2024-06-11,2024-09-16,35.79,86.98,7.08,Concluído
8003,2000,16,Oratória,2024-08-30,2024-11-14,9.39,69.29,9.21,Concluído
8004,2000,96,Product Management,2024-07-23,,11.74,45.78,,Em Andamento
8005,2000,81,Negociação,2024-12-12,2024-12-28,15.46,67.97,7.59,Concluído
8006,2001,50,Customer Success,2024-09-18,,19.46,58.33,,Em Andamento
8007,2001,19,Product Management,2024-12-06,2024-12-17,32.17,73.16,9.18,Concluído
8008,2001,67,Customer Success,2024-12-27,2024-12-29,16.44,93.21,9.17,Concluído
8009,2002,42,Power BI,2022-11-05,,12.04,44.66,,Em Andamento
8010,2002,66,Machine Learning,2023-05-02,2024-11-20,13.28,63.88,6.91,Concluído
8011,2002,85,Customer Success,2023-11-11,2024-06-04,10.87,98.0,6.2,Concluído
8012,2002,3,Data Analytics,2023-07-10,2023-10-23,9.76,82.79,9.61,Concluído
8013,2002,63,Segurança da Informação,2024-05-14,2024-09-20,8.51,74.89,9.12,Concluído
8014,2003,84,JavaScript Moderno,2024-07-15,2024-11-27,21.16,85.99,8.32,Concluído
8015,2003,23,Comunicação Eficaz,2023-12-14,,6.56,13.19,,Cancelado
8016,2003,81,Vendas Consultivas,2024-08-06,2024-11-11,20.47,63.57,8.34,Concluído
8017,2003,100,Python Avançado,2024-11-24,2024-12-29,32.9,61.83,6.05,Concluído
8018,2004,90,Power BI,2023-10-23,2024-07-18,9.99,91.52,9.06,Concluído
8019,2004,27,Data Analytics,2024-04-08,2024-06-10,39.39,62.32,6.27,Concluído
8020,2004,45,Design Thinking,2023-02-22,2024-02-28,33.79,80.52,7.61,Concluído
8021,2005,45,Oratória,2024-11-22,2024-12-31,7.16,69.48,8.76,Concluído
8022,2005,85,Design Thinking,2024-12-11,2024-12-17,14.87,78.91,8.48,Concluído
8023,2005,31,Segurança da Informação,2024-12-04,2024-12-17,38.66,95.91,8.22,Concluído
8024,2005,97,Agile/Scrum,2024-11-17,2024-12-04,8.72,72.47,6.68,Concluído
8025,2005,85,Power BI,2024-12-16,2024-12-23,34.93,96.34,8.11,Concluído
8026,2005,81,Negociação,2024-11-16,2024-11-17,5.52,95.44,7.5,Concluído
8027,2006,100,JavaScript Moderno,2024-02-04,2024-08-16,37.37,84.59,8.32,Concluído
8028,2006,23,Python Avançado,2024-06-09,2024-07-19,29.1,93.3,7.29,Concluído
8029,2006,43,Design Thinking,2023-11-11,2024-05-25,14.9,95.88,8.9,Concluído
8030,2007,40,Gestão de Projetos,2023-03-20,2024-01-20,10.79,61.07,8.7,Concluído
8031,2007,46,Segurança da Informação,2024-12-16,,5.07,39.4,,Cancelado
8032,2007,41,Agile/Scrum,2023-12-25,2024-07-24,15.25,81.9,7.54,Concluído
8033,2008,69,Design Thinking,2023-02-05,2023-05-08,10.38,67.79,7.63,Concluído
8034,2008,61,Gestão de Projetos,2023-05-03,,9.38,75.68,,Em Andamento
8035,2009,36,Power BI,2024-09-27,2024-12-26,22.11,71.25,9.17,Concluído
8036,2009,79,Liderança e Gestão de Pessoas,2023-09-02,2023-10-22,26.44,85.01,6.2,Concluído
8037,2009,9,Liderança e Gestão de Pessoas,2023-07-23,2024-06-29,38.53,89.94,8.4,Concluído
8038,2009,46,Negociação,2024-08-04,2024-09-09,38.7,85.58,6.5,Concluído
8039,2009,87,Power BI,2023-03-03,2024-10-17,18.79,66.86,8.19,Concluído
8040,2009,14,Excel Avançado,2023-04-24,2023-09-05,31.15,85.92,7.54,Concluído
8041,2009,93,Python Avançado,2024-10-16,2024-11-25,10.6,88.95,8.3,Concluído
8042,2009,84,JavaScript Moderno,2024-07-29,2024-09-08,28.4,99.19,7.32,Concluído
8043,2010,33,Vendas Consultivas,2024-05-14,2024-07-14,19.07,69.06,7.48,Concluído
8044,2010,59,Agile/Scrum,2023-09-04,2024-04-15,9.96,81.97,7.85,Concluído
8045,2010,31,Gestão de Tempo,2024-09-10,,14.66,10.57,,Em Andamento
8046,2010,7,Gestão de Projetos,2023-10-13,,7.11,26.04,,Em Andamento
8047,2011,51,Oratória,2024-12-01,2024-12-31,23.12,68.88,6.08,Concluído
8048,2011,50,Product Management,2022-08-25,2024-08-10,13.53,83.73,9.45,Concluído
8049,2011,88,Customer Success,2024-01-30,2024-05-25,36.92,62.53,9.35,Concluído
8050,2011,94,Python Avançado,2022-08-15,2022-12-05,32.15,98.49,7.72,Concluído
8051,2012,72,Power BI,2024-05-03,2024-07-26,32.21,90.16,9.55,Concluído
8052,2012,43,DevOps e CI/CD,2024-11-16,2024-12-05,23.68,98.9,7.79,Concluído
8053,2012,88,Negociação,2024-10-06,2024-10-18,33.98,73.22,8.1,Concluído
8054,2012,72,Gestão de Projetos,2024-10-26,2024-11-15,21.48,71.74,9.39,Concluído
8055,2013,79,JavaScript Moderno,2024-12-20,2024-12-24,8.43,74.03,6.05,Concluído
8056,2013,48,Machine Learning,2024-12-16,2024-12-28,23.51,74.66,6.15,Concluído
8057,2013,89,Python Avançado,2024-11-18,2024-11-25,36.53,99.5,6.68,Concluído
8058,2013,62,Agile/Scrum,2024-12-07,2024-12-15,34.0,85.63,7.9,Concluído
8059,2013,56,Comunicação Eficaz,2024-12-22,,7.35,82.27,,Em Andamento
8060,2014,5,Power BI,2024-09-05,2024-09-07,30.06,91.12,6.19,Concluído
8061,2014,90,Product Management,2024-05-03,,3.36,72.89,,Em Andamento
8062,2014,71,Machine Learning,2024-07-14,,14.37,70.84,,Em Andamento
8063,2014,6,Liderança e Gestão de Pessoas,2024-01-23,2024-03-24,8.53,94.11,7.53,Concluído
8064,2014,44,Machine Learning,2023-09-16,2024-11-17,29.87,83.57,8.06,Concluído
8065,2014,68,Data Analytics,2024-01-11,2024-10-09,16.5,69.04,9.3,Concluído
8066,2014,33,Cloud Computing AWS,2023-08-18,2024-06-20,35.28,95.19,6.8,Concluído
8067,2015,74,Data Analytics,2023-10-30,2024-03-15,9.23,80.34,9.76,Concluído
8068,2015,72,Liderança e Gestão de Pessoas,2023-03-26,2024-11-25,7.55,97.42,6.12,Concluído
8069,2015,25,Machine Learning,2024-05-11,2024-10-19,27.41,72.4,8.65,Concluído
8070,2016,79,Cloud Computing AWS,2023-07-30,2024-02-20,18.39,96.95,8.55,Concluído
8071,2016,34,Design Thinking,2023-11-10,2024-12-20,4.25,89.94,9.34,Concluído
8072,2016,14,Design Thinking,2024-03-15,,7.49,13.81,,Cancelado
8073,2017,23,Customer Success,2024-11-26,2024-12-10,32.72,62.06,9.93,Concluído
8074,2017,56,JavaScript Moderno,2024-12-20,2024-12-28,28.18,86.38,6.97,Concluído
8075,2017,51,Customer Success,2024-12-06,2024-12-16,31.35,92.29,8.92,Concluído
8076,2017,52,Cloud Computing AWS,2024-11-24,,2.22,61.06,,Em Andamento
8077,2018,76,Machine Learning,2024-08-28,2024-12-25,22.59,84.33,8.56,Concluído
8078,2018,88,Python Avançado,2024-06-07,2024-06-21,8.69,69.17,6.64,Concluído
8079,2018,66,Product Management,2024-07-22,2024-08-19,6.88,76.69,7.57,Concluído
8080,2018,70,Gestão de Tempo,2024-05-20,2024-07-21,27.27,98.43,8.84,Concluído
8081,2018,99,Agile/Scrum,2024-09-03,,8.36,42.15,,Em Andamento
8082,2019,47,Python Avançado,2024-12-23,2024-12-29,5.74,89.97,8.05,Concluído
8083,2019,22,Gestão de Projetos,2024-12-18,2024-12-26,28.7,88.88,7.7,Concluído
8084,2019,60,Liderança e Gestão de Pessoas,2024-12-20,,13.15,67.47,,Em Andamento
8085,2019,83,Cloud Computing AWS,2024-12-28,2024-12-29,36.37,89.33,9.61,Concluído
8086,2019,37,Negociação,2024-11-08,,8.15,69.7,,Em Andamento
8087,2019,74,DevOps e CI/CD,2024-10-18,2024-12-31,23.07,72.19,9.97,Concluído
8088,2020,34,Cloud Computing AWS,2024-10-21,,15.77,9.94,,Em Andamento
8089,2020,74,Gestão de Tempo,2024-11-26,2024-12-18,9.23,83.44,7.43,Concluído
8090,2020,18,Design Thinking,2024-10-07,2024-10-27,26.2,89.0,6.37,Concluído
8091,2020,76,JavaScript Moderno,2024-12-13,2024-12-19,14.94,81.91,9.18,Concluído
8092,2020,73,Design Thinking,2024-11-12,2024-12-23,36.47,72.52,9.34,Concluído
8093,2020,52,Customer Success,2024-10-13,2024-12-01,31.08,83.57,7.54,Concluído
8094,2021,53,Product Management,2024-08-01,,9.32,41.16,,Em Andamento
8095,2021,66,Excel Avançado,2024-10-26,2024-11-21,5.99,90.51,7.29,Concluído
8096,2021,26,Segurança da Informação,2024-09-28,2024-10-08,26.19,88.59,6.56,Concluído
8097,2021,12,Gestão de Projetos,2024-09-26,2024-12-24,6.93,95.14,6.93,Concluído
8098,2021,100,JavaScript Moderno,2024-08-01,2024-08-13,16.8,78.94,6.14,Concluído
8099,2021,10,Excel Avançado,2024-08-24,2024-12-12,33.74,99.73,7.66,Concluído
8100,2021,78,Negociação,2024-11-13,,8.09,10.62,,Cancelado
8101,2022,70,Oratória,2024-04-16,2024-05-10,26.94,90.57,7.57,Concluído
8102,2022,35,Gestão de Projetos,2024-10-13,,12.73,50.61,,Em Andamento
8103,2022,46,Power BI,2024-08-31,2024-10-17,35.3,79.34,8.41,Concluído
8104,2022,35,Negociação,2024-06-24,2024-09-09,12.66,62.76,7.88,Concluído
8105,2023,1,JavaScript Moderno,2024-12-16,,10.05,13.0,,Em Andamento
8106,2023,48,Oratória,2024-12-27,2024-12-30,27.33,67.88,8.19,Concluído
8107,2023,14,Data Analytics,2024-11-24,2024-12-20,18.22,82.16,6.35,Concluído
8108,2023,88,Product Management,2024-09-16,2024-12-14,10.62,82.71,9.6,Concluído
8109,2023,89,Product Management,2024-08-29,,13.39,28.8,,Em Andamento
8110,2023,55,Segurança da Informação,2024-12-02,2024-12-22,6.64,63.5,7.32,Concluído
8111,2025,61,Excel Avançado,2024-04-28,2024-07-24,9.96,74.88,9.97,Concluído
8112,2025,41,Vendas Consultivas,2024-06-11,2024-12-29,9.42,83.17,9.08,Concluído
8113,2025,58,Data Analytics,2024-08-29,2024-09-10,7.06,81.47,8.38,Concluído
8114,2026,23,Segurança da Informação,2024-10-05,2024-12-02,37.74,87.49,6.78,Concluído
8115,2026,16,Data Analytics,2024-07-17,2024-09-02,5.16,61.29,7.88,Concluído
8116,2026,15,Vendas Consultivas,2024-09-20,2024-12-20,16.39,89.57,6.44,Concluído
8117,2026,47,Agile/Scrum,2024-05-12,,15.6,69.47,,Em Andamento
8118,2026,87,Data Analytics,2024-12-01,2024-12-25,38.62,86.73,8.26,Concluído
8119,2026,84,Python Avançado,2024-12-21,2024-12-30,25.7,65.52,8.06,Concluído
8120,2026,7,Excel Avançado,2024-08-25,2024-09-14,14.65,60.98,6.69,Concluído
8121,2026,51,Segurança da Informação,2024-08-02,2024-08-19,26.41,88.2,7.91,Concluído
8122,2027,52,Negociação,2024-12-25,2024-12-29,35.21,95.8,7.44,Concluído
8123,2027,43,Power BI,2024-12-29,2024-12-31,30.45,67.79,6.8,Concluído
8124,2028,80,Segurança da Informação,2023-08-22,2023-09-25,14.03,62.66,8.11,Concluído
8125,2028,82,Gestão de Tempo,2023-07-10,2024-06-20,24.05,89.96,7.66,Concluído
8126,2028,25,Oratória,2024-09-09,2024-12-25,8.08,74.78,9.73,Concluído
8127,2028,51,Customer Success,2023-06-16,2023-12-01,12.54,62.38,9.5,Concluído
8128,2029,18,Machine Learning,2024-07-28,2024-12-27,22.78,80.32,9.52,Concluído
8129,2029,51,Machine Learning,2024-03-14,2024-08-11,24.1,75.53,8.7,Concluído
8130,2029,61,JavaScript Moderno,2024-01-06,2024-04-09,25.55,78.41,9.97,Concluído
8131,2029,68,Product Management,2024-12-10,2024-12-26,22.75,79.09,6.03,Concluído
8132,2029,75,Python Avançado,2023-10-29,2024-12-07,11.47,72.14,6.8,Concluído
8133,2029,15,DevOps e CI/CD,2024-04-29,2024-05-29,7.39,81.75,8.01,Concluído
8134,2030,78,JavaScript Moderno,2024-01-14,2024-03-30,18.54,60.45,6.19,Concluído
8135,2030,21,Gestão de Projetos,2024-09-27,2024-12-05,28.19,83.98,7.52,Concluído
8136,2030,100,Oratória,2023-12-03,2024-07-22,25.38,87.39,9.74,Concluído
8137,2030,8,Gestão de Projetos,2024-01-20,,6.27,33.25,,Em Andamento
8138,2030,25,Comunicação Eficaz,2024-08-26,2024-10-29,18.75,93.42,9.26,Concluído
8139,2030,79,Gestão de Tempo,2024-08-03,2024-10-17,37.81,91.75,7.94,Concluído
8140,2030,22,Gestão de Projetos,2024-10-14,2024-11-02,9.11,74.45,6.98,Concluído
8141,2030,99,Excel Avançado,2024-01-31,2024-12-31,26.47,67.47,8.73,Concluído
8142,2031,28,Excel Avançado,2023-04-07,2024-02-06,24.5,78.55,8.27,Concluído
8143,2031,12,Agile/Scrum,2022-12-06,2024-07-25,4.47,75.86,9.18,Concluído
8144,2031,5,Design Thinking,2024-06-12,,6.76,30.26,,Cancelado
8145,2032,79,Negociação,2024-12-01,2024-12-30,29.64,86.11,8.35,Concluído
8146,2032,84,Customer Success,2024-11-24,2024-12-07,31.44,92.84,9.25,Concluído
8147,2032,15,DevOps e CI/CD,2024-11-19,2024-12-24,5.25,83.12,8.52,Concluído
8148,2032,15,Cloud Computing AWS,2024-12-24,2024-12-30,15.86,81.65,8.15,Concluído
8149,2032,99,Python Avançado,2024-11-04,2024-12-15,26.44,67.75,7.59,Concluído
8150,2033,38,Machine Learning,2023-07-04,,15.72,80.9,,Em Andamento
8151,2033,25,Oratória,2023-12-10,2024-10-19,25.57,78.14,8.09,Concluído
8152,2033,26,Customer Success,2023-06-28,2024-02-15,37.65,94.18,8.41,Concluído
8153,2033,83,DevOps e CI/CD,2023-09-30,2024-05-23,5.66,99.44,6.72,Concluído
8154,2033,56,Machine Learning,2023-08-29,2024-02-07,28.14,75.11,7.54,Concluído
8155,2034,37,Machine Learning,2024-11-09,,8.95,41.43,,Em Andamento
8156,2034,82,Design Thinking,2024-10-17,2024-11-03,22.1,61.85,9.32,Concluído
8157,2034,60,JavaScript Moderno,2023-08-23,2024-09-20,36.77,67.62,8.72,Concluído
8158,2034,14,Liderança e Gestão de Pessoas,2023-10-13,,19.17,51.51,,Em Andamento
8159,2034,93,Gestão de Tempo,2023-09-07,2024-02-29,10.1,86.56,6.63,Concluído
8160,2035,39,Data Analytics,2024-11-28,2024-12-09,29.09,68.35,8.94,Concluído
8161,2036,3,Customer Success,2024-08-24,,5.88,10.14,,Cancelado
8162,2036,44,Liderança e Gestão de Pessoas,2024-08-18,2024-11-15,32.58,75.21,8.82,Concluído
8163,2036,80,Negociação,2024-07-10,2024-12-25,16.3,72.29,8.75,Concluído
8164,2037,91,Negociação,2024-12-17,2024-12-21,9.16,91.86,9.68,Concluído
8165,2038,50,Design Thinking,2024-04-11,,11.99,3.95,,Em Andamento
8166,2038,7,DevOps e CI/CD,2022-10-13,2024-09-19,21.84,60.42,6.62,Concluído
8167,2038,91,Machine Learning,2023-03-13,2023-06-13,8.55,77.33,6.22,Concluído
8168,2038,35,Liderança e Gestão de Pessoas,2024-10-05,,8.01,4.19,,Cancelado
8169,2038,10,Design Thinking,2023-02-08,2023-08-11,7.39,98.05,9.88,Concluído
8170,2038,11,Segurança da Informação,2022-12-11,2024-12-12,35.82,85.81,9.08,Concluído
8171,2038,86,Machine Learning,2023-05-24,2023-10-18,10.73,81.79,7.93,Concluído
8172,2039,91,Python Avançado,2024-08-05,2024-11-07,9.27,84.13,8.93,Concluído
8173,2040,36,Excel Avançado,2024-06-04,2024-06-19,5.98,66.47,9.96,Concluído
8174,2040,58,Liderança e Gestão de Pessoas,2024-10-27,2024-11-10,9.93,80.74,6.53,Concluído
8175,2040,1,Oratória,2024-12-31,2025-01-01,29.6,66.96,7.17,Concluído
8176,2041,73,Gestão de Projetos,2024-06-08,2024-12-04,20.33,95.0,7.7,Concluído
8177,2041,4,Gestão de Projetos,2024-05-31,2024-06-29,29.94,82.28,8.69,Concluído
8178,2042,51,Segurança da Informação,2024-05-31,2024-08-25,32.81,89.72,6.99,Concluído
8179,2042,59,Python Avançado,2024-11-02,2024-12-31,34.24,66.57,9.03,Concluído
8180,2042,16,Python Avançado,2023-12-13,2024-04-24,20.34,61.29,9.24,Concluído
8181,2042,72,Vendas Consultivas,2024-03-09,2024-12-25,7.25,84.53,7.89,Concluído
8182,2042,24,DevOps e CI/CD,2024-10-17,2024-11-23,18.95,64.21,6.8,Concluído
8183,2042,1,Product Management,2023-10-13,2024-08-16,16.13,71.06,6.69,Concluído
8184,2042,80,Negociação,2024-12-27,2024-12-28,36.24,63.78,6.59,Concluído
8185,2043,24,Oratória,2024-10-27,2024-12-22,16.24,91.13,6.84,Concluído
8186,2043,44,Segurança da Informação,2024-04-06,2024-09-15,15.61,76.66,6.86,Concluído
8187,2043,88,Gestão de Projetos,2023-12-08,,6.19,37.0,,Cancelado
8188,2043,34,Customer Success,2024-06-03,2024-10-17,4.07,77.84,9.55,Concluído
8189,2043,72,Segurança da Informação,2024-08-26,,19.15,47.28,,Em Andamento
8190,2044,12,Oratória,2023-09-12,2024-05-15,38.29,91.76,9.23,Concluído
8191,2044,68,Agile/Scrum,2023-11-04,2024-02-25,11.96,61.05,6.95,Concluído
8192,2044,86,Excel Avançado,2024-04-25,2024-10-15,14.12,93.29,7.01,Concluído
8193,2045,99,Python Avançado,2024-08-09,2024-11-01,4.27,66.33,9.42,Concluído
8194,2045,9,Oratória,2022-02-15,2024-06-29,21.58,68.2,8.82,Concluído
8195,2045,96,Segurança da Informação,2022-02-09,2024-10-05,7.9,81.85,8.59,Concluído
8196,2045,93,Vendas Consultivas,2024-04-20,2024-07-13,17.65,80.52,8.09,Concluído
8197,2045,94,Vendas Consultivas,2022-11-20,2023-12-07,15.23,77.76,8.15,Concluído
8198,2045,51,Comunicação Eficaz,2022-04-03,2024-05-01,25.42,89.09,9.99,Concluído
8199,2045,92,Comunicação Eficaz,2023-04-08,,13.1,3.28,,Em Andamento
8200,2046,16,Negociação,2024-05-23,2024-07-09,35.56,99.64,7.41,Concluído
8201,2046,91,JavaScript Moderno,2024-05-31,,2.51,40.63,,Em Andamento
8202,2046,78,Design Thinking,2024-07-12,,11.38,57.51,,Em Andamento
8203,2046,6,Oratória,2024-03-09,2024-04-01,10.95,94.63,6.68,Concluído
8204,2046,8,Design Thinking,2023-12-27,2024-11-05,12.55,69.7,7.65,Concluído
8205,2048,98,Segurança da Informação,2024-07-08,2024-11-08,10.31,63.06,9.53,Concluído
8206,2048,7,Machine Learning,2024-10-17,2024-10-19,26.22,94.94,6.74,Concluído
8207,2048,74,Agile/Scrum,2024-08-25,2024-12-24,32.0,77.84,6.21,Concluído
8208,2049,100,JavaScript Moderno,2024-12-07,2024-12-31,34.65,77.07,7.12,Concluído
8209,2049,59,Data Analytics,2024-12-19,2024-12-21,10.5,80.64,9.66,Concluído
8210,2049,86,DevOps e CI/CD,2024-12-30,2024-12-31,4.38,87.64,7.99,Concluído
8211,2050,57,Python Avançado,2024-01-27,2024-05-11,15.42,64.57,8.16,Concluído
8212,2050,43,Power BI,2022-11-17,2024-06-14,30.8,63.75,9.92,Concluído
8213,2051,86,Negociação,2023-07-23,2024-10-07,33.75,79.22,6.86,Concluído
8214,2052,44,Machine Learning,2023-07-31,2023-08-06,10.29,99.91,6.11,Concluído
8215,2052,55,Oratória,2023-07-13,2024-01-04,33.25,89.72,9.99,Concluído
8216,2053,19,Customer Success,2023-08-14,,2.63,25.62,,Em Andamento
8217,2053,61,Oratória,2023-06-16,2024-06-28,23.19,68.99,9.46,Concluído
8218,2053,47,Agile/Scrum,2023-09-24,2024-02-11,11.59,80.69,7.9,Concluído
8219,2053,5,Cloud Computing AWS,2024-04-16,2024-05-21,34.38,81.05,9.38,Concluído
8220,2053,30,Comunicação Eficaz,2024-05-23,2024-10-09,7.83,98.21,6.92,Concluído
8221,2053,5,Python Avançado,2022-07-19,2024-11-18,32.1,70.43,6.67,Concluído
8222,2054,6,Vendas Consultivas,2022-04-27,2023-03-28,33.1,75.76,8.53,Concluído
8223,2054,99,Product Management,2023-01-16,2024-02-22,13.13,96.58,9.36,Concluído
8224,2054,62,Machine Learning,2024-08-13,,9.19,49.06,,Em Andamento
8225,2054,99,Vendas Consultivas,2023-05-11,2023-09-20,19.69,66.85,7.43,Concluído
8226,2054,66,Negociação,2023-07-28,2023-10-21,7.13,92.64,8.02,Concluído
8227,2055,14,Cloud Computing AWS,2024-05-02,2024-06-23,28.74,64.18,6.35,Concluído
8228,2058,98,Segurança da Informação,2024-12-07,2024-12-16,24.9,63.56,8.99,Concluído
8229,2058,34,Gestão de Tempo,2024-12-17,2024-12-21,15.46,86.29,9.41,Concluído
8230,2058,76,Negociação,2024-10-21,2024-12-04,8.93,90.44,7.4,Concluído
8231,2058,70,DevOps e CI/CD,2024-12-29,2024-12-30,4.98,65.88,7.64,Concluído
8232,2058,22,Segurança da Informação,2024-11-02,2024-12-28,18.0,66.17,7.03,Concluído
8233,2060,17,Power BI,2024-08-21,2024-09-23,17.32,87.44,6.15,Concluído
8234,2060,77,Excel Avançado,2024-06-19,2024-07-14,34.1,62.85,6.77,Concluído
8235,2060,62,Oratória,2024-12-04,2024-12-21,26.95,90.2,9.0,Concluído
8236,2060,52,Liderança e Gestão de Pessoas,2024-10-09,2024-10-12,21.83,63.44,8.67,Concluído
8237,2060,52,Gestão de Projetos,2024-04-05,2024-08-14,25.14,89.8,9.56,Concluído
8238,2060,6,Customer Success,2024-12-20,2024-12-27,16.61,88.11,6.64,Concluído
8239,2060,2,Customer Success,2024-05-03,,4.9,4.81,,Cancelado
8240,2061,93,Excel Avançado,2024-12-12,2024-12-27,11.01,87.08,9.09,Concluído
8241,2061,3,Vendas Consultivas,2024-09-27,2024-10-07,21.25,91.72,8.78,Concluído
8242,2061,7,JavaScript Moderno,2024-12-03,,3.81,18.31,,Cancelado
8243,2061,67,Comunicação Eficaz,2024-10-29,2024-11-02,27.92,67.73,9.19,Concluído
8244,2061,92,Oratória,2024-12-14,,13.67,50.99,,Em Andamento
8245,2061,22,Data Analytics,2024-10-26,2024-11-10,39.86,75.73,8.23,Concluído
8246,2062,77,Python Avançado,2023-08-03,2024-05-15,30.73,61.79,9.76,Concluído
8247,2062,98,Data Analytics,2023-07-05,2024-04-09,32.37,91.48,8.18,Concluído
8248,2063,51,Agile/Scrum,2024-07-17,,7.17,21.66,,Em Andamento
8249,2063,99,Cloud Computing AWS,2024-09-05,2024-12-14,7.25,74.06,9.96,Concluído
8250,2064,95,Power BI,2023-08-14,2024-07-15,8.57,62.65,6.85,Concluído
8251,2064,51,Customer Success,2024-03-08,2024-09-24,37.8,88.45,7.54,Concluído
8252,2064,54,Gestão de Tempo,2023-12-20,2024-03-14,13.28,75.7,9.93,Concluído
8253,2064,93,Liderança e Gestão de Pessoas,2023-11-07,2024-02-03,30.79,68.31,8.89,Concluído
8254,2064,15,Gestão de Projetos,2023-01-06,2024-07-09,39.04,83.57,8.46,Concluído
8255,2064,83,Customer Success,2024-05-01,2024-07-08,12.04,81.13,6.51,Concluído
8256,2065,24,Negociação,2024-11-05,,16.79,62.23,,Em Andamento
8257,2066,15,Cloud Computing AWS,2023-02-08,2023-06-17,35.53,81.45,6.71,Concluído
8258,2066,30,Agile/Scrum,2024-03-23,2024-11-28,23.11,84.29,8.2,Concluído
8259,2066,27,Power BI,2024-11-16,2024-11-28,31.75,67.26,6.12,Concluído
8260,2066,1,Customer Success,2023-09-18,2024-02-27,35.87,96.36,9.0,Concluído
8261,2066,88,Cloud Computing AWS,2024-05-17,,9.41,76.04,,Em Andamento
8262,2066,10,DevOps e CI/CD,2023-03-08,2024-09-07,6.66,63.39,9.49,Concluído
8263,2066,80,Power BI,2023-11-14,,6.07,10.97,,Cancelado
8264,2066,87,Oratória,2024-01-05,2024-10-25,11.07,63.94,6.92,Concluído
8265,2067,11,Customer Success,2023-08-24,2024-09-05,4.47,76.35,8.32,Concluído
8266,2067,38,Comunicação Eficaz,2024-12-24,2024-12-29,27.88,70.94,6.85,Concluído
8267,2067,31,Gestão de Tempo,2024-02-27,2024-04-08,30.61,70.09,6.93,Concluído
8268,2067,46,Excel Avançado,2023-10-25,2024-02-11,31.96,76.34,8.59,Concluído
8269,2067,91,Power BI,2024-06-24,2024-09-11,37.76,74.24,7.27,Concluído
8270,2067,82,DevOps e CI/CD,2023-12-07,,15.96,77.71,,Em Andamento
8271,2067,1,Data Analytics,2024-01-30,2024-10-03,23.96,99.21,9.0,Concluído
8272,2068,86,Gestão de Projetos,2023-05-11,2024-10-29,16.1,62.08,6.99,Concluído
8273,2068,29,Gestão de Tempo,2024-11-22,2024-12-19,32.26,90.05,7.19,Concluído
8274,2069,11,Cloud Computing AWS,2024-05-19,2024-11-03,23.22,95.77,9.36,Concluído
8275,2072,84,Excel Avançado,2024-06-11,2024-07-17,38.81,70.79,9.7,Concluído
8276,2072,100,Gestão de Tempo,2024-04-03,2024-05-08,26.79,84.21,8.09,Concluído
8277,2072,25,Liderança e Gestão de Pessoas,2024-04-28,2024-06-30,24.99,74.91,9.09,Concluído
8278,2072,89,Agile/Scrum,2024-05-19,2024-06-01,25.18,78.53,8.77,Concluído
8279,2072,10,Cloud Computing AWS,2024-11-20,2024-11-27,4.48,80.28,9.14,Concluído
8280,2072,34,Data Analytics,2024-06-23,2024-09-24,35.98,61.24,6.97,Concluído
8281,2073,37,Customer Success,2024-12-30,2024-12-31,17.04,67.17,9.05,Concluído
8282,2073,33,Power BI,2024-12-10,2024-12-12,7.68,92.97,6.98,Concluído
8283,2073,16,Liderança e Gestão de Pessoas,2024-12-08,2024-12-10,5.77,93.84,7.18,Concluído
8284,2073,62,JavaScript Moderno,2024-11-28,,9.6,53.55,,Em Andamento
8285,2073,15,Oratória,2024-10-29,2024-11-13,28.36,75.35,7.93,Concluído
8286,2073,57,Liderança e Gestão de Pessoas,2024-09-28,2024-11-04,24.43,81.31,7.49,Concluído
8287,2074,13,Comunicação Eficaz,2024-04-16,2024-08-01,27.82,97.58,7.19,Concluído
8288,2075,72,Machine Learning,2024-05-31,2024-07-06,26.06,67.01,8.36,Concluído
8289,2075,58,Comunicação Eficaz,2023-10-02,2024-06-10,17.95,61.53,6.41,Concluído
8290,2075,14,Gestão de Tempo,2023-12-14,2024-03-15,36.19,96.46,9.06,Concluído
8291,2075,81,Oratória,2022-07-18,2024-10-03,12.59,83.31,8.37,Concluído
8292,2075,62,Machine Learning,2024-08-25,2024-10-15,19.69,64.49,7.03,Concluído
8293,2076,86,JavaScript Moderno,2024-03-10,,2.81,36.92,,Cancelado
8294,2076,53,JavaScript Moderno,2024-09-22,2024-10-28,10.69,84.23,8.01,Concluído
8295,2076,94,Power BI,2024-07-13,,5.52,28.04,,Em Andamento
8296,2076,22,DevOps e CI/CD,2023-12-17,2024-11-26,32.13,75.85,9.0,Concluído
8297,2076,36,Vendas Consultivas,2023-11-01,2024-02-18,15.86,82.32,9.51,Concluído
8298,2078,25,Gestão de Tempo,2024-12-02,2024-12-14,32.37,68.4,9.28,Concluído
8299,2078,16,DevOps e CI/CD,2024-05-11,,9.34,8.08,,Em Andamento
8300,2078,82,Product Management,2024-02-13,2024-05-08,37.29,79.93,7.81,Concluído
8301,2079,78,Oratória,2024-12-08,2024-12-09,31.99,78.58,8.24,Concluído
8302,2079,49,Cloud Computing AWS,2023-12-27,2024-10-21,24.83,95.28,8.86,Concluído
8303,2079,23,Data Analytics,2024-11-13,,10.81,20.16,,Em Andamento
8304,2079,28,Power BI,2023-10-12,2024-01-06,8.23,80.16,7.66,Concluído
8305,2079,6,Power BI,2023-07-11,,16.41,25.38,,Em Andamento
8306,2079,9,Agile/Scrum,2024-08-19,2024-09-06,34.98,76.28,9.35,Concluído
8307,2080,78,Vendas Consultivas,2023-06-17,,11.96,55.37,,Em Andamento
8308,2080,95,Machine Learning,2023-05-07,,3.52,38.11,,Em Andamento
8309,2080,79,Gestão de Tempo,2022-12-30,2023-12-18,4.86,99.23,8.34,Concluído
8310,2080,14,Vendas Consultivas,2022-11-10,,9.4,56.97,,Em Andamento
8311,2080,46,Oratória,2022-10-08,2023-10-16,25.23,94.47,8.62,Concluído
8312,2080,58,Oratória,2024-03-23,,2.65,6.74,,Em Andamento
8313,2080,52,Oratória,2022-07-20,,4.96,24.31,,Cancelado
8314,2081,61,Power BI,2024-07-23,,11.74,70.14,,Em Andamento
8315,2081,72,Machine Learning,2023-12-17,2024-02-13,32.42,90.69,9.85,Concluído
8316,2082,49,Gestão de Tempo,2024-09-13,2024-12-22,9.19,81.51,7.79,Concluído
8317,2082,37,Agile/Scrum,2022-12-10,2023-06-09,9.77,67.58,8.25,Concluído
8318,2082,17,Oratória,2023-08-19,2024-06-04,8.73,87.05,9.63,Concluído
8319,2082,76,Agile/Scrum,2022-07-23,2023-12-11,9.41,97.57,9.36,Concluído
8320,2082,28,Gestão de Projetos,2024-03-11,2024-10-05,8.81,65.88,8.66,Concluído
8321,2082,16,Cloud Computing AWS,2024-07-22,2024-07-27,23.88,90.2,7.4,Concluído
8322,2082,96,Comunicação Eficaz,2023-09-21,,12.68,68.89,,Em Andamento
8323,2082,26,Product Management,2024-12-06,2024-12-31,17.6,95.74,8.17,Concluído
8324,2083,53,Gestão de Tempo,2024-01-19,2024-05-12,35.09,80.68,7.49,Concluído
8325,2083,74,Agile/Scrum,2024-12-09,,17.05,17.48,,Em Andamento
8326,2083,82,Vendas Consultivas,2023-03-24,2024-05-19,29.73,75.32,8.12,Concluído
8327,2083,45,Gestão de Tempo,2024-06-20,2024-06-27,39.49,94.48,8.26,Concluído
8328,2083,91,Agile/Scrum,2024-03-17,2024-08-18,5.84,61.56,6.09,Concluído
8329,2083,56,Gestão de Tempo,2023-06-20,2024-09-25,39.47,75.67,6.67,Concluído
8330,2083,6,Power BI,2023-10-19,2023-11-05,27.01,70.98,6.04,Concluído
8331,2084,34,Python Avançado,2024-12-31,2025-01-01,37.13,88.83,7.21,Concluído
8332,2084,39,Data Analytics,2024-12-28,,7.88,74.16,,Em Andamento
8333,2084,36,Cloud Computing AWS,2024-12-29,2024-12-31,30.65,72.53,9.94,Concluído
8334,2085,51,Machine Learning,2024-09-25,,3.24,11.37,,Em Andamento
8335,2085,69,Excel Avançado,2024-12-23,2024-12-28,4.39,71.58,7.88,Concluído
8336,2085,90,Customer Success,2024-10-05,2024-10-22,22.38,76.62,7.21,Concluído
8337,2086,81,Liderança e Gestão de Pessoas,2022-10-17,2023-06-12,24.19,92.16,9.63,Concluído
8338,2086,15,Comunicação Eficaz,2023-02-12,2023-04-29,23.23,76.82,9.29,Concluído
8339,2086,98,Design Thinking,2022-08-18,,13.03,36.77,,Em Andamento
8340,2086,14,Design Thinking,2024-04-14,2024-05-20,19.39,67.16,9.33,Concluído
8341,2086,66,Power BI,2024-12-12,2024-12-18,11.77,95.0,6.57,Concluído
8342,2086,81,JavaScript Moderno,2023-07-31,2023-11-08,25.51,72.89,8.37,Concluído
8343,2086,56,Cloud Computing AWS,2023-06-10,2024-09-04,37.71,63.99,6.56,Concluído
8344,2087,92,JavaScript Moderno,2024-06-26,,10.4,15.36,,Em Andamento
8345,2087,28,Excel Avançado,2023-05-19,,4.04,10.28,,Cancelado
8346,2088,31,Python Avançado,2024-08-20,2024-12-08,14.17,92.47,6.61,Concluído
8347,2088,9,DevOps e CI/CD,2024-11-27,2024-11-28,24.8,79.43,7.37,Concluído
8348,2088,77,Vendas Consultivas,2024-05-27,2024-08-10,9.08,76.13,7.76,Concluído
8349,2089,50,Cloud Computing AWS,2023-10-01,,4.63,25.24,,Cancelado
8350,2089,67,Data Analytics,2023-06-08,2023-06-29,38.33,80.08,6.83,Concluído
8351,2089,27,Gestão de Projetos,2024-04-12,2024-09-24,18.17,98.01,6.4,Concluído
8352,2089,40,Data Analytics,2023-06-24,2024-10-18,13.57,61.57,8.56,Concluído
8353,2089,69,Negociação,2023-07-21,,7.78,29.92,,Cancelado
8354,2091,64,Gestão de Tempo,2022-10-15,,1.6,33.89,,Cancelado
8355,2091,18,Power BI,2024-09-29,2024-10-01,20.27,85.45,6.04,Concluído
8356,2091,10,JavaScript Moderno,2023-11-23,2024-10-31,12.37,61.04,9.56,Concluído
8357,2091,92,Gestão de Tempo,2024-11-10,,4.96,66.63,,Em Andamento
8358,2091,17,Oratória,2024-03-03,2024-12-11,34.9,94.39,8.05,Concluído
8359,2091,51,Liderança e Gestão de Pessoas,2022-10-20,,7.91,48.91,,Em Andamento
8360,2091,34,Gestão de Tempo,2022-12-12,2024-11-05,33.39,84.48,7.47,Concluído
8361,2092,69,Cloud Computing AWS,2024-09-21,2024-10-05,10.0,81.09,7.74,Concluído
8362,2092,21,Gestão de Projetos,2024-12-04,2024-12-20,10.4,60.68,6.96,Concluído
8363,2092,56,Segurança da Informação,2024-03-27,,7.16,67.72,,Em Andamento
8364,2092,19,JavaScript Moderno,2024-08-10,2024-10-06,13.94,73.25,7.73,Concluído
8365,2092,32,Liderança e Gestão de Pessoas,2024-06-30,2024-10-11,31.05,60.73,9.52,Concluído
8366,2092,60,Liderança e Gestão de Pessoas,2024-10-11,2024-11-26,29.9,95.18,6.18,Concluído
8367,2093,14,Power BI,2024-10-31,,14.5,81.1,,Em Andamento
8368,2093,10,Machine Learning,2024-12-12,2024-12-15,24.16,94.06,7.04,Concluído
8369,2094,78,JavaScript Moderno,2024-10-24,,11.65,45.14,,Em Andamento
8370,2094,20,Oratória,2024-10-23,2024-11-09,38.49,65.96,7.4,Concluído
8371,2095,92,Comunicação Eficaz,2024-02-05,2024-12-09,18.13,80.39,8.53,Concluído
8372,2095,6,Segurança da Informação,2023-07-27,2024-06-29,15.35,90.47,6.49,Concluído
8373,2095,93,Python Avançado,2023-09-19,2024-01-16,30.18,78.82,7.25,Concluído
8374,2095,31,JavaScript Moderno,2022-06-30,2024-02-10,14.03,88.26,9.58,Concluído
8375,2096,11,JavaScript Moderno,2024-05-31,,9.28,7.3,,Em Andamento
8376,2096,79,Data Analytics,2024-08-16,,18.39,78.81,,Em Andamento
8377,2096,24,Product Management,2024-05-22,2024-05-26,20.7,63.18,9.74,Concluído
8378,2096,10,Customer Success,2024-02-23,2024-11-11,13.52,91.36,9.07,Concluído
8379,2096,22,Gestão de Tempo,2024-09-19,,5.66,70.19,,Em Andamento
8380,2097,21,DevOps e CI/CD,2024-02-15,2024-11-01,4.35,64.73,6.61,Concluído
8381,2097,55,Data Analytics,2024-12-06,2024-12-25,30.93,67.49,7.57,Concluído
8382,2097,63,Data Analytics,2024-01-29,2024-05-17,32.06,91.19,8.71,Concluído
8383,2097,81,Segurança da Informação,2024-09-09,2024-09-30,27.58,71.34,9.97,Concluído
8384,2097,94,Design Thinking,2023-11-11,2024-11-24,19.4,70.32,6.0,Concluído
8385,2098,3,Data Analytics,2024-07-11,2024-11-06,16.8,65.25,6.82,Concluído
8386,2098,24,Segurança da Informação,2024-10-31,,2.72,15.05,,Cancelado
8387,2098,90,Negociação,2024-11-01,,11.09,48.76,,Em Andamento
8388,2098,6,Design Thinking,2024-11-12,2024-12-31,35.55,87.22,8.33,Concluído
8389,2098,83,Product Management,2024-12-02,,6.44,5.41,,Em Andamento
8390,2099,63,Gestão de Tempo,2024-09-18,2024-11-29,13.9,97.33,9.16,Concluído
8391,2099,52,Gestão de Tempo,2023-12-21,2024-03-07,29.86,88.53,9.16,Concluído
8392,2099,91,JavaScript Moderno,2024-07-23,2024-12-08,11.65,61.34,8.13,Concluído
8393,2099,22,Power BI,2023-06-11,2024-09-11,23.96,91.06,6.35,Concluído
8394,2099,8,Python Avançado,2024-02-19,2024-09-25,30.41,75.91,7.05,Concluído
8395,2099,35,Vendas Consultivas,2024-05-10,2024-08-04,25.46,66.07,6.99,Concluído
8396,2099,15,Power BI,2023-06-10,2024-12-02,34.81,90.88,7.05,Concluído
8397,2100,100,Comunicação Eficaz,2022-09-04,2024-06-30,21.87,94.52,7.41,Concluído
8398,2100,31,Agile/Scrum,2023-04-14,2024-02-14,12.21,85.88,8.88,Concluído
8399,2100,88,Customer Success,2024-06-29,2024-10-24,17.26,65.88,9.1,Concluído
8400,2100,50,Cloud Computing AWS,2024-01-14,2024-07-16,10.14,82.86,8.15,Concluído
8401,2100,71,JavaScript Moderno,2023-11-25,2024-01-11,5.6,72.89,6.02,Concluído
8402,2101,36,Liderança e Gestão de Pessoas,2022-09-15,2024-02-12,36.74,83.36,8.95,Concluído
8403,2101,35,Agile/Scrum,2024-05-10,2024-09-02,34.32,71.53,8.67,Concluído
8404,2101,91,Power BI,2023-01-16,2023-12-14,20.93,70.0,8.24,Concluído
8405,2101,35,Vendas Consultivas,2024-09-28,2024-11-30,36.42,91.55,9.61,Concluído
8406,2101,86,Excel Avançado,2024-04-03,2024-10-01,13.21,98.69,6.23,Concluído
8407,2101,87,Negociação,2024-11-27,2024-12-25,14.56,70.67,9.35,Concluído
8408,2101,77,Excel Avançado,2023-07-04,2023-12-06,32.88,85.91,7.05,Concluído
8409,2101,30,Python Avançado,2022-10-19,2024-08-28,38.54,71.25,6.91,Concluído
8410,2102,94,Product Management,2024-01-06,,14.08,49.59,,Em Andamento
8411,2102,57,Negociação,2024-12-09,,19.44,4.28,,Em Andamento
8412,2102,66,Excel Avançado,2022-11-20,2024-05-08,32.6,92.87,9.86,Concluído
8413,2102,24,JavaScript Moderno,2023-07-13,2024-08-01,24.38,74.95,8.73,Concluído
8414,2102,1,Design Thinking,2023-10-04,2024-01-01,25.95,68.3,9.79,Concluído
8415,2102,30,Design Thinking,2023-04-20,,8.21,86.18,,Em Andamento
8416,2103,52,Machine Learning,2024-04-22,2024-07-15,33.8,72.07,8.71,Concluído
8417,2103,43,Product Management,2024-07-05,2024-11-14,5.46,64.62,7.55,Concluído
8418,2104,44,Excel Avançado,2024-12-20,2024-12-24,21.13,83.78,6.75,Concluído
8419,2104,59,Gestão de Tempo,2024-12-28,2024-12-29,8.61,74.45,9.38,Concluído
8420,2104,59,Excel Avançado,2024-12-24,2024-12-27,11.52,89.92,8.41,Concluído
8421,2104,50,Liderança e Gestão de Pessoas,2024-12-25,2024-12-31,27.32,84.72,7.12,Concluído
8422,2104,18,Gestão de Projetos,2024-12-20,2024-12-22,5.18,87.0,8.37,Concluído
8423,2104,27,Customer Success,2024-12-30,2024-12-31,11.83,89.52,6.18,Concluído
8424,2104,62,Negociação,2024-12-24,,9.63,82.71,,Em Andamento
8425,2104,61,Vendas Consultivas,2024-12-25,,15.8,39.63,,Em Andamento
8426,2106,63,Agile/Scrum,2024-05-25,2024-06-23,15.85,86.65,6.34,Concluído
8427,2106,29,Segurança da Informação,2024-09-03,2024-10-25,11.31,65.73,9.1,Concluído
8428,2106,71,Oratória,2024-10-29,2024-11-11,33.22,86.67,8.72,Concluído
8429,2107,69,Customer Success,2024-04-30,2024-11-27,6.39,80.31,6.52,Concluído
8430,2107,91,Customer Success,2024-10-29,2024-11-26,36.16,94.22,7.0,Concluído
8431,2107,10,Power BI,2024-12-18,2024-12-27,18.82,82.42,7.76,Concluído
8432,2107,19,Agile/Scrum,2023-11-10,,9.91,59.6,,Em Andamento
8433,2107,63,Excel Avançado,2024-03-17,2024-08-12,17.62,89.57,9.01,Concluído
8434,2107,65,Python Avançado,2024-02-24,2024-06-14,23.59,96.76,9.53,Concluído
8435,2108,67,Negociação,2024-11-13,2024-11-23,16.61,65.67,8.48,Concluído
8436,2108,85,Python Avançado,2024-11-16,2024-11-24,6.32,66.6,8.71,Concluído
8437,2108,50,Data Analytics,2024-11-22,2024-11-30,24.46,71.11,8.3,Concluído
8438,2108,67,Gestão de Projetos,2024-10-27,,11.97,29.77,,Em Andamento
8439,2108,14,Python Avançado,2024-12-07,2024-12-19,30.04,70.84,6.14,Concluído
8440,2110,26,Gestão de Projetos,2024-09-14,2024-11-04,8.22,65.47,8.41,Concluído
8441,2110,97,Excel Avançado,2024-08-08,2024-09-11,37.9,76.39,8.33,Concluído
8442,2110,90,Python Avançado,2024-09-05,2024-09-13,37.95,80.27,8.2,Concluído
8443,2110,19,Negociação,2024-10-16,2024-10-24,11.67,96.75,8.9,Concluído
8444,2110,21,Cloud Computing AWS,2024-05-03,2024-07-18,9.74,99.72,6.29,Concluído
8445,2111,9,DevOps e CI/CD,2023-09-15,2024-04-10,21.39,77.33,9.35,Concluído
8446,2111,69,Negociação,2023-12-31,2024-09-12,30.92,61.9,9.32,Concluído
8447,2111,47,Machine Learning,2023-09-14,2023-10-22,7.47,64.77,7.96,Concluído
8448,2111,2,JavaScript Moderno,2024-05-31,2024-10-14,4.64,79.03,9.48,Concluído
8449,2111,14,Data Analytics,2023-09-03,2024-10-05,28.56,79.35,9.41,Concluído
8450,2112,1,Cloud Computing AWS,2024-06-14,2024-10-19,38.31,81.37,7.35,Concluído
8451,2112,2,JavaScript Moderno,2024-09-04,2024-12-27,33.18,76.32,7.99,Concluído
8452,2112,24,Oratória,2024-07-11,2024-10-19,6.78,97.56,6.1,Concluído
8453,2112,80,Data Analytics,2024-05-28,2024-09-20,31.74,97.65,6.15,Concluído
8454,2112,82,Customer Success,2023-05-15,2024-10-21,5.46,89.97,9.25,Concluído
8455,2112,12,Vendas Consultivas,2024-09-14,,8.86,1.82,,Cancelado
8456,2113,57,Segurança da Informação,2024-12-05,2024-12-11,25.75,89.25,8.53,Concluído
8457,2113,22,Product Management,2024-12-04,,18.0,10.47,,Em Andamento
8458,2113,95,Negociação,2024-12-12,2024-12-19,4.55,68.23,6.39,Concluído
8459,2113,15,Oratória,2024-12-04,2024-12-12,28.62,79.29,7.28,Concluído
8460,2113,30,Cloud Computing AWS,2024-12-13,2024-12-29,39.93,79.49,7.79,Concluído
8461,2113,63,Gestão de Projetos,2024-12-04,,13.4,16.47,,Em Andamento
8462,2113,25,JavaScript Moderno,2024-12-04,2024-12-06,7.97,63.72,6.88,Concluído
8463,2113,88,Gestão de Projetos,2024-12-18,2024-12-22,22.05,95.94,6.16,Concluído
8464,2114,36,Product Management,2024-07-24,2024-12-13,15.35,83.65,7.36,Concluído
8465,2114,90,Comunicação Eficaz,2024-09-12,2024-10-24,22.13,86.75,8.14,Concluído
8466,2114,75,Oratória,2024-02-01,2024-11-17,8.31,68.04,6.62,Concluído
8467,2115,34,JavaScript Moderno,2024-08-20,2024-11-15,5.47,82.75,8.4,Concluído
8468,2115,13,Gestão de Projetos,2024-12-28,,3.95,20.56,,Em Andamento
8469,2115,2,DevOps e CI/CD,2024-08-11,2024-12-05,11.93,99.86,8.7,Concluído
8470,2115,43,Customer Success,2024-10-22,2024-12-05,18.71,88.37,7.67,Concluído
8471,2115,44,Data Analytics,2024-10-16,2024-10-26,11.37,79.1,7.32,Concluído
8472,2115,89,Gestão de Projetos,2024-11-28,2024-12-16,28.44,76.46,6.49,Concluído
8473,2115,22,Excel Avançado,2024-06-28,2024-10-22,39.34,87.93,9.05,Concluído
8474,2115,98,Data Analytics,2024-06-16,2024-11-25,19.82,94.51,9.32,Concluído
8475,2116,19,Comunicação Eficaz,2024-08-19,2024-10-11,21.97,79.34,9.8,Concluído
8476,2116,7,Segurança da Informação,2023-08-06,2024-07-04,27.1,61.44,7.45,Concluído
8477,2117,56,Data Analytics,2024-11-01,2024-11-04,7.57,82.3,8.94,Concluído
8478,2117,4,Segurança da Informação,2024-11-01,2024-12-24,32.88,88.5,6.51,Concluído
8479,2117,13,Negociação,2024-06-30,2024-08-11,13.72,79.28,8.75,Concluído
8480,2117,73,Product Management,2024-10-25,2024-11-10,25.82,75.45,6.89,Concluído
8481,2117,51,Customer Success,2024-12-07,2024-12-27,11.53,60.21,6.74,Concluído
8482,2118,10,Gestão de Tempo,2023-09-26,2024-01-07,20.31,79.26,6.26,Concluído
8483,2118,74,Excel Avançado,2023-10-30,2024-12-22,19.02,69.66,9.59,Concluído
8484,2118,62,JavaScript Moderno,2024-06-15,2024-12-16,25.52,67.85,8.71,Concluído
8485,2118,94,Oratória,2023-12-30,2024-03-08,14.09,88.56,9.95,Concluído
8486,2118,10,Design Thinking,2023-07-11,2024-07-10,10.51,62.91,6.53,Concluído
8487,2118,11,Product Management,2024-04-12,2024-07-16,22.08,82.77,9.14,Concluído
8488,2118,31,Machine Learning,2023-08-15,2024-05-14,6.46,95.01,7.06,Concluído
8489,2119,70,DevOps e CI/CD,2024-09-23,2024-10-26,11.31,64.99,7.15,Concluído
8490,2119,37,Data Analytics,2024-09-13,2024-11-28,34.74,75.78,9.23,Concluído
8491,2120,23,Cloud Computing AWS,2023-12-08,2024-11-22,21.48,91.55,8.55,Concluído
8492,2120,58,Gestão de Projetos,2024-06-25,2024-08-24,6.45,69.82,6.45,Concluído
8493,2120,40,Power BI,2024-08-02,2024-08-25,31.72,91.9,8.35,Concluído
8494,2120,25,Power BI,2022-11-22,2023-03-22,25.64,92.01,8.87,Concluído
8495,2120,100,Excel Avançado,2024-01-22,2024-07-05,9.99,63.02,6.21,Concluído
8496,2121,43,JavaScript Moderno,2024-06-15,2024-09-23,21.56,80.05,8.69,Concluído
8497,2121,54,Data Analytics,2023-01-09,2024-03-20,20.8,69.13,6.0,Concluído
8498,2121,2,Oratória,2023-09-09,2024-07-26,6.85,98.91,7.1,Concluído
8499,2121,25,DevOps e CI/CD,2023-01-18,2024-10-17,20.79,97.13,6.98,Concluído
8500,2121,89,DevOps e CI/CD,2024-04-01,2024-11-01,37.98,64.33,8.86,Concluído
8501,2123,26,Python Avançado,2024-12-24,,8.62,65.48,,Em Andamento
8502,2123,68,Comunicação Eficaz,2024-11-27,,9.3,28.7,,Cancelado
8503,2123,94,Cloud Computing AWS,2024-03-01,2024-09-15,6.91,93.75,8.56,Concluído
8504,2123,31,DevOps e CI/CD,2023-06-10,,14.02,82.95,,Em Andamento
8505,2123,24,Data Analytics,2024-12-05,2024-12-09,18.16,63.93,6.77,Concluído
8506,2124,20,Data Analytics,2024-01-23,2024-11-07,27.04,94.45,9.69,Concluído
8507,2124,3,JavaScript Moderno,2024-02-05,2024-06-27,34.8,85.75,8.18,Concluído
8508,2124,29,Liderança e Gestão de Pessoas,2024-09-04,2024-12-14,11.56,81.41,9.98,Concluído
8509,2124,79,Negociação,2024-08-29,2024-11-16,26.78,66.77,8.31,Concluído
8510,2124,50,JavaScript Moderno,2024-03-25,2024-05-17,22.93,90.81,8.0,Concluído
8511,2126,47,Oratória,2024-03-22,2024-06-01,4.93,74.47,8.55,Concluído
8512,2127,14,Gestão de Tempo,2023-10-22,2024-10-14,4.02,87.36,7.51,Concluído
8513,2127,36,Comunicação Eficaz,2024-10-19,2024-12-22,19.32,82.76,8.19,Concluído
8514,2128,72,Cloud Computing AWS,2023-10-04,,6.59,30.68,,Cancelado
8515,2128,90,Oratória,2024-01-14,2024-01-26,7.4,62.62,6.77,Concluído
8516,2128,47,Python Avançado,2024-10-11,,1.38,34.85,,Cancelado
8517,2128,29,Python Avançado,2024-07-14,2024-09-18,34.0,73.09,7.58,Concluído
8518,2129,83,Gestão de Tempo,2024-11-02,,2.49,75.89,,Em Andamento
8519,2129,100,Data Analytics,2024-11-06,2024-12-19,38.08,87.66,6.5,Concluído
8520,2129,24,Data Analytics,2024-12-03,2024-12-19,21.75,88.22,9.2,Concluído
8521,2130,46,Gestão de Tempo,2024-07-31,2024-10-23,34.83,73.6,7.28,Concluído
8522,2130,63,Gestão de Tempo,2024-09-28,2024-10-10,7.03,86.82,6.18,Concluído
8523,2130,65,Design Thinking,2024-09-06,2024-11-05,23.35,83.14,8.76,Concluído
8524,2130,3,Data Analytics,2024-11-01,2024-12-08,9.6,96.04,9.75,Concluído
8525,2131,99,Segurança da Informação,2023-12-11,2024-10-29,39.12,69.54,9.18,Concluído
8526,2131,27,Oratória,2024-07-22,2024-09-12,8.46,82.66,6.73,Concluído
8527,2131,81,Power BI,2023-11-12,,4.06,38.3,,Cancelado
8528,2133,99,Gestão de Tempo,2022-08-02,2024-04-10,23.15,71.56,9.29,Concluído
8529,2133,71,Design Thinking,2023-01-29,,20.0,60.39,,Em Andamento
8530,2133,19,Product Management,2022-04-23,2024-11-18,36.61,77.82,8.78,Concluído
8531,2133,22,Design Thinking,2023-10-04,2023-11-26,6.73,79.69,6.72,Concluído
8532,2134,18,Excel Avançado,2024-06-14,2024-10-11,27.79,85.87,9.86,Concluído
8533,2134,51,Oratória,2023-08-09,2023-11-05,26.05,88.23,9.97,Concluído
8534,2135,89,Python Avançado,2024-12-02,2024-12-13,18.71,82.41,8.08,Concluído
8535,2135,48,Negociação,2024-10-29,2024-12-25,37.21,99.98,8.04,Concluído
8536,2135,26,Design Thinking,2024-06-16,2024-08-28,37.69,87.67,8.71,Concluído
8537,2135,10,Power BI,2024-07-06,2024-07-29,9.61,98.78,8.78,Concluído
8538,2135,48,Machine Learning,2024-06-14,2024-12-25,10.97,73.66,7.25,Concluído
8539,2135,32,Vendas Consultivas,2024-12-26,,19.1,78.84,,Em Andamento
8540,2135,25,Excel Avançado,2024-10-17,2024-12-11,7.64,63.6,7.08,Concluído
8541,2136,87,Vendas Consultivas,2023-08-06,,8.32,81.46,,Em Andamento
8542,2136,64,Negociação,2023-08-10,2024-08-26,19.88,89.43,8.72,Concluído
8543,2136,97,Power BI,2023-12-05,2024-03-05,33.5,93.67,7.96,Concluído
8544,2136,60,JavaScript Moderno,2023-07-27,2023-09-18,33.4,91.7,8.65,Concluído
8545,2136,57,Product Management,2024-06-16,2024-12-06,15.78,83.41,8.98,Concluído
8546,2136,46,Excel Avançado,2023-09-01,2024-03-11,6.17,99.55,8.98,Concluído
8547,2136,79,Oratória,2024-04-23,2024-07-16,20.51,70.37,8.99,Concluído
8548,2137,55,Python Avançado,2024-11-30,2024-12-15,10.72,74.91,8.57,Concluído
8549,2137,12,Vendas Consultivas,2024-10-15,2024-10-19,24.13,66.31,7.77,Concluído
8550,2137,98,Gestão de Projetos,2024-10-22,2024-12-17,32.23,74.33,8.13,Concluído
8551,2137,34,Oratória,2024-11-25,2024-11-26,27.64,65.39,9.04,Concluído
8552,2137,4,Gestão de Tempo,2024-11-28,2024-12-28,26.94,82.44,6.11,Concluído
8553,2137,53,Comunicação Eficaz,2024-08-24,2024-09-06,37.48,79.23,7.62,Concluído
8554,2138,24,Cloud Computing AWS,2024-09-29,,14.12,27.54,,Em Andamento
8555,2138,95,Gestão de Projetos,2022-12-08,2023-09-05,20.09,61.27,8.08,Concluído
8556,2138,65,DevOps e CI/CD,2024-02-29,,10.63,16.13,,Em Andamento
8557,2139,16,Machine Learning,2024-11-17,2024-11-22,11.15,91.39,8.64,Concluído
8558,2139,10,DevOps e CI/CD,2024-08-02,2024-10-31,8.38,79.14,9.67,Concluído
8559,2139,95,Gestão de Tempo,2024-06-16,2024-12-04,32.99,87.93,9.3,Concluído
8560,2139,79,Comunicação Eficaz,2024-08-06,2024-12-23,8.82,93.35,7.46,Concluído
8561,2139,89,Product Management,2024-11-27,2024-12-15,36.91,79.81,8.18,Concluído
8562,2140,24,Python Avançado,2024-04-08,2024-06-15,26.36,60.2,9.58,Concluído
8563,2140,69,Customer Success,2024-03-11,2024-08-27,28.81,64.17,7.63,Concluído
8564,2140,47,Design Thinking,2024-04-18,2024-07-28,33.51,86.47,9.13,Concluído
8565,2140,44,Customer Success,2024-07-20,2024-10-01,28.47,90.17,6.29,Concluído
8566,2140,50,Cloud Computing AWS,2024-12-05,2024-12-08,31.76,70.8,9.73,Concluído
8567,2140,20,Oratória,2024-06-01,2024-11-16,14.17,86.52,9.3,Concluído
8568,2140,4,Gestão de Projetos,2024-07-14,2024-11-11,38.45,88.63,6.87,Concluído
8569,2140,73,JavaScript Moderno,2024-05-14,,8.1,20.37,,Cancelado
8570,2141,13,JavaScript Moderno,2024-04-19,2024-05-11,28.03,87.41,6.99,Concluído
8571,2141,37,Gestão de Tempo,2022-11-01,2024-01-11,39.12,95.79,9.94,Concluído
8572,2142,33,Agile/Scrum,2024-01-21,2024-08-28,33.91,99.79,6.41,Concluído
8573,2142,33,Machine Learning,2023-08-14,2023-12-19,16.23,82.33,8.49,Concluído
8574,2143,58,Product Management,2024-07-17,2024-11-17,22.11,84.42,8.74,Concluído
8575,2143,42,Vendas Consultivas,2024-05-26,,10.45,16.14,,Em Andamento
8576,2144,9,Power BI,2024-09-06,2024-09-08,23.08,67.73,9.9,Concluído
8577,2144,73,Gestão de Projetos,2024-09-12,2024-12-11,7.28,85.01,8.77,Concluído
8578,2144,21,Gestão de Tempo,2024-12-26,,16.29,37.32,,Em Andamento
8579,2144,16,Cloud Computing AWS,2024-10-26,2024-12-04,12.36,88.03,9.05,Concluído
8580,2144,53,Power BI,2024-09-07,2024-11-10,16.61,96.83,8.67,Concluído
8581,2144,83,Comunicação Eficaz,2024-07-14,2024-12-14,13.87,82.79,9.98,Concluído
8582,2145,92,Agile/Scrum,2023-12-31,2024-12-11,29.89,79.27,9.67,Concluído
8583,2145,98,Power BI,2024-01-05,2024-07-18,11.57,61.89,9.34,Concluído
8584,2145,49,Gestão de Projetos,2024-11-13,,19.27,23.37,,Em Andamento
8585,2145,32,Negociação,2024-03-25,2024-04-14,16.62,87.49,8.23,Concluído
8586,2145,54,Oratória,2024-05-07,2024-06-17,17.22,84.51,8.57,Concluído
8587,2145,71,Design Thinking,2023-07-01,2024-06-07,16.04,66.63,8.22,Concluído
8588,2145,46,Negociação,2024-08-01,2024-10-28,34.06,75.03,9.71,Concluído
8589,2146,53,Data Analytics,2023-08-18,2024-07-30,31.68,76.72,7.46,Concluído
8590,2146,86,Data Analytics,2024-09-14,2024-11-23,12.34,72.84,6.19,Concluído
8591,2146,4,Negociação,2022-03-15,2023-05-13,10.9,85.53,7.74,Concluído
8592,2146,96,Machine Learning,2024-11-16,2024-12-02,14.97,67.95,7.02,Concluído
8593,2146,22,Data Analytics,2023-08-01,2024-03-10,29.66,77.7,6.0,Concluído
8594,2146,10,Customer Success,2023-08-13,2024-10-17,34.27,69.59,7.18,Concluído
8595,2146,17,Data Analytics,2024-09-29,2024-10-23,14.03,91.8,9.72,Concluído
8596,2146,82,Oratória,2022-10-02,2024-10-12,35.15,87.4,6.15,Concluído
8597,2147,25,Power BI,2024-11-02,2024-12-13,29.66,97.34,6.37,Concluído
8598,2147,9,JavaScript Moderno,2023-07-21,,13.73,51.83,,Em Andamento
8599,2147,19,Gestão de Projetos,2024-08-21,2024-12-23,28.99,90.08,8.24,Concluído
8600,2147,44,Negociação,2024-11-04,2024-12-18,21.26,93.86,6.49,Concluído
8601,2148,90,Excel Avançado,2024-09-13,2024-10-16,16.63,63.73,6.62,Concluído
8602,2148,78,Cloud Computing AWS,2023-05-31,2023-11-08,5.3,85.15,6.39,Concluído
8603,2148,96,Agile/Scrum,2022-09-18,,12.19,75.31,,Em Andamento
8604,2148,53,Cloud Computing AWS,2024-02-29,2024-03-05,8.37,80.18,7.84,Concluído
8605,2148,69,DevOps e CI/CD,2024-03-14,2024-05-06,16.28,88.45,9.75,Concluído
8606,2148,17,Cloud Computing AWS,2022-11-03,,5.46,21.89,,Cancelado
8607,2148,36,Machine Learning,2024-12-30,,12.13,82.25,,Em Andamento
8608,2148,64,Agile/Scrum,2022-12-03,2023-07-27,27.87,85.2,9.3,Concluído
8609,2149,87,Gestão de Projetos,2024-04-28,2024-07-16,19.45,61.46,8.29,Concluído
8610,2149,40,Negociação,2024-02-24,2024-05-03,17.21,66.31,6.45,Concluído
8611,2149,21,Comunicação Eficaz,2023-11-05,,3.4,2.37,,Cancelado
8612,2149,79,Agile/Scrum,2024-08-30,2024-12-31,23.22,60.85,6.36,Concluído
8613,2149,46,Product Management,2023-05-07,2023-07-05,18.28,93.02,8.92,Concluído
8614,2149,79,DevOps e CI/CD,2024-04-07,2024-10-02,17.93,69.97,8.94,Concluído
8615,2149,46,DevOps e CI/CD,2024-10-06,2024-10-09,20.55,70.86,8.21,Concluído
8616,2151,99,JavaScript Moderno,2024-08-10,2024-12-27,20.07,80.14,9.94,Concluído
8617,2151,90,Cloud Computing AWS,2024-10-08,,16.48,62.5,,Em Andamento
8618,2151,74,Data Analytics,2023-11-25,2024-05-19,34.2,93.69,8.17,Concluído
8619,2151,1,Data Analytics,2024-10-11,2024-11-07,8.24,61.29,9.72,Concluído
8620,2151,70,Agile/Scrum,2024-08-31,2024-09-29,30.8,92.82,9.31,Concluído
8621,2151,19,Gestão de Projetos,2023-09-30,2023-11-16,18.9,70.97,7.46,Concluído
8622,2151,72,DevOps e CI/CD,2023-10-02,2024-08-18,21.68,73.53,8.71,Concluído
8623,2151,33,Agile/Scrum,2024-06-29,2024-07-12,7.21,92.15,7.09,Concluído
8624,2152,66,Comunicação Eficaz,2024-02-23,2024-06-12,7.17,92.25,6.37,Concluído
8625,2152,10,Agile/Scrum,2023-07-21,,13.9,48.76,,Em Andamento
8626,2152,34,Comunicação Eficaz,2024-09-11,2024-10-20,25.03,80.66,8.21,Concluído
8627,2152,96,Design Thinking,2024-06-07,2024-11-06,31.67,70.69,8.23,Concluído
8628,2152,3,Power BI,2024-08-04,2024-09-20,6.17,70.44,7.43,Concluído
8629,2152,92,Oratória,2024-03-22,2024-11-25,7.25,77.56,9.14,Concluído
8630,2152,78,Design Thinking,2024-01-30,2024-08-11,36.53,90.38,9.02,Concluído
8631,2153,2,JavaScript Moderno,2023-06-25,,12.25,2.13,,Em Andamento
8632,2153,8,Gestão de Tempo,2024-06-07,2024-08-11,27.21,97.06,7.22,Concluído
8633,2153,15,Design Thinking,2024-08-09,2024-08-27,28.49,95.85,8.46,Concluído
8634,2153,86,Machine Learning,2023-08-29,2023-12-24,31.53,64.94,9.89,Concluído
8635,2156,63,Oratória,2023-10-09,2023-12-20,17.14,86.34,7.95,Concluído
8636,2156,36,Liderança e Gestão de Pessoas,2023-11-23,2024-12-04,27.16,86.06,9.75,Concluído
8637,2156,79,Liderança e Gestão de Pessoas,2023-10-14,2024-02-08,37.11,80.38,9.48,Concluído
8638,2156,72,Liderança e Gestão de Pessoas,2023-10-27,2024-08-10,9.59,84.02,6.29,Concluído
8639,2156,61,Excel Avançado,2023-11-11,,3.7,1.1,,Cancelado
8640,2156,31,Machine Learning,2024-12-07,2024-12-14,15.76,75.61,8.22,Concluído
8641,2156,80,DevOps e CI/CD,2024-04-15,2024-09-23,27.94,70.81,9.74,Concluído
8642,2157,52,Machine Learning,2023-05-17,,1.17,24.95,,Cancelado
8643,2157,19,Comunicação Eficaz,2024-05-21,,4.68,27.13,,Em Andamento
8644,2157,43,JavaScript Moderno,2024-12-31,2025-01-01,31.2,99.51,9.64,Concluído
8645,2157,46,Gestão de Projetos,2024-12-29,2024-12-30,9.89,90.73,7.81,Concluído
8646,2157,7,Gestão de Projetos,2023-10-14,2024-05-13,8.05,65.93,8.19,Concluído
8647,2157,46,Comunicação Eficaz,2023-01-23,2024-10-14,26.18,94.08,9.76,Concluído
8648,2158,22,Power BI,2024-11-27,2024-12-23,24.0,69.71,7.22,Concluído
8649,2158,29,Vendas Consultivas,2024-12-17,2024-12-25,6.47,68.38,9.29,Concluído
8650,2158,18,Customer Success,2024-11-13,2024-12-17,14.66,69.5,6.22,Concluído
8651,2159,52,Cloud Computing AWS,2023-05-28,2024-07-14,33.07,93.86,7.73,Concluído
8652,2159,75,Cloud Computing AWS,2022-12-12,,17.83,55.72,,Em Andamento
8653,2159,96,Excel Avançado,2023-08-03,,18.97,4.9,,Em Andamento
8654,2159,52,Oratória,2023-06-18,2023-06-21,32.82,95.97,6.54,Concluído
8655,2159,39,Design Thinking,2024-06-05,2024-06-26,36.74,99.76,9.04,Concluído
8656,2159,6,Data Analytics,2022-11-24,2024-04-23,9.73,68.49,8.94,Concluído
8657,2159,65,Product Management,2024-06-27,2024-12-22,22.68,95.57,6.66,Concluído
8658,2159,67,Python Avançado,2023-02-05,2023-12-19,16.38,97.05,6.86,Concluído
8659,2160,78,Cloud Computing AWS,2024-09-13,2024-12-19,36.87,77.04,6.41,Concluído
8660,2160,47,Excel Avançado,2024-11-12,,12.63,59.25,,Em Andamento
8661,2160,89,Vendas Consultivas,2024-10-23,2024-11-24,10.84,87.56,8.11,Concluído
8662,2160,48,Agile/Scrum,2024-10-17,2024-11-26,14.19,75.28,6.65,Concluído
8663,2160,38,Customer Success,2024-07-27,2024-08-21,17.7,89.41,6.62,Concluído
8664,2160,81,Vendas Consultivas,2024-10-15,2024-12-10,4.26,64.4,8.19,Concluído
8665,2160,87,Python Avançado,2024-08-23,,8.0,89.8,,Em Andamento
8666,2160,38,Product Management,2024-09-22,2024-10-06,16.66,88.22,7.33,Concluído
8667,2161,64,Data Analytics,2024-08-19,2024-08-27,34.67,88.29,8.15,Concluído
8668,2161,29,Segurança da Informação,2023-10-30,2023-12-07,18.55,70.92,8.68,Concluído
8669,2161,23,Vendas Consultivas,2024-12-18,2024-12-20,39.4,86.66,7.97,Concluído
8670,2162,68,Oratória,2024-09-11,2024-09-20,8.79,98.11,8.19,Concluído
8671,2162,60,Vendas Consultivas,2024-07-15,2024-10-22,19.91,66.0,7.52,Concluído
8672,2162,28,JavaScript Moderno,2024-12-04,2024-12-28,14.45,91.04,6.09,Concluído
8673,2162,14,JavaScript Moderno,2024-06-20,2024-07-27,26.26,92.39,9.51,Concluído
8674,2162,66,Data Analytics,2024-06-15,2024-07-13,32.71,87.33,9.83,Concluído
8675,2162,21,Power BI,2024-06-15,2024-11-25,38.79,75.31,7.56,Concluído
8676,2163,38,Vendas Consultivas,2022-05-01,2024-03-19,20.39,71.94,7.13,Concluído
8677,2163,56,DevOps e CI/CD,2023-03-16,2024-10-21,32.18,62.44,8.98,Concluído
8678,2163,72,Gestão de Tempo,2023-09-17,,16.82,50.43,,Em Andamento
8679,2163,68,Segurança da Informação,2024-07-06,2024-11-17,35.9,99.04,6.46,Concluído
8680,2163,30,Vendas Consultivas,2023-01-09,,14.45,15.44,,Em Andamento
8681,2163,15,DevOps e CI/CD,2023-02-26,,18.52,3.17,,Em Andamento
8682,2163,22,Design Thinking,2022-12-10,2023-01-12,8.24,75.76,8.89,Concluído
8683,2163,74,Customer Success,2022-05-15,,19.5,20.28,,Em Andamento
8684,2164,45,Agile/Scrum,2024-12-16,2024-12-22,10.77,89.91,9.62,Concluído
8685,2164,86,DevOps e CI/CD,2024-10-05,2024-12-12,34.37,87.54,8.0,Concluído
8686,2164,74,Gestão de Projetos,2024-10-14,2024-11-04,24.46,70.63,8.7,Concluído
8687,2165,84,Segurança da Informação,2024-10-03,2024-11-21,31.06,60.11,7.46,Concluído
8688,2165,47,Negociação,2024-11-21,2024-12-15,17.31,98.66,7.08,Concluído
8689,2165,59,Design Thinking,2024-10-17,2024-11-08,36.74,83.46,8.25,Concluído
8690,2165,85,Design Thinking,2024-09-16,2024-10-27,34.84,85.38,8.9,Concluído
8691,2166,95,Cloud Computing AWS,2023-12-16,2024-08-12,24.96,69.52,9.73,Concluído
8692,2166,23,Negociação,2024-12-24,2024-12-31,25.43,85.86,7.57,Concluído
8693,2166,94,Data Analytics,2023-04-08,2023-09-12,24.98,62.66,8.99,Concluído
8694,2166,70,Liderança e Gestão de Pessoas,2024-09-18,2024-12-16,6.96,60.89,6.36,Concluído
8695,2166,40,Vendas Consultivas,2024-07-18,2024-12-31,9.69,98.39,9.17,Concluído
8696,2166,94,Excel Avançado,2023-12-23,2024-05-07,10.75,91.71,9.45,Concluído
8697,2166,22,Cloud Computing AWS,2023-05-15,2023-09-06,31.88,80.09,8.32,Concluído
8698,2167,41,Comunicação Eficaz,2024-02-23,2024-05-03,28.27,76.38,8.06,Concluído
8699,2167,15,Liderança e Gestão de Pessoas,2024-12-03,2024-12-20,32.66,65.78,9.38,Concluído
8700,2167,20,Negociação,2024-07-26,2024-11-30,21.81,65.8,9.46,Concluído
8701,2167,56,Gestão de Tempo,2024-10-23,2024-11-02,14.44,98.86,6.7,Concluído
8702,2167,44,Agile/Scrum,2024-02-22,,2.32,38.99,,Em Andamento
8703,2167,50,Oratória,2024-12-15,2024-12-24,22.41,89.78,9.69,Concluído
8704,2168,2,JavaScript Moderno,2024-10-06,2024-10-17,23.22,62.55,6.9,Concluído
8705,2168,100,Customer Success,2024-06-01,2024-06-21,23.1,85.41,6.68,Concluído
8706,2168,58,DevOps e CI/CD,2023-04-05,,7.03,14.43,,Cancelado
8707,2168,18,DevOps e CI/CD,2022-12-06,2023-01-06,27.37,80.71,9.4,Concluído
8708,2169,85,Liderança e Gestão de Pessoas,2024-04-13,2024-07-22,29.21,88.28,9.66,Concluído
8709,2169,100,Vendas Consultivas,2024-12-12,2024-12-31,35.48,67.93,8.48,Concluído
8710,2169,5,Customer Success,2024-07-22,2024-12-03,13.45,63.49,9.37,Concluído
8711,2169,38,Power BI,2024-07-04,,2.62,16.39,,Cancelado
8712,2169,37,Negociação,2024-07-25,2024-11-25,13.98,87.56,9.73,Concluído
8713,2169,46,Liderança e Gestão de Pessoas,2024-10-29,2024-11-15,8.54,64.58,9.11,Concluído
8714,2169,43,Customer Success,2024-06-01,2024-11-14,21.39,90.64,9.52,Concluído
8715,2169,55,Machine Learning,2024-09-29,2024-10-14,30.81,74.88,7.32,Concluído
8716,2170,25,Negociação,2023-02-25,2024-09-01,39.62,79.39,6.41,Concluído
8717,2171,23,Machine Learning,2022-10-26,2023-01-12,10.8,89.96,6.55,Concluído
8718,2171,8,Vendas Consultivas,2023-05-13,2024-11-21,21.09,64.17,6.47,Concluído
8719,2171,48,Machine Learning,2022-07-26,2023-11-09,25.19,79.29,6.1,Concluído
8720,2171,69,Power BI,2024-04-13,2024-04-25,19.95,81.03,6.53,Concluído
8721,2171,7,Excel Avançado,2023-08-27,2024-07-19,25.75,74.51,7.61,Concluído
8722,2171,82,Customer Success,2023-06-28,,10.91,62.84,,Em Andamento
8723,2172,24,JavaScript Moderno,2024-10-03,2024-11-22,4.11,73.66,6.85,Concluído
8724,2172,25,Vendas Consultivas,2023-02-24,2023-06-24,15.53,93.11,6.38,Concluído
8725,2172,74,Machine Learning,2022-04-28,,17.07,87.64,,Em Andamento
8726,2172,82,Design Thinking,2023-06-03,,11.02,86.87,,Em Andamento
8727,2172,21,Vendas Consultivas,2022-11-12,2024-06-21,19.32,98.12,9.76,Concluído
8728,2173,49,Agile/Scrum,2023-04-10,2024-11-16,25.32,95.03,7.01,Concluído
8729,2174,96,Segurança da Informação,2024-06-24,2024-06-25,23.89,67.9,8.73,Concluído
8730,2174,59,Gestão de Projetos,2024-06-17,2024-08-17,38.76,62.62,8.04,Concluído
8731,2175,12,Agile/Scrum,2024-09-20,,16.34,61.35,,Em Andamento
8732,2175,70,Comunicação Eficaz,2024-05-27,2024-11-07,6.8,63.5,8.33,Concluído
8733,2175,95,DevOps e CI/CD,2024-09-25,,6.51,19.63,,Cancelado
8734,2175,52,Power BI,2023-09-28,,8.39,81.8,,Em Andamento
8735,2175,84,Cloud Computing AWS,2023-10-19,2023-12-27,25.11,79.39,6.96,Concluído
8736,2175,21,Liderança e Gestão de Pessoas,2024-06-28,2024-12-22,25.71,71.6,9.85,Concluído
8737,2175,30,Customer Success,2024-12-10,2024-12-29,39.94,61.22,6.49,Concluído
8738,2175,83,JavaScript Moderno,2023-07-10,,12.86,80.61,,Em Andamento
8739,2176,85,Agile/Scrum,2024-07-29,,5.79,39.82,,Cancelado
8740,2176,52,Vendas Consultivas,2024-10-20,2024-11-10,19.35,61.21,7.09,Concluído
8741,2176,1,Negociação,2024-11-17,2024-12-18,26.1,68.24,7.23,Concluído
8742,2176,73,Product Management,2024-09-17,2024-12-12,35.34,96.6,7.65,Concluído
8743,2176,44,Product Management,2024-03-29,,13.15,42.76,,Em Andamento
8744,2176,22,JavaScript Moderno,2024-09-24,,5.28,28.08,,Em Andamento
8745,2176,41,Segurança da Informação,2024-12-08,,4.3,37.55,,Cancelado
8746,2179,30,Python Avançado,2024-04-06,2024-12-24,21.94,63.2,9.71,Concluído
8747,2179,88,Product Management,2024-05-28,,17.24,30.54,,Em Andamento
8748,2179,45,JavaScript Moderno,2024-08-15,2024-10-29,5.49,60.37,7.62,Concluído
8749,2179,54,Machine Learning,2024-05-04,2024-08-19,29.52,98.18,6.44,Concluído
8750,2179,18,Segurança da Informação,2024-04-01,2024-05-22,12.38,68.45,9.28,Concluído
8751,2179,60,Vendas Consultivas,2024-10-18,2024-11-29,18.5,91.73,8.03,Concluído
8752,2179,67,Excel Avançado,2024-12-31,2025-01-01,24.82,85.16,7.03,Concluído
8753,2180,9,Gestão de Tempo,2024-11-22,2024-11-28,15.89,87.41,7.24,Concluído
8754,2180,68,JavaScript Moderno,2024-12-04,2024-12-19,24.2,83.06,9.22,Concluído
8755,2180,88,Product Management,2024-06-07,2024-10-21,11.32,71.48,6.28,Concluído
8756,2180,27,Python Avançado,2023-12-11,2024-04-30,22.53,97.23,6.21,Concluído
8757,2180,94,Customer Success,2024-11-28,2024-12-29,26.77,89.13,8.23,Concluído
8758,2180,81,Oratória,2024-06-06,2024-10-15,32.58,73.95,9.42,Concluído
8759,2180,30,Design Thinking,2024-04-07,2024-09-15,21.57,98.56,9.75,Concluído
8760,2181,97,Gestão de Tempo,2024-10-23,2024-12-21,10.78,77.84,7.67,Concluído
8761,2181,40,Power BI,2024-11-22,,7.77,24.64,,Cancelado
8762,2181,80,Gestão de Projetos,2024-10-22,2024-11-19,29.35,86.63,7.2,Concluído
8763,2182,21,DevOps e CI/CD,2024-06-21,2024-11-10,28.35,63.55,6.81,Concluído
8764,2184,30,Machine Learning,2024-11-09,,8.36,39.93,,Em Andamento
8765,2184,89,JavaScript Moderno,2024-12-17,2024-12-27,32.82,63.16,9.57,Concluído
8766,2184,20,JavaScript Moderno,2024-11-20,2024-12-04,13.09,73.0,9.94,Concluído
8767,2184,34,Machine Learning,2024-11-08,,14.69,13.95,,Em Andamento
8768,2184,31,Power BI,2024-12-18,,9.22,86.56,,Em Andamento
8769,2184,48,Data Analytics,2024-11-20,2024-12-01,28.24,76.02,8.39,Concluído
8770,2185,15,Vendas Consultivas,2024-01-26,2024-11-29,8.33,92.7,6.92,Concluído
8771,2186,95,Excel Avançado,2023-03-24,2024-05-02,15.47,90.56,6.91,Concluído
8772,2186,23,Power BI,2024-01-15,2024-04-03,14.35,73.34,7.64,Concluído
8773,2186,63,Comunicação Eficaz,2024-09-15,2024-11-16,4.92,88.01,9.37,Concluído
8774,2186,80,Data Analytics,2024-04-06,2024-06-11,24.48,99.53,7.85,Concluído
8775,2186,88,Customer Success,2022-06-05,,4.99,41.85,,Em Andamento
8776,2186,25,Excel Avançado,2023-09-04,2024-06-02,32.32,97.18,6.05,Concluído
8777,2187,47,Oratória,2023-01-04,2024-05-09,26.8,95.14,9.31,Concluído
8778,2187,72,Segurança da Informação,2023-05-25,,16.53,10.1,,Em Andamento
8779,2187,53,DevOps e CI/CD,2024-02-20,,12.01,61.04,,Em Andamento
8780,2187,32,Customer Success,2022-06-18,2023-06-18,36.57,83.77,9.7,Concluído
8781,2187,97,Design Thinking,2022-06-04,2023-01-15,26.83,92.77,8.46,Concluído
8782,2188,38,Python Avançado,2024-12-29,2024-12-31,20.1,77.17,7.65,Concluído
8783,2189,24,Comunicação Eficaz,2024-09-26,2024-11-25,10.32,65.4,9.9,Concluído
8784,2189,63,Agile/Scrum,2023-03-10,2023-10-06,32.61,94.57,8.16,Concluído
8785,2189,60,Customer Success,2024-05-02,2024-12-05,37.79,74.22,9.86,Concluído
8786,2189,76,Python Avançado,2024-10-07,2024-11-03,31.37,84.72,6.53,Concluído
8787,2189,13,Oratória,2024-04-11,2024-07-11,25.15,71.05,8.42,Concluído
8788,2190,6,Gestão de Projetos,2024-02-20,2024-07-18,19.15,62.63,6.43,Concluído
8789,2190,3,Gestão de Projetos,2023-05-22,2023-10-31,31.15,73.71,7.71,Concluído
8790,2190,64,Negociação,2024-03-13,2024-05-10,32.7,88.74,9.63,Concluído
8791,2190,55,Cloud Computing AWS,2023-10-11,,16.12,11.78,,Em Andamento
8792,2190,44,DevOps e CI/CD,2024-04-16,2024-11-10,20.82,85.03,8.72,Concluído
8793,2190,72,Oratória,2023-07-28,2024-07-24,32.18,75.47,8.46,Concluído
8794,2191,39,Gestão de Tempo,2024-09-29,2024-11-16,36.03,66.32,7.54,Concluído
8795,2191,90,Segurança da Informação,2024-08-29,2024-11-25,36.31,87.61,7.46,Concluído
8796,2191,52,Negociação,2024-10-18,2024-11-28,8.64,83.59,7.86,Concluído
8797,2191,84,DevOps e CI/CD,2024-10-02,2024-12-25,24.57,65.82,7.32,Concluído
8798,2192,63,Comunicação Eficaz,2024-09-26,2024-11-15,30.79,72.17,8.27,Concluído
8799,2193,71,JavaScript Moderno,2023-07-25,2024-01-14,24.85,64.13,7.42,Concluído
8800,2193,43,DevOps e CI/CD,2024-03-29,2024-10-30,38.8,83.46,9.5,Concluído
8801,2193,62,Oratória,2024-06-11,2024-08-28,21.82,78.42,7.27,Concluído
8802,2193,5,Comunicação Eficaz,2023-01-22,2023-04-06,20.18,91.39,6.82,Concluído
8803,2194,11,Gestão de Projetos,2024-10-18,2024-12-18,5.98,76.69,9.16,Concluído
8804,2195,9,Agile/Scrum,2023-01-11,2024-03-13,39.42,99.35,7.83,Concluído
8805,2195,8,Agile/Scrum,2024-09-18,,6.05,59.47,,Em Andamento
8806,2195,49,Comunicação Eficaz,2023-02-17,2024-09-25,4.33,86.22,7.54,Concluído
8807,2196,17,Power BI,2024-01-28,2024-08-05,9.11,75.19,6.58,Concluído
8808,2196,19,Excel Avançado,2024-06-02,2024-08-02,16.17,84.61,9.44,Concluído
8809,2196,72,Negociação,2023-12-12,2024-09-30,7.29,64.24,8.99,Concluído
8810,2197,88,DevOps e CI/CD,2022-09-17,2024-03-18,35.16,74.85,7.4,Concluído
8811,2197,88,Liderança e Gestão de Pessoas,2022-12-22,2023-05-27,5.36,80.15,9.01,Concluído
8812,2197,48,Negociação,2022-11-10,2022-12-15,36.7,70.72,9.17,Concluído
8813,2197,41,Python Avançado,2023-10-16,2024-01-31,13.55,82.94,9.04,Concluído
8814,2197,24,Power BI,2023-11-30,2024-05-18,14.19,65.02,9.52,Concluído
8815,2197,84,Customer Success,2024-06-27,2024-10-31,22.44,60.11,8.74,Concluído
8816,2198,96,Python Avançado,2024-03-20,,5.75,18.46,,Em Andamento
8817,2199,12,Python Avançado,2022-06-22,2023-04-20,16.11,81.92,7.91,Concluído
8818,2199,98,Cloud Computing AWS,2023-11-27,,5.65,13.3,,Cancelado
8819,2199,57,Data Analytics,2022-03-22,2022-10-23,24.52,95.14,7.61,Concluído
8820,2199,48,Product Management,2022-04-08,,8.09,53.73,,Em Andamento
8821,2199,79,Design Thinking,2022-07-17,2022-10-10,24.65,88.27,7.85,Concluído
8822,2199,71,Comunicação Eficaz,2023-04-14,,2.58,6.33,,Cancelado
8823,2200,44,Python Avançado,2024-01-20,2024-07-20,30.6,64.51,7.03,Concluído
8824,2200,71,Oratória,2023-10-14,2024-08-06,5.76,81.07,9.05,Concluído
8825,2200,26,Python Avançado,2022-08-10,2024-04-17,4.94,86.61,6.05,Concluído
8826,2200,58,Power BI,2024-11-19,2024-11-24,17.75,94.95,9.31,Concluído
8827,2200,80,Oratória,2024-08-02,2024-08-27,28.9,79.4,7.83,Concluído
8828,2200,90,Power BI,2023-05-02,2023-08-01,33.14,79.99,6.44,Concluído
8829,2200,46,DevOps e CI/CD,2022-09-27,2023-12-12,30.12,87.6,7.51,Concluído
8830,2201,66,Python Avançado,2024-12-03,2024-12-08,24.23,77.66,6.18,Concluído
8831,2201,11,Power BI,2024-11-29,2024-12-19,21.64,99.66,7.26,Concluído
8832,2201,61,Excel Avançado,2024-10-04,2024-12-20,21.81,88.2,6.98,Concluído
8833,2201,50,Vendas Consultivas,2024-12-03,2024-12-21,15.76,63.51,8.04,Concluído
8834,2201,80,Power BI,2024-11-20,,4.91,19.25,,Em Andamento
8835,2201,41,Product Management,2024-12-15,2024-12-31,7.62,67.93,7.91,Concluído
8836,2201,91,Customer Success,2024-11-11,2024-12-18,12.37,70.26,6.83,Concluído
8837,2202,50,Comunicação Eficaz,2022-12-11,2024-02-12,11.39,61.61,9.54,Concluído
8838,2202,42,Python Avançado,2024-10-07,2024-11-27,34.83,94.94,6.27,Concluído
8839,2202,76,Cloud Computing AWS,2023-05-03,2023-05-14,11.73,66.9,7.98,Concluído
8840,2202,66,Segurança da Informação,2022-10-22,2024-12-15,5.17,98.18,8.66,Concluído
8841,2203,15,Oratória,2024-04-10,2024-05-14,11.06,81.86,6.02,Concluído
8842,2203,11,Gestão de Tempo,2024-11-02,2024-11-03,18.7,89.99,8.69,Concluído
8843,2203,56,Excel Avançado,2024-09-19,2024-12-23,36.05,64.33,8.22,Concluído
8844,2203,28,Segurança da Informação,2024-10-14,2024-11-22,21.55,73.34,8.28,Concluído
8845,2204,82,Gestão de Tempo,2024-09-05,2024-12-24,26.45,92.02,6.55,Concluído
8846,2204,69,Power BI,2023-06-27,2024-02-07,20.04,87.53,9.52,Concluído
8847,2204,3,Oratória,2024-03-27,2024-08-18,29.61,89.7,7.54,Concluído
8848,2204,59,Product Management,2024-01-25,2024-10-27,34.65,73.98,9.55,Concluído
8849,2205,87,Product Management,2023-12-30,2024-08-28,36.25,76.79,7.15,Concluído
8850,2205,32,Negociação,2024-06-26,,12.16,67.61,,Em Andamento
8851,2206,80,Design Thinking,2024-11-16,2024-12-22,31.06,90.57,6.87,Concluído
8852,2206,12,Design Thinking,2024-09-08,2024-12-08,19.29,97.22,8.43,Concluído
8853,2206,11,Segurança da Informação,2024-10-08,2024-11-06,35.99,79.67,9.44,Concluído
8854,2207,13,Segurança da Informação,2022-12-27,,9.13,38.99,,Cancelado
8855,2207,8,Product Management,2023-09-28,,5.25,79.51,,Em Andamento
8856,2207,76,Customer Success,2024-07-06,,15.77,31.9,,Em Andamento
8857,2207,95,Negociação,2022-05-10,2023-05-21,11.96,96.99,9.1,Concluído
8858,2207,90,Liderança e Gestão de Pessoas,2023-06-19,2023-09-06,26.3,65.82,6.38,Concluído
8859,2207,48,Comunicação Eficaz,2023-04-10,,1.98,24.09,,Cancelado
8860,2207,73,Oratória,2022-12-19,2023-05-16,16.53,90.73,6.72,Concluído
8861,2208,18,Python Avançado,2024-11-16,2024-12-04,23.24,96.84,9.18,Concluído
8862,2209,69,JavaScript Moderno,2022-05-17,2024-06-18,33.59,70.86,7.14,Concluído
8863,2209,28,Python Avançado,2024-06-22,2024-07-25,37.48,74.31,9.38,Concluído
8864,2209,46,Segurança da Informação,2024-10-13,2024-11-13,39.72,60.84,8.16,Concluído
8865,2209,53,Cloud Computing AWS,2024-02-14,,13.08,70.18,,Em Andamento
8866,2209,100,Design Thinking,2024-05-31,2024-10-18,15.38,99.66,8.49,Concluído
8867,2210,67,Segurança da Informação,2024-10-03,,8.72,36.24,,Cancelado
8868,2210,30,Oratória,2024-12-14,,4.8,22.99,,Cancelado
8869,2210,43,Excel Avançado,2024-12-31,2025-01-01,22.69,99.56,6.86,Concluído
8870,2210,9,Agile/Scrum,2024-12-15,2024-12-19,39.43,86.81,7.45,Concluído
8871,2211,7,Vendas Consultivas,2024-07-26,2024-12-09,23.43,78.78,7.43,Concluído
8872,2211,80,Gestão de Projetos,2024-08-27,2024-09-20,15.74,97.55,9.7,Concluído
8873,2211,22,DevOps e CI/CD,2024-07-26,,18.52,60.46,,Em Andamento
8874,2211,96,Python Avançado,2024-04-30,2024-07-21,7.18,91.47,8.07,Concluído
8875,2211,59,Power BI,2024-12-17,2024-12-23,23.88,98.48,8.24,Concluído
8876,2211,78,Negociação,2024-09-04,2024-09-25,37.29,77.99,6.32,Concluído
8877,2212,29,JavaScript Moderno,2023-12-20,,18.59,29.82,,Em Andamento
8878,2212,29,Cloud Computing AWS,2022-02-08,2022-07-19,31.66,94.35,7.25,Concluído
8879,2212,60,Machine Learning,2023-03-20,2023-10-09,8.28,94.12,8.89,Concluído
8880,2212,21,Vendas Consultivas,2024-05-12,2024-08-28,32.98,93.39,9.62,Concluído
8881,2212,6,Liderança e Gestão de Pessoas,2023-12-22,,6.42,3.36,,Em Andamento
8882,2212,70,Comunicação Eficaz,2023-12-05,2023-12-20,14.17,94.91,8.3,Concluído
8883,2212,46,Excel Avançado,2023-03-26,2024-12-11,25.03,72.63,7.77,Concluído
8884,2212,70,Agile/Scrum,2022-10-15,2024-03-11,10.12,86.74,7.61,Concluído
8885,2213,64,Liderança e Gestão de Pessoas,2024-03-31,2024-04-10,9.82,73.61,6.9,Concluído
8886,2213,33,Negociação,2024-01-22,2024-03-05,16.32,90.55,7.62,Concluído
8887,2214,65,Data Analytics,2022-06-07,2024-04-22,13.9,68.01,9.82,Concluído
8888,2215,11,Python Avançado,2024-08-11,2024-09-13,32.75,99.05,7.94,Concluído
8889,2215,50,Liderança e Gestão de Pessoas,2023-12-15,2024-04-23,19.32,73.35,8.66,Concluído
8890,2216,81,Data Analytics,2024-02-12,2024-09-03,23.72,87.17,7.38,Concluído
8891,2216,33,Cloud Computing AWS,2024-03-30,2024-10-06,30.38,96.85,9.61,Concluído
8892,2216,44,Agile/Scrum,2024-12-18,,12.93,18.71,,Em Andamento
8893,2216,32,Vendas Consultivas,2024-06-29,2024-10-21,10.63,64.52,6.57,Concluído
8894,2216,75,JavaScript Moderno,2024-09-17,2024-10-13,23.87,74.18,9.67,Concluído
8895,2216,56,Negociação,2024-07-01,2024-10-26,31.43,64.93,7.88,Concluído
8896,2216,61,Segurança da Informação,2024-03-04,,19.06,83.65,,Em Andamento
8897,2216,95,Gestão de Tempo,2024-03-29,2024-05-22,38.2,79.09,8.22,Concluído
8898,2217,77,Power BI,2023-11-19,2024-08-05,28.64,95.67,7.11,Concluído
8899,2217,40,Power BI,2023-12-18,2024-07-13,17.71,98.98,6.15,Concluído
8900,2217,54,Gestão de Projetos,2024-06-26,2024-08-12,17.56,70.78,6.61,Concluído
8901,2217,34,JavaScript Moderno,2024-07-04,2024-08-02,20.24,88.42,7.32,Concluído
8902,2217,81,Data Analytics,2022-12-21,2024-05-13,6.69,77.89,9.0,Concluído
8903,2217,96,Oratória,2024-06-10,,18.51,64.12,,Em Andamento
8904,2217,64,DevOps e CI/CD,2024-11-16,2024-12-25,25.98,77.07,6.32,Concluído
8905,2218,55,DevOps e CI/CD,2023-02-28,2024-10-28,29.84,70.83,7.43,Concluído
8906,2218,18,Excel Avançado,2023-05-23,,5.63,47.09,,Em Andamento
8907,2218,8,Gestão de Tempo,2024-10-10,2024-10-28,5.97,71.29,8.93,Concluído
8908,2218,28,Negociação,2022-12-04,2024-05-14,15.21,81.02,9.3,Concluído
8909,2218,37,DevOps e CI/CD,2023-02-12,2023-06-16,22.58,78.41,6.88,Concluído
8910,2218,29,Negociação,2023-01-12,2023-01-15,30.76,76.58,7.13,Concluído
8911,2218,53,Machine Learning,2023-09-23,2024-09-01,11.03,79.95,6.81,Concluído
8912,2218,32,Gestão de Projetos,2023-11-28,2024-01-12,32.1,68.19,7.49,Concluído
8913,2219,75,Data Analytics,2024-07-07,2024-09-17,37.97,83.31,6.48,Concluído
8914,2219,9,Customer Success,2024-10-27,2024-11-04,21.65,92.18,7.84,Concluído
8915,2219,76,Design Thinking,2024-10-20,2024-12-16,31.77,63.24,6.92,Concluído
8916,2219,13,Excel Avançado,2024-12-31,2025-01-01,17.06,76.95,7.18,Concluído
8917,2220,10,Cloud Computing AWS,2024-09-15,,4.64,39.86,,Cancelado
8918,2220,51,DevOps e CI/CD,2023-05-31,2023-12-15,6.1,75.53,6.24,Concluído
8919,2222,68,Liderança e Gestão de Pessoas,2024-06-08,2024-06-11,6.34,75.28,6.55,Concluído
8920,2222,61,Excel Avançado,2024-11-20,,11.58,15.04,,Em Andamento
8921,2222,49,Machine Learning,2024-07-18,,12.68,58.72,,Em Andamento
8922,2224,74,JavaScript Moderno,2024-02-24,2024-08-15,7.22,63.18,9.24,Concluído
8923,2224,25,Customer Success,2024-08-25,2024-10-01,38.17,72.51,6.94,Concluído
8924,2224,91,Cloud Computing AWS,2024-11-17,2024-11-29,32.53,70.21,8.01,Concluído
8925,2225,56,Comunicação Eficaz,2022-11-09,2024-12-05,24.45,98.28,9.73,Concluído
8926,2226,91,Gestão de Projetos,2024-12-06,2024-12-27,23.41,94.1,9.64,Concluído
8927,2226,57,Liderança e Gestão de Pessoas,2024-11-28,2024-12-01,10.82,92.53,8.39,Concluído
8928,2226,98,Vendas Consultivas,2024-11-17,2024-12-06,23.62,60.34,6.08,Concluído
8929,2226,78,Power BI,2024-12-22,2024-12-23,12.94,89.26,9.07,Concluído
8930,2226,80,Oratória,2024-12-25,2024-12-29,16.33,93.15,6.54,Concluído
8931,2227,48,Comunicação Eficaz,2024-07-15,2024-10-07,33.72,84.83,6.81,Concluído
8932,2227,32,Design Thinking,2024-12-22,2024-12-24,26.3,80.23,8.0,Concluído
8933,2227,100,Vendas Consultivas,2024-06-22,,7.24,68.01,,Em Andamento
8934,2227,82,Gestão de Tempo,2024-02-25,,10.37,42.85,,Em Andamento
8935,2228,2,Excel Avançado,2024-03-26,,1.66,23.18,,Cancelado
8936,2228,88,Negociação,2024-02-12,2024-07-14,7.67,89.92,7.11,Concluído
8937,2228,46,Machine Learning,2024-02-15,2024-05-02,10.24,94.94,7.43,Concluído
8938,2228,27,Excel Avançado,2023-06-19,2023-07-09,12.62,60.66,9.06,Concluído
8939,2229,42,Customer Success,2024-06-10,,12.35,26.11,,Em Andamento
8940,2229,29,Customer Success,2024-09-07,2024-09-26,15.64,90.89,9.08,Concluído
8941,2229,75,Segurança da Informação,2024-10-26,2024-12-06,10.6,84.1,6.47,Concluído
8942,2229,89,Gestão de Tempo,2024-10-17,,4.88,14.34,,Cancelado
8943,2229,48,Vendas Consultivas,2024-05-21,2024-10-16,11.47,93.17,7.65,Concluído
8944,2229,99,Product Management,2024-05-15,2024-05-19,5.57,65.87,6.27,Concluído
8945,2229,79,Oratória,2024-06-30,,11.99,71.58,,Em Andamento
8946,2230,50,Gestão de Projetos,2024-11-15,2024-12-16,23.28,78.16,8.68,Concluído
8947,2230,58,Oratória,2024-08-13,2024-10-24,10.73,98.85,7.91,Concluído
8948,2230,93,Power BI,2024-10-04,2024-10-09,23.28,93.71,9.91,Concluído
8949,2231,21,Cloud Computing AWS,2024-09-22,2024-11-14,35.65,62.02,7.97,Concluído
8950,2231,77,Design Thinking,2024-12-06,2024-12-16,38.67,95.18,7.99,Concluído
8951,2231,64,Agile/Scrum,2024-11-25,2024-12-27,38.83,95.92,6.65,Concluído
8952,2231,61,Agile/Scrum,2024-12-24,2024-12-26,11.44,82.8,8.1,Concluído
8953,2231,23,DevOps e CI/CD,2024-09-16,2024-12-26,25.63,75.44,9.55,Concluído
8954,2231,92,Segurança da Informação,2024-12-05,2024-12-26,13.06,66.75,9.0,Concluído
8955,2231,12,Gestão de Projetos,2024-10-05,2024-10-17,37.79,86.8,6.22,Concluído
8956,2231,16,Vendas Consultivas,2024-12-22,,9.19,39.98,,Cancelado
8957,2232,2,Product Management,2024-07-06,2024-08-18,15.34,86.5,7.98,Concluído
8958,2232,56,Gestão de Tempo,2024-02-10,2024-07-14,5.27,64.27,9.08,Concluído
8959,2232,100,Vendas Consultivas,2023-11-30,2024-07-18,7.45,84.77,8.52,Concluído
8960,2232,20,Negociação,2023-04-17,2023-08-21,13.84,76.94,7.1,Concluído
8961,2232,31,Data Analytics,2024-09-11,2024-10-15,29.48,94.12,9.71,Concluído
8962,2232,45,Gestão de Projetos,2023-08-07,2024-03-26,21.2,66.46,9.13,Concluído
8963,2232,14,Gestão de Projetos,2023-02-01,2023-11-30,29.01,88.87,6.17,Concluído
8964,2233,22,JavaScript Moderno,2024-12-25,2024-12-26,16.0,82.98,6.49,Concluído
8965,2233,47,DevOps e CI/CD,2024-12-21,2024-12-29,28.03,60.58,9.78,Concluído
8966,2234,55,Python Avançado,2024-12-22,2024-12-30,35.22,76.36,6.84,Concluído
8967,2234,61,JavaScript Moderno,2024-11-26,2024-12-09,19.48,94.68,9.27,Concluído
8968,2234,25,JavaScript Moderno,2024-12-25,,5.26,49.15,,Em Andamento
8969,2234,8,Python Avançado,2024-11-29,2024-12-02,34.05,71.45,9.41,Concluído
8970,2234,38,Data Analytics,2024-12-06,,14.66,70.88,,Em Andamento
8971,2236,77,Comunicação Eficaz,2024-11-09,2024-11-29,10.98,74.06,7.82,Concluído
8972,2236,100,Vendas Consultivas,2023-05-05,2024-07-24,6.41,74.66,8.41,Concluído
8973,2236,86,Power BI,2023-02-25,2024-07-18,15.41,62.32,9.58,Concluído
8974,2238,36,Product Management,2024-02-06,2024-09-05,15.11,88.28,8.49,Concluído
8975,2238,73,Negociação,2024-12-09,2024-12-28,10.68,73.88,9.6,Concluído
8976,2238,6,Python Avançado,2024-09-20,2024-12-13,18.53,65.0,8.29,Concluído
8977,2238,66,Customer Success,2024-05-28,,2.85,85.63,,Em Andamento
8978,2238,59,Power BI,2024-10-02,2024-12-18,18.61,73.11,8.05,Concluído
8979,2238,89,Machine Learning,2023-07-28,2023-08-17,30.09,78.5,9.38,Concluído
8980,2238,24,Design Thinking,2024-04-15,2024-12-29,15.17,82.5,9.11,Concluído
8981,2238,48,Data Analytics,2023-02-19,2023-11-12,20.78,94.66,9.95,Concluído
8982,2239,20,Customer Success,2024-12-26,2024-12-30,29.64,65.24,8.08,Concluído
8983,2240,53,Customer Success,2024-11-07,2024-11-10,14.41,88.97,8.48,Concluído
8984,2240,12,Design Thinking,2022-06-14,2024-09-28,26.1,74.42,6.1,Concluído
8985,2240,75,Customer Success,2024-08-12,2024-09-30,31.43,69.33,9.77,Concluído
8986,2243,64,Product Management,2024-12-19,2024-12-27,34.85,85.0,8.21,Concluído
8987,2243,60,Design Thinking,2024-12-20,2024-12-31,4.41,69.78,6.09,Concluído
8988,2243,79,Cloud Computing AWS,2024-12-25,2024-12-30,17.65,73.73,7.8,Concluído
8989,2243,74,Excel Avançado,2024-12-28,2024-12-31,10.47,99.97,6.25,Concluído
8990,2244,62,Segurança da Informação,2024-07-08,2024-07-11,28.62,81.42,9.79,Concluído
8991,2244,5,Segurança da Informação,2023-12-23,2024-06-11,28.03,64.63,9.13,Concluído
8992,2244,52,JavaScript Moderno,2023-10-23,2024-03-14,37.22,99.5,8.41,Concluído
8993,2244,22,Oratória,2024-10-06,2024-12-02,26.54,88.73,7.06,Concluído
8994,2245,72,JavaScript Moderno,2024-10-03,2024-11-06,27.09,63.9,7.03,Concluído
8995,2245,54,DevOps e CI/CD,2024-11-01,2024-11-18,20.67,75.24,9.92,Concluído
8996,2246,93,Cloud Computing AWS,2024-12-23,2024-12-29,31.05,79.08,7.12,Concluído
8997,2246,62,Negociação,2024-08-28,,16.73,59.96,,Em Andamento
8998,2246,35,Power BI,2024-10-27,2024-12-19,30.97,90.23,7.82,Concluído
8999,2246,24,Machine Learning,2024-10-12,2024-10-30,22.05,75.11,9.28,Concluído
9000,2246,9,Python Avançado,2024-05-31,2024-06-14,20.97,68.34,8.53,Concluído
9001,2246,61,Oratória,2024-11-06,2024-11-18,21.08,62.8,6.97,Concluído
9002,2246,64,Customer Success,2024-04-14,2024-06-11,29.35,82.18,6.9,Concluído
9003,2247,39,Segurança da Informação,2024-09-24,,12.37,52.68,,Em Andamento
9004,2247,55,Agile/Scrum,2024-10-16,,5.32,2.03,,Cancelado
9005,2247,65,Data Analytics,2024-12-14,,9.46,0.79,,Em Andamento
9006,2247,52,JavaScript Moderno,2024-12-01,,8.61,15.68,,Cancelado
9007,2247,54,Segurança da Informação,2024-03-18,2024-09-23,15.19,95.08,6.18,Concluído
9008,2247,24,Comunicação Eficaz,2024-03-25,,15.91,39.82,,Em Andamento
9009,2248,10,Oratória,2024-04-08,2024-11-13,24.58,80.96,9.93,Concluído
9010,2248,93,Design Thinking,2024-04-12,,19.38,2.61,,Em Andamento
9011,2248,83,Vendas Consultivas,2023-01-26,2023-05-27,9.75,82.03,8.23,Concluído
9012,2249,83,Product Management,2024-04-18,,19.37,55.22,,Em Andamento
9013,2250,20,Negociação,2023-05-04,2024-01-07,30.73,86.89,9.0,Concluído
9014,2250,74,JavaScript Moderno,2022-09-30,2024-09-21,32.07,78.02,6.67,Concluído
9015,2250,68,Gestão de Projetos,2023-08-20,2024-08-02,13.0,61.65,9.15,Concluído
9016,2250,49,Gestão de Projetos,2024-10-27,,8.14,24.44,,Cancelado
9017,2252,24,Liderança e Gestão de Pessoas,2023-07-15,,15.59,22.49,,Em Andamento
9018,2252,92,Power BI,2023-05-02,2024-09-26,30.9,64.94,8.92,Concluído
9019,2253,1,Liderança e Gestão de Pessoas,2023-09-18,2024-01-17,5.35,81.8,8.72,Concluído
9020,2254,97,Product Management,2024-12-11,2024-12-21,11.08,69.12,8.34,Concluído
9021,2254,44,Data Analytics,2024-12-20,2024-12-23,14.96,80.26,6.65,Concluído
9022,2254,12,Machine Learning,2024-12-30,2024-12-31,5.6,88.99,7.68,Concluído
9023,2254,18,JavaScript Moderno,2024-11-28,2024-12-19,29.16,69.49,8.56,Concluído
9024,2254,21,Vendas Consultivas,2024-12-06,2024-12-15,22.05,75.84,8.03,Concluído
9025,2254,51,Oratória,2024-12-01,,12.5,8.03,,Em Andamento
9026,2254,13,Liderança e Gestão de Pessoas,2024-11-30,2024-12-12,15.41,61.01,7.04,Concluído
9027,2254,17,Python Avançado,2024-12-03,,5.69,53.59,,Em Andamento
9028,2255,66,Comunicação Eficaz,2024-10-31,,3.56,11.12,,Em Andamento
9029,2256,85,Excel Avançado,2024-06-29,,5.91,26.5,,Em Andamento
9030,2256,96,Power BI,2024-06-30,2024-07-26,5.28,70.72,6.01,Concluído
9031,2256,85,Data Analytics,2024-12-15,,4.86,66.84,,Em Andamento
9032,2257,37,Cloud Computing AWS,2023-12-22,2024-08-17,36.46,74.05,9.06,Concluído
9033,2258,36,JavaScript Moderno,2024-03-09,,6.55,39.1,,Cancelado
9034,2258,46,Gestão de Projetos,2022-10-06,2024-07-17,7.7,87.83,6.5,Concluído
9035,2258,72,Product Management,2022-12-04,2023-02-11,16.46,70.95,7.45,Concluído
9036,2258,14,Power BI,2024-01-02,2024-03-04,5.55,85.61,7.14,Concluído
9037,2258,63,Product Management,2023-07-23,,5.85,35.78,,Cancelado
9038,2258,7,DevOps e CI/CD,2024-08-19,2024-12-14,22.39,83.96,9.62,Concluído
9039,2259,4,JavaScript Moderno,2024-09-27,2024-11-13,6.59,89.59,8.4,Concluído
9040,2259,66,Gestão de Tempo,2024-04-27,2024-12-23,35.67,97.28,9.41,Concluído
9041,2259,70,Cloud Computing AWS,2024-07-29,2024-08-04,6.63,61.37,7.97,Concluído
9042,2259,90,Negociação,2024-07-18,2024-10-08,30.22,67.94,7.55,Concluído
9043,2259,18,Product Management,2024-08-03,2024-10-23,26.74,91.84,9.6,Concluído
9044,2259,43,Vendas Consultivas,2024-07-02,2024-11-17,31.94,77.42,6.32,Concluído
9045,2260,61,Product Management,2022-10-27,2023-01-01,5.05,78.71,6.63,Concluído
9046,2261,15,Python Avançado,2024-04-18,,2.02,14.77,,Em Andamento
9047,2261,18,Python Avançado,2023-08-14,,3.95,10.82,,Em Andamento
9048,2261,56,Python Avançado,2024-06-17,2024-11-15,4.11,89.45,9.64,Concluído
9049,2261,36,Design Thinking,2024-08-19,2024-11-25,15.54,67.96,8.93,Concluído
9050,2262,60,Negociação,2024-12-30,2024-12-31,39.45,85.68,9.45,Concluído
9051,2262,44,Cloud Computing AWS,2024-12-30,2024-12-31,5.13,99.48,7.8,Concluído
9052,2262,65,Data Analytics,2024-12-30,2024-12-31,10.78,75.56,9.1,Concluído
9053,2262,53,Vendas Consultivas,2024-12-29,,5.3,42.58,,Em Andamento
9054,2262,96,Excel Avançado,2024-12-26,2024-12-30,39.77,99.67,7.04,Concluído
9055,2262,95,JavaScript Moderno,2024-12-23,2024-12-31,35.04,86.58,6.71,Concluído
9056,2262,69,Customer Success,2024-12-31,,5.88,15.99,,Cancelado
9057,2263,13,Excel Avançado,2024-12-20,2024-12-31,5.13,65.82,9.34,Concluído
9058,2263,56,Gestão de Projetos,2024-12-28,,4.46,7.03,,Em Andamento
9059,2263,87,Liderança e Gestão de Pessoas,2024-12-19,2024-12-28,38.7,69.38,9.59,Concluído
9060,2263,88,Oratória,2024-12-24,2024-12-30,19.88,82.86,9.25,Concluído
9061,2263,92,Vendas Consultivas,2024-12-19,2024-12-24,9.57,93.62,7.96,Concluído
9062,2263,71,Design Thinking,2024-12-31,,2.33,50.56,,Em Andamento
9063,2264,64,Design Thinking,2024-12-22,2024-12-29,5.65,76.11,7.13,Concluído
9064,2264,76,Oratória,2024-12-24,2024-12-30,6.19,90.27,9.44,Concluído
9065,2265,28,Python Avançado,2024-06-30,,6.66,29.69,,Em Andamento
9066,2265,28,Excel Avançado,2023-10-28,2024-08-19,17.16,71.3,9.87,Concluído
9067,2265,23,Segurança da Informação,2024-01-11,2024-12-05,34.54,81.19,7.78,Concluído
9068,2265,49,JavaScript Moderno,2024-05-26,2024-08-13,22.8,96.1,9.44,Concluído
9069,2266,36,JavaScript Moderno,2024-11-05,2024-12-25,25.94,93.8,9.8,Concluído
9070,2266,60,Machine Learning,2024-12-28,2024-12-29,32.31,82.49,8.85,Concluído
9071,2266,98,Excel Avançado,2023-07-28,2023-11-19,38.27,71.49,6.63,Concluído
9072,2267,91,Vendas Consultivas,2023-04-20,2024-04-13,32.59,66.07,7.38,Concluído
9073,2267,64,Excel Avançado,2023-08-18,2024-05-24,13.47,91.39,6.99,Concluído
9074,2267,32,Python Avançado,2023-05-04,,3.14,54.63,,Em Andamento
9075,2267,65,Customer Success,2024-05-07,2024-08-21,37.41,81.61,7.39,Concluído
9076,2267,7,Vendas Consultivas,2024-01-24,,10.86,89.1,,Em Andamento
9077,2268,38,Design Thinking,2024-03-29,2024-11-22,13.33,94.58,7.09,Concluído
9078,2268,99,Oratória,2024-05-24,2024-07-15,6.51,75.83,8.47,Concluído
9079,2268,24,Comunicação Eficaz,2024-12-22,2024-12-25,39.94,87.78,9.37,Concluído
9080,2268,14,JavaScript Moderno,2024-05-05,2024-10-01,37.66,97.19,8.46,Concluído
9081,2268,74,Product Management,2024-12-17,,3.56,45.4,,Em Andamento
9082,2268,36,Oratória,2024-02-17,,1.83,17.61,,Cancelado
9083,2268,53,Python Avançado,2023-11-01,2024-02-11,27.02,82.97,6.79,Concluído
9084,2268,62,Gestão de Projetos,2024-07-04,2024-12-20,9.5,81.03,7.98,Concluído
9085,2271,5,Liderança e Gestão de Pessoas,2024-07-05,2024-12-19,34.58,91.18,6.99,Concluído
9086,2273,7,Cloud Computing AWS,2024-11-06,2024-11-19,24.63,74.39,8.22,Concluído
9087,2273,22,Gestão de Tempo,2024-09-29,2024-11-15,10.13,89.43,9.43,Concluído
9088,2273,87,Customer Success,2024-10-12,2024-11-11,8.28,95.52,6.67,Concluído
9089,2273,6,Design Thinking,2024-11-09,2024-11-22,26.59,78.91,6.52,Concluído
9090,2273,68,Machine Learning,2024-10-05,2024-11-17,7.43,96.93,8.9,Concluído
9091,2274,70,Cloud Computing AWS,2023-05-28,2023-06-25,5.49,62.4,8.4,Concluído
9092,2274,46,Gestão de Projetos,2024-09-25,2024-12-22,32.93,93.04,6.05,Concluído
9093,2275,28,Customer Success,2024-07-20,2024-10-12,23.8,62.34,8.26,Concluído
9094,2275,79,Segurança da Informação,2023-04-12,2024-01-17,27.18,93.45,6.03,Concluído
9095,2275,37,Design Thinking,2024-09-05,2024-10-29,14.25,90.33,6.05,Concluído
9096,2275,99,Python Avançado,2024-06-18,,15.31,79.28,,Em Andamento
9097,2275,22,Segurança da Informação,2024-12-02,2024-12-14,9.78,92.43,7.49,Concluído
9098,2276,65,Segurança da Informação,2022-10-18,2024-08-05,37.28,62.65,8.68,Concluído
9099,2276,28,Comunicação Eficaz,2023-12-16,2024-02-02,38.08,77.43,6.89,Concluído
9100,2276,76,Product Management,2024-12-28,,19.64,55.97,,Em Andamento
9101,2276,48,Product Management,2023-06-24,2024-03-12,31.58,75.03,7.06,Concluído
9102,2276,42,Design Thinking,2024-04-15,2024-07-10,30.17,61.61,7.84,Concluído
9103,2276,100,Power BI,2024-12-22,,17.52,14.35,,Em Andamento
9104,2276,49,Excel Avançado,2024-09-25,2024-10-31,38.28,90.14,7.9,Concluído
9105,2277,54,Cloud Computing AWS,2024-12-03,2024-12-29,16.18,92.89,8.52,Concluído
9106,2279,47,Product Management,2023-02-04,2023-04-24,5.49,79.5,9.51,Concluído
9107,2279,82,Liderança e Gestão de Pessoas,2023-02-13,,5.18,57.0,,Em Andamento
9108,2279,61,Segurança da Informação,2024-09-10,2024-09-30,9.8,94.05,6.34,Concluído
9109,2280,73,Comunicação Eficaz,2024-01-18,2024-04-03,10.3,88.72,7.71,Concluído
9110,2280,51,Gestão de Projetos,2024-10-16,2024-11-01,7.99,87.78,6.71,Concluído
9111,2280,61,Python Avançado,2024-06-29,2024-12-03,18.52,87.56,9.51,Concluído
9112,2280,55,Agile/Scrum,2024-12-23,,2.27,62.44,,Em Andamento
9113,2280,67,Excel Avançado,2024-06-01,2024-08-27,36.63,65.17,7.16,Concluído
9114,2280,22,Oratória,2024-04-22,2024-12-08,8.37,63.79,9.1,Concluído
9115,2281,11,Segurança da Informação,2024-12-26,,4.43,17.7,,Cancelado
9116,2281,27,Gestão de Tempo,2024-06-03,2024-09-29,23.37,61.89,8.67,Concluído
9117,2282,100,Design Thinking,2024-01-02,2024-12-24,20.89,87.42,7.59,Concluído
9118,2282,52,Cloud Computing AWS,2022-10-03,2024-06-26,34.66,88.61,6.28,Concluído
9119,2282,60,Segurança da Informação,2023-10-06,2023-11-12,35.9,72.11,9.86,Concluído
9120,2283,50,Power BI,2022-10-10,2023-07-15,15.49,83.92,6.5,Concluído
9121,2283,4,Gestão de Tempo,2023-03-14,2023-10-07,16.57,63.39,7.55,Concluído
9122,2283,15,Customer Success,2022-11-14,2023-02-27,6.97,88.75,9.82,Concluído
9123,2283,99,Product Management,2023-04-21,2024-04-08,26.68,65.13,7.32,Concluído
9124,2283,90,Vendas Consultivas,2023-02-08,,16.48,71.24,,Em Andamento
9125,2283,55,DevOps e CI/CD,2023-05-30,2023-09-28,25.52,62.73,7.69,Concluído
9126,2283,23,Gestão de Projetos,2023-08-08,2023-09-23,33.5,60.16,8.87,Concluído
9127,2284,96,Negociação,2024-11-17,,4.98,39.75,,Em Andamento
9128,2284,89,Negociação,2024-09-27,2024-10-29,38.97,93.45,8.95,Concluído
9129,2284,35,Vendas Consultivas,2024-09-30,2024-12-30,5.18,69.86,6.32,Concluído
9130,2285,42,Python Avançado,2024-06-19,2024-11-26,11.95,83.84,6.13,Concluído
9131,2285,37,Gestão de Tempo,2024-09-03,2024-11-24,33.85,81.56,6.96,Concluído
9132,2286,80,Machine Learning,2024-12-23,2024-12-29,34.27,99.93,7.25,Concluído
9133,2286,46,Power BI,2024-11-14,2024-11-16,20.63,98.21,6.19,Concluído
9134,2286,35,DevOps e CI/CD,2024-10-10,2024-11-15,35.67,68.45,8.22,Concluído
9135,2286,70,Data Analytics,2024-10-17,2024-11-10,14.68,69.9,8.87,Concluído
9136,2286,2,Negociação,2024-12-23,2024-12-29,9.95,60.77,6.05,Concluído
9137,2288,64,DevOps e CI/CD,2023-06-30,2024-04-05,20.81,86.09,7.35,Concluído
9138,2288,13,Negociação,2024-08-29,2024-12-15,12.21,78.29,6.2,Concluído
9139,2288,22,Design Thinking,2022-12-14,2024-12-13,6.77,84.25,6.54,Concluído
9140,2288,45,Cloud Computing AWS,2024-11-24,2024-12-27,15.74,62.61,6.89,Concluído
9141,2291,68,Machine Learning,2024-10-16,2024-11-18,9.85,66.62,6.73,Concluído
9142,2291,78,Design Thinking,2024-11-22,2024-12-18,15.44,70.8,8.05,Concluído
9143,2291,19,Product Management,2024-06-11,2024-06-28,29.7,96.13,8.08,Concluído
9144,2291,31,Vendas Consultivas,2024-04-03,2024-11-06,28.72,87.23,9.62,Concluído
9145,2291,4,JavaScript Moderno,2024-11-25,2024-12-08,25.42,64.85,6.5,Concluído
9146,2291,85,Comunicação Eficaz,2024-10-20,2024-11-09,5.88,80.27,8.99,Concluído
9147,2291,46,Machine Learning,2024-04-14,2024-10-20,8.4,78.45,6.39,Concluído
9148,2292,29,Design Thinking,2024-09-10,2024-10-11,5.04,66.3,6.33,Concluído
9149,2292,46,Cloud Computing AWS,2023-04-27,2024-01-04,29.15,82.07,7.35,Concluído
9150,2292,60,JavaScript Moderno,2022-04-24,,13.92,6.23,,Em Andamento
9151,2292,71,Gestão de Tempo,2024-09-14,,2.41,68.91,,Em Andamento
9152,2292,72,Gestão de Projetos,2024-11-18,2024-12-19,28.66,69.42,9.88,Concluído
9153,2292,17,Negociação,2022-10-26,2024-08-17,27.05,79.16,6.43,Concluído
9154,2293,46,Agile/Scrum,2023-12-22,2024-05-08,35.68,73.37,6.15,Concluído
9155,2293,57,Segurança da Informação,2023-11-28,2024-04-24,20.16,67.99,9.65,Concluído
9156,2293,41,Design Thinking,2024-10-11,2024-12-15,33.02,60.8,9.5,Concluído
9157,2293,75,Cloud Computing AWS,2023-09-15,2024-01-24,37.34,91.83,8.95,Concluído
9158,2293,15,Segurança da Informação,2024-06-20,2024-10-18,15.4,99.25,7.67,Concluído
9159,2293,9,Agile/Scrum,2024-07-27,2024-12-03,36.72,96.54,7.46,Concluído
9160,2293,19,Excel Avançado,2024-09-07,2024-10-18,17.85,60.22,8.41,Concluído
9161,2293,92,Agile/Scrum,2024-10-04,2024-11-09,34.31,92.87,8.5,Concluído
9162,2294,76,Gestão de Projetos,2024-02-10,,9.54,14.82,,Cancelado
9163,2294,11,Design Thinking,2022-11-27,,13.25,19.18,,Em Andamento
9164,2294,67,Machine Learning,2023-08-26,2024-02-01,18.3,90.0,9.66,Concluído
9165,2294,18,Power BI,2022-10-09,2023-01-04,34.2,74.33,9.3,Concluído
9166,2294,6,DevOps e CI/CD,2022-08-29,,7.62,54.8,,Em Andamento
9167,2294,34,Power BI,2024-09-16,2024-11-13,8.05,93.03,8.5,Concluído
9168,2294,11,Product Management,2023-09-30,2024-09-20,35.52,99.1,8.45,Concluído
9169,2295,94,Machine Learning,2024-09-17,2024-12-11,37.13,77.31,7.19,Concluído
9170,2295,100,Excel Avançado,2023-05-29,2024-05-17,12.93,79.31,6.67,Concluído
9171,2295,62,Design Thinking,2024-12-06,2024-12-11,29.89,85.57,6.05,Concluído
9172,2295,95,Segurança da Informação,2024-03-16,2024-04-22,27.78,74.98,8.71,Concluído
9173,2297,53,Product Management,2024-12-10,2024-12-14,27.64,86.46,7.81,Concluído
9174,2297,77,Data Analytics,2024-12-21,,11.45,78.64,,Em Andamento
9175,2298,97,Liderança e Gestão de Pessoas,2024-09-28,2024-12-11,35.95,93.32,6.53,Concluído
9176,2298,19,Oratória,2024-05-08,2024-07-26,18.78,83.92,8.87,Concluído
9177,2298,28,Power BI,2024-12-23,2024-12-26,33.51,73.15,6.75,Concluído
9178,2298,51,Liderança e Gestão de Pessoas,2024-11-06,2024-12-15,38.48,83.74,9.28,Concluído
9179,2298,74,Data Analytics,2024-11-25,2024-11-30,30.28,68.19,7.78,Concluído
9180,2298,26,Agile/Scrum,2024-05-08,,12.27,60.03,,Em Andamento
9181,2298,29,Power BI,2024-06-08,2024-10-20,27.17,85.96,8.85,Concluído
9182,2298,86,DevOps e CI/CD,2024-12-17,2024-12-19,40.0,80.21,6.59,Concluído
9183,2299,27,Power BI,2024-03-11,2024-03-28,13.68,99.98,8.06,Concluído
9184,2299,71,Vendas Consultivas,2023-02-17,2024-05-09,13.22,86.09,8.15,Concluído
9185,2299,74,Power BI,2024-12-22,,12.89,81.01,,Em Andamento
9186,2299,65,JavaScript Moderno,2023-05-14,2023-11-28,21.72,89.75,9.31,Concluído
9187,2299,36,Oratória,2022-07-23,2024-12-04,15.14,91.01,8.09,Concluído
9188,2299,19,Cloud Computing AWS,2024-10-16,,6.75,14.96,,Em Andamento
9189,2299,54,Data Analytics,2023-10-07,2024-06-11,18.91,60.15,6.25,Concluído
9190,2299,61,Excel Avançado,2022-05-01,2023-05-25,29.87,61.49,6.23,Concluído
9191,2300,10,Customer Success,2024-11-20,2024-12-07,22.06,86.32,9.08,Concluído
9192,2300,45,Comunicação Eficaz,2024-12-11,,12.03,15.04,,Em Andamento
9193,2301,46,Liderança e Gestão de Pessoas,2024-07-13,2024-07-21,12.77,78.15,6.1,Concluído
9194,2301,100,JavaScript Moderno,2023-07-02,2023-10-13,26.82,79.67,9.07,Concluído
9195,2301,73,Liderança e Gestão de Pessoas,2024-11-19,2024-12-30,22.31,68.65,8.41,Concluído
9196,2301,93,JavaScript Moderno,2023-06-02,,2.52,6.51,,Cancelado
9197,2301,94,Segurança da Informação,2023-07-23,2023-12-27,14.96,65.13,6.54,Concluído
9198,2301,74,Power BI,2024-05-12,,13.37,15.27,,Em Andamento
9199,2301,47,Agile/Scrum,2024-05-29,2024-07-23,16.43,89.61,6.76,Concluído
9200,2302,98,Product Management,2023-08-11,2024-05-08,10.51,95.94,9.07,Concluído
9201,2302,43,Customer Success,2024-10-20,2024-10-21,24.98,88.09,6.28,Concluído
9202,2302,19,Excel Avançado,2024-03-04,2024-10-24,31.43,61.96,8.14,Concluído
9203,2302,19,Customer Success,2023-06-12,2024-09-05,22.27,66.35,6.84,Concluído
9204,2302,61,Liderança e Gestão de Pessoas,2023-07-24,2024-04-04,31.66,74.33,6.59,Concluído
9205,2304,74,DevOps e CI/CD,2024-08-29,,14.77,41.32,,Em Andamento
9206,2304,47,Design Thinking,2024-09-27,2024-12-22,15.23,66.76,6.96,Concluído
9207,2304,9,DevOps e CI/CD,2024-04-22,2024-12-30,29.68,86.87,7.78,Concluído
9208,2304,77,Cloud Computing AWS,2024-08-10,,4.69,57.13,,Em Andamento
9209,2304,15,Liderança e Gestão de Pessoas,2024-09-19,,8.77,17.06,,Em Andamento
9210,2304,33,Liderança e Gestão de Pessoas,2024-12-07,2024-12-18,8.48,72.43,9.92,Concluído
9211,2304,84,Vendas Consultivas,2024-12-17,2024-12-22,30.5,86.36,8.65,Concluído
9212,2305,76,Segurança da Informação,2024-12-24,2024-12-28,15.01,64.26,8.22,Concluído
9213,2305,55,Machine Learning,2023-07-22,2024-08-28,32.93,75.0,9.31,Concluído
9214,2305,27,Design Thinking,2023-11-12,2024-03-26,30.98,83.31,9.44,Concluído
9215,2307,82,Power BI,2023-07-10,2023-07-24,29.67,83.22,8.01,Concluído
9216,2308,59,Liderança e Gestão de Pessoas,2023-03-23,2024-01-20,14.4,96.38,7.22,Concluído
9217,2308,48,Product Management,2023-05-16,2024-02-03,20.76,97.59,7.28,Concluído
9218,2308,52,Gestão de Tempo,2024-11-16,2024-12-03,13.27,62.16,9.43,Concluído
9219,2310,61,Gestão de Projetos,2024-04-23,2024-12-16,10.03,68.16,9.86,Concluído
9220,2310,73,Gestão de Projetos,2024-09-10,2024-11-21,21.22,99.64,9.04,Concluído
9221,2310,74,Python Avançado,2024-08-23,2024-12-16,13.21,78.56,7.1,Concluído
9222,2311,74,DevOps e CI/CD,2024-09-17,2024-10-19,27.09,61.94,6.72,Concluído
9223,2311,66,Oratória,2024-10-01,2024-11-17,34.22,89.04,7.91,Concluído
9224,2312,69,Vendas Consultivas,2023-04-20,2024-05-07,6.48,81.71,8.2,Concluído
9225,2312,72,Cloud Computing AWS,2024-04-03,,16.12,12.71,,Em Andamento
9226,2312,85,Gestão de Projetos,2023-12-20,,18.06,72.87,,Em Andamento
9227,2313,10,Machine Learning,2024-06-21,2024-06-28,14.5,81.66,8.28,Concluído
9228,2313,39,Cloud Computing AWS,2024-07-17,2024-11-24,30.95,98.5,6.85,Concluído
9229,2313,18,Liderança e Gestão de Pessoas,2023-11-23,2024-04-17,16.77,88.37,7.46,Concluído
9230,2313,8,Liderança e Gestão de Pessoas,2023-06-01,2024-02-16,14.16,60.57,6.95,Concluído
9231,2313,74,Python Avançado,2024-01-25,2024-09-11,8.72,89.85,8.02,Concluído
9232,2313,1,Machine Learning,2023-10-13,2023-11-10,5.24,97.03,9.11,Concluído
9233,2314,55,Cloud Computing AWS,2024-09-28,2024-10-29,39.36,71.06,7.01,Concluído
9234,2314,13,JavaScript Moderno,2024-11-13,2024-12-31,39.27,81.65,8.34,Concluído
9235,2314,1,Agile/Scrum,2024-04-17,,5.33,16.89,,Cancelado
9236,2315,9,JavaScript Moderno,2024-12-21,2024-12-27,16.17,69.17,8.14,Concluído
9237,2315,70,Customer Success,2024-02-24,2024-07-21,24.42,81.95,7.63,Concluído
9238,2315,68,Agile/Scrum,2024-01-09,,3.85,4.05,,Em Andamento
9239,2315,86,Power BI,2023-10-28,,9.72,21.66,,Cancelado
9240,2315,59,Excel Avançado,2023-10-29,,9.36,57.32,,Em Andamento
9241,2315,44,Gestão de Projetos,2024-01-20,2024-03-07,31.72,65.66,7.72,Concluído
9242,2315,79,Excel Avançado,2024-02-03,2024-04-23,34.03,82.81,8.29,Concluído
9243,2316,17,Machine Learning,2023-09-29,,13.46,47.85,,Em Andamento
9244,2316,38,Liderança e Gestão de Pessoas,2024-06-03,,19.52,15.83,,Em Andamento
9245,2316,77,Customer Success,2024-03-08,,7.28,53.45,,Em Andamento
9246,2316,88,Python Avançado,2024-05-07,2024-09-17,36.11,67.12,8.82,Concluído
9247,2316,48,Segurança da Informação,2023-06-17,2024-12-06,32.1,87.76,9.42,Concluído
9248,2316,40,Product Management,2023-05-27,2024-05-09,36.56,93.18,7.74,Concluído
9249,2316,85,JavaScript Moderno,2023-03-23,2024-07-24,35.0,88.24,7.98,Concluído
9250,2316,41,Segurança da Informação,2023-04-15,,15.7,59.65,,Em Andamento
9251,2317,47,Segurança da Informação,2024-08-28,2024-11-01,37.97,99.17,8.57,Concluído
9252,2317,65,Oratória,2024-08-09,2024-10-29,12.02,98.16,7.47,Concluído
9253,2317,46,Agile/Scrum,2024-11-07,2024-12-01,22.17,75.82,7.13,Concluído
9254,2317,22,Excel Avançado,2024-10-28,2024-12-15,4.18,75.85,7.55,Concluído
9255,2317,77,JavaScript Moderno,2024-10-05,,17.07,13.9,,Em Andamento
9256,2317,8,JavaScript Moderno,2024-08-12,,13.64,20.59,,Em Andamento
9257,2317,64,Customer Success,2024-10-27,2024-11-17,20.36,65.26,7.91,Concluído
9258,2318,19,Gestão de Tempo,2023-11-20,2024-03-10,33.85,87.83,9.12,Concluído
9259,2318,20,Gestão de Projetos,2023-09-11,2024-07-20,18.74,74.91,7.1,Concluído
9260,2319,75,Cloud Computing AWS,2024-09-08,,19.47,36.99,,Em Andamento
9261,2319,37,Product Management,2024-11-01,2024-11-24,21.68,94.14,8.28,Concluído
9262,2319,91,Gestão de Tempo,2024-12-01,2024-12-17,6.91,90.2,7.4,Concluído
9263,2319,64,Design Thinking,2024-10-02,2024-12-31,30.49,71.84,7.78,Concluído
9264,2319,70,Comunicação Eficaz,2024-04-24,2024-05-02,4.84,67.94,7.36,Concluído
9265,2319,13,Gestão de Tempo,2024-04-24,2024-10-09,9.7,84.75,8.04,Concluído
9266,2319,29,Machine Learning,2024-12-09,2024-12-12,17.35,82.01,8.56,Concluído
9267,2319,26,DevOps e CI/CD,2024-12-27,2024-12-31,4.74,82.69,7.64,Concluído
9268,2320,39,Python Avançado,2024-10-18,2024-11-06,34.95,78.82,8.97,Concluído
9269,2320,60,Design Thinking,2024-02-24,2024-04-07,11.6,86.56,8.16,Concluído
9270,2320,37,Power BI,2023-01-21,,3.29,28.86,,Em Andamento
9271,2320,83,DevOps e CI/CD,2022-09-06,2023-12-28,5.69,70.61,9.13,Concluído
9272,2320,40,Gestão de Tempo,2022-09-13,2024-04-16,37.13,80.69,9.27,Concluído
9273,2320,91,Vendas Consultivas,2024-04-24,2024-05-01,5.34,73.5,7.24,Concluído
9274,2321,61,Oratória,2024-11-23,2024-12-12,15.74,83.23,8.74,Concluído
9275,2321,54,Design Thinking,2024-12-18,2024-12-24,33.63,72.31,6.79,Concluído
9276,2321,23,Agile/Scrum,2024-11-23,2024-12-15,34.19,86.42,7.31,Concluído
9277,2321,69,Cloud Computing AWS,2024-11-16,2024-12-28,18.35,88.27,9.67,Concluído
9278,2322,17,Oratória,2024-12-24,,4.22,6.73,,Em Andamento
9279,2322,84,Customer Success,2024-12-09,,17.58,58.33,,Em Andamento
9280,2322,19,Excel Avançado,2024-07-26,2024-09-27,6.07,85.66,6.63,Concluído
9281,2322,14,Power BI,2024-12-19,2024-12-26,6.84,86.38,8.54,Concluído
9282,2322,33,Liderança e Gestão de Pessoas,2024-10-27,,3.57,11.58,,Cancelado
9283,2322,9,Data Analytics,2024-12-04,2024-12-05,31.97,77.09,9.37,Concluído
9284,2322,42,Liderança e Gestão de Pessoas,2024-09-06,,6.96,22.04,,Cancelado
9285,2323,62,Oratória,2022-10-19,2024-01-30,28.73,93.68,8.13,Concluído
9286,2323,44,Customer Success,2023-03-19,2023-06-07,7.78,67.11,8.71,Concluído
9287,2323,75,Liderança e Gestão de Pessoas,2023-10-26,2024-01-18,39.91,70.88,6.79,Concluído
9288,2323,58,Segurança da Informação,2024-06-28,2024-12-10,33.52,73.01,9.65,Concluído
9289,2323,54,Liderança e Gestão de Pessoas,2023-08-27,,12.56,64.07,,Em Andamento
9290,2323,96,Agile/Scrum,2023-08-25,2024-05-24,39.64,94.09,9.24,Concluído
9291,2323,38,Comunicação Eficaz,2024-12-26,,18.79,2.71,,Em Andamento
9292,2324,70,Product Management,2024-09-04,2024-11-26,4.72,72.47,8.33,Concluído
9293,2324,74,Data Analytics,2024-10-25,2024-11-20,6.38,73.56,8.39,Concluído
9294,2324,10,Liderança e Gestão de Pessoas,2024-08-30,2024-12-20,14.65,89.08,9.92,Concluído
9295,2324,35,Oratória,2024-11-17,2024-11-19,14.22,65.24,9.72,Concluído
9296,2324,82,DevOps e CI/CD,2024-07-17,2024-12-21,12.07,93.29,8.1,Concluído
9297,2326,38,Agile/Scrum,2024-12-29,2024-12-30,9.05,60.5,6.4,Concluído
9298,2326,56,Comunicação Eficaz,2024-08-16,2024-09-06,18.17,65.49,7.68,Concluído
9299,2326,64,Negociação,2024-11-26,2024-12-08,39.26,90.11,9.48,Concluído
9300,2326,15,Oratória,2024-09-28,2024-12-07,14.46,76.35,6.87,Concluído
9301,2327,89,Product Management,2024-10-17,2024-11-15,8.38,80.51,6.93,Concluído
9302,2328,25,Excel Avançado,2022-10-03,2024-03-05,31.58,82.02,9.94,Concluído
9303,2329,8,DevOps e CI/CD,2024-06-05,2024-12-28,39.55,78.62,6.85,Concluído
9304,2329,17,Product Management,2023-10-04,2024-09-26,18.27,96.05,6.48,Concluído
9305,2330,58,DevOps e CI/CD,2024-01-14,,18.35,81.38,,Em Andamento
9306,2330,24,Segurança da Informação,2024-05-10,,10.72,63.69,,Em Andamento
9307,2330,60,Negociação,2024-11-28,2024-11-29,9.58,62.19,8.37,Concluído
9308,2330,65,Vendas Consultivas,2024-11-08,,14.55,0.37,,Em Andamento
9309,2330,9,Liderança e Gestão de Pessoas,2024-10-26,2024-12-25,20.89,95.72,9.1,Concluído
9310,2330,33,Gestão de Tempo,2024-02-25,2024-11-21,16.86,93.47,8.21,Concluído
9311,2330,20,Design Thinking,2024-04-12,2024-11-07,15.26,79.47,7.86,Concluído
9312,2330,28,Agile/Scrum,2024-01-17,2024-11-14,32.57,98.76,6.41,Concluído
9313,2331,80,Gestão de Projetos,2023-02-03,2024-04-02,23.14,64.56,7.93,Concluído
9314,2331,74,Python Avançado,2022-09-15,2023-01-12,36.42,75.52,9.14,Concluído
9315,2331,22,Segurança da Informação,2024-01-05,2024-12-16,30.38,65.26,7.3,Concluído
9316,2331,93,Machine Learning,2022-04-02,2023-03-21,19.6,78.7,8.03,Concluído
9317,2331,75,Data Analytics,2023-06-09,,4.72,17.23,,Cancelado
9318,2331,80,Design Thinking,2022-10-23,2023-02-26,26.22,92.78,9.89,Concluído
9319,2331,41,DevOps e CI/CD,2023-10-07,2023-12-09,39.0,64.72,9.12,Concluído
9320,2331,72,Gestão de Tempo,2024-11-14,2024-12-31,22.49,74.9,7.01,Concluído
9321,2332,67,Data Analytics,2024-12-09,2024-12-10,5.64,79.28,9.34,Concluído
9322,2332,25,Cloud Computing AWS,2024-12-26,2024-12-29,30.2,65.21,8.41,Concluído
9323,2332,32,Gestão de Projetos,2024-10-18,2024-12-26,36.13,68.7,8.02,Concluído
9324,2332,4,Agile/Scrum,2024-09-30,,11.73,59.65,,Em Andamento
9325,2332,9,Gestão de Tempo,2024-12-13,2024-12-26,37.85,81.36,9.33,Concluído
9326,2332,14,Vendas Consultivas,2024-12-11,2024-12-21,37.67,93.04,9.12,Concluído
9327,2332,87,Cloud Computing AWS,2024-11-24,,10.66,22.28,,Em Andamento
9328,2333,86,Negociação,2024-11-03,2024-11-30,7.73,63.58,8.99,Concluído
9329,2333,45,Gestão de Projetos,2024-10-20,2024-12-16,34.96,71.94,7.77,Concluído
9330,2333,59,Python Avançado,2024-12-08,2024-12-19,20.31,77.38,6.43,Concluído
9331,2333,79,Product Management,2024-12-10,2024-12-15,14.57,75.19,9.44,Concluído
9332,2333,12,Gestão de Projetos,2024-08-26,2024-09-02,7.04,71.21,6.37,Concluído
9333,2333,53,Customer Success,2024-08-07,2024-12-15,12.14,97.43,6.6,Concluído
9334,2334,98,Segurança da Informação,2024-08-26,2024-09-14,18.47,60.46,6.31,Concluído
9335,2334,56,Vendas Consultivas,2024-10-20,2024-12-16,22.54,75.68,9.73,Concluído
9336,2334,63,Python Avançado,2024-06-22,2024-11-28,15.58,69.73,6.27,Concluído
9337,2334,94,DevOps e CI/CD,2023-08-08,2023-08-25,21.95,91.48,7.3,Concluído
9338,2334,72,DevOps e CI/CD,2023-04-04,2023-09-09,28.9,70.78,6.02,Concluído
9339,2335,97,Segurança da Informação,2024-09-30,2024-12-17,15.11,61.75,8.87,Concluído
9340,2335,89,Vendas Consultivas,2024-04-25,2024-07-30,13.07,91.08,8.47,Concluído
9341,2335,75,Vendas Consultivas,2023-12-28,2024-05-04,23.85,89.44,6.75,Concluído
9342,2336,84,Agile/Scrum,2024-10-08,,4.47,3.67,,Em Andamento
9343,2336,34,Product Management,2024-12-07,2024-12-21,28.16,60.44,6.56,Concluído
9344,2337,10,Oratória,2024-08-22,2024-11-17,33.84,77.88,7.01,Concluído
9345,2337,31,Product Management,2022-12-09,2024-04-02,5.11,95.59,9.38,Concluído
9346,2337,52,Customer Success,2024-05-16,2024-07-23,13.54,65.04,8.22,Concluído
9347,2337,69,Python Avançado,2024-09-23,,7.85,4.06,,Em Andamento
9348,2337,16,JavaScript Moderno,2024-03-07,2024-12-23,4.25,61.2,6.68,Concluído
9349,2337,13,Oratória,2024-05-08,2024-11-21,16.98,81.71,9.05,Concluído
9350,2339,1,Excel Avançado,2024-07-19,,18.14,48.21,,Em Andamento
9351,2339,98,Power BI,2024-08-17,2024-11-01,16.93,80.19,9.82,Concluído
9352,2339,85,Vendas Consultivas,2024-12-15,2024-12-25,13.54,91.13,9.52,Concluído
9353,2340,39,Agile/Scrum,2024-06-13,2024-10-16,23.1,99.86,8.45,Concluído
9354,2340,57,Segurança da Informação,2024-02-10,2024-04-23,16.58,85.8,7.02,Concluído
9355,2340,8,Gestão de Tempo,2024-06-20,2024-07-01,14.35,61.86,8.35,Concluído
9356,2340,1,Agile/Scrum,2024-11-28,2024-12-07,32.47,73.67,8.16,Concluído
9357,2340,91,JavaScript Moderno,2024-06-15,2024-10-20,17.06,75.08,9.7,Concluído
9358,2340,75,Product Management,2024-07-26,,11.45,43.45,,Em Andamento
9359,2341,33,Excel Avançado,2023-03-21,2023-10-08,5.51,84.82,9.25,Concluído
9360,2341,26,Machine Learning,2023-09-10,,10.33,51.76,,Em Andamento
9361,2341,60,Product Management,2024-09-15,2024-10-07,9.43,87.49,8.11,Concluído
9362,2341,52,Negociação,2023-09-22,2024-07-15,34.29,68.84,7.92,Concluído
9363,2341,71,Segurança da Informação,2024-03-09,2024-06-26,22.88,66.9,9.81,Concluído
9364,2341,46,Design Thinking,2024-12-03,2024-12-15,21.37,97.22,8.39,Concluído
9365,2341,83,Customer Success,2024-10-08,2024-11-05,25.31,80.37,8.31,Concluído
9366,2341,93,Gestão de Tempo,2024-07-13,2024-11-12,39.26,88.6,9.67,Concluído
9367,2342,37,Gestão de Projetos,2024-09-06,2024-12-17,39.05,83.25,7.06,Concluído
9368,2342,83,Customer Success,2024-10-28,,5.14,40.74,,Em Andamento
9369,2342,72,Oratória,2024-12-30,2024-12-31,37.35,91.27,9.49,Concluído
9370,2342,51,Liderança e Gestão de Pessoas,2024-10-23,,4.65,38.48,,Cancelado
9371,2343,96,Cloud Computing AWS,2024-12-27,2024-12-28,29.42,78.25,6.92,Concluído
9372,2343,45,DevOps e CI/CD,2024-12-01,2024-12-14,6.53,95.7,8.75,Concluído
9373,2343,73,Product Management,2024-11-23,2024-12-02,12.29,99.38,7.64,Concluído
9374,2343,36,Liderança e Gestão de Pessoas,2024-03-07,2024-11-12,26.29,71.86,9.48,Concluído
9375,2343,30,Agile/Scrum,2024-03-27,2024-12-03,14.27,77.47,7.33,Concluído
9376,2343,28,Power BI,2024-10-21,,9.98,20.42,,Em Andamento
9377,2344,14,Power BI,2023-05-27,2023-09-01,24.93,62.07,8.93,Concluído
9378,2344,22,Liderança e Gestão de Pessoas,2023-10-27,2024-05-06,18.74,67.42,7.51,Concluído
9379,2345,99,JavaScript Moderno,2023-04-05,2024-12-28,18.15,78.48,7.19,Concluído
9380,2346,59,JavaScript Moderno,2024-02-23,2024-11-16,18.76,92.33,7.96,Concluído
9381,2346,46,Negociação,2024-03-02,2024-12-05,33.75,99.81,8.72,Concluído
9382,2346,54,Oratória,2023-06-04,2023-12-17,17.54,61.33,9.27,Concluído
9383,2346,72,JavaScript Moderno,2024-03-09,2024-11-25,34.89,81.92,8.4,Concluído
9384,2346,94,Oratória,2023-03-12,2024-01-29,23.27,69.58,7.55,Concluído
9385,2346,53,Agile/Scrum,2023-12-21,2024-10-22,19.51,65.1,7.47,Concluído
9386,2347,10,Excel Avançado,2024-09-12,2024-11-24,27.47,77.99,9.15,Concluído
9387,2347,63,Product Management,2024-04-21,,4.63,11.66,,Cancelado
9388,2347,17,Python Avançado,2023-10-25,2024-06-11,18.42,81.77,6.95,Concluído
9389,2347,73,Segurança da Informação,2024-12-05,2024-12-20,16.58,84.65,7.74,Concluído
9390,2347,19,DevOps e CI/CD,2023-12-30,2024-06-22,22.44,97.49,8.41,Concluído
9391,2347,51,Comunicação Eficaz,2023-10-14,2023-11-30,7.78,92.8,8.8,Concluído
9392,2347,52,DevOps e CI/CD,2023-10-24,2024-01-21,12.03,74.16,9.64,Concluído
9393,2348,50,Excel Avançado,2022-12-02,2023-06-08,26.64,61.71,8.43,Concluído
9394,2348,48,Segurança da Informação,2024-03-13,,16.16,77.51,,Em Andamento
9395,2348,71,Machine Learning,2023-01-02,2023-11-04,25.66,68.88,6.14,Concluído
9396,2348,56,DevOps e CI/CD,2024-08-14,2024-08-18,16.14,63.83,9.8,Concluído
9397,2349,97,Oratória,2024-11-25,,8.41,10.77,,Cancelado
9398,2349,27,Vendas Consultivas,2024-07-31,2024-09-15,4.06,84.09,7.15,Concluído
9399,2349,92,Segurança da Informação,2024-12-26,2024-12-30,38.38,85.76,6.39,Concluído
9400,2350,91,JavaScript Moderno,2024-01-28,2024-04-22,15.64,94.18,8.83,Concluído
9401,2350,42,Cloud Computing AWS,2024-05-25,,18.21,16.86,,Em Andamento
9402,2350,85,DevOps e CI/CD,2024-08-28,2024-10-18,30.36,75.54,7.2,Concluído
9403,2350,39,Segurança da Informação,2024-01-13,,18.77,27.5,,Em Andamento
9404,2350,90,Negociação,2024-04-13,2024-09-17,10.91,61.56,8.0,Concluído
9405,2350,86,Agile/Scrum,2024-02-14,2024-05-21,13.67,92.07,6.95,Concluído
9406,2350,80,Power BI,2024-10-27,2024-10-29,39.4,99.56,6.6,Concluído
9407,2350,19,Gestão de Projetos,2024-03-05,2024-04-24,36.23,69.49,9.68,Concluído
9408,2351,32,Comunicação Eficaz,2023-11-08,2024-02-25,39.47,79.41,6.85,Concluído
9409,2351,45,Machine Learning,2022-01-14,2022-10-30,11.12,81.69,8.34,Concluído
9410,2352,11,Vendas Consultivas,2024-05-20,,18.61,15.91,,Em Andamento
9411,2352,42,Python Avançado,2023-04-16,,2.03,9.45,,Em Andamento
9412,2353,89,JavaScript Moderno,2024-07-31,2024-08-04,16.75,92.02,9.34,Concluído
9413,2353,55,DevOps e CI/CD,2024-09-27,2024-11-28,19.38,90.04,6.93,Concluído
9414,2353,90,Agile/Scrum,2024-08-09,,6.01,4.85,,Cancelado
9415,2353,91,Data Analytics,2024-11-27,2024-12-27,16.53,99.17,7.1,Concluído
9416,2354,30,Liderança e Gestão de Pessoas,2024-04-03,2024-09-24,8.84,66.19,7.05,Concluído
9417,2354,52,Design Thinking,2022-06-18,,13.0,38.8,,Em Andamento
9418,2354,7,Excel Avançado,2022-07-02,,18.85,49.26,,Em Andamento
9419,2354,98,Segurança da Informação,2024-11-03,,15.55,21.24,,Em Andamento
9420,2355,59,Cloud Computing AWS,2024-12-06,2024-12-13,29.38,69.71,8.17,Concluído
9421,2355,38,Design Thinking,2024-12-31,2025-01-01,19.93,76.48,8.2,Concluído
9422,2355,10,Vendas Consultivas,2024-10-25,2024-11-22,18.5,64.03,7.02,Concluído
9423,2356,26,Power BI,2024-09-12,2024-10-27,29.83,86.03,9.63,Concluído
9424,2356,67,Python Avançado,2024-03-02,2024-06-08,26.75,63.1,6.11,Concluído
9425,2356,79,Product Management,2023-06-06,2024-06-29,33.31,80.35,7.85,Concluído
9426,2356,72,Customer Success,2023-04-25,,16.39,73.73,,Em Andamento
9427,2356,31,Power BI,2024-06-10,2024-11-09,28.45,94.2,6.13,Concluído
9428,2356,19,Python Avançado,2023-12-03,2024-01-07,35.23,83.16,7.24,Concluído
9429,2356,82,Customer Success,2024-07-13,2024-08-05,16.59,95.1,6.87,Concluído
9430,2357,34,Vendas Consultivas,2024-11-29,2024-12-14,9.81,92.53,7.0,Concluído
9431,2357,53,DevOps e CI/CD,2024-11-21,,4.74,30.6,,Cancelado
9432,2358,1,Machine Learning,2023-11-16,2024-02-09,7.28,72.36,6.18,Concluído
9433,2358,15,Power BI,2023-02-14,2024-02-13,4.79,96.11,8.41,Concluído
9434,2358,18,Vendas Consultivas,2023-04-14,2024-11-29,20.94,69.06,7.03,Concluído
9435,2358,42,Liderança e Gestão de Pessoas,2023-08-11,2023-08-20,4.34,75.7,8.91,Concluído
9436,2358,95,JavaScript Moderno,2023-07-12,2023-12-26,7.45,60.57,6.99,Concluído
9437,2359,24,Vendas Consultivas,2024-12-22,2024-12-24,14.03,79.84,7.81,Concluído
9438,2359,48,Data Analytics,2024-12-20,2024-12-30,29.72,88.81,8.34,Concluído
9439,2360,25,Design Thinking,2024-06-24,2024-11-22,38.03,93.68,9.07,Concluído
9440,2360,46,DevOps e CI/CD,2023-12-14,2024-12-28,13.86,96.59,9.92,Concluído
9441,2360,98,JavaScript Moderno,2024-05-27,2024-12-26,30.42,77.22,6.26,Concluído
9442,2361,18,Product Management,2023-10-21,,10.68,60.47,,Em Andamento
9443,2361,16,Cloud Computing AWS,2024-08-19,2024-12-07,29.83,80.88,8.01,Concluído
9444,2362,62,Product Management,2024-09-25,2024-11-03,7.58,65.41,8.69,Concluído
9445,2363,91,Customer Success,2022-09-05,2023-09-06,5.45,80.56,6.11,Concluído
9446,2363,90,Product Management,2024-09-16,2024-11-03,19.67,67.66,7.74,Concluído
9447,2363,3,Liderança e Gestão de Pessoas,2023-04-07,2023-11-14,39.3,73.72,8.66,Concluído
9448,2363,70,Excel Avançado,2024-07-06,2024-09-22,12.46,98.79,6.36,Concluído
9449,2363,58,Negociação,2022-02-13,2023-02-25,21.47,93.76,6.28,Concluído
9450,2363,70,Python Avançado,2023-06-16,,3.37,82.08,,Em Andamento
9451,2364,9,Data Analytics,2024-03-21,2024-08-03,5.42,62.27,6.62,Concluído
9452,2364,78,Excel Avançado,2022-11-15,,9.48,69.87,,Em Andamento
9453,2365,49,Vendas Consultivas,2023-09-23,2024-07-25,32.76,95.96,7.23,Concluído
9454,2365,59,Agile/Scrum,2023-07-23,2024-12-29,37.96,80.06,8.04,Concluído
9455,2365,46,Comunicação Eficaz,2022-12-21,2024-10-28,20.97,68.12,8.55,Concluído
9456,2365,52,JavaScript Moderno,2024-06-13,2024-07-01,10.34,76.17,6.15,Concluído
9457,2365,58,Gestão de Tempo,2024-01-03,2024-11-17,21.1,90.35,6.98,Concluído
9458,2366,10,Machine Learning,2024-05-05,2024-10-01,6.08,65.64,7.55,Concluído
9459,2366,63,Gestão de Projetos,2024-03-18,2024-10-24,21.25,93.75,9.91,Concluído
9460,2366,70,Cloud Computing AWS,2024-06-06,2024-07-12,12.71,93.38,9.1,Concluído
9461,2366,7,Cloud Computing AWS,2024-07-15,2024-11-26,5.25,81.62,9.92,Concluído
9462,2366,12,Negociação,2024-01-14,2024-07-09,5.29,96.42,7.4,Concluído
9463,2366,28,Design Thinking,2024-11-01,,7.8,87.97,,Em Andamento
9464,2366,40,Negociação,2024-04-18,2024-07-26,36.07,75.08,7.21,Concluído
9465,2367,57,Product Management,2024-11-02,2024-12-26,28.63,88.17,9.79,Concluído
9466,2367,1,Cloud Computing AWS,2024-05-28,2024-10-12,16.04,84.29,7.77,Concluído
9467,2367,77,Gestão de Projetos,2024-12-24,2024-12-28,19.64,70.06,6.65,Concluído
9468,2367,58,Comunicação Eficaz,2024-05-31,2024-07-26,29.54,66.99,7.75,Concluído
9469,2367,92,Agile/Scrum,2024-11-09,2024-12-10,12.57,74.92,6.41,Concluído
9470,2367,37,Agile/Scrum,2024-12-03,2024-12-18,9.12,72.56,8.32,Concluído
9471,2367,91,Agile/Scrum,2024-08-12,2024-08-29,36.84,95.27,6.68,Concluído
9472,2368,72,DevOps e CI/CD,2024-12-14,,19.99,3.92,,Em Andamento
9473,2368,84,Customer Success,2024-04-09,2024-11-22,26.25,99.5,9.92,Concluído
9474,2368,97,DevOps e CI/CD,2024-07-10,,9.24,10.76,,Em Andamento
9475,2368,49,Agile/Scrum,2024-12-08,2024-12-31,14.61,72.79,6.2,Concluído
9476,2368,93,Negociação,2024-04-04,2024-07-31,27.02,78.16,8.58,Concluído
9477,2369,56,Customer Success,2023-04-17,2023-09-17,11.41,88.68,7.7,Concluído
9478,2370,9,Cloud Computing AWS,2024-04-15,,7.37,2.93,,Em Andamento
9479,2370,1,Comunicação Eficaz,2023-11-24,2024-07-03,10.3,67.72,8.84,Concluído
9480,2371,63,Excel Avançado,2023-03-16,2023-12-25,5.65,84.03,7.32,Concluído
9481,2372,96,Design Thinking,2024-12-03,2024-12-16,32.53,70.81,7.99,Concluído
9482,2372,37,Gestão de Tempo,2024-08-27,2024-11-01,19.88,73.24,9.86,Concluído
9483,2372,86,Excel Avançado,2024-06-21,,2.19,13.91,,Cancelado
9484,2372,46,Segurança da Informação,2024-05-31,2024-06-21,21.38,87.69,7.97,Concluído
9485,2372,2,Power BI,2024-08-06,,4.52,35.15,,Cancelado
9486,2372,96,Gestão de Tempo,2024-10-24,2024-10-26,27.22,90.2,6.74,Concluído
9487,2373,41,Liderança e Gestão de Pessoas,2022-12-01,2024-09-11,26.28,72.94,8.26,Concluído
9488,2373,80,Oratória,2024-07-22,,16.03,83.12,,Em Andamento
9489,2373,25,DevOps e CI/CD,2023-04-09,,8.45,31.79,,Em Andamento
9490,2373,3,Negociação,2023-12-04,2024-07-24,7.43,98.01,7.8,Concluído
9491,2373,93,Gestão de Projetos,2024-10-31,,17.66,12.09,,Em Andamento
9492,2374,55,Data Analytics,2024-12-20,2024-12-24,4.12,86.71,7.64,Concluído
9493,2374,84,Comunicação Eficaz,2024-12-12,2024-12-15,22.29,65.85,6.55,Concluído
9494,2374,6,Excel Avançado,2024-12-27,2024-12-29,34.35,79.38,6.16,Concluído
9495,2374,56,Liderança e Gestão de Pessoas,2024-12-26,2024-12-29,27.24,78.86,7.44,Concluído
9496,2374,23,Customer Success,2024-11-23,2024-12-04,32.09,90.96,6.14,Concluído
9497,2374,62,Design Thinking,2024-12-10,2024-12-18,11.89,74.8,8.99,Concluído
9498,2375,14,Agile/Scrum,2023-12-19,2024-11-23,5.1,81.58,8.99,Concluído
9499,2375,66,Customer Success,2024-10-29,2024-12-13,11.96,72.03,6.55,Concluído
9500,2375,33,DevOps e CI/CD,2024-09-01,2024-10-06,36.42,94.48,9.39,Concluído
9501,2375,38,Customer Success,2024-09-20,,7.66,71.27,,Em Andamento
9502,2375,39,Agile/Scrum,2024-07-07,2024-10-08,15.35,62.64,9.48,Concluído
9503,2375,36,Power BI,2024-07-29,2024-09-13,31.05,93.95,6.62,Concluído
9504,2376,63,Power BI,2024-01-27,2024-12-09,4.2,75.19,7.21,Concluído
9505,2376,55,Gestão de Projetos,2023-06-26,2024-10-03,16.27,82.26,6.34,Concluído
9506,2376,66,Product Management,2024-02-04,2024-04-22,35.35,73.77,8.52,Concluído
9507,2376,25,Gestão de Tempo,2023-08-02,2024-06-28,30.69,61.31,6.53,Concluído
9508,2376,83,Product Management,2023-11-04,2024-02-03,7.61,80.18,6.58,Concluído
9509,2377,34,DevOps e CI/CD,2024-01-08,,11.66,71.7,,Em Andamento
9510,2377,27,Data Analytics,2024-05-29,,14.12,57.49,,Em Andamento
9511,2377,50,Machine Learning,2024-12-12,2024-12-15,20.98,69.59,6.69,Concluído
9512,2377,29,Comunicação Eficaz,2023-08-25,,4.7,29.82,,Em Andamento
9513,2377,37,Gestão de Tempo,2022-10-16,2023-02-26,23.48,81.34,8.1,Concluído
9514,2377,18,Excel Avançado,2023-03-31,2024-05-18,23.62,93.08,9.88,Concluído
9515,2378,27,Comunicação Eficaz,2024-10-21,2024-11-26,9.3,89.66,9.57,Concluído
9516,2379,48,Cloud Computing AWS,2024-07-16,2024-12-08,17.89,72.68,8.46,Concluído
9517,2379,44,Negociação,2023-06-07,2024-01-26,13.72,87.72,6.91,Concluído
9518,2379,30,Machine Learning,2023-05-06,2023-06-14,21.25,66.8,8.55,Concluído
9519,2379,96,Power BI,2023-05-17,2024-03-01,23.15,63.24,8.97,Concluído
9520,2379,14,Oratória,2023-08-23,2024-05-21,14.74,82.75,7.37,Concluído
9521,2380,77,Python Avançado,2023-06-12,2024-12-20,22.63,99.13,9.44,Concluído
9522,2380,77,DevOps e CI/CD,2023-11-26,2024-06-25,25.19,97.15,9.01,Concluído
9523,2380,37,Python Avançado,2022-04-12,2024-07-13,38.5,94.61,6.12,Concluído
9524,2381,92,Liderança e Gestão de Pessoas,2022-04-27,,16.27,69.73,,Em Andamento
9525,2381,34,Oratória,2023-07-08,2024-07-08,36.06,70.8,7.63,Concluído
9526,2381,48,Oratória,2022-12-16,2024-09-24,20.14,83.21,8.18,Concluído
9527,2381,80,Negociação,2024-02-03,2024-11-23,6.02,85.16,8.81,Concluído
9528,2381,52,Liderança e Gestão de Pessoas,2023-06-10,2024-06-23,13.68,70.39,8.61,Concluído
9529,2381,62,Product Management,2024-09-16,2024-10-19,24.77,94.67,9.73,Concluído
9530,2382,92,Customer Success,2023-10-03,2024-12-28,18.91,95.46,9.08,Concluído
9531,2382,41,Liderança e Gestão de Pessoas,2024-10-19,,8.36,37.48,,Cancelado
9532,2382,90,Data Analytics,2024-09-15,2024-10-10,23.2,91.63,7.42,Concluído
9533,2382,100,Customer Success,2024-09-11,2024-11-19,27.69,79.26,6.5,Concluído
9534,2383,76,Oratória,2024-04-15,,7.55,15.25,,Cancelado
9535,2383,30,Agile/Scrum,2023-03-13,2024-11-24,35.45,71.79,7.75,Concluído
9536,2383,55,Comunicação Eficaz,2024-01-04,2024-04-30,31.01,77.5,6.94,Concluído
9537,2383,25,Excel Avançado,2024-10-13,2024-12-10,39.61,65.57,6.54,Concluído
9538,2383,11,Gestão de Tempo,2024-06-29,2024-08-29,33.15,82.3,8.39,Concluído
9539,2383,40,Agile/Scrum,2023-06-19,2024-02-23,4.66,63.21,8.09,Concluído
9540,2383,36,Vendas Consultivas,2024-03-17,2024-06-30,17.18,61.33,7.01,Concluído
9541,2385,52,Python Avançado,2022-12-15,2024-04-29,15.75,97.33,9.05,Concluído
9542,2386,24,Comunicação Eficaz,2024-12-26,2024-12-29,34.72,86.42,9.23,Concluído
9543,2387,14,Vendas Consultivas,2023-08-29,2024-06-09,23.32,99.73,9.08,Concluído
9544,2387,7,Power BI,2024-11-14,2024-12-30,35.71,96.49,9.99,Concluído
9545,2387,35,Python Avançado,2023-05-03,2024-04-10,17.01,86.52,6.23,Concluído
9546,2387,69,Vendas Consultivas,2023-07-21,2023-12-20,25.15,72.82,8.62,Concluído
9547,2387,26,Product Management,2023-06-01,2023-10-15,25.07,83.96,7.11,Concluído
9548,2387,61,Gestão de Tempo,2022-12-21,2024-08-09,8.65,96.34,6.87,Concluído
9549,2387,89,Comunicação Eficaz,2023-09-22,,6.69,65.18,,Em Andamento
9550,2387,24,Segurança da Informação,2023-06-28,,15.61,17.76,,Em Andamento
9551,2388,100,Excel Avançado,2024-09-11,2024-12-23,13.36,73.96,7.39,Concluído
9552,2388,16,Excel Avançado,2024-09-21,2024-11-11,15.3,64.26,9.53,Concluído
9553,2388,13,Cloud Computing AWS,2024-11-06,2024-12-22,7.38,88.98,9.34,Concluído
9554,2388,54,Customer Success,2024-08-16,2024-11-25,31.63,81.71,6.16,Concluído
9555,2388,34,Machine Learning,2024-09-26,2024-12-17,20.2,92.64,6.49,Concluído
9556,2389,91,Design Thinking,2024-03-25,2024-12-09,15.72,65.78,6.31,Concluído
9557,2389,21,Cloud Computing AWS,2022-11-28,2023-11-14,6.22,62.41,7.98,Concluído
9558,2389,43,Segurança da Informação,2024-08-14,,12.88,44.2,,Em Andamento
9559,2389,58,DevOps e CI/CD,2024-04-27,,13.19,17.54,,Em Andamento
9560,2389,99,Power BI,2023-01-02,2024-06-21,15.01,75.03,8.53,Concluído
9561,2389,97,Excel Avançado,2024-07-31,2024-09-15,31.12,60.8,8.02,Concluído
9562,2390,61,Customer Success,2024-04-07,,6.29,65.51,,Em Andamento
9563,2390,85,Cloud Computing AWS,2024-11-05,2024-12-01,21.0,64.52,7.08,Concluído
9564,2390,26,Power BI,2023-11-07,2023-12-14,18.24,71.55,9.0,Concluído
9565,2390,75,Oratória,2024-10-03,2024-10-18,37.44,80.07,7.28,Concluído
9566,2390,88,Cloud Computing AWS,2024-07-07,2024-10-26,5.84,65.73,7.13,Concluído
9567,2391,25,Negociação,2024-07-15,2024-10-17,7.96,79.51,6.99,Concluído
9568,2392,45,DevOps e CI/CD,2024-12-15,2024-12-24,5.25,92.36,6.0,Concluído
9569,2392,66,Agile/Scrum,2024-11-27,2024-12-22,16.4,81.74,9.59,Concluído
9570,2392,96,Segurança da Informação,2024-11-10,2024-11-27,7.67,63.81,6.44,Concluído
9571,2393,10,Comunicação Eficaz,2024-09-07,2024-12-20,6.99,88.52,9.23,Concluído
9572,2394,83,Liderança e Gestão de Pessoas,2023-09-24,2023-11-17,29.5,76.79,9.57,Concluído
9573,2394,19,DevOps e CI/CD,2024-11-30,2024-12-20,37.55,80.56,7.17,Concluído
9574,2394,94,Gestão de Projetos,2022-10-06,,5.14,10.08,,Cancelado
9575,2394,58,Python Avançado,2024-08-16,2024-11-12,24.78,66.17,8.1,Concluído
9576,2394,62,Comunicação Eficaz,2024-10-09,,17.14,22.66,,Em Andamento
9577,2395,87,Excel Avançado,2024-10-13,2024-12-18,8.91,87.01,6.27,Concluído
9578,2396,6,Machine Learning,2023-05-04,2023-07-20,12.19,60.78,6.17,Concluído
9579,2396,29,Data Analytics,2023-08-16,2024-07-17,39.05,79.53,9.08,Concluído
9580,2396,44,Customer Success,2023-05-17,,4.36,19.4,,Cancelado
9581,2396,79,Power BI,2024-03-18,2024-04-22,9.41,87.15,8.92,Concluído
9582,2396,78,Agile/Scrum,2023-05-22,2024-06-24,39.29,99.95,9.77,Concluído
9583,2397,100,Agile/Scrum,2023-10-20,,2.62,50.56,,Em Andamento
9584,2397,14,Comunicação Eficaz,2022-11-20,2024-08-14,19.1,88.57,7.87,Concluído
9585,2397,96,Machine Learning,2024-04-12,2024-09-19,15.03,80.08,9.77,Concluído
9586,2397,19,Gestão de Projetos,2023-05-26,,19.9,41.82,,Em Andamento
9587,2397,85,Data Analytics,2022-12-18,2023-04-08,20.84,70.05,7.35,Concluído
9588,2397,21,Gestão de Projetos,2023-12-11,2024-05-06,7.46,99.94,9.83,Concluído
9589,2397,65,Segurança da Informação,2023-03-26,2024-12-21,4.59,93.43,7.87,Concluído
9590,2398,85,Negociação,2023-12-29,2024-12-18,24.32,90.52,8.4,Concluído
9591,2398,71,Oratória,2024-04-30,,9.72,32.12,,Em Andamento
9592,2398,40,Liderança e Gestão de Pessoas,2024-06-27,2024-07-05,10.49,64.07,9.87,Concluído
9593,2398,76,Cloud Computing AWS,2024-10-31,2024-12-04,24.5,78.47,8.18,Concluído
9594,2398,29,Data Analytics,2024-09-18,2024-10-04,12.03,64.7,6.92,Concluído
9595,2398,21,Gestão de Tempo,2023-07-09,2024-04-18,17.19,81.87,7.41,Concluído
9596,2398,65,Customer Success,2024-12-09,2024-12-27,5.73,87.07,8.43,Concluído
9597,2400,11,Data Analytics,2024-12-20,2024-12-30,22.16,68.37,7.94,Concluído
9598,2400,21,Python Avançado,2024-06-15,2024-10-18,28.29,72.89,8.37,Concluído
9599,2400,34,Vendas Consultivas,2023-10-12,2024-08-23,28.31,82.04,8.71,Concluído
9600,2400,39,Data Analytics,2024-02-21,2024-05-23,25.29,90.88,6.41,Concluído
9601,2400,2,Python Avançado,2024-01-01,,5.07,65.24,,Em Andamento
9602,2401,5,Comunicação Eficaz,2024-10-01,2024-11-10,32.59,82.14,6.49,Concluído
9603,2401,95,Cloud Computing AWS,2024-11-30,2024-12-16,18.11,85.2,7.34,Concluído
9604,2401,51,Liderança e Gestão de Pessoas,2024-08-26,2024-11-23,31.42,67.11,8.93,Concluído
9605,2401,20,Liderança e Gestão de Pessoas,2024-11-20,,5.27,38.43,,Em Andamento
9606,2401,42,Segurança da Informação,2024-09-27,2024-11-11,8.93,66.74,7.51,Concluído
9607,2401,23,Power BI,2024-12-21,,2.85,4.04,,Cancelado
9608,2404,48,JavaScript Moderno,2024-04-19,,15.19,68.38,,Em Andamento
9609,2404,12,Oratória,2024-05-20,2024-09-11,39.75,69.37,7.5,Concluído
9610,2404,80,Power BI,2024-10-10,2024-10-24,8.58,91.43,9.13,Concluído
9611,2404,20,DevOps e CI/CD,2024-05-26,2024-09-23,23.01,72.12,7.55,Concluído
9612,2404,5,Machine Learning,2024-09-13,2024-09-24,23.73,84.25,9.54,Concluído
9613,2404,4,Negociação,2024-05-12,2024-08-08,14.55,61.89,9.14,Concluído
9614,2404,37,Data Analytics,2024-05-06,2024-11-13,9.69,64.43,7.79,Concluído
9615,2404,3,Gestão de Projetos,2024-12-08,2024-12-21,33.65,95.24,6.85,Concluído
9616,2406,39,Vendas Consultivas,2023-12-02,,6.78,84.41,,Em Andamento
9617,2406,73,Vendas Consultivas,2024-12-02,2024-12-11,27.48,69.03,8.55,Concluído
9618,2406,56,Machine Learning,2024-08-14,2024-11-05,20.56,82.57,6.84,Concluído
9619,2407,89,Cloud Computing AWS,2024-11-11,2024-12-27,6.68,94.55,7.92,Concluído
9620,2407,14,Machine Learning,2024-12-02,2024-12-09,25.25,89.33,8.66,Concluído
9621,2407,51,Customer Success,2024-10-24,2024-12-25,31.11,76.98,7.22,Concluído
9622,2407,48,Vendas Consultivas,2024-12-29,2024-12-31,24.78,80.52,7.67,Concluído
9623,2407,79,Agile/Scrum,2024-11-15,2024-12-13,9.37,93.28,8.92,Concluído
9624,2407,25,JavaScript Moderno,2024-10-27,2024-12-07,10.31,65.9,7.97,Concluído
9625,2407,43,Customer Success,2024-11-24,2024-12-21,11.3,86.08,8.7,Concluído
9626,2407,45,Power BI,2024-12-02,2024-12-22,32.62,80.48,9.65,Concluído
9627,2408,39,Liderança e Gestão de Pessoas,2025-01-01,2025-01-02,27.36,74.32,9.13,Concluído
9628,2408,73,Customer Success,2024-12-31,2025-01-01,6.36,96.5,7.16,Concluído
9629,2408,73,JavaScript Moderno,2024-12-31,2025-01-01,32.46,91.23,9.73,Concluído
9630,2408,71,Liderança e Gestão de Pessoas,2024-12-31,2025-01-01,30.5,88.23,7.99,Concluído
9631,2408,97,Segurança da Informação,2024-12-31,2025-01-01,37.59,69.46,7.44,Concluído
9632,2408,56,Oratória,2024-12-31,2025-01-01,21.72,74.61,8.92,Concluído
9633,2408,22,JavaScript Moderno,2024-12-31,2025-01-01,15.63,92.73,8.12,Concluído
9634,2410,32,Data Analytics,2024-12-25,2024-12-27,13.53,66.06,6.07,Concluído
9635,2410,90,Gestão de Tempo,2024-12-17,2024-12-23,11.84,96.93,9.03,Concluído
9636,2410,23,Segurança da Informação,2024-12-23,2024-12-25,26.15,61.11,8.0,Concluído
9637,2410,63,JavaScript Moderno,2024-12-25,2024-12-30,32.04,97.2,7.17,Concluído
9638,2412,35,Machine Learning,2023-07-21,2023-08-21,27.99,70.82,8.18,Concluído
9639,2412,29,Liderança e Gestão de Pessoas,2024-08-16,2024-08-31,20.4,87.91,9.38,Concluído
9640,2412,11,Machine Learning,2024-05-16,,8.11,81.68,,Em Andamento
9641,2412,34,Cloud Computing AWS,2024-04-15,2024-07-30,20.96,67.52,9.04,Concluído
9642,2412,97,Design Thinking,2024-04-04,,3.22,34.65,,Em Andamento
9643,2412,39,Customer Success,2024-01-19,2024-02-14,10.22,61.23,8.13,Concluído
9644,2412,56,Power BI,2024-05-14,2024-06-10,34.95,69.2,6.53,Concluído
9645,2413,42,Power BI,2024-08-31,2024-12-04,13.06,85.91,7.61,Concluído
9646,2413,100,Machine Learning,2024-07-25,2024-10-25,6.62,86.09,8.59,Concluído
9647,2414,49,Gestão de Projetos,2024-11-14,,13.47,3.41,,Em Andamento
9648,2414,32,Excel Avançado,2024-01-16,2024-03-08,20.56,98.85,6.72,Concluído
9649,2414,44,Agile/Scrum,2024-06-20,2024-07-27,10.72,83.79,6.96,Concluído
9650,2414,11,Python Avançado,2024-11-12,2024-11-26,23.13,90.73,9.09,Concluído
9651,2414,43,Oratória,2024-03-12,2024-09-15,19.76,89.42,6.29,Concluído
9652,2414,72,Vendas Consultivas,2024-05-19,2024-11-05,32.74,90.49,6.5,Concluído
9653,2414,100,Comunicação Eficaz,2024-01-19,2024-09-30,27.97,69.15,6.58,Concluído
9654,2415,19,Machine Learning,2023-04-08,2023-07-28,37.72,94.48,9.5,Concluído
9655,2416,33,Liderança e Gestão de Pessoas,2024-07-22,2024-09-17,25.07,96.93,8.72,Concluído
9656,2416,23,JavaScript Moderno,2024-10-12,2024-12-14,6.37,94.42,7.81,Concluído
9657,2416,25,Product Management,2023-12-22,2024-04-14,6.19,97.45,7.33,Concluído
9658,2416,77,Data Analytics,2024-05-19,2024-09-24,6.95,61.75,9.58,Concluído
9659,2416,13,Negociação,2024-01-19,2024-11-07,31.81,65.41,6.4,Concluído
9660,2416,56,Python Avançado,2024-11-05,2024-12-13,21.6,60.07,8.45,Concluído
9661,2416,88,Gestão de Projetos,2023-11-02,2024-02-26,4.78,70.18,6.22,Concluído
9662,2416,21,Segurança da Informação,2024-03-20,2024-07-03,35.55,65.16,8.89,Concluído
9663,2417,76,Gestão de Projetos,2024-12-31,2025-01-01,39.89,81.08,9.93,Concluído
9664,2417,84,Vendas Consultivas,2025-01-01,2025-01-02,17.48,95.39,9.17,Concluído
9665,2417,57,Machine Learning,2025-01-01,2025-01-02,7.22,87.83,9.49,Concluído
9666,2417,75,Vendas Consultivas,2024-12-31,2025-01-01,4.3,72.7,8.65,Concluído
9667,2417,91,Gestão de Tempo,2024-12-31,2025-01-01,20.87,73.76,7.49,Concluído
9668,2417,1,Product Management,2025-01-01,2025-01-02,31.42,95.87,7.14,Concluído
9669,2418,30,Product Management,2024-01-21,2024-08-25,23.29,90.89,9.6,Concluído
9670,2418,32,Gestão de Projetos,2024-01-22,2024-03-07,39.85,88.18,10.0,Concluído
9671,2418,23,Python Avançado,2023-08-17,2024-12-03,8.88,74.08,6.6,Concluído
9672,2419,38,Gestão de Tempo,2024-12-06,2024-12-29,22.66,81.24,9.8,Concluído
9673,2419,44,Customer Success,2024-12-06,2024-12-14,31.18,81.66,9.95,Concluído
9674,2419,13,DevOps e CI/CD,2024-12-06,2024-12-26,31.7,79.2,9.98,Concluído
9675,2419,37,Cloud Computing AWS,2024-12-13,2024-12-31,12.4,97.76,6.53,Concluído
9676,2419,20,Design Thinking,2024-12-21,2024-12-29,18.43,81.83,6.3,Concluído
9677,2420,90,Python Avançado,2023-09-06,2023-11-02,4.87,79.75,7.86,Concluído
9678,2420,52,Power BI,2023-07-30,2024-07-24,13.62,71.44,8.61,Concluído
9679,2420,34,Vendas Consultivas,2024-06-23,2024-07-20,15.74,71.29,8.5,Concluído
9680,2420,1,JavaScript Moderno,2023-12-05,2023-12-16,12.9,89.06,9.33,Concluído
9681,2420,21,Python Avançado,2023-08-11,2024-01-17,31.39,79.5,8.41,Concluído
9682,2420,89,JavaScript Moderno,2024-02-24,2024-12-03,29.71,80.47,8.99,Concluído
9683,2421,81,Gestão de Projetos,2024-11-08,2024-11-27,4.91,83.25,7.76,Concluído
9684,2422,84,Excel Avançado,2023-01-12,2024-09-27,35.0,73.16,6.53,Concluído
9685,2422,86,Power BI,2024-12-20,2024-12-21,36.23,72.6,6.87,Concluído
9686,2422,65,Segurança da Informação,2024-09-21,2024-12-05,21.61,93.47,8.32,Concluído
9687,2423,31,Gestão de Projetos,2024-07-08,2024-10-20,32.87,75.4,6.51,Concluído
9688,2424,12,Negociação,2024-12-11,2024-12-15,4.35,93.64,8.7,Concluído
9689,2424,15,Excel Avançado,2024-01-26,2024-08-25,31.98,80.05,9.1,Concluído
9690,2424,74,Power BI,2023-12-29,2024-04-10,9.86,65.26,7.09,Concluído
9691,2424,27,Vendas Consultivas,2023-12-08,,8.2,10.58,,Cancelado
9692,2424,61,Excel Avançado,2024-11-14,2024-12-30,35.29,93.06,8.87,Concluído
9693,2424,2,Negociação,2023-04-20,,11.84,6.29,,Em Andamento
9694,2424,49,Gestão de Tempo,2023-05-07,,17.01,30.98,,Em Andamento
9695,2425,38,DevOps e CI/CD,2024-10-29,2024-12-16,25.7,85.45,7.63,Concluído
9696,2425,63,Design Thinking,2024-11-26,2024-12-23,29.89,94.01,9.81,Concluído
9697,2425,58,Python Avançado,2024-09-06,,10.64,11.1,,Em Andamento
9698,2427,43,Negociação,2023-11-05,2024-10-22,12.12,76.67,7.21,Concluído
9699,2428,24,Excel Avançado,2024-07-10,2024-11-09,27.25,83.64,9.92,Concluído
9700,2428,15,Segurança da Informação,2024-10-02,2024-12-02,20.73,91.15,9.05,Concluído
9701,2428,89,JavaScript Moderno,2024-08-25,2024-11-30,38.19,84.56,6.42,Concluído
9702,2428,87,Power BI,2024-08-18,2024-11-29,23.24,77.97,6.89,Concluído
9703,2428,93,Liderança e Gestão de Pessoas,2024-08-31,2024-10-05,29.33,90.27,9.05,Concluído
9704,2428,47,Python Avançado,2024-11-18,2024-11-19,38.11,62.82,8.12,Concluído
9705,2428,14,Product Management,2024-09-10,2024-10-02,25.35,83.49,6.39,Concluído
9706,2428,33,Data Analytics,2024-08-18,2024-09-01,7.95,97.75,7.55,Concluído
9707,2429,16,Negociação,2024-10-23,2024-12-23,25.85,74.0,8.56,Concluído
9708,2429,86,Agile/Scrum,2024-11-14,2024-12-25,36.53,86.68,8.3,Concluído
9709,2429,11,Vendas Consultivas,2024-10-24,2024-12-26,19.01,90.54,9.66,Concluído
9710,2429,44,Segurança da Informação,2024-11-21,2024-12-10,17.06,63.2,7.65,Concluído
9711,2429,21,Gestão de Tempo,2024-11-27,,8.89,24.81,,Cancelado
9712,2429,75,Design Thinking,2024-12-21,2024-12-25,28.48,70.07,8.94,Concluído
9713,2430,4,Product Management,2023-07-16,2023-09-14,36.94,66.0,6.91,Concluído
9714,2430,65,Design Thinking,2023-11-13,2024-04-19,17.81,80.05,8.26,Concluído
9715,2430,28,Segurança da Informação,2024-11-15,2024-12-05,7.28,61.18,8.03,Concluído
9716,2430,98,Gestão de Projetos,2023-09-04,2024-06-13,13.75,81.36,8.77,Concluído
9717,2430,67,Segurança da Informação,2024-06-11,2024-07-03,17.92,98.97,6.92,Concluído
9718,2430,96,Oratória,2023-11-10,2024-06-16,37.72,76.32,9.53,Concluído
9719,2433,21,Agile/Scrum,2024-05-08,2024-11-06,21.25,80.39,7.36,Concluído
9720,2433,85,Python Avançado,2024-12-28,,15.8,24.45,,Em Andamento
9721,2433,48,Excel Avançado,2024-04-15,,11.58,36.65,,Em Andamento
9722,2433,52,Agile/Scrum,2024-07-09,2024-08-07,25.92,79.65,9.65,Concluído
9723,2433,3,Gestão de Tempo,2024-07-21,2024-09-17,8.12,85.32,6.44,Concluído
9724,2433,86,Cloud Computing AWS,2024-10-14,2024-11-24,24.44,61.25,8.78,Concluído
9725,2433,75,Segurança da Informação,2024-11-06,,2.88,36.88,,Cancelado
9726,2434,95,DevOps e CI/CD,2024-02-02,2024-11-21,18.14,99.1,9.5,Concluído
9727,2434,93,Product Management,2024-01-07,2024-06-11,32.98,61.61,6.65,Concluído
9728,2434,49,Product Management,2024-03-03,2024-08-16,7.33,72.72,6.37,Concluído
9729,2434,72,JavaScript Moderno,2024-06-22,2024-11-18,14.85,85.51,6.12,Concluído
9730,2434,7,Liderança e Gestão de Pessoas,2024-02-02,2024-11-09,22.36,64.2,6.09,Concluído
9731,2434,2,Negociação,2024-01-09,2024-02-13,31.73,99.16,6.55,Concluído
9732,2434,8,Power BI,2024-08-22,2024-11-25,15.97,86.73,8.19,Concluído
9733,2435,26,Customer Success,2023-08-10,2023-09-24,16.34,61.89,7.0,Concluído
9734,2436,36,Machine Learning,2024-11-22,,7.22,41.09,,Em Andamento
9735,2436,41,Product Management,2024-08-26,2024-09-14,35.62,95.6,6.55,Concluído
9736,2436,78,Agile/Scrum,2024-12-14,2024-12-22,20.31,98.76,9.86,Concluído
9737,2436,33,Power BI,2024-07-17,,4.03,4.57,,Cancelado
9738,2437,28,JavaScript Moderno,2024-07-12,2024-11-10,12.44,81.36,8.73,Concluído
9739,2438,66,Vendas Consultivas,2024-12-17,,2.14,34.95,,Cancelado
9740,2438,55,Customer Success,2024-12-27,2024-12-29,6.88,62.23,8.62,Concluído
9741,2438,74,Data Analytics,2024-06-30,2024-08-31,21.15,81.98,9.44,Concluído
9742,2438,65,Data Analytics,2024-10-31,2024-12-05,30.24,85.13,6.33,Concluído
9743,2438,55,Vendas Consultivas,2024-05-19,,12.1,80.74,,Em Andamento
9744,2438,2,Vendas Consultivas,2024-06-22,2024-10-15,6.35,99.55,8.51,Concluído
9745,2439,64,Segurança da Informação,2024-03-01,,18.62,41.52,,Em Andamento
9746,2439,6,Segurança da Informação,2024-02-01,2024-02-05,10.1,85.87,7.54,Concluído
9747,2439,46,Agile/Scrum,2023-04-04,,16.71,55.7,,Em Andamento
9748,2439,20,Oratória,2024-04-14,2024-06-09,7.15,86.67,7.3,Concluído
9749,2439,58,JavaScript Moderno,2024-08-03,2024-08-14,27.89,81.93,6.83,Concluído
9750,2439,33,Negociação,2024-08-31,2024-10-04,33.03,86.83,7.84,Concluído
9751,2439,57,Design Thinking,2024-08-04,2024-12-09,26.75,81.13,7.87,Concluído
9752,2439,49,Cloud Computing AWS,2023-05-24,2023-07-29,25.58,71.23,7.39,Concluído
9753,2440,27,Liderança e Gestão de Pessoas,2024-12-27,2024-12-30,20.32,74.45,6.71,Concluído
9754,2440,91,Excel Avançado,2024-12-31,2025-01-01,7.02,77.63,9.37,Concluído
9755,2440,82,Negociação,2024-12-20,2024-12-23,16.75,91.25,9.52,Concluído
9756,2440,43,Customer Success,2024-12-28,2024-12-29,14.84,85.17,8.39,Concluído
9757,2440,9,Data Analytics,2024-12-27,2024-12-30,11.23,75.12,6.55,Concluído
9758,2440,87,Liderança e Gestão de Pessoas,2024-12-29,2024-12-30,17.02,60.21,8.73,Concluído
9759,2440,46,Power BI,2024-12-29,2024-12-30,27.76,64.94,7.8,Concluído
9760,2440,39,Gestão de Tempo,2024-12-31,2025-01-01,38.6,89.09,9.68,Concluído
9761,2441,47,Excel Avançado,2024-10-05,2024-11-01,9.66,76.51,7.57,Concluído
9762,2441,58,Excel Avançado,2024-11-04,2024-11-20,34.53,86.05,7.53,Concluído
9763,2441,76,Negociação,2024-11-21,,13.47,22.58,,Em Andamento
9764,2441,82,Comunicação Eficaz,2024-10-28,2024-12-04,37.09,99.37,7.23,Concluído
9765,2441,74,Segurança da Informação,2024-08-23,2024-09-27,17.28,74.05,6.44,Concluído
9766,2441,64,Power BI,2024-10-03,2024-11-22,17.67,85.64,7.82,Concluído
9767,2441,78,Power BI,2024-12-22,,17.56,23.43,,Em Andamento
9768,2442,87,Agile/Scrum,2024-06-21,2024-11-20,21.39,83.45,8.32,Concluído
9769,2442,91,Negociação,2024-09-18,2024-09-26,26.88,87.54,9.96,Concluído
9770,2442,75,DevOps e CI/CD,2024-11-25,2024-12-22,21.81,96.33,9.81,Concluído
9771,2442,6,Oratória,2024-09-02,2024-12-10,7.37,61.77,9.26,Concluído
9772,2442,91,Agile/Scrum,2024-07-18,2024-07-22,26.57,63.45,7.46,Concluído
9773,2442,87,Comunicação Eficaz,2024-12-13,2024-12-18,37.51,82.64,8.76,Concluído
9774,2442,46,JavaScript Moderno,2024-05-31,2024-10-08,17.2,86.44,7.21,Concluído
9775,2442,73,Data Analytics,2024-06-07,2024-10-09,13.83,86.72,9.52,Concluído
9776,2444,3,Design Thinking,2023-12-16,,3.36,31.02,,Em Andamento
9777,2444,17,Vendas Consultivas,2024-01-03,2024-08-26,23.37,72.22,7.28,Concluído
9778,2444,8,JavaScript Moderno,2022-10-29,2023-04-28,37.11,82.9,8.63,Concluído
9779,2444,59,Machine Learning,2024-10-09,2024-12-01,19.14,74.41,6.69,Concluído
9780,2444,94,Machine Learning,2022-12-31,2024-09-06,34.38,94.14,9.8,Concluído
9781,2444,82,Machine Learning,2024-08-13,2024-12-25,10.67,91.59,9.53,Concluído
9782,2444,16,Negociação,2023-03-04,,5.03,45.83,,Em Andamento
9783,2444,31,Product Management,2022-12-14,,12.39,0.41,,Em Andamento
9784,2445,55,Machine Learning,2023-02-10,,10.01,76.05,,Em Andamento
9785,2445,18,Product Management,2023-08-21,,19.15,18.89,,Em Andamento
9786,2446,34,Liderança e Gestão de Pessoas,2024-10-07,2024-10-22,22.8,89.75,9.75,Concluído
9787,2446,62,Design Thinking,2024-04-02,2024-04-24,22.42,96.82,8.16,Concluído
9788,2446,93,Power BI,2024-12-08,2024-12-29,10.53,64.06,7.68,Concluído
9789,2447,29,Data Analytics,2024-12-23,2024-12-24,11.11,88.55,7.04,Concluído
9790,2447,61,Product Management,2024-12-17,2024-12-29,19.41,81.51,9.53,Concluído
9791,2447,79,JavaScript Moderno,2024-12-14,2024-12-28,5.7,64.7,6.28,Concluído
9792,2447,53,JavaScript Moderno,2024-12-01,2024-12-04,26.7,90.67,6.35,Concluído
9793,2447,67,Cloud Computing AWS,2024-12-23,2024-12-28,25.0,73.33,9.47,Concluído
9794,2447,15,Machine Learning,2024-12-13,2024-12-17,20.14,99.44,8.45,Concluído
9795,2449,36,Power BI,2024-09-27,2024-09-29,23.4,97.18,7.99,Concluído
9796,2449,99,Python Avançado,2024-10-28,2024-11-17,6.87,71.61,9.42,Concluído
9797,2449,31,Customer Success,2024-12-28,2024-12-29,38.33,97.49,7.91,Concluído
9798,2450,92,DevOps e CI/CD,2024-09-12,,14.86,59.1,,Em Andamento
9799,2451,74,Segurança da Informação,2024-11-01,2024-12-01,23.57,84.53,9.92,Concluído
9800,2451,5,Agile/Scrum,2024-09-27,2024-11-04,37.57,83.11,9.96,Concluído
9801,2452,3,Segurança da Informação,2023-09-12,2024-10-20,11.42,88.82,7.61,Concluído
9802,2452,97,Agile/Scrum,2024-03-15,2024-10-20,39.87,67.21,7.44,Concluído
9803,2452,68,DevOps e CI/CD,2024-09-11,,7.03,69.75,,Em Andamento
9804,2452,87,Negociação,2023-08-17,2024-03-27,7.57,76.69,6.71,Concluído
9805,2452,16,Comunicação Eficaz,2024-10-30,,4.03,12.16,,Em Andamento
9806,2452,63,Power BI,2024-12-27,2024-12-29,5.83,86.02,7.34,Concluído
9807,2453,1,Liderança e Gestão de Pessoas,2024-11-25,,2.61,3.28,,Cancelado
9808,2453,88,Customer Success,2024-12-24,2024-12-27,32.31,73.13,9.88,Concluído
9809,2453,96,Liderança e Gestão de Pessoas,2024-11-26,2024-12-01,7.53,82.09,9.91,Concluído
9810,2453,62,JavaScript Moderno,2024-09-09,2024-09-12,37.66,78.35,7.33,Concluído
9811,2453,41,Gestão de Tempo,2024-06-21,2024-11-25,15.66,92.39,7.6,Concluído
9812,2454,72,Excel Avançado,2024-07-01,2024-11-05,31.74,61.35,9.61,Concluído
9813,2454,87,Oratória,2024-06-09,2024-07-29,12.75,76.62,7.46,Concluído
9814,2454,48,Design Thinking,2024-09-06,2024-11-14,27.22,73.85,7.12,Concluído
9815,2454,77,Comunicação Eficaz,2023-05-06,2024-05-28,28.46,93.05,9.27,Concluído
9816,2454,19,Vendas Consultivas,2023-09-17,,15.83,13.84,,Em Andamento
9817,2455,19,Liderança e Gestão de Pessoas,2024-04-08,2024-05-29,29.02,67.03,9.6,Concluído
9818,2455,33,Machine Learning,2024-08-22,2024-08-23,10.23,93.8,6.58,Concluído
9819,2455,94,Gestão de Projetos,2024-09-06,,17.87,76.67,,Em Andamento
9820,2456,57,Oratória,2024-12-25,2024-12-30,26.46,80.29,7.32,Concluído
9821,2456,94,Cloud Computing AWS,2024-08-22,2024-08-24,6.17,68.15,9.51,Concluído
9822,2456,46,Vendas Consultivas,2023-02-01,2024-01-22,9.3,93.98,6.86,Concluído
9823,2456,30,Segurança da Informação,2023-11-09,2024-11-23,36.19,60.66,6.56,Concluído
9824,2456,66,Power BI,2024-05-12,,6.09,53.81,,Em Andamento
9825,2457,57,Product Management,2024-12-18,2024-12-22,35.92,89.92,8.91,Concluído
9826,2457,56,Customer Success,2024-12-29,2024-12-31,35.63,87.78,9.01,Concluído
9827,2457,54,Excel Avançado,2024-12-22,2024-12-31,33.36,78.52,7.65,Concluído
9828,2457,11,Design Thinking,2024-12-19,2024-12-27,7.0,81.94,6.3,Concluído
9829,2458,47,Gestão de Tempo,2024-12-19,,1.62,24.08,,Cancelado
9830,2458,18,Customer Success,2024-12-14,,7.0,8.74,,Em Andamento
9831,2459,3,Vendas Consultivas,2024-10-04,2024-12-29,9.95,97.26,9.59,Concluído
9832,2459,49,Negociação,2024-11-04,2024-11-30,16.39,65.03,8.66,Concluído
9833,2459,4,Gestão de Tempo,2024-12-14,2024-12-20,14.59,99.27,6.37,Concluído
9834,2459,77,Negociação,2024-10-07,2024-10-17,13.14,90.89,9.86,Concluído
9835,2460,72,Data Analytics,2023-02-27,2024-04-01,5.33,67.91,6.78,Concluído
9836,2460,63,Oratória,2023-07-25,,3.03,83.93,,Em Andamento
9837,2460,72,Excel Avançado,2024-05-11,2024-07-05,31.0,84.69,9.83,Concluído
9838,2460,18,Design Thinking,2024-07-15,,19.03,25.23,,Em Andamento
9839,2460,37,Gestão de Projetos,2024-06-28,2024-07-24,28.03,85.21,8.17,Concluído
9840,2460,50,Agile/Scrum,2023-10-10,2024-10-10,8.38,79.98,7.42,Concluído
9841,2460,4,Negociação,2022-12-28,2023-09-08,33.24,98.89,7.99,Concluído
9842,2461,18,Machine Learning,2024-12-13,,13.62,5.17,,Em Andamento
9843,2461,59,Negociação,2024-07-17,2024-08-31,8.67,91.93,8.95,Concluído
9844,2461,67,Segurança da Informação,2024-08-30,2024-09-28,30.83,89.49,7.23,Concluído
9845,2461,56,Gestão de Tempo,2024-06-05,2024-11-25,28.87,66.44,8.14,Concluído
9846,2461,92,Gestão de Tempo,2023-12-27,,2.57,33.39,,Cancelado
9847,2461,76,DevOps e CI/CD,2022-10-02,,16.16,59.21,,Em Andamento
9848,2461,39,Power BI,2024-12-26,2024-12-30,13.17,60.37,9.78,Concluído
9849,2461,86,Design Thinking,2023-01-29,2023-09-25,33.61,92.7,9.25,Concluído
9850,2462,93,Machine Learning,2024-05-02,,7.17,48.12,,Em Andamento
9851,2462,29,Oratória,2024-07-13,2024-08-02,4.76,71.82,9.96,Concluído
9852,2462,22,Vendas Consultivas,2024-05-29,2024-07-25,8.84,96.65,7.01,Concluído
9853,2462,99,Excel Avançado,2023-12-28,2024-04-20,18.01,62.59,6.61,Concluído
9854,2463,28,Customer Success,2023-03-25,2023-11-23,27.88,89.1,8.59,Concluído
9855,2463,92,Excel Avançado,2024-07-26,2024-09-16,34.69,80.67,8.74,Concluído
9856,2463,38,Comunicação Eficaz,2023-12-04,2024-09-01,14.74,71.85,6.87,Concluído
9857,2463,1,Negociação,2023-08-07,2024-10-02,16.34,72.43,6.38,Concluído
9858,2463,20,Power BI,2024-06-25,2024-07-11,30.08,98.62,9.26,Concluído
9859,2463,1,Python Avançado,2023-03-04,2024-08-28,26.13,91.97,8.43,Concluído
9860,2463,59,Product Management,2024-05-14,2024-12-26,33.98,61.25,7.28,Concluído
9861,2463,27,DevOps e CI/CD,2024-07-19,,6.38,24.1,,Em Andamento
9862,2464,45,Product Management,2023-12-21,2024-01-14,23.03,67.46,6.62,Concluído
9863,2464,97,Gestão de Tempo,2023-09-14,2024-04-02,16.13,78.85,6.37,Concluído
9864,2464,69,Negociação,2023-09-27,,4.56,51.57,,Em Andamento
9865,2464,27,Cloud Computing AWS,2023-10-28,,19.45,43.55,,Em Andamento
9866,2465,64,Excel Avançado,2024-12-27,2024-12-30,4.49,75.65,9.5,Concluído
9867,2465,60,Gestão de Tempo,2024-12-26,2024-12-28,26.71,77.48,7.11,Concluído
9868,2465,68,Comunicação Eficaz,2024-12-26,2024-12-29,32.27,76.23,7.63,Concluído
9869,2466,57,Product Management,2023-09-27,,9.93,70.63,,Em Andamento
9870,2466,21,Liderança e Gestão de Pessoas,2024-03-17,2024-04-09,24.6,91.48,8.12,Concluído
9871,2466,8,JavaScript Moderno,2023-07-19,2024-01-23,36.76,70.54,8.53,Concluído
9872,2466,94,Gestão de Tempo,2023-03-24,2023-10-21,18.37,80.66,8.15,Concluído
9873,2468,5,Design Thinking,2024-09-01,2024-09-05,12.48,89.01,7.54,Concluído
9874,2468,59,Comunicação Eficaz,2024-12-03,2024-12-19,37.96,90.93,6.72,Concluído
9875,2468,1,Excel Avançado,2024-12-02,2024-12-21,18.39,60.48,9.32,Concluído
9876,2468,75,Gestão de Tempo,2024-10-28,2024-11-12,15.69,94.94,6.4,Concluído
9877,2468,14,DevOps e CI/CD,2024-12-03,2024-12-22,28.12,67.52,6.8,Concluído
9878,2468,64,Segurança da Informação,2024-10-09,2024-11-02,33.09,77.82,6.85,Concluído
9879,2469,82,DevOps e CI/CD,2023-04-04,2024-08-24,23.09,97.67,6.56,Concluído
9880,2469,31,Comunicação Eficaz,2024-08-13,2024-10-27,25.03,85.39,6.73,Concluído
9881,2469,42,Negociação,2023-07-05,2024-06-17,39.7,86.82,7.62,Concluído
9882,2469,99,Vendas Consultivas,2023-09-04,2024-08-19,4.6,81.11,6.79,Concluído
9883,2470,17,Design Thinking,2024-12-28,2024-12-31,35.59,78.78,8.84,Concluído
9884,2470,41,Vendas Consultivas,2023-12-07,2024-08-10,11.42,82.75,7.35,Concluído
9885,2470,77,Design Thinking,2023-02-14,2023-05-16,7.06,88.34,6.77,Concluído
9886,2470,23,Agile/Scrum,2023-04-03,,2.82,40.46,,Em Andamento
9887,2471,81,Comunicação Eficaz,2024-03-12,2024-09-03,15.91,98.93,8.03,Concluído
9888,2472,68,Comunicação Eficaz,2024-09-08,2024-09-27,12.82,84.72,8.1,Concluído
9889,2472,41,Cloud Computing AWS,2024-10-17,2024-11-16,17.99,75.58,6.91,Concluído
9890,2472,12,JavaScript Moderno,2024-10-09,2024-11-26,13.08,85.81,7.17,Concluído
9891,2473,32,Cloud Computing AWS,2024-05-25,2024-07-08,4.61,89.19,9.33,Concluído
9892,2473,20,Agile/Scrum,2022-10-16,2023-09-22,15.05,75.98,8.48,Concluído
9893,2473,48,Vendas Consultivas,2023-06-12,2024-03-24,30.36,84.89,7.22,Concluído
9894,2473,55,Excel Avançado,2024-05-25,,10.63,66.01,,Em Andamento
9895,2473,27,Python Avançado,2024-08-14,,3.67,33.3,,Em Andamento
9896,2473,48,Python Avançado,2024-04-08,2024-12-16,30.12,98.15,6.57,Concluído
9897,2473,46,Product Management,2024-10-07,2024-11-25,31.06,64.03,8.74,Concluído
9898,2475,76,Gestão de Tempo,2023-12-03,2024-10-16,20.65,61.68,6.07,Concluído
9899,2475,33,Python Avançado,2024-08-10,2024-10-20,28.92,72.49,9.6,Concluído
9900,2475,1,DevOps e CI/CD,2023-10-14,2023-12-31,4.68,85.03,8.12,Concluído
9901,2475,79,Negociação,2023-10-05,2023-12-31,19.51,88.85,8.63,Concluído
9902,2475,19,Excel Avançado,2023-12-06,2024-04-08,4.93,81.37,8.28,Concluído
9903,2475,96,Gestão de Projetos,2023-07-23,2024-03-23,15.22,87.37,6.3,Concluído
9904,2475,23,JavaScript Moderno,2023-08-26,2023-10-15,20.85,97.17,6.8,Concluído
9905,2475,74,Comunicação Eficaz,2024-03-04,2024-07-05,30.66,78.87,7.63,Concluído
9906,2476,95,Segurança da Informação,2022-10-17,,4.6,32.19,,Cancelado
9907,2476,12,JavaScript Moderno,2024-07-16,2024-08-28,38.97,96.47,6.09,Concluído
9908,2477,97,DevOps e CI/CD,2024-09-05,,2.51,19.86,,Em Andamento
9909,2477,27,Gestão de Tempo,2024-04-13,,8.09,4.17,,Em Andamento
9910,2477,69,Machine Learning,2023-11-20,2024-07-10,32.48,91.75,6.62,Concluído
9911,2477,80,JavaScript Moderno,2023-08-27,2024-07-02,4.52,66.21,9.73,Concluído
9912,2477,20,Segurança da Informação,2024-12-10,2024-12-28,38.24,74.86,6.46,Concluído
9913,2477,83,JavaScript Moderno,2024-11-22,,4.88,0.38,,Em Andamento
9914,2477,67,Gestão de Tempo,2024-10-05,2024-10-12,11.33,76.18,6.49,Concluído
9915,2478,18,DevOps e CI/CD,2024-01-20,2024-06-12,29.57,75.85,6.46,Concluído
9916,2478,73,Cloud Computing AWS,2024-04-14,2024-05-30,39.77,96.83,8.31,Concluído
9917,2478,87,Agile/Scrum,2023-04-22,2023-06-22,38.78,80.91,8.16,Concluído
9918,2478,62,Power BI,2024-03-28,,3.95,1.32,,Em Andamento
9919,2479,66,Liderança e Gestão de Pessoas,2023-07-29,2024-08-23,15.14,94.02,9.64,Concluído
9920,2479,58,Data Analytics,2023-09-15,2024-02-24,34.85,82.64,8.35,Concluído
9921,2479,20,Negociação,2024-09-02,2024-09-16,13.22,72.4,6.59,Concluído
9922,2480,96,Segurança da Informação,2022-10-05,2023-05-29,32.16,73.39,9.52,Concluído
9923,2480,90,Liderança e Gestão de Pessoas,2023-08-02,,6.82,68.09,,Em Andamento
9924,2480,32,DevOps e CI/CD,2024-05-01,,5.4,31.89,,Cancelado
9925,2480,30,Gestão de Tempo,2023-10-31,2024-11-17,36.1,79.73,8.44,Concluído
9926,2480,77,Agile/Scrum,2022-10-25,2022-12-17,21.05,98.49,9.37,Concluído
9927,2481,2,Python Avançado,2024-11-23,2024-12-03,8.44,80.88,9.68,Concluído
9928,2481,57,Agile/Scrum,2024-04-14,2024-09-14,24.53,75.49,9.78,Concluído
9929,2481,75,Product Management,2024-12-13,2024-12-21,32.84,64.17,8.22,Concluído
9930,2481,14,Design Thinking,2024-11-12,2024-12-11,38.36,61.8,6.63,Concluído
9931,2481,77,Excel Avançado,2024-11-02,2024-11-30,28.56,98.37,7.49,Concluído
9932,2482,95,Machine Learning,2024-12-04,2024-12-31,9.57,80.06,9.94,Concluído
9933,2482,1,Comunicação Eficaz,2024-06-02,2024-08-09,5.43,74.07,6.78,Concluído
9934,2482,63,Product Management,2024-02-21,2024-07-22,30.55,83.47,8.83,Concluído
9935,2482,58,Machine Learning,2023-04-13,2023-12-20,36.1,76.35,6.19,Concluído
9936,2482,96,Vendas Consultivas,2024-08-08,,4.67,55.58,,Em Andamento
9937,2482,34,JavaScript Moderno,2022-09-29,2023-07-11,29.08,68.24,7.41,Concluído
9938,2482,39,Customer Success,2024-07-09,,2.16,30.39,,Cancelado
9939,2482,71,Data Analytics,2023-10-23,2024-12-25,14.76,99.74,7.01,Concluído
9940,2483,86,JavaScript Moderno,2023-08-25,2023-09-12,16.71,60.39,9.73,Concluído
9941,2484,98,Product Management,2024-02-27,2024-03-03,20.82,60.0,6.33,Concluído
9942,2484,18,DevOps e CI/CD,2024-10-19,,6.61,43.88,,Em Andamento
9943,2486,73,Gestão de Projetos,2024-09-18,2024-11-01,30.82,63.99,8.48,Concluído
9944,2486,16,Negociação,2024-08-21,2024-10-07,35.97,90.71,9.44,Concluído
9945,2487,78,Customer Success,2022-11-04,2022-12-13,30.47,94.01,7.03,Concluído
9946,2487,55,Liderança e Gestão de Pessoas,2023-09-12,,13.33,38.93,,Em Andamento
9947,2487,48,Machine Learning,2022-06-26,2024-10-19,17.93,94.43,9.17,Concluído
9948,2487,84,DevOps e CI/CD,2023-11-05,2024-09-22,18.21,66.28,6.06,Concluído
9949,2487,54,Python Avançado,2024-12-29,2024-12-31,32.19,67.02,9.07,Concluído
9950,2487,21,Vendas Consultivas,2024-06-01,2024-09-01,17.95,70.32,9.48,Concluído
9951,2488,12,Design Thinking,2024-10-21,2024-12-13,32.77,72.12,6.89,Concluído
9952,2488,67,Product Management,2024-08-09,,18.68,58.54,,Em Andamento
9953,2488,83,Vendas Consultivas,2023-11-20,,8.14,70.98,,Em Andamento
9954,2488,30,JavaScript Moderno,2024-01-05,2024-12-12,27.2,92.31,6.4,Concluído
9955,2488,98,Product Management,2023-12-06,2024-11-15,29.46,91.21,6.51,Concluído
9956,2488,6,Segurança da Informação,2023-03-21,2024-06-04,23.03,87.12,9.44,Concluído
9957,2489,96,Cloud Computing AWS,2024-12-29,2024-12-30,33.59,65.56,6.84,Concluído
9958,2489,15,Gestão de Tempo,2024-12-26,2024-12-27,39.42,83.6,9.2,Concluído
9959,2489,50,Gestão de Projetos,2024-12-14,2024-12-28,13.54,71.66,9.76,Concluído
9960,2489,80,Segurança da Informação,2024-12-26,,5.69,30.81,,Em Andamento
9961,2489,25,DevOps e CI/CD,2024-11-19,2024-12-24,5.15,82.11,6.58,Concluído
9962,2489,18,Python Avançado,2024-12-05,2024-12-24,8.2,72.25,7.1,Concluído
9963,2490,53,Negociação,2024-12-27,,2.71,63.12,,Em Andamento
9964,2490,12,Power BI,2024-11-05,2024-12-15,25.44,66.86,9.72,Concluído
9965,2490,97,Cloud Computing AWS,2024-11-23,2024-11-27,33.45,70.48,6.59,Concluído
9966,2490,9,Power BI,2024-12-02,2024-12-27,20.4,73.87,8.48,Concluído
9967,2490,2,Agile/Scrum,2024-08-07,2024-08-21,11.52,88.8,8.84,Concluído
9968,2490,26,Machine Learning,2024-10-08,2024-10-17,8.49,70.08,6.91,Concluído
9969,2490,97,Machine Learning,2024-09-28,2024-11-10,39.77,89.62,9.3,Concluído
9970,2490,85,Power BI,2024-10-03,2024-11-15,27.52,84.5,8.92,Concluído
9971,2491,29,DevOps e CI/CD,2024-12-30,2024-12-31,4.22,63.19,9.81,Concluído
9972,2491,7,Liderança e Gestão de Pessoas,2024-12-27,,5.42,17.69,,Cancelado
9973,2491,31,Liderança e Gestão de Pessoas,2024-12-27,,5.5,44.91,,Em Andamento
9974,2491,82,Comunicação Eficaz,2024-12-28,2024-12-29,4.91,84.76,6.04,Concluído
9975,2491,90,Agile/Scrum,2024-12-28,2024-12-29,33.06,79.34,8.65,Concluído
9976,2491,76,Comunicação Eficaz,2024-12-28,2024-12-29,26.54,95.8,9.39,Concluído
9977,2492,85,Comunicação Eficaz,2023-04-29,2023-12-05,24.21,85.44,7.87,Concluído
9978,2492,74,Segurança da Informação,2023-07-27,2024-07-18,24.27,77.08,9.98,Concluído
9979,2492,22,Cloud Computing AWS,2023-03-18,2023-07-06,35.11,71.02,6.09,Concluído
9980,2492,34,Gestão de Projetos,2022-10-11,2024-12-07,22.49,73.3,6.96,Concluído
9981,2492,46,Comunicação Eficaz,2022-12-20,2023-06-02,34.71,95.43,9.48,Concluído
9982,2492,36,Power BI,2024-02-15,2024-07-16,19.1,86.76,6.56,Concluído
9983,2492,59,Python Avançado,2024-04-06,,6.65,17.25,,Em Andamento
9984,2492,26,Python Avançado,2022-09-16,2023-01-02,28.48,89.83,8.9,Concluído
9985,2493,88,Gestão de Tempo,2024-12-22,2024-12-26,33.6,68.55,7.14,Concluído
9986,2493,25,Negociação,2024-12-21,2024-12-25,23.73,66.04,9.03,Concluído
9987,2493,74,Liderança e Gestão de Pessoas,2024-12-17,2024-12-27,34.13,99.96,7.08,Concluído
9988,2495,75,Excel Avançado,2024-05-08,2024-10-20,11.94,68.48,7.84,Concluído
9989,2495,13,Gestão de Projetos,2024-07-11,,5.53,21.84,,Cancelado
9990,2495,83,JavaScript Moderno,2023-10-02,2023-11-30,27.53,77.18,9.27,Concluído
9991,2495,79,Machine Learning,2024-10-23,2024-10-27,37.35,89.38,9.3,Concluído
9992,2495,70,Liderança e Gestão de Pessoas,2023-06-21,2023-11-06,32.09,72.21,7.34,Concluído
9993,2496,20,DevOps e CI/CD,2024-10-12,2024-12-17,36.68,70.65,8.06,Concluído
9994,2496,46,Agile/Scrum,2024-01-01,2024-07-07,20.43,80.88,9.57,Concluído
9995,2496,30,Power BI,2024-07-10,2024-11-12,14.87,89.87,7.79,Concluído
9996,2496,15,Liderança e Gestão de Pessoas,2024-06-25,,5.38,29.92,,Em Andamento
9997,2496,27,Liderança e Gestão de Pessoas,2023-08-09,2024-08-15,6.76,66.83,9.26,Concluído
9998,2496,29,Cloud Computing AWS,2024-06-09,2024-09-24,12.47,97.12,9.35,Concluído
9999,2496,59,Python Avançado,2024-10-03,2024-11-01,31.1,62.36,6.97,Concluído
10000,2497,46,Vendas Consultivas,2024-04-08,2024-05-26,30.57,65.37,8.3,Concluído
10001,2498,78,Vendas Consultivas,2024-10-23,2024-11-02,17.85,86.31,7.84,Concluído
10002,2498,73,Cloud Computing AWS,2023-10-04,2024-04-11,19.58,92.52,6.26,Concluído
10003,2498,63,Cloud Computing AWS,2024-02-06,,17.45,8.69,,Em Andamento
10004,2498,9,Liderança e Gestão de Pessoas,2023-11-22,2024-08-25,29.33,80.48,7.69,Concluído
10005,2499,41,Comunicação Eficaz,2024-10-18,2024-10-27,24.78,99.67,7.06,Concluído
10006,2499,13,Cloud Computing AWS,2024-02-24,,15.97,59.95,,Em Andamento
10007,2499,32,Excel Avançado,2024-01-06,,7.1,28.46,,Cancelado
10008,2499,6,Design Thinking,2024-11-10,2024-12-14,23.25,90.38,8.61,Concluído
10009,2499,78,Python Avançado,2024-05-03,2024-06-01,21.92,99.85,8.54,Concluído
10010,2499,38,Vendas Consultivas,2024-01-22,2024-12-15,38.01,95.28,9.19,Concluído
10011,2499,48,Gestão de Tempo,2024-05-31,2024-09-03,37.77,95.8,8.6,Concluído
10012,2500,22,JavaScript Moderno,2024-11-28,2024-12-18,37.4,67.95,6.52,Concluído
10013,2500,7,Vendas Consultivas,2024-09-20,2024-12-31,37.6,76.36,6.51,Concluído
10014,2501,100,Negociação,2024-10-01,,19.88,86.97,,Em Andamento
10015,2501,2,Customer Success,2024-06-25,,2.37,17.12,,Em Andamento
10016,2501,21,Python Avançado,2024-11-01,,18.57,12.57,,Em Andamento
10017,2501,16,Negociação,2024-08-28,2024-12-12,33.33,90.33,7.0,Concluído
10018,2501,51,Agile/Scrum,2024-11-03,2024-12-13,8.97,66.75,9.75,Concluído
10019,2501,67,Segurança da Informação,2024-07-24,2024-10-08,24.51,92.99,6.19,Concluído
10020,2502,36,Data Analytics,2024-05-14,2024-07-11,17.85,64.46,7.9,Concluído
10021,2502,80,Vendas Consultivas,2023-12-16,2024-09-30,37.92,76.91,9.62,Concluído
10022,2502,28,Power BI,2023-11-05,2024-11-10,17.31,88.61,9.66,Concluído
10023,2502,51,Power BI,2024-07-15,2024-11-25,13.3,96.99,9.55,Concluído
10024,2502,12,Power BI,2024-10-20,2024-12-28,32.09,95.78,6.44,Concluído
10025,2502,55,Product Management,2024-11-10,2024-11-13,14.22,77.57,9.13,Concluído
10026,2502,16,Comunicação Eficaz,2023-11-14,2024-07-08,21.7,70.81,7.86,Concluído
10027,2502,36,Vendas Consultivas,2024-12-09,,4.3,59.75,,Em Andamento
10028,2503,3,Excel Avançado,2024-09-06,2024-10-25,24.09,68.19,6.67,Concluído
10029,2503,80,Negociação,2024-09-02,,6.46,75.79,,Em Andamento
10030,2503,62,Vendas Consultivas,2024-11-20,,10.28,86.69,,Em Andamento
10031,2503,18,Data Analytics,2024-11-06,2024-11-10,14.27,85.8,9.3,Concluído
10032,2504,10,Liderança e Gestão de Pessoas,2023-12-24,2024-12-28,33.7,95.12,7.8,Concluído
10033,2504,88,DevOps e CI/CD,2022-08-16,,4.47,28.04,,Em Andamento
10034,2504,87,Liderança e Gestão de Pessoas,2024-04-02,2024-05-04,21.43,65.1,8.52,Concluído
10035,2504,71,Cloud Computing AWS,2023-08-09,2024-09-17,22.0,77.74,8.33,Concluído
10036,2504,17,Customer Success,2022-03-13,2022-10-16,31.26,82.06,8.71,Concluído
10037,2504,11,Negociação,2024-01-12,2024-05-16,10.02,97.66,6.86,Concluído
10038,2504,64,Excel Avançado,2022-07-10,2024-07-07,37.78,79.25,7.06,Concluído
10039,2505,83,Excel Avançado,2024-08-19,2024-10-23,38.63,72.59,6.16,Concluído
10040,2505,31,Vendas Consultivas,2023-08-30,2024-11-27,39.3,81.06,6.14,Concluído
10041,2505,22,Data Analytics,2023-10-20,2024-12-27,4.96,87.1,9.11,Concluído
10042,2505,53,Comunicação Eficaz,2024-01-16,2024-07-10,37.28,91.83,7.23,Concluído
10043,2505,15,Product Management,2023-08-11,2024-12-10,24.88,82.05,7.93,Concluído
10044,2505,34,Product Management,2024-05-02,,6.69,29.14,,Cancelado
10045,2506,68,Negociação,2024-03-31,,14.61,24.28,,Em Andamento
10046,2506,69,Customer Success,2024-06-24,2024-06-30,32.47,85.37,8.75,Concluído
10047,2506,77,Negociação,2023-12-07,2024-01-20,16.34,84.06,9.25,Concluído
10048,2506,64,Cloud Computing AWS,2024-10-08,2024-12-27,38.18,76.24,9.28,Concluído
10049,2506,71,Excel Avançado,2023-07-08,2023-08-12,21.35,60.7,8.34,Concluído
10050,2507,47,DevOps e CI/CD,2023-12-25,2024-05-13,16.45,96.03,9.69,Concluído
10051,2507,22,Segurança da Informação,2024-07-28,2024-12-20,21.34,63.79,7.67,Concluído
10052,2507,75,Oratória,2024-07-31,2024-09-10,9.02,71.69,6.12,Concluído
10053,2507,62,JavaScript Moderno,2024-06-06,2024-10-23,23.96,87.26,6.73,Concluído
10054,2507,6,DevOps e CI/CD,2024-11-10,2024-12-09,33.12,71.35,9.85,Concluído
10055,2507,42,DevOps e CI/CD,2024-09-18,2024-12-26,13.02,69.08,9.11,Concluído
10056,2508,39,JavaScript Moderno,2024-11-19,,3.82,6.88,,Cancelado
10057,2508,87,Python Avançado,2024-02-14,2024-03-20,39.39,87.19,7.86,Concluído
10058,2508,70,Liderança e Gestão de Pessoas,2024-12-26,2024-12-28,6.39,76.75,9.26,Concluído
10059,2508,13,Customer Success,2024-04-09,2024-04-16,10.44,76.53,6.37,Concluído
10060,2508,49,Vendas Consultivas,2024-08-16,2024-11-23,30.86,65.16,9.11,Concluído
10061,2509,41,DevOps e CI/CD,2024-03-20,,8.75,38.25,,Em Andamento
10062,2509,21,Liderança e Gestão de Pessoas,2023-12-21,,2.33,2.52,,Cancelado
10063,2510,76,Data Analytics,2024-07-29,2024-08-16,5.42,76.13,7.08,Concluído
10064,2510,85,Python Avançado,2024-07-06,2024-08-31,22.77,90.12,8.06,Concluído
10065,2511,29,Gestão de Tempo,2024-11-17,2024-12-02,6.76,97.42,6.91,Concluído
10066,2511,69,Comunicação Eficaz,2024-12-23,2024-12-27,4.27,91.05,9.46,Concluído
10067,2511,69,Vendas Consultivas,2024-12-19,,9.04,4.86,,Cancelado
10068,2511,55,Design Thinking,2024-12-05,2024-12-17,33.76,72.4,6.86,Concluído
10069,2511,96,JavaScript Moderno,2024-11-29,,10.92,64.58,,Em Andamento
10070,2511,90,Data Analytics,2024-11-21,,4.76,59.06,,Em Andamento
10071,2511,18,JavaScript Moderno,2024-11-16,2024-11-30,17.5,89.41,6.3,Concluído
10072,2512,19,Agile/Scrum,2024-04-06,2024-08-04,18.39,97.44,6.48,Concluído
10073,2513,1,Machine Learning,2024-12-08,,7.06,23.58,,Cancelado
10074,2513,27,Customer Success,2024-11-22,,3.22,7.5,,Cancelado
10075,2513,88,Cloud Computing AWS,2024-08-31,2024-10-29,24.83,77.26,9.16,Concluído
10076,2513,44,Segurança da Informação,2024-06-29,2024-10-15,34.59,71.22,8.2,Concluído
10077,2513,99,Gestão de Tempo,2024-01-04,2024-04-07,4.76,81.28,8.45,Concluído
10078,2513,67,Excel Avançado,2024-03-27,2024-05-29,16.31,69.99,8.19,Concluído
10079,2513,92,Cloud Computing AWS,2024-10-25,2024-11-29,10.69,91.86,7.1,Concluído
10080,2514,29,Vendas Consultivas,2023-03-11,2024-10-11,25.17,96.75,8.08,Concluído
10081,2514,10,DevOps e CI/CD,2023-07-28,2024-01-11,15.63,76.27,9.37,Concluído
10082,2514,20,Cloud Computing AWS,2022-10-21,,16.89,21.89,,Em Andamento
10083,2514,53,Agile/Scrum,2022-08-28,,10.85,84.68,,Em Andamento
10084,2515,87,Data Analytics,2024-11-26,2024-12-06,30.63,85.27,9.8,Concluído
10085,2515,49,Excel Avançado,2024-11-29,2024-12-09,39.85,68.95,8.21,Concluído
10086,2515,28,Data Analytics,2024-12-14,2024-12-22,32.58,89.51,9.7,Concluído
10087,2515,22,Segurança da Informação,2024-12-13,2024-12-18,17.14,93.96,6.61,Concluído
10088,2516,99,Power BI,2024-10-11,2024-11-20,18.27,76.73,9.29,Concluído
10089,2516,23,Gestão de Projetos,2024-08-19,2024-10-22,26.55,93.28,7.3,Concluído
10090,2516,45,Agile/Scrum,2024-09-24,2024-12-01,8.91,94.56,8.67,Concluído
10091,2516,64,Gestão de Tempo,2024-08-13,2024-10-11,20.44,78.11,8.65,Concluído
10092,2516,95,Gestão de Projetos,2024-12-15,2024-12-25,38.08,75.44,6.71,Concluído
10093,2518,94,Negociação,2023-11-29,2024-05-15,7.29,68.22,6.94,Concluído
10094,2518,11,Agile/Scrum,2024-04-03,2024-07-12,12.93,99.06,8.66,Concluído
10095,2519,89,Agile/Scrum,2023-09-29,2024-08-29,6.42,81.2,8.05,Concluído
10096,2519,64,Design Thinking,2023-02-18,2024-08-03,4.77,99.87,8.09,Concluído
10097,2520,51,Machine Learning,2023-12-16,2024-06-11,4.17,75.34,6.0,Concluído
10098,2520,76,Cloud Computing AWS,2024-07-05,2024-12-28,15.88,97.37,6.54,Concluído
10099,2520,83,Liderança e Gestão de Pessoas,2024-06-18,2024-12-02,6.77,79.59,9.97,Concluído
10100,2520,39,Excel Avançado,2024-10-09,,16.57,29.74,,Em Andamento
10101,2522,78,Data Analytics,2024-09-17,2024-11-05,5.35,95.85,7.85,Concluído
10102,2522,19,Design Thinking,2024-11-21,,2.98,20.34,,Cancelado
10103,2522,25,Comunicação Eficaz,2024-11-28,,7.19,84.61,,Em Andamento
10104,2522,75,Python Avançado,2024-11-13,2024-12-27,6.57,96.23,6.77,Concluído
10105,2522,86,JavaScript Moderno,2024-10-18,2024-12-07,36.95,63.76,8.83,Concluído
10106,2523,25,Comunicação Eficaz,2024-07-22,2024-08-03,38.94,68.24,7.92,Concluído
10107,2523,65,Python Avançado,2024-10-29,2024-11-22,24.32,64.3,8.36,Concluído
10108,2523,27,Gestão de Tempo,2024-10-04,2024-10-29,14.93,79.94,6.84,Concluído
10109,2523,25,Liderança e Gestão de Pessoas,2024-11-27,2024-12-25,5.57,92.56,7.6,Concluído
10110,2524,27,Design Thinking,2024-07-29,2024-10-12,9.27,81.34,6.86,Concluído
10111,2524,7,Gestão de Tempo,2024-11-29,,12.41,85.62,,Em Andamento
10112,2524,38,Excel Avançado,2023-10-28,2024-05-22,30.79,64.36,6.06,Concluído
10113,2525,25,Data Analytics,2023-05-22,,12.44,31.49,,Em Andamento
10114,2525,49,Python Avançado,2024-08-15,2024-08-26,29.28,79.81,7.34,Concluído
10115,2525,26,Gestão de Tempo,2024-11-24,2024-11-28,38.19,61.17,8.75,Concluído
10116,2525,50,Design Thinking,2023-06-03,2023-09-30,14.92,69.1,8.55,Concluído
10117,2525,44,Product Management,2024-03-13,,18.83,13.89,,Em Andamento
10118,2526,54,Cloud Computing AWS,2022-05-30,,4.72,9.71,,Cancelado
10119,2526,22,Agile/Scrum,2024-12-08,2024-12-25,20.12,75.33,8.28,Concluído
10120,2526,72,Excel Avançado,2022-04-07,2022-11-10,32.51,91.52,7.7,Concluído
10121,2526,68,JavaScript Moderno,2022-06-21,2023-05-18,20.23,85.89,9.62,Concluído
10122,2526,57,Segurança da Informação,2024-07-03,,18.3,17.96,,Em Andamento
10123,2526,33,Liderança e Gestão de Pessoas,2024-09-13,2024-12-06,8.24,72.05,9.36,Concluído
10124,2526,43,Customer Success,2023-04-12,,9.43,42.52,,Em Andamento
10125,2526,27,Customer Success,2024-07-12,,5.1,56.1,,Em Andamento
10126,2527,41,Design Thinking,2024-12-06,2024-12-22,20.0,90.38,8.46,Concluído
10127,2527,30,Negociação,2024-07-23,2024-10-11,19.6,89.75,8.41,Concluído
10128,2527,90,Cloud Computing AWS,2023-04-07,2023-08-24,38.6,79.56,8.91,Concluído
10129,2527,2,Customer Success,2024-11-27,2024-12-23,22.89,78.31,9.04,Concluído
10130,2527,79,Python Avançado,2024-05-13,,13.28,65.31,,Em Andamento
10131,2527,12,Oratória,2023-07-18,2024-10-07,22.03,93.96,9.16,Concluído
10132,2527,93,DevOps e CI/CD,2024-01-25,,10.99,37.37,,Em Andamento
10133,2528,88,Gestão de Tempo,2024-12-26,,15.43,66.3,,Em Andamento
10134,2528,81,Power BI,2024-12-24,2024-12-30,30.99,81.02,6.32,Concluído
10135,2528,64,Agile/Scrum,2024-12-31,,2.13,30.16,,Em Andamento
10136,2528,96,Negociação,2024-12-12,2024-12-20,33.44,89.11,9.31,Concluído
10137,2528,33,Cloud Computing AWS,2024-12-21,,17.87,20.23,,Em Andamento
10138,2528,2,DevOps e CI/CD,2024-12-12,2024-12-14,25.26,70.05,6.21,Concluído
10139,2528,59,Cloud Computing AWS,2024-12-20,2024-12-25,4.63,83.22,7.42,Concluído
10140,2528,57,Vendas Consultivas,2024-12-30,2024-12-31,7.05,75.84,9.76,Concluído
10141,2529,33,Excel Avançado,2024-04-16,,3.31,75.02,,Em Andamento
10142,2529,97,Design Thinking,2024-12-27,,6.9,18.73,,Em Andamento
10143,2530,31,Vendas Consultivas,2024-10-01,,10.21,12.4,,Em Andamento
10144,2530,30,Data Analytics,2024-10-09,2024-11-15,22.62,90.09,9.84,Concluído
10145,2530,73,Excel Avançado,2024-07-20,,4.39,49.27,,Em Andamento
10146,2530,20,Negociação,2024-10-12,2024-11-13,28.08,82.76,7.73,Concluído
10147,2531,5,JavaScript Moderno,2024-10-31,2024-12-02,32.84,71.77,6.3,Concluído
10148,2531,66,Power BI,2023-10-03,2024-09-10,21.96,86.26,8.18,Concluído
10149,2531,49,Comunicação Eficaz,2023-09-25,2023-11-20,17.35,92.84,8.06,Concluído
10150,2531,43,JavaScript Moderno,2023-05-01,,19.3,54.5,,Em Andamento
10151,2532,70,Power BI,2023-03-20,2024-04-21,36.71,91.74,7.17,Concluído
10152,2532,85,Design Thinking,2022-09-28,2023-05-17,10.8,85.31,6.18,Concluído
10153,2532,64,Cloud Computing AWS,2023-10-15,2023-10-21,23.86,94.34,6.55,Concluído
10154,2532,78,Data Analytics,2022-08-19,2023-03-05,19.41,84.21,8.4,Concluído
10155,2532,16,Python Avançado,2023-09-07,2024-10-12,28.38,81.06,6.2,Concluído
10156,2532,6,Data Analytics,2023-03-02,2024-07-13,30.0,60.9,7.07,Concluído
10157,2532,8,Comunicação Eficaz,2023-02-14,2024-10-29,29.02,65.75,8.98,Concluído
10158,2532,73,Gestão de Projetos,2024-08-19,2024-10-16,30.49,73.81,7.9,Concluído
10159,2533,10,Gestão de Projetos,2023-12-17,2024-11-11,11.17,79.19,6.85,Concluído
10160,2533,85,Segurança da Informação,2024-10-11,2024-11-07,7.68,77.01,9.61,Concluído
10161,2533,7,Machine Learning,2024-10-14,2024-11-18,32.03,77.3,8.19,Concluído
10162,2533,22,Segurança da Informação,2024-02-03,2024-12-24,19.09,60.05,9.92,Concluído
10163,2533,82,Customer Success,2023-11-21,,18.51,22.73,,Em Andamento
10164,2533,73,Gestão de Projetos,2024-12-17,,17.78,8.03,,Em Andamento
10165,2533,40,Gestão de Tempo,2024-05-15,2024-08-12,16.37,87.7,6.92,Concluído
10166,2534,81,Machine Learning,2024-03-28,,6.41,64.89,,Em Andamento
10167,2534,72,Comunicação Eficaz,2023-12-05,2024-08-07,34.05,63.49,7.07,Concluído
10168,2534,37,Comunicação Eficaz,2024-01-21,2024-09-19,32.86,81.64,9.63,Concluído
10169,2534,7,Negociação,2024-06-04,2024-07-15,15.57,91.4,6.11,Concluído
10170,2536,86,Python Avançado,2024-09-27,2024-12-24,7.23,64.96,7.18,Concluído
10171,2536,7,Oratória,2024-10-10,2024-12-11,37.16,72.33,7.77,Concluído
10172,2536,60,JavaScript Moderno,2024-12-08,2024-12-14,33.79,87.25,7.97,Concluído
10173,2536,40,Liderança e Gestão de Pessoas,2024-02-06,2024-07-26,14.29,70.11,9.95,Concluído
10174,2536,18,Comunicação Eficaz,2024-01-09,2024-02-25,20.29,85.22,6.83,Concluído
10175,2536,96,Negociação,2024-09-24,2024-12-12,38.57,89.44,8.15,Concluído
10176,2536,40,DevOps e CI/CD,2024-01-26,2024-07-04,12.78,80.34,8.0,Concluído
10177,2537,84,Gestão de Projetos,2024-12-26,,11.97,8.2,,Em Andamento
10178,2537,12,Machine Learning,2024-12-17,2024-12-28,29.62,92.83,7.94,Concluído
10179,2537,62,Design Thinking,2024-12-18,2024-12-20,6.68,67.41,9.87,Concluído
10180,2537,14,Machine Learning,2024-12-04,2024-12-30,6.12,89.84,7.46,Concluído
10181,2537,86,Vendas Consultivas,2024-12-14,,16.22,9.79,,Em Andamento
10182,2537,86,Agile/Scrum,2024-12-30,,3.42,40.37,,Em Andamento
10183,2537,80,Excel Avançado,2024-12-26,,9.14,64.66,,Em Andamento
10184,2538,22,Gestão de Projetos,2023-11-15,,3.93,2.57,,Cancelado
10185,2538,91,DevOps e CI/CD,2024-04-06,2024-06-07,11.41,95.26,7.33,Concluído
10186,2539,94,Liderança e Gestão de Pessoas,2024-07-30,,7.75,18.21,,Cancelado
10187,2539,97,Machine Learning,2024-07-17,2024-10-07,22.07,94.95,7.19,Concluído
10188,2539,27,Python Avançado,2024-06-05,2024-11-18,39.9,96.15,8.57,Concluído
10189,2539,57,Vendas Consultivas,2024-11-11,2024-12-29,27.58,99.36,8.08,Concluído
10190,2539,59,Product Management,2024-03-01,2024-04-22,39.49,68.79,9.06,Concluído
10191,2540,78,Product Management,2024-03-05,2024-11-07,39.17,89.82,8.72,Concluído
10192,2540,56,Comunicação Eficaz,2024-08-26,,8.03,27.49,,Em Andamento
10193,2540,69,JavaScript Moderno,2024-03-19,2024-07-04,33.55,72.83,7.38,Concluído
10194,2541,83,Vendas Consultivas,2023-04-06,2023-04-22,37.01,88.64,9.58,Concluído
10195,2541,19,Machine Learning,2023-06-03,2024-01-20,33.86,80.91,6.77,Concluído
10196,2542,39,Python Avançado,2024-11-04,2024-12-13,18.91,73.75,6.37,Concluído
10197,2543,25,Comunicação Eficaz,2024-10-12,2024-11-12,28.93,86.88,9.34,Concluído
10198,2543,9,Gestão de Projetos,2024-10-23,2024-11-12,8.87,82.19,6.95,Concluído
10199,2543,24,Power BI,2024-10-26,2024-12-18,36.99,82.19,8.63,Concluído
10200,2543,100,DevOps e CI/CD,2024-09-20,,4.64,49.66,,Em Andamento
10201,2545,50,Gestão de Projetos,2024-08-05,2024-08-20,10.66,82.03,6.07,Concluído
10202,2545,72,Python Avançado,2023-09-16,2023-10-01,37.56,86.03,8.94,Concluído
10203,2545,83,Data Analytics,2024-10-19,2024-11-29,9.13,65.14,6.64,Concluído
10204,2545,68,Python Avançado,2024-06-21,2024-08-31,30.68,93.06,7.56,Concluído
10205,2545,9,Cloud Computing AWS,2024-08-26,2024-10-01,25.53,60.71,9.74,Concluído
10206,2545,77,Power BI,2023-11-24,2024-02-04,23.88,95.01,8.54,Concluído
10207,2545,33,JavaScript Moderno,2024-03-31,2024-12-17,31.96,64.58,7.32,Concluído
10208,2546,100,Agile/Scrum,2024-07-18,,17.24,6.13,,Em Andamento
10209,2546,65,Vendas Consultivas,2024-05-23,2024-08-29,25.65,64.55,6.79,Concluído
10210,2546,35,Product Management,2024-10-29,2024-11-25,19.13,69.98,8.0,Concluído
10211,2547,94,Cloud Computing AWS,2024-12-30,2024-12-31,24.15,70.36,7.77,Concluído
10212,2547,87,Cloud Computing AWS,2024-12-14,2024-12-17,22.67,68.17,8.58,Concluído
10213,2547,96,Python Avançado,2024-12-18,2024-12-30,29.74,75.34,9.21,Concluído
10214,2547,22,JavaScript Moderno,2024-12-11,2024-12-26,19.6,78.4,7.89,Concluído
10215,2547,67,JavaScript Moderno,2024-12-06,2024-12-26,33.73,95.21,9.75,Concluído
10216,2548,49,Gestão de Projetos,2024-12-18,,11.08,64.53,,Em Andamento
10217,2548,15,Segurança da Informação,2024-08-15,2024-09-03,24.85,92.56,6.33,Concluído
10218,2548,66,Data Analytics,2024-08-26,2024-11-09,10.87,89.17,8.26,Concluído
10219,2549,37,Gestão de Projetos,2024-12-18,2024-12-27,7.57,77.59,7.8,Concluído
10220,2549,32,Comunicação Eficaz,2024-12-30,2024-12-31,35.85,93.06,8.66,Concluído
10221,2549,4,Data Analytics,2024-12-30,2024-12-31,19.55,83.05,8.6,Concluído
10222,2550,34,Agile/Scrum,2024-07-04,2024-08-07,31.79,62.62,7.36,Concluído
10223,2550,96,JavaScript Moderno,2024-10-29,2024-12-24,12.35,99.62,6.29,Concluído
10224,2550,90,Cloud Computing AWS,2024-05-19,2024-06-12,31.2,81.06,7.3,Concluído
10225,2551,67,Cloud Computing AWS,2024-11-02,2024-11-22,27.29,77.93,9.04,Concluído
10226,2551,77,Gestão de Tempo,2024-03-28,2024-11-30,35.32,65.57,7.97,Concluído
10227,2551,60,Machine Learning,2023-08-07,2024-09-16,30.29,75.74,8.62,Concluído
10228,2551,99,Excel Avançado,2024-12-04,,9.95,4.76,,Cancelado
10229,2551,21,DevOps e CI/CD,2024-09-08,2024-11-17,25.8,66.13,9.79,Concluído
10230,2551,85,Gestão de Tempo,2024-09-09,,3.44,38.83,,Em Andamento
10231,2551,87,Liderança e Gestão de Pessoas,2024-11-02,2024-12-07,17.95,97.41,7.75,Concluído
10232,2552,13,Negociação,2024-03-16,2024-12-08,25.93,62.66,9.63,Concluído
10233,2552,38,Customer Success,2024-08-19,2024-10-04,31.96,84.08,7.53,Concluído
10234,2552,11,Data Analytics,2024-06-28,,6.09,53.03,,Em Andamento
10235,2552,58,Liderança e Gestão de Pessoas,2024-06-23,2024-08-15,5.23,78.99,8.68,Concluído
10236,2553,50,Customer Success,2024-07-29,2024-09-26,27.48,90.6,8.67,Concluído
10237,2553,46,Negociação,2023-12-17,2024-11-21,4.71,67.58,8.88,Concluído
10238,2553,11,Power BI,2023-10-25,2024-12-04,17.8,96.6,6.24,Concluído
10239,2553,75,Machine Learning,2024-04-26,2024-08-30,11.47,80.19,6.81,Concluído
10240,2553,93,Excel Avançado,2023-12-24,2024-09-02,22.69,70.87,7.67,Concluído
10241,2554,91,Cloud Computing AWS,2023-10-30,2023-12-04,29.98,86.32,8.77,Concluído
10242,2555,81,Excel Avançado,2024-05-02,2024-09-11,35.35,98.45,9.55,Concluído
10243,2555,49,Cloud Computing AWS,2024-03-01,2024-05-31,26.0,82.97,6.79,Concluído
10244,2555,70,Python Avançado,2024-04-14,2024-05-22,5.56,93.31,7.63,Concluído
10245,2555,59,DevOps e CI/CD,2024-04-04,2024-05-01,25.57,82.49,7.9,Concluído
10246,2555,97,Python Avançado,2024-11-25,,11.72,48.64,,Em Andamento
10247,2556,5,DevOps e CI/CD,2024-09-08,2024-12-17,31.41,74.46,8.91,Concluído
10248,2556,89,Customer Success,2024-11-11,2024-12-11,4.97,79.74,7.73,Concluído
10249,2556,94,Vendas Consultivas,2024-11-27,2024-12-26,25.22,85.37,8.34,Concluído
10250,2556,65,Product Management,2024-12-28,2024-12-30,39.69,94.63,9.33,Concluído
10251,2556,11,Segurança da Informação,2024-10-27,2024-10-30,31.78,92.49,9.42,Concluído
10252,2556,62,Oratória,2024-10-26,2024-12-27,19.6,94.04,7.63,Concluído
10253,2557,99,Agile/Scrum,2024-08-24,,3.82,9.18,,Cancelado
10254,2557,22,Data Analytics,2024-07-04,2024-10-13,13.84,76.21,7.96,Concluído
10255,2557,96,Design Thinking,2024-05-29,,8.59,37.83,,Cancelado
10256,2557,36,Machine Learning,2024-05-26,2024-10-07,34.1,80.52,9.63,Concluído
10257,2557,63,Machine Learning,2024-01-07,2024-04-20,17.59,72.09,7.43,Concluído
10258,2557,86,Agile/Scrum,2024-02-27,2024-04-14,35.41,72.84,9.92,Concluído
10259,2557,93,Python Avançado,2024-01-01,2024-12-21,12.09,70.1,6.92,Concluído
10260,2558,11,Liderança e Gestão de Pessoas,2024-12-29,2024-12-31,10.55,90.49,8.26,Concluído
10261,2558,10,Machine Learning,2024-10-16,2024-11-12,7.9,74.46,8.05,Concluído
10262,2558,58,Gestão de Projetos,2024-08-20,2024-09-08,15.13,84.51,6.47,Concluído
10263,2558,46,JavaScript Moderno,2024-02-02,2024-10-08,8.78,85.24,9.42,Concluído
10264,2558,78,Excel Avançado,2024-08-13,2024-11-14,14.3,85.21,6.23,Concluído
10265,2558,36,Design Thinking,2024-04-20,2024-12-12,30.15,76.74,6.26,Concluído
10266,2558,72,Power BI,2024-04-27,,5.35,12.99,,Cancelado
10267,2559,31,Customer Success,2024-11-28,2024-12-14,24.58,89.69,9.36,Concluído
10268,2560,81,Cloud Computing AWS,2024-12-27,2024-12-28,5.62,61.12,6.15,Concluído
10269,2560,29,Vendas Consultivas,2024-10-22,2024-10-24,35.6,89.88,8.92,Concluído
10270,2560,15,Data Analytics,2024-11-02,2024-12-06,11.2,69.82,9.44,Concluído
10271,2560,89,Vendas Consultivas,2024-11-04,2024-12-05,26.64,68.54,7.91,Concluído
10272,2560,1,Oratória,2024-12-16,2024-12-22,30.72,84.19,7.09,Concluído
10273,2560,57,Machine Learning,2024-10-26,2024-10-28,13.97,61.9,10.0,Concluído
10274,2560,73,Comunicação Eficaz,2024-11-19,2024-12-19,8.03,96.74,8.78,Concluído
10275,2561,7,Gestão de Projetos,2024-08-11,,16.11,34.16,,Em Andamento
10276,2561,5,Segurança da Informação,2024-07-23,2024-10-31,20.61,62.32,6.54,Concluído
10277,2563,50,Product Management,2024-06-11,2024-07-29,36.0,70.56,7.9,Concluído
10278,2563,47,Comunicação Eficaz,2024-04-03,2024-12-28,6.55,65.85,7.98,Concluído
10279,2563,33,DevOps e CI/CD,2023-12-26,2024-10-09,31.43,95.29,6.85,Concluído
10280,2564,50,Product Management,2024-01-07,2024-10-12,19.08,94.5,8.13,Concluído
10281,2564,38,Data Analytics,2023-09-11,2024-10-31,8.28,99.63,9.42,Concluído
10282,2564,94,Segurança da Informação,2024-08-24,2024-11-05,27.63,96.81,7.86,Concluído
10283,2564,93,Segurança da Informação,2023-07-03,2024-09-14,14.33,87.18,7.13,Concluído
10284,2565,87,Machine Learning,2024-12-28,,17.54,69.3,,Em Andamento
10285,2565,100,Excel Avançado,2024-08-12,2024-10-06,18.72,97.32,7.59,Concluído
10286,2565,23,Vendas Consultivas,2024-03-14,,7.54,5.76,,Em Andamento
10287,2565,68,Comunicação Eficaz,2024-09-09,2024-10-11,28.21,83.52,7.39,Concluído
10288,2565,8,Excel Avançado,2024-12-15,2024-12-24,9.42,98.14,9.71,Concluído
10289,2565,40,Comunicação Eficaz,2024-05-15,,11.97,51.52,,Em Andamento
10290,2565,52,Cloud Computing AWS,2024-02-03,2024-12-17,5.54,86.84,7.83,Concluído
10291,2565,32,JavaScript Moderno,2024-08-17,2024-11-19,26.99,67.83,9.09,Concluído
10292,2566,97,Negociação,2023-06-17,2023-11-02,36.5,90.37,9.47,Concluído
10293,2567,97,Liderança e Gestão de Pessoas,2024-10-06,2024-10-16,19.39,68.1,6.35,Concluído
10294,2567,85,Power BI,2024-12-05,2024-12-31,39.44,74.93,9.6,Concluído
10295,2567,89,Gestão de Tempo,2024-07-13,2024-12-20,36.27,86.9,9.51,Concluído
10296,2567,4,JavaScript Moderno,2024-09-26,2024-11-25,9.33,70.18,6.91,Concluído
10297,2567,98,Liderança e Gestão de Pessoas,2024-12-09,2024-12-21,6.53,64.01,6.23,Concluído
10298,2567,43,Python Avançado,2024-11-20,2024-12-03,22.86,85.43,9.67,Concluído
10299,2567,77,Comunicação Eficaz,2024-10-11,,6.99,16.19,,Em Andamento
10300,2567,50,Design Thinking,2024-10-31,2024-11-21,28.52,73.14,7.92,Concluído
10301,2568,94,Excel Avançado,2024-07-13,2024-11-28,5.52,91.8,7.34,Concluído
10302,2568,28,Negociação,2024-11-24,,5.66,81.03,,Em Andamento
10303,2568,60,Segurança da Informação,2024-09-27,2024-11-25,22.45,74.1,6.81,Concluído
10304,2568,3,Gestão de Tempo,2024-07-07,2024-11-09,29.85,61.16,9.2,Concluído
10305,2569,47,Data Analytics,2024-10-18,2024-12-05,35.42,92.14,7.18,Concluído
10306,2569,73,Power BI,2024-11-29,,10.04,55.93,,Em Andamento
10307,2569,12,Design Thinking,2024-08-13,2024-12-04,37.22,66.73,9.79,Concluído
10308,2569,61,Excel Avançado,2024-08-24,,6.28,35.65,,Cancelado
10309,2569,32,Oratória,2024-05-27,,15.81,33.83,,Em Andamento
10310,2569,52,Segurança da Informação,2024-04-29,2024-12-02,28.01,61.0,6.27,Concluído
10311,2569,20,Python Avançado,2024-12-23,2024-12-24,33.76,65.02,8.13,Concluído
10312,2569,89,Segurança da Informação,2024-12-16,2024-12-18,23.74,67.58,6.44,Concluído
10313,2570,29,Agile/Scrum,2024-12-04,,7.86,27.27,,Cancelado
10314,2570,52,Oratória,2024-11-23,2024-12-26,7.72,62.38,6.03,Concluído
10315,2570,45,Python Avançado,2024-11-14,2024-12-06,25.06,85.13,8.85,Concluído
10316,2570,57,Data Analytics,2024-12-31,,9.82,28.06,,Em Andamento
10317,2570,45,Machine Learning,2024-08-17,,4.91,80.3,,Em Andamento
10318,2570,11,JavaScript Moderno,2024-07-17,2024-08-27,15.95,75.94,6.25,Concluído
10319,2570,37,Negociação,2024-06-23,2024-12-12,7.81,68.78,9.73,Concluído
10320,2571,88,JavaScript Moderno,2024-08-30,2024-10-22,33.3,61.9,8.88,Concluído
10321,2571,77,Python Avançado,2024-10-23,2024-12-07,13.04,68.78,8.45,Concluído
10322,2571,44,Vendas Consultivas,2023-12-24,2024-07-07,33.13,79.24,6.81,Concluído
10323,2571,41,Vendas Consultivas,2023-10-22,2024-05-24,8.67,74.87,7.0,Concluído
10324,2571,19,DevOps e CI/CD,2024-03-11,,3.43,38.7,,Em Andamento
10325,2571,26,Gestão de Tempo,2024-06-16,2024-10-30,15.86,97.72,7.38,Concluído
10326,2571,16,Comunicação Eficaz,2024-02-29,2024-06-01,27.5,78.13,7.37,Concluído
10327,2571,52,Python Avançado,2024-07-14,2024-11-04,32.27,81.49,8.86,Concluído
10328,2572,7,Liderança e Gestão de Pessoas,2024-01-28,2024-11-15,37.17,78.98,7.78,Concluído
10329,2572,85,DevOps e CI/CD,2024-04-21,,11.57,84.18,,Em Andamento
10330,2572,91,Oratória,2024-10-20,2024-11-29,37.13,63.31,6.36,Concluído
10331,2572,25,Customer Success,2024-01-05,2024-10-15,30.29,87.3,6.74,Concluído
10332,2573,34,Power BI,2024-12-30,2024-12-31,32.88,77.1,6.38,Concluído
10333,2573,88,DevOps e CI/CD,2024-11-08,2024-11-20,28.72,68.82,7.55,Concluído
10334,2573,15,Agile/Scrum,2024-04-17,2024-10-08,20.49,67.98,6.59,Concluído
10335,2573,65,Cloud Computing AWS,2024-07-13,2024-08-13,7.3,93.85,7.97,Concluído
10336,2573,30,Machine Learning,2024-04-22,2024-10-14,33.25,81.08,7.74,Concluído
10337,2573,32,Segurança da Informação,2024-10-10,2024-12-15,26.39,65.31,7.62,Concluído
10338,2573,53,Python Avançado,2024-04-19,2024-07-25,36.31,77.84,9.17,Concluído
10339,2573,7,Gestão de Tempo,2024-09-22,2024-10-20,17.96,64.26,7.83,Concluído
10340,2574,60,Cloud Computing AWS,2024-08-03,2024-08-13,31.43,95.88,8.84,Concluído
10341,2575,30,Design Thinking,2024-06-17,2024-08-11,7.26,84.04,7.39,Concluído
10342,2575,84,JavaScript Moderno,2023-12-11,2024-01-06,13.25,85.25,9.28,Concluído
10343,2575,34,JavaScript Moderno,2024-02-01,2024-11-19,18.47,78.26,9.03,Concluído
10344,2575,22,Machine Learning,2024-08-18,2024-09-18,8.25,94.28,7.81,Concluído
10345,2575,77,Customer Success,2023-07-13,,11.42,60.08,,Em Andamento
10346,2576,39,Negociação,2024-12-30,2024-12-31,19.48,65.41,8.17,Concluído
10347,2576,61,Power BI,2024-10-23,2024-11-14,27.36,91.35,9.97,Concluído
10348,2576,12,Segurança da Informação,2024-10-27,2024-10-28,5.82,66.23,9.16,Concluído
10349,2576,72,Agile/Scrum,2024-10-13,,9.5,8.0,,Cancelado
10350,2576,80,Data Analytics,2024-12-29,2024-12-30,13.23,97.94,8.71,Concluído
10351,2576,84,DevOps e CI/CD,2024-12-11,2024-12-22,13.23,79.85,7.23,Concluído
10352,2576,72,Gestão de Tempo,2024-11-29,,8.91,78.36,,Em Andamento
10353,2576,3,Negociação,2024-11-30,2024-12-29,39.4,93.25,8.53,Concluído
10354,2577,33,Power BI,2024-10-25,2024-11-29,26.11,62.81,8.34,Concluído
10355,2577,21,Customer Success,2024-09-23,2024-12-04,26.47,81.1,6.68,Concluído
10356,2577,99,Oratória,2024-10-22,,8.73,84.87,,Em Andamento
10357,2577,10,JavaScript Moderno,2024-07-02,2024-12-01,4.38,62.66,9.44,Concluído
10358,2577,80,Python Avançado,2024-07-27,2024-09-12,8.69,84.71,7.11,Concluído
10359,2577,73,Negociação,2024-04-15,,8.3,3.4,,Cancelado
10360,2577,1,Comunicação Eficaz,2024-07-27,2024-12-06,28.19,78.5,8.96,Concluído
10361,2578,35,JavaScript Moderno,2023-04-01,2024-03-29,9.91,79.26,6.35,Concluído
10362,2578,23,Comunicação Eficaz,2024-04-07,,9.6,57.65,,Em Andamento
10363,2578,45,Comunicação Eficaz,2024-01-27,2024-10-13,18.64,98.64,9.25,Concluído
10364,2578,31,Customer Success,2023-11-01,2024-02-28,22.8,66.51,7.22,Concluído
10365,2578,69,Cloud Computing AWS,2023-05-18,,17.54,6.11,,Em Andamento
10366,2578,85,Negociação,2023-06-15,2024-04-19,30.13,70.75,8.31,Concluído
10367,2579,69,Machine Learning,2023-12-02,2024-02-28,37.5,82.33,9.76,Concluído
10368,2579,97,Vendas Consultivas,2023-03-22,2023-12-21,29.84,85.09,6.69,Concluído
10369,2579,13,Excel Avançado,2024-04-14,2024-08-24,7.98,81.91,9.45,Concluído
10370,2579,84,Data Analytics,2023-07-27,2024-01-01,11.33,61.57,8.26,Concluído
10371,2580,25,JavaScript Moderno,2022-10-03,2024-11-29,22.29,86.76,7.98,Concluído
10372,2580,34,Python Avançado,2023-01-07,2023-05-10,27.7,79.93,7.6,Concluído
10373,2580,6,Power BI,2024-12-04,2024-12-29,29.37,63.43,8.96,Concluído
10374,2580,34,Vendas Consultivas,2024-08-11,,6.89,44.88,,Em Andamento
10375,2580,86,Python Avançado,2024-08-17,2024-11-06,39.18,61.37,9.39,Concluído
10376,2580,87,Data Analytics,2023-05-30,2023-12-08,6.96,75.88,6.52,Concluído
10377,2580,44,Oratória,2023-11-30,2024-04-13,36.7,60.04,8.15,Concluído
10378,2581,93,Gestão de Projetos,2024-05-06,2024-06-21,13.41,85.26,6.93,Concluído
10379,2581,41,Gestão de Tempo,2024-09-28,2024-10-29,9.31,89.89,6.78,Concluído
10380,2581,66,Negociação,2024-05-05,2024-07-11,19.03,71.35,6.79,Concluído
10381,2581,63,Python Avançado,2024-08-07,2024-12-26,39.5,75.49,8.4,Concluído
10382,2581,18,Product Management,2024-05-09,2024-07-07,14.1,79.59,7.64,Concluído
10383,2581,63,DevOps e CI/CD,2024-10-09,2024-12-21,9.64,91.17,6.88,Concluído
10384,2582,45,Comunicação Eficaz,2024-10-05,2024-11-23,33.78,87.55,7.31,Concluído
10385,2582,74,Gestão de Tempo,2024-11-20,,10.84,40.27,,Em Andamento
10386,2583,34,Excel Avançado,2022-12-05,,4.3,54.41,,Em Andamento
10387,2584,64,Oratória,2024-04-28,2024-12-25,22.37,78.59,9.46,Concluído
10388,2584,26,Negociação,2024-10-02,2024-10-05,28.68,66.53,8.41,Concluído
10389,2586,89,Power BI,2024-09-10,,7.43,74.88,,Em Andamento
10390,2586,22,Vendas Consultivas,2024-12-23,,19.75,52.11,,Em Andamento
10391,2586,21,Liderança e Gestão de Pessoas,2024-06-03,2024-12-10,14.85,69.19,7.42,Concluído
10392,2586,67,Customer Success,2024-07-22,2024-09-15,27.19,66.88,8.36,Concluído
10393,2586,39,DevOps e CI/CD,2024-07-12,2024-10-06,15.61,84.15,6.89,Concluído
10394,2586,36,Negociação,2024-12-09,2024-12-20,36.02,77.42,6.59,Concluído
10395,2587,87,Vendas Consultivas,2023-09-07,2023-11-02,39.78,63.02,6.39,Concluído
10396,2588,84,Product Management,2024-07-23,2024-09-14,8.04,86.11,7.23,Concluído
10397,2588,79,Python Avançado,2023-11-09,2024-06-24,26.1,98.41,9.64,Concluído
10398,2588,97,Data Analytics,2023-11-24,2024-04-13,19.6,89.69,6.17,Concluído
10399,2588,25,Machine Learning,2023-03-26,2024-08-17,29.19,60.83,8.26,Concluído
10400,2588,95,Comunicação Eficaz,2024-06-02,2024-11-24,12.03,81.38,8.18,Concluído
10401,2589,70,Liderança e Gestão de Pessoas,2023-10-19,2024-10-09,6.38,84.14,6.63,Concluído
10402,2589,56,Cloud Computing AWS,2022-07-04,2024-05-30,21.37,72.99,7.73,Concluído
10403,2589,97,Comunicação Eficaz,2023-07-17,2024-01-27,27.93,77.81,9.3,Concluído
10404,2589,7,Product Management,2023-06-07,2024-08-03,30.24,86.04,6.18,Concluído
10405,2589,4,Comunicação Eficaz,2022-09-27,2023-09-23,11.76,99.04,9.7,Concluído
10406,2589,9,Vendas Consultivas,2022-04-03,2023-04-13,27.82,73.06,7.22,Concluído
10407,2589,76,Negociação,2024-08-01,2024-11-23,14.49,88.75,7.87,Concluído
10408,2590,73,Excel Avançado,2024-12-01,2024-12-09,37.68,62.06,7.99,Concluído
10409,2590,20,Python Avançado,2024-09-10,,7.83,82.07,,Em Andamento
10410,2591,41,Cloud Computing AWS,2024-08-19,2024-12-21,9.88,60.11,6.13,Concluído
10411,2591,56,Negociação,2022-10-01,2023-11-30,11.86,93.42,7.26,Concluído
10412,2591,26,Vendas Consultivas,2022-06-22,2023-08-12,10.4,69.34,7.41,Concluído
10413,2591,67,Liderança e Gestão de Pessoas,2023-11-22,2024-12-23,15.87,69.79,9.96,Concluído
10414,2592,30,Liderança e Gestão de Pessoas,2024-05-04,2024-06-30,15.41,98.97,9.97,Concluído
10415,2592,38,Oratória,2024-11-08,2024-12-26,8.51,93.77,6.37,Concluído
10416,2592,80,Excel Avançado,2024-06-24,2024-12-07,39.58,81.81,9.22,Concluído
10417,2592,3,Gestão de Projetos,2024-02-14,2024-08-10,30.93,63.47,8.98,Concluído
10418,2592,35,Gestão de Tempo,2024-09-14,2024-12-26,10.9,92.08,8.77,Concluído
10419,2592,54,Gestão de Projetos,2024-08-15,,8.18,80.03,,Em Andamento
10420,2592,18,Python Avançado,2024-08-11,,19.56,81.37,,Em Andamento
10421,2593,9,Segurança da Informação,2024-09-19,2024-10-29,15.71,64.59,8.01,Concluído
10422,2593,85,Data Analytics,2024-08-29,2024-09-17,12.31,91.28,8.43,Concluído
10423,2594,14,Machine Learning,2024-09-13,2024-12-02,29.43,73.71,6.39,Concluído
10424,2594,78,Gestão de Tempo,2024-05-31,,2.94,53.06,,Em Andamento
10425,2595,79,Machine Learning,2024-11-06,2024-11-27,19.91,69.78,6.38,Concluído
10426,2596,79,Segurança da Informação,2023-09-19,2024-01-09,28.98,61.24,9.47,Concluído
10427,2596,65,Customer Success,2024-03-31,2024-08-26,11.58,99.41,8.44,Concluído
10428,2598,55,DevOps e CI/CD,2024-03-09,,5.63,13.83,,Em Andamento
10429,2598,15,Python Avançado,2024-04-16,2024-05-25,24.69,94.96,8.82,Concluído
10430,2598,26,DevOps e CI/CD,2024-09-14,2024-10-17,4.79,96.86,6.35,Concluído
10431,2598,24,Data Analytics,2024-02-13,,6.57,27.12,,Cancelado
10432,2598,84,Machine Learning,2024-11-20,2024-11-25,16.81,63.42,9.39,Concluído
10433,2599,31,Excel Avançado,2024-07-24,2024-10-12,9.56,95.3,6.0,Concluído
10434,2600,81,Power BI,2024-09-12,2024-10-14,27.2,96.97,7.86,Concluído
10435,2600,11,Liderança e Gestão de Pessoas,2024-05-06,2024-10-20,9.1,61.1,9.85,Concluído
10436,2600,53,Comunicação Eficaz,2024-10-25,2024-10-28,4.45,96.92,8.83,Concluído
10437,2600,68,Gestão de Projetos,2024-07-20,,17.1,61.42,,Em Andamento
10438,2600,80,Negociação,2024-04-20,2024-11-14,10.95,62.1,7.51,Concluído
10439,2600,16,Gestão de Projetos,2024-02-23,2024-07-09,9.36,83.3,6.16,Concluído
10440,2600,41,Customer Success,2024-08-31,2024-12-30,25.39,82.84,7.65,Concluído
10441,2602,50,Data Analytics,2024-10-03,2024-10-24,25.24,90.88,7.34,Concluído
10442,2602,36,Gestão de Tempo,2024-10-04,2024-10-07,6.81,93.45,7.57,Concluído
10443,2602,4,Power BI,2024-09-04,2024-11-04,31.45,94.94,6.81,Concluído
10444,2602,26,Comunicação Eficaz,2024-03-26,,6.22,52.89,,Em Andamento
10445,2602,48,Comunicação Eficaz,2024-04-05,,6.06,73.59,,Em Andamento
10446,2602,48,Design Thinking,2024-03-12,2024-11-14,19.51,86.61,6.94,Concluído
10447,2604,39,Customer Success,2024-12-23,2024-12-29,6.96,92.02,6.79,Concluído
10448,2604,59,Design Thinking,2024-10-20,2024-10-28,6.96,84.76,7.12,Concluído
10449,2604,24,Excel Avançado,2024-10-27,,18.57,58.09,,Em Andamento
10450,2605,88,Design Thinking,2024-01-18,,4.28,4.57,,Em Andamento
10451,2605,43,Excel Avançado,2024-02-27,2024-03-14,29.49,64.96,9.08,Concluído
10452,2605,82,Oratória,2022-06-02,,1.09,34.99,,Cancelado
10453,2605,69,Comunicação Eficaz,2024-02-05,2024-07-28,18.33,96.73,9.41,Concluído
10454,2605,46,Product Management,2024-07-24,,10.35,41.78,,Em Andamento
10455,2606,66,Comunicação Eficaz,2024-12-31,,5.2,55.3,,Em Andamento
10456,2606,99,JavaScript Moderno,2024-10-09,2024-11-03,6.08,68.31,7.15,Concluído
10457,2606,54,Liderança e Gestão de Pessoas,2024-09-16,2024-11-29,23.39,63.72,7.71,Concluído
10458,2607,74,Product Management,2023-11-07,,9.89,79.67,,Em Andamento
10459,2607,79,Data Analytics,2023-07-28,2024-04-08,23.6,60.76,6.07,Concluído
10460,2607,15,Gestão de Projetos,2024-11-26,2024-12-16,36.02,66.91,8.39,Concluído
10461,2608,67,Negociação,2022-10-05,2024-11-02,24.1,95.44,8.36,Concluído
10462,2608,99,Power BI,2022-12-21,2024-11-04,20.6,69.88,6.54,Concluído
10463,2609,67,Customer Success,2023-05-29,2024-10-30,16.26,65.32,6.54,Concluído
10464,2609,32,Liderança e Gestão de Pessoas,2024-03-04,2024-05-26,35.4,91.82,6.09,Concluído
10465,2609,67,DevOps e CI/CD,2023-05-27,2024-03-17,13.96,83.64,6.15,Concluído
10466,2609,62,Power BI,2023-12-13,2024-08-06,4.86,75.18,8.18,Concluído
10467,2609,47,Cloud Computing AWS,2023-01-30,2023-05-08,37.67,69.99,7.12,Concluído
10468,2609,64,Customer Success,2023-12-10,2024-02-14,24.23,85.25,6.25,Concluído
10469,2609,42,Cloud Computing AWS,2024-02-12,,19.08,13.55,,Em Andamento
10470,2611,98,Cloud Computing AWS,2024-04-22,2024-12-12,10.44,81.06,7.95,Concluído
10471,2611,69,Excel Avançado,2024-08-10,2024-12-14,35.09,68.12,9.7,Concluído
10472,2611,52,JavaScript Moderno,2024-08-11,2024-09-23,32.59,65.38,7.31,Concluído
10473,2612,42,Power BI,2024-03-19,2024-06-08,18.29,87.02,9.79,Concluído
10474,2612,35,Customer Success,2023-09-02,2024-08-27,21.91,93.5,9.33,Concluído
10475,2613,93,Python Avançado,2024-08-20,2024-10-23,22.19,70.89,8.93,Concluído
10476,2613,9,Machine Learning,2024-11-15,2024-12-28,10.5,84.12,6.68,Concluído
10477,2613,29,Vendas Consultivas,2024-07-13,2024-09-01,6.78,93.93,8.22,Concluído
10478,2613,63,Product Management,2024-12-08,2024-12-16,19.16,60.51,9.11,Concluído
10479,2614,56,Comunicação Eficaz,2024-04-13,2024-07-14,26.9,68.57,6.77,Concluído
10480,2614,32,Comunicação Eficaz,2024-10-31,2024-11-03,6.94,78.28,8.43,Concluído
10481,2614,51,Gestão de Projetos,2024-04-13,,1.75,1.61,,Cancelado
10482,2614,74,Agile/Scrum,2023-12-09,2024-10-17,36.33,63.79,7.33,Concluído
10483,2615,70,Negociação,2024-10-14,2024-11-20,22.3,61.85,7.87,Concluído
10484,2615,27,Agile/Scrum,2024-01-18,,4.44,15.11,,Em Andamento
10485,2615,18,Agile/Scrum,2023-10-16,2024-06-14,22.63,68.08,7.21,Concluído
10486,2615,41,Oratória,2023-01-31,2023-05-18,10.81,70.56,9.28,Concluído
10487,2615,100,Product Management,2024-05-08,,9.64,11.27,,Cancelado
10488,2615,89,Design Thinking,2024-12-13,2024-12-26,10.54,78.7,7.24,Concluído
10489,2615,60,Agile/Scrum,2022-10-08,2024-01-09,32.43,67.09,6.33,Concluído
10490,2616,10,Negociação,2024-12-05,2024-12-07,17.05,84.15,8.8,Concluído
10491,2617,27,Agile/Scrum,2024-12-13,2024-12-18,23.98,96.45,6.43,Concluído
10492,2617,27,Design Thinking,2024-11-23,2024-12-17,23.57,99.93,7.92,Concluído
10493,2617,53,DevOps e CI/CD,2024-12-02,2024-12-21,23.17,75.16,8.63,Concluído
10494,2617,38,JavaScript Moderno,2024-11-18,2024-11-24,35.9,66.44,6.5,Concluído
10495,2617,1,Machine Learning,2024-12-20,2024-12-24,19.74,75.85,8.89,Concluído
10496,2617,80,Cloud Computing AWS,2024-11-29,2024-12-08,28.9,98.45,8.16,Concluído
10497,2617,36,Gestão de Tempo,2024-11-14,,8.12,83.35,,Em Andamento
10498,2617,57,Data Analytics,2024-11-13,2024-12-30,7.17,62.42,7.52,Concluído
10499,2618,11,Customer Success,2024-11-16,2024-11-18,37.09,91.75,7.06,Concluído
10500,2618,19,Liderança e Gestão de Pessoas,2024-12-26,2024-12-28,35.71,72.14,9.46,Concluído
10501,2619,37,Negociação,2023-04-04,2024-09-11,24.39,86.04,8.98,Concluído
10502,2619,73,Customer Success,2023-01-24,2024-10-17,35.8,67.11,8.3,Concluído
10503,2619,19,JavaScript Moderno,2023-10-13,2024-04-15,25.19,65.5,9.37,Concluído
10504,2619,21,Design Thinking,2024-07-29,2024-10-29,26.02,66.47,7.87,Concluído
10505,2619,44,Customer Success,2023-06-07,,6.88,31.62,,Cancelado
10506,2619,73,Data Analytics,2022-11-09,2023-09-08,39.25,89.15,9.18,Concluído
10507,2619,94,Vendas Consultivas,2024-06-23,,7.88,25.48,,Cancelado
10508,2620,21,Cloud Computing AWS,2023-12-20,2024-11-08,36.03,73.32,8.96,Concluído
10509,2620,72,Comunicação Eficaz,2023-04-12,2023-07-11,26.9,74.68,8.94,Concluído
10510,2620,54,Product Management,2024-02-10,2024-12-23,13.06,90.12,6.27,Concluído
10511,2620,90,Product Management,2023-08-10,2023-12-03,33.74,80.36,6.53,Concluído
10512,2620,17,Product Management,2023-06-27,2023-07-03,15.01,67.58,9.13,Concluído
10513,2620,17,Vendas Consultivas,2023-12-04,2024-10-08,29.33,94.65,6.39,Concluído
10514,2621,18,Vendas Consultivas,2024-04-26,2024-10-29,13.64,85.8,8.0,Concluído
10515,2621,41,Cloud Computing AWS,2024-09-12,,6.0,1.35,,Em Andamento
10516,2621,76,Gestão de Tempo,2024-06-02,2024-06-18,7.41,71.79,9.06,Concluído
10517,2621,19,Machine Learning,2024-05-31,2024-11-15,17.92,73.44,6.29,Concluído
10518,2622,36,Negociação,2024-10-03,2024-11-13,26.46,86.81,7.85,Concluído
10519,2622,91,Cloud Computing AWS,2023-08-10,2024-02-11,12.71,90.64,8.35,Concluído
10520,2622,48,Liderança e Gestão de Pessoas,2023-08-19,2024-05-21,11.94,78.48,6.36,Concluído
10521,2622,8,Cloud Computing AWS,2024-11-30,2024-12-23,22.4,63.8,7.14,Concluído
10522,2623,37,Vendas Consultivas,2024-10-25,2024-12-21,31.8,60.53,9.8,Concluído
10523,2623,89,Agile/Scrum,2024-05-12,2024-12-11,15.09,82.57,8.29,Concluído
10524,2623,63,Data Analytics,2024-07-23,,4.18,35.82,,Em Andamento
10525,2623,74,Customer Success,2024-07-20,2024-10-13,13.07,68.87,8.18,Concluído
10526,2623,43,Gestão de Projetos,2023-10-31,2024-07-30,12.36,73.45,9.85,Concluído
10527,2623,95,Machine Learning,2023-08-03,2024-12-31,18.79,67.37,9.54,Concluído
10528,2623,15,Comunicação Eficaz,2024-02-04,2024-09-09,4.57,93.3,7.76,Concluído
10529,2624,54,Gestão de Tempo,2024-02-28,,4.89,25.97,,Cancelado
10530,2624,64,Liderança e Gestão de Pessoas,2023-06-21,2023-06-23,23.69,79.47,9.76,Concluído
10531,2624,57,Comunicação Eficaz,2023-07-25,,7.95,73.93,,Em Andamento
10532,2624,27,Power BI,2024-12-08,2024-12-22,9.4,81.49,9.85,Concluído
10533,2624,2,Gestão de Projetos,2023-05-06,2023-09-12,30.2,75.18,8.42,Concluído
10534,2624,52,Product Management,2023-07-03,2024-03-24,39.38,90.07,6.6,Concluído
10535,2625,18,Design Thinking,2024-12-05,2024-12-31,23.67,65.8,8.19,Concluído
10536,2625,37,Cloud Computing AWS,2024-11-22,2024-12-22,6.54,76.18,7.69,Concluído
10537,2625,4,Excel Avançado,2024-09-12,2024-10-26,37.96,78.59,7.05,Concluído
10538,2625,34,Excel Avançado,2024-11-29,,3.65,0.61,,Cancelado
10539,2625,81,Data Analytics,2024-11-14,2024-12-05,29.23,94.24,6.75,Concluído
10540,2625,86,Power BI,2023-12-03,2024-03-13,39.74,64.22,9.73,Concluído
10541,2626,58,Python Avançado,2023-02-27,2024-05-12,15.13,63.0,7.36,Concluído
10542,2626,6,Python Avançado,2024-11-07,2024-12-12,20.29,87.95,6.17,Concluído
10543,2627,73,Power BI,2023-01-08,,3.4,30.1,,Cancelado
10544,2627,58,Customer Success,2024-03-05,2024-03-18,38.17,65.95,7.6,Concluído
10545,2627,40,Comunicação Eficaz,2024-07-16,2024-09-07,17.73,92.96,9.7,Concluído
10546,2627,61,Python Avançado,2024-12-21,2024-12-29,19.59,61.38,6.52,Concluído
10547,2629,11,DevOps e CI/CD,2024-12-17,2024-12-29,8.23,71.1,7.77,Concluído
10548,2629,7,Liderança e Gestão de Pessoas,2024-08-04,,11.18,37.14,,Em Andamento
10549,2629,8,Segurança da Informação,2024-07-18,2024-09-02,18.66,80.78,9.21,Concluído
10550,2629,50,Python Avançado,2024-11-22,2024-12-19,15.17,86.67,8.8,Concluído
10551,2629,23,Segurança da Informação,2024-10-24,,19.06,82.42,,Em Andamento
10552,2629,50,Liderança e Gestão de Pessoas,2024-09-26,2024-12-02,25.28,61.29,6.1,Concluído
10553,2629,11,Agile/Scrum,2024-09-11,,9.26,36.42,,Cancelado
10554,2630,83,Product Management,2024-02-13,2024-02-20,11.5,80.02,7.07,Concluído
10555,2630,97,Data Analytics,2024-05-31,2024-12-27,21.92,64.23,6.1,Concluído
10556,2630,71,Customer Success,2023-12-30,2024-11-16,4.8,99.44,8.13,Concluído
10557,2630,40,Python Avançado,2024-09-23,2024-10-01,20.14,67.57,9.94,Concluído
10558,2630,90,JavaScript Moderno,2024-05-15,2024-12-29,39.19,77.31,9.3,Concluído
10559,2630,8,Oratória,2024-09-15,2024-12-16,13.6,84.19,6.09,Concluído
10560,2630,24,Customer Success,2023-11-15,2024-11-01,34.48,75.81,6.59,Concluído
10561,2631,97,Negociação,2024-06-21,2024-10-01,15.81,73.79,7.9,Concluído
10562,2631,65,Vendas Consultivas,2024-12-10,2024-12-12,37.01,88.77,9.33,Concluído
10563,2631,72,Product Management,2023-12-06,2024-05-07,33.22,99.38,9.78,Concluído
10564,2631,14,Segurança da Informação,2023-12-15,2024-10-30,7.29,93.39,8.32,Concluído
10565,2631,6,Excel Avançado,2023-12-02,2024-09-23,24.9,97.73,8.74,Concluído
10566,2631,44,Oratória,2024-03-31,,16.87,35.07,,Em Andamento
10567,2631,16,Customer Success,2023-11-24,2024-02-14,11.83,87.08,8.48,Concluído
10568,2631,16,Negociação,2024-07-05,,17.42,41.14,,Em Andamento
10569,2632,93,Segurança da Informação,2024-08-16,2024-12-24,32.11,93.87,6.46,Concluído
10570,2632,9,Liderança e Gestão de Pessoas,2024-12-05,2024-12-25,13.57,63.89,7.91,Concluído
10571,2633,6,Comunicação Eficaz,2024-07-15,2024-09-20,31.03,90.81,7.55,Concluído
10572,2634,39,Data Analytics,2023-09-08,2024-12-15,10.78,86.66,7.28,Concluído
10573,2635,15,Cloud Computing AWS,2022-10-22,,6.99,19.19,,Cancelado
10574,2636,67,Data Analytics,2024-07-21,,17.9,86.53,,Em Andamento
10575,2637,1,Cloud Computing AWS,2024-04-29,2024-08-14,28.38,62.15,7.0,Concluído
10576,2637,18,Excel Avançado,2023-06-01,2023-10-18,17.78,76.11,6.11,Concluído
10577,2637,38,Machine Learning,2023-04-26,2023-11-27,23.99,89.61,8.94,Concluído
10578,2637,87,Negociação,2024-08-25,2024-11-27,32.61,88.95,7.4,Concluído
10579,2638,36,Design Thinking,2024-11-03,2024-12-20,30.44,61.02,9.91,Concluído
10580,2638,9,Product Management,2023-12-10,2024-06-20,14.5,76.38,8.78,Concluído
10581,2639,72,Excel Avançado,2024-10-19,2024-11-27,28.16,89.62,8.37,Concluído
10582,2639,46,Product Management,2024-08-29,2024-12-29,24.52,75.18,6.16,Concluído
10583,2639,97,Comunicação Eficaz,2024-03-31,2024-05-04,38.77,81.66,6.68,Concluído
10584,2639,71,Agile/Scrum,2024-07-29,2024-10-03,26.67,78.78,6.8,Concluído
10585,2639,48,Agile/Scrum,2024-01-04,2024-02-05,17.58,71.83,7.23,Concluído
10586,2640,93,Gestão de Projetos,2024-11-16,2024-12-04,23.89,86.39,7.52,Concluído
10587,2640,1,Vendas Consultivas,2024-04-09,2024-09-18,24.07,70.17,8.42,Concluído
10588,2641,50,Product Management,2024-12-30,2024-12-31,34.37,92.73,8.12,Concluído
10589,2641,41,Product Management,2024-11-04,2024-12-31,27.5,75.83,6.66,Concluído
10590,2641,2,Excel Avançado,2024-08-16,,4.62,30.62,,Cancelado
10591,2641,99,Product Management,2024-08-19,2024-11-13,21.3,68.63,6.9,Concluído
10592,2641,97,Power BI,2024-08-06,2024-12-24,26.2,87.91,6.0,Concluído
10593,2641,2,Excel Avançado,2024-12-14,2024-12-21,26.68,63.65,7.5,Concluído
10594,2641,1,Gestão de Projetos,2024-06-10,2024-06-13,8.5,88.44,7.51,Concluído
10595,2642,71,JavaScript Moderno,2024-09-28,2024-12-01,16.01,71.49,7.41,Concluído
10596,2642,37,Power BI,2024-11-13,2024-11-30,4.84,83.77,9.63,Concluído
10597,2642,51,Agile/Scrum,2024-11-10,2024-12-28,6.69,73.18,7.08,Concluído
10598,2642,93,JavaScript Moderno,2024-06-18,2024-08-20,38.39,65.93,7.15,Concluído
10599,2642,17,Product Management,2024-11-13,2024-12-27,31.04,93.3,9.28,Concluído
10600,2642,93,Oratória,2024-09-28,2024-12-21,18.62,69.7,6.29,Concluído
10601,2642,1,Segurança da Informação,2024-11-17,2024-12-31,26.92,86.1,9.58,Concluído
10602,2643,90,Gestão de Projetos,2023-08-28,2024-02-15,5.23,85.04,6.14,Concluído
10603,2643,44,DevOps e CI/CD,2024-07-03,2024-08-21,12.84,93.4,6.74,Concluído
10604,2643,95,Customer Success,2024-04-10,2024-10-10,30.25,95.74,9.3,Concluído
10605,2643,40,Vendas Consultivas,2024-11-02,2024-11-22,26.35,84.37,8.59,Concluído
10606,2643,87,Machine Learning,2024-06-26,2024-10-06,36.54,85.63,7.25,Concluído
10607,2643,51,Power BI,2024-06-02,,6.1,17.49,,Em Andamento
10608,2643,13,Agile/Scrum,2024-11-19,2024-12-01,33.77,97.72,7.4,Concluído
10609,2643,82,Machine Learning,2024-02-01,,6.73,20.99,,Em Andamento
10610,2644,20,DevOps e CI/CD,2024-02-11,2024-05-12,35.95,81.1,6.83,Concluído
10611,2645,54,Power BI,2023-10-30,,14.99,48.91,,Em Andamento
10612,2645,32,Power BI,2024-08-25,2024-11-10,17.97,89.95,8.28,Concluído
10613,2645,21,Gestão de Tempo,2024-08-25,,7.6,72.42,,Em Andamento
10614,2645,16,Customer Success,2024-11-30,2024-12-23,22.24,87.1,8.73,Concluído
10615,2646,1,Gestão de Projetos,2024-09-18,2024-12-26,29.29,99.95,8.05,Concluído
10616,2646,16,Excel Avançado,2024-11-25,,16.12,21.66,,Em Andamento
10617,2646,79,Segurança da Informação,2024-12-19,2024-12-21,29.02,75.53,7.23,Concluído
10618,2646,26,DevOps e CI/CD,2024-05-31,2024-08-17,6.69,77.79,7.65,Concluído
10619,2647,52,Product Management,2024-12-04,,9.95,82.03,,Em Andamento
10620,2647,49,DevOps e CI/CD,2024-12-27,2024-12-28,34.9,87.44,9.17,Concluído
10621,2649,87,Comunicação Eficaz,2024-08-01,,6.8,16.82,,Cancelado
10622,2649,66,Comunicação Eficaz,2024-08-26,,2.29,70.84,,Em Andamento
10623,2649,1,Oratória,2024-11-20,,18.11,46.12,,Em Andamento
10624,2649,81,Liderança e Gestão de Pessoas,2024-05-18,2024-11-01,38.75,77.14,7.86,Concluído
10625,2650,67,Power BI,2024-10-04,2024-12-20,12.08,60.66,7.54,Concluído
10626,2650,39,Vendas Consultivas,2024-12-23,2024-12-29,31.81,84.89,8.16,Concluído
10627,2652,70,Design Thinking,2024-10-21,2024-12-04,9.67,77.48,7.16,Concluído
10628,2652,42,JavaScript Moderno,2024-07-13,2024-11-05,11.66,86.09,9.81,Concluído
10629,2652,91,Cloud Computing AWS,2024-08-09,2024-10-05,14.23,79.38,9.59,Concluído
10630,2653,69,Design Thinking,2024-10-10,2024-11-11,26.86,65.08,9.1,Concluído
10631,2653,63,Gestão de Projetos,2024-09-28,2024-10-16,5.31,68.21,8.1,Concluído
10632,2654,88,Segurança da Informação,2023-07-02,2023-09-19,14.24,97.89,9.5,Concluído
10633,2655,8,Design Thinking,2024-06-30,2024-10-14,5.75,81.05,8.89,Concluído
10634,2655,29,Vendas Consultivas,2024-10-19,2024-12-09,26.92,75.38,6.49,Concluído
10635,2655,56,Comunicação Eficaz,2024-08-26,2024-09-30,15.48,93.7,6.1,Concluído
10636,2655,14,Liderança e Gestão de Pessoas,2024-08-26,2024-11-03,31.64,90.8,6.59,Concluído
10637,2655,47,Segurança da Informação,2024-11-29,2024-12-07,30.63,62.04,8.37,Concluído
10638,2655,44,Excel Avançado,2024-06-24,2024-11-17,19.98,88.16,8.68,Concluído
10639,2655,97,Product Management,2024-10-10,2024-12-24,11.43,84.08,8.78,Concluído
10640,2655,9,Liderança e Gestão de Pessoas,2024-06-26,2024-11-24,19.93,95.4,7.16,Concluído
10641,2656,61,Excel Avançado,2024-11-10,2024-12-11,35.44,81.51,7.65,Concluído
10642,2656,99,DevOps e CI/CD,2024-09-09,2024-11-26,29.24,96.77,9.31,Concluído
10643,2656,25,Segurança da Informação,2024-11-04,2024-12-07,19.54,72.3,6.42,Concluído
10644,2656,37,Product Management,2024-11-22,2024-12-08,38.44,69.49,6.78,Concluído
10645,2656,70,Agile/Scrum,2024-10-01,2024-10-11,4.86,71.77,7.18,Concluído
10646,2656,39,Gestão de Tempo,2024-08-22,2024-12-25,22.92,80.33,6.46,Concluído
10647,2660,28,Segurança da Informação,2023-12-01,2024-11-05,31.66,99.66,9.52,Concluído
10648,2660,88,Liderança e Gestão de Pessoas,2024-07-12,2024-12-03,26.88,93.23,7.03,Concluído
10649,2661,95,Design Thinking,2023-08-14,2024-01-30,17.03,94.46,8.25,Concluído
10650,2661,18,Excel Avançado,2024-01-10,2024-12-09,38.37,63.95,7.46,Concluído
10651,2661,58,Gestão de Projetos,2023-05-17,2024-01-14,15.67,62.41,6.19,Concluído
10652,2661,52,Python Avançado,2023-11-04,2024-08-22,4.39,84.31,7.12,Concluído
10653,2661,18,Gestão de Tempo,2024-12-23,2024-12-25,9.73,65.3,9.2,Concluído
10654,2661,94,Oratória,2023-07-30,2023-08-02,8.09,84.15,7.25,Concluído
10655,2662,97,Excel Avançado,2024-04-08,,8.61,31.12,,Cancelado
10656,2662,87,JavaScript Moderno,2023-08-24,2023-12-19,29.7,63.33,9.09,Concluído
10657,2662,84,Segurança da Informação,2024-03-21,2024-10-20,10.36,62.63,6.93,Concluído
10658,2662,93,Python Avançado,2024-07-09,2024-10-09,29.01,80.61,7.41,Concluído
10659,2662,45,Cloud Computing AWS,2024-06-06,2024-08-07,10.64,95.08,9.54,Concluído
10660,2662,76,Design Thinking,2024-02-27,2024-08-26,35.88,76.13,6.8,Concluído
10661,2663,38,Machine Learning,2023-10-03,,4.99,62.65,,Em Andamento
10662,2663,84,Agile/Scrum,2024-10-21,2024-11-15,22.45,70.74,9.17,Concluído
10663,2663,25,Segurança da Informação,2023-05-30,,2.48,89.0,,Em Andamento
10664,2663,79,Excel Avançado,2024-01-06,,9.75,61.57,,Em Andamento
10665,2663,69,Design Thinking,2024-11-25,2024-11-29,34.62,85.24,9.98,Concluído
10666,2663,22,Gestão de Tempo,2024-03-16,,11.58,70.5,,Em Andamento
10667,2663,65,JavaScript Moderno,2024-03-04,2024-08-06,23.55,62.44,6.12,Concluído
10668,2665,57,Product Management,2023-02-21,2024-03-24,21.23,90.08,6.39,Concluído
10669,2666,38,Design Thinking,2024-09-02,,19.01,44.46,,Em Andamento
10670,2666,60,Gestão de Projetos,2024-01-22,2024-08-26,25.21,71.04,9.07,Concluído
10671,2668,71,Agile/Scrum,2022-11-05,2022-11-15,12.27,95.4,8.46,Concluído
10672,2668,75,Comunicação Eficaz,2024-09-01,2024-11-28,6.53,60.25,9.24,Concluído
10673,2668,62,Agile/Scrum,2023-01-22,2024-03-09,23.07,90.62,8.44,Concluído
10674,2669,83,Python Avançado,2024-09-09,2024-09-16,16.08,94.38,9.78,Concluído
10675,2669,88,Customer Success,2024-12-27,2024-12-31,9.29,99.26,6.32,Concluído
10676,2669,60,Negociação,2024-08-16,2024-11-28,28.43,75.55,6.15,Concluído
10677,2669,26,Product Management,2024-09-01,2024-10-31,30.31,93.82,6.62,Concluído
10678,2669,18,Machine Learning,2024-09-11,2024-10-17,39.12,95.19,9.52,Concluído
10679,2669,66,Machine Learning,2024-08-11,2024-09-09,4.53,84.86,9.82,Concluído
10680,2671,25,Gestão de Projetos,2024-10-21,2024-12-03,27.21,81.62,7.19,Concluído
10681,2671,42,Design Thinking,2024-08-15,2024-11-28,16.3,81.04,6.98,Concluído
10682,2672,43,Oratória,2024-03-22,2024-09-25,11.64,97.73,8.66,Concluído
10683,2672,81,Customer Success,2023-05-27,2023-06-17,5.14,98.23,6.09,Concluído
10684,2672,93,Design Thinking,2023-09-16,,15.97,62.94,,Em Andamento
10685,2672,50,Power BI,2024-11-16,2024-12-08,28.87,67.52,6.57,Concluído
10686,2672,52,Data Analytics,2023-12-06,2024-05-10,33.75,67.68,9.96,Concluído
10687,2672,70,Machine Learning,2023-03-28,2024-03-18,7.74,71.83,8.74,Concluído
10688,2672,98,Comunicação Eficaz,2024-05-21,,8.66,10.94,,Cancelado
10689,2673,89,JavaScript Moderno,2024-12-05,2024-12-20,17.14,89.2,7.47,Concluído
10690,2674,56,Segurança da Informação,2024-09-16,2024-09-23,36.38,86.29,9.45,Concluído
10691,2674,93,Python Avançado,2023-12-26,2024-10-14,29.89,77.54,8.65,Concluído
10692,2674,89,Excel Avançado,2024-07-31,2024-11-01,11.85,74.29,7.03,Concluído
10693,2675,73,Customer Success,2024-05-04,2024-10-15,19.3,62.82,9.33,Concluído
10694,2675,69,Vendas Consultivas,2024-04-22,,15.89,39.25,,Em Andamento
10695,2675,64,Liderança e Gestão de Pessoas,2024-08-29,2024-12-19,13.5,74.72,7.79,Concluído
10696,2675,9,Agile/Scrum,2024-01-08,2024-04-30,27.43,68.11,6.84,Concluído
10697,2675,50,Oratória,2022-12-31,2023-10-26,22.8,99.22,9.7,Concluído
10698,2676,94,Negociação,2024-12-07,2024-12-14,15.49,81.59,7.82,Concluído
10699,2676,13,Oratória,2024-04-05,2024-08-20,31.04,71.72,9.78,Concluído
10700,2676,39,Liderança e Gestão de Pessoas,2024-05-18,,19.4,36.97,,Em Andamento
10701,2677,98,JavaScript Moderno,2024-12-28,2024-12-30,34.08,67.24,7.6,Concluído
10702,2677,64,Oratória,2024-12-22,2024-12-25,29.45,86.88,10.0,Concluído
10703,2678,11,Design Thinking,2024-11-29,2024-12-18,39.47,74.24,9.45,Concluído
10704,2678,100,Power BI,2024-11-29,2024-12-13,21.2,81.68,6.63,Concluído
10705,2678,83,Customer Success,2024-11-06,2024-11-14,15.1,90.4,6.97,Concluído
10706,2678,7,Oratória,2024-12-23,,9.99,70.47,,Em Andamento
10707,2678,16,Power BI,2024-10-22,,17.58,58.46,,Em Andamento
10708,2678,48,Gestão de Projetos,2024-11-30,2024-12-22,15.15,77.6,8.26,Concluído
10709,2678,22,Vendas Consultivas,2024-10-28,2024-11-19,34.72,80.71,8.47,Concluído
10710,2678,3,Power BI,2024-11-11,2024-11-30,38.25,84.35,9.86,Concluído
10711,2679,27,Segurança da Informação,2023-01-26,2024-06-04,28.37,92.59,7.47,Concluído
10712,2679,4,DevOps e CI/CD,2024-09-27,2024-11-15,17.57,81.31,7.74,Concluído
10713,2680,74,Gestão de Tempo,2023-11-28,2024-04-02,12.32,86.38,9.59,Concluído
10714,2680,77,Negociação,2023-12-09,2024-02-17,36.4,93.56,8.81,Concluído
10715,2680,61,JavaScript Moderno,2023-02-21,,5.43,79.96,,Em Andamento
10716,2680,22,Cloud Computing AWS,2023-04-20,2024-01-27,12.49,71.58,6.91,Concluído
10717,2680,99,Python Avançado,2024-09-29,2024-10-20,19.35,72.75,9.56,Concluído
10718,2680,90,Design Thinking,2023-03-11,2024-09-24,4.74,78.3,6.74,Concluído
10719,2683,61,Customer Success,2024-08-17,2024-09-18,32.21,67.51,7.06,Concluído
10720,2683,29,Excel Avançado,2024-12-24,2024-12-28,15.09,64.38,8.49,Concluído
10721,2683,55,Power BI,2024-09-13,2024-10-11,37.93,84.39,6.86,Concluído
10722,2683,43,DevOps e CI/CD,2024-04-11,2024-10-18,23.56,87.27,7.6,Concluído
10723,2683,42,Design Thinking,2024-11-10,,11.26,12.18,,Em Andamento
10724,2684,32,Power BI,2024-11-25,2024-12-05,37.25,80.17,8.92,Concluído
10725,2684,37,Oratória,2024-05-02,2024-05-05,18.47,86.21,6.68,Concluído
10726,2684,75,Comunicação Eficaz,2024-10-16,2024-10-26,7.16,88.34,6.26,Concluído
10727,2684,35,Product Management,2024-07-18,2024-09-08,15.04,75.02,8.8,Concluído
10728,2684,11,Data Analytics,2024-06-15,,9.51,27.61,,Em Andamento
10729,2684,24,Data Analytics,2024-06-07,2024-07-22,32.63,67.14,9.95,Concluído
10730,2684,54,Cloud Computing AWS,2024-08-20,2024-12-28,8.76,78.21,7.08,Concluído
10731,2684,75,Gestão de Tempo,2024-11-18,2024-12-03,5.02,70.15,8.67,Concluído
10732,2685,70,Cloud Computing AWS,2024-02-12,2024-06-09,15.8,89.56,8.64,Concluído
10733,2685,63,Product Management,2024-01-02,,13.08,66.97,,Em Andamento
10734,2685,47,Data Analytics,2024-10-03,2024-12-18,32.41,80.78,9.0,Concluído
10735,2687,7,Data Analytics,2023-12-14,2024-09-08,17.74,82.4,9.49,Concluído
10736,2687,2,Customer Success,2023-05-08,2024-08-11,19.69,96.09,7.95,Concluído
10737,2687,26,Machine Learning,2024-05-04,2024-07-10,19.57,98.61,9.1,Concluído
10738,2687,39,Data Analytics,2023-08-06,2024-03-22,25.57,84.57,9.7,Concluído
10739,2687,55,Agile/Scrum,2024-04-29,2024-09-11,9.51,66.29,7.98,Concluído
10740,2687,13,Negociação,2023-11-15,2024-05-18,30.3,84.59,7.96,Concluído
10741,2688,47,Vendas Consultivas,2022-07-07,2023-04-30,17.67,99.32,8.56,Concluído
10742,2688,79,Liderança e Gestão de Pessoas,2023-07-20,2024-10-29,9.7,81.12,7.41,Concluído
10743,2688,29,Cloud Computing AWS,2022-04-25,2022-09-28,36.24,74.86,9.31,Concluído
10744,2688,65,JavaScript Moderno,2023-10-22,2024-05-11,15.23,73.02,6.34,Concluído
10745,2688,61,Vendas Consultivas,2024-03-19,,3.77,8.54,,Cancelado
10746,2688,5,Agile/Scrum,2024-11-17,2024-12-16,29.81,81.0,9.06,Concluído
10747,2688,30,DevOps e CI/CD,2024-09-15,2024-09-16,31.76,89.78,6.92,Concluído
10748,2690,62,DevOps e CI/CD,2023-01-24,2024-10-28,20.43,80.83,7.98,Concluído
10749,2690,21,Vendas Consultivas,2022-08-29,2022-09-22,35.39,90.48,9.82,Concluído
10750,2690,42,Gestão de Projetos,2024-05-05,2024-09-17,32.93,69.81,6.95,Concluído
10751,2690,21,Segurança da Informação,2023-03-04,2023-09-15,11.38,69.28,8.51,Concluído
10752,2690,51,Design Thinking,2024-12-04,2024-12-14,35.24,60.67,6.12,Concluído
10753,2690,6,Power BI,2022-04-11,2022-07-08,28.24,62.21,6.95,Concluído
10754,2691,97,Excel Avançado,2024-11-16,2024-12-28,6.55,96.99,9.66,Concluído
10755,2691,7,Liderança e Gestão de Pessoas,2024-07-07,2024-09-09,13.89,68.89,6.37,Concluído
10756,2691,62,Oratória,2024-10-31,,15.49,55.84,,Em Andamento
10757,2691,36,Comunicação Eficaz,2024-08-29,2024-09-14,30.14,78.72,8.02,Concluído
10758,2691,93,Vendas Consultivas,2024-10-20,2024-11-22,33.12,70.78,7.93,Concluído
10759,2691,58,Negociação,2024-08-13,2024-08-18,11.27,67.28,7.1,Concluído
10760,2691,10,Cloud Computing AWS,2024-06-20,,2.2,65.22,,Em Andamento
10761,2692,28,JavaScript Moderno,2022-11-16,2023-03-02,36.94,91.33,7.51,Concluído
10762,2692,74,DevOps e CI/CD,2023-09-08,2024-03-17,15.69,86.5,6.98,Concluído
10763,2692,65,Cloud Computing AWS,2023-02-21,2023-08-08,31.88,61.58,9.4,Concluído
10764,2692,8,Cloud Computing AWS,2024-09-12,,16.25,46.34,,Em Andamento
10765,2693,48,Vendas Consultivas,2022-11-10,2023-09-10,4.3,71.72,7.9,Concluído
10766,2693,95,Agile/Scrum,2024-06-10,2024-07-15,13.45,80.62,7.33,Concluído
10767,2693,89,JavaScript Moderno,2024-08-26,,19.43,45.97,,Em Andamento
10768,2693,30,Comunicação Eficaz,2023-12-06,2024-01-15,21.24,85.13,7.27,Concluído
10769,2694,85,Negociação,2023-12-29,2024-07-25,39.58,69.46,9.45,Concluído
10770,2694,20,Product Management,2023-01-26,2023-09-24,23.72,71.99,9.65,Concluído
10771,2694,2,Agile/Scrum,2024-02-19,2024-10-23,27.4,97.23,7.7,Concluído
10772,2694,45,JavaScript Moderno,2023-04-14,2024-11-01,21.85,77.8,6.66,Concluído
10773,2694,94,Data Analytics,2023-03-03,,6.94,21.82,,Em Andamento
10774,2694,23,Agile/Scrum,2023-08-03,2024-05-30,23.39,94.27,8.18,Concluído
10775,2694,65,Liderança e Gestão de Pessoas,2022-12-31,,9.41,24.57,,Cancelado
10776,2694,30,Vendas Consultivas,2023-01-30,2024-03-08,25.63,63.75,6.63,Concluído
10777,2695,74,Design Thinking,2024-12-05,2024-12-27,6.16,71.53,6.37,Concluído
10778,2695,51,Power BI,2024-12-28,2024-12-31,12.62,91.54,8.91,Concluído
10779,2695,8,Oratória,2024-12-26,2024-12-28,27.76,69.98,6.81,Concluído
10780,2697,62,Segurança da Informação,2023-10-08,2024-06-25,27.51,65.87,6.18,Concluído
10781,2697,7,Agile/Scrum,2024-04-17,,16.4,22.26,,Em Andamento
10782,2697,12,JavaScript Moderno,2024-10-28,,10.42,38.62,,Em Andamento
10783,2697,84,Vendas Consultivas,2023-10-20,,13.72,29.36,,Em Andamento
10784,2697,88,Design Thinking,2023-02-22,2023-06-27,18.4,60.61,9.61,Concluído
10785,2697,65,DevOps e CI/CD,2023-10-19,,8.44,16.12,,Cancelado
10786,2697,19,Cloud Computing AWS,2024-06-30,2024-07-09,39.09,75.3,6.22,Concluído
10787,2697,32,DevOps e CI/CD,2023-08-19,,8.96,8.64,,Em Andamento
10788,2699,37,Vendas Consultivas,2024-09-30,2024-12-05,28.47,65.96,7.9,Concluído
10789,2699,100,Cloud Computing AWS,2024-07-23,2024-09-18,16.61,75.67,7.02,Concluído
10790,2699,70,Excel Avançado,2024-10-23,2024-11-06,36.85,74.09,8.22,Concluído
10791,2699,25,Python Avançado,2024-09-28,2024-12-14,32.73,74.16,8.63,Concluído
10792,2699,96,Data Analytics,2024-06-06,2024-08-29,32.23,84.73,9.74,Concluído
10793,2699,22,Customer Success,2024-06-19,,14.63,14.71,,Em Andamento
10794,2700,48,Gestão de Tempo,2024-11-20,2024-12-06,26.61,65.43,8.16,Concluído
10795,2701,58,Agile/Scrum,2023-12-12,2024-12-12,5.47,79.14,7.64,Concluído
10796,2702,15,Power BI,2023-08-22,,9.13,45.14,,Em Andamento
10797,2702,80,Customer Success,2023-07-11,2023-12-04,35.3,62.04,6.01,Concluído
10798,2702,26,Python Avançado,2023-09-08,2024-01-26,13.71,87.55,7.99,Concluído
10799,2703,91,Customer Success,2024-03-26,2024-09-10,39.46,83.19,8.28,Concluído
10800,2703,10,Power BI,2022-11-13,,16.89,12.04,,Em Andamento
10801,2703,9,Gestão de Projetos,2023-04-02,2024-10-01,5.55,64.93,8.42,Concluído
10802,2703,33,Data Analytics,2024-01-30,2024-04-16,29.57,71.83,7.96,Concluído
10803,2703,42,Data Analytics,2022-06-09,,15.86,22.39,,Em Andamento
10804,2703,22,Comunicação Eficaz,2024-04-16,2024-10-30,14.22,63.89,7.47,Concluído
10805,2703,4,Power BI,2023-08-22,,2.67,32.03,,Em Andamento
10806,2703,80,Cloud Computing AWS,2022-12-10,2024-02-05,39.64,90.99,7.81,Concluído
10807,2704,85,Oratória,2024-05-14,2024-11-11,23.56,62.92,6.37,Concluído
10808,2705,95,Gestão de Projetos,2024-06-04,2024-12-12,10.65,70.08,8.35,Concluído
10809,2705,3,Oratória,2024-09-23,2024-11-17,8.65,75.03,8.85,Concluído
10810,2705,90,Vendas Consultivas,2024-05-08,2024-10-15,26.74,81.84,8.15,Concluído
10811,2705,98,Comunicação Eficaz,2023-02-24,2024-03-27,17.72,69.34,6.46,Concluído
10812,2705,7,Python Avançado,2023-08-14,2023-12-14,34.75,76.19,6.74,Concluído
10813,2706,10,Comunicação Eficaz,2022-12-24,2023-03-21,23.41,66.65,7.04,Concluído
10814,2706,82,Segurança da Informação,2023-07-31,2024-10-16,38.1,63.32,8.35,Concluído
10815,2706,24,Negociação,2024-08-09,,14.67,63.15,,Em Andamento
10816,2707,41,Oratória,2024-08-19,2024-12-25,35.55,68.1,6.87,Concluído
10817,2707,80,JavaScript Moderno,2024-02-18,,12.83,82.36,,Em Andamento
10818,2707,91,DevOps e CI/CD,2022-05-29,2024-09-01,32.25,84.12,7.04,Concluído
10819,2707,73,Comunicação Eficaz,2023-10-03,2024-12-14,17.75,71.1,8.67,Concluído
10820,2707,87,Cloud Computing AWS,2023-06-14,2024-08-20,23.47,69.67,8.64,Concluído
10821,2707,1,Excel Avançado,2022-05-03,2023-04-07,39.01,65.96,9.13,Concluído
10822,2707,84,Power BI,2024-11-11,2024-12-31,18.73,73.01,7.33,Concluído
10823,2707,36,Power BI,2023-07-12,2024-02-09,18.36,98.82,9.13,Concluído
10824,2708,86,Cloud Computing AWS,2024-09-08,,13.43,62.58,,Em Andamento
10825,2708,29,Agile/Scrum,2023-10-29,,3.23,22.3,,Cancelado
10826,2708,85,Liderança e Gestão de Pessoas,2023-09-28,2024-12-16,28.37,64.83,7.96,Concluído
10827,2708,23,Segurança da Informação,2024-11-14,2024-12-25,11.23,83.58,6.77,Concluído
10828,2709,21,Oratória,2024-02-24,2024-03-15,29.08,79.49,6.99,Concluído
10829,2710,81,Cloud Computing AWS,2024-12-20,2024-12-29,24.09,85.12,6.08,Concluído
10830,2710,17,Negociação,2023-03-24,2023-10-04,16.73,69.37,8.08,Concluído
10831,2710,51,Product Management,2023-09-07,2024-08-18,15.97,82.17,9.75,Concluído
10832,2710,65,Oratória,2024-12-01,2024-12-02,20.07,90.62,8.42,Concluído
10833,2710,60,Gestão de Projetos,2023-09-26,2024-03-06,39.64,61.6,9.18,Concluído
10834,2710,58,Data Analytics,2024-04-28,2024-11-20,21.32,61.08,6.34,Concluído
10835,2710,92,Power BI,2023-08-01,,4.91,21.04,,Em Andamento
10836,2711,67,Design Thinking,2024-07-08,2024-11-25,31.36,74.26,10.0,Concluído
10837,2711,61,Design Thinking,2024-05-21,2024-08-16,35.77,82.57,6.94,Concluído
10838,2711,71,Negociação,2024-07-06,,18.58,23.12,,Em Andamento
10839,2711,27,Vendas Consultivas,2024-08-09,2024-11-15,35.53,94.04,8.23,Concluído
10840,2712,84,DevOps e CI/CD,2024-01-18,,9.68,33.56,,Em Andamento
10841,2712,90,Liderança e Gestão de Pessoas,2024-11-22,2024-12-06,13.43,79.7,8.34,Concluído
10842,2712,8,JavaScript Moderno,2024-11-21,,19.67,53.17,,Em Andamento
10843,2712,89,Cloud Computing AWS,2024-12-26,,2.14,69.95,,Em Andamento
10844,2712,39,Comunicação Eficaz,2024-07-20,,14.82,33.61,,Em Andamento
10845,2712,76,Design Thinking,2024-11-03,2024-12-13,7.9,76.07,6.43,Concluído
10846,2712,1,Machine Learning,2024-06-03,,14.83,4.04,,Em Andamento
10847,2713,17,Gestão de Tempo,2023-12-22,2024-10-01,16.44,64.69,6.81,Concluído
10848,2713,44,Excel Avançado,2023-05-19,2023-06-20,37.98,83.96,9.82,Concluído
10849,2713,80,Machine Learning,2024-07-08,,6.53,1.65,,Cancelado
10850,2713,25,Comunicação Eficaz,2023-06-09,,15.11,31.31,,Em Andamento
10851,2714,81,Design Thinking,2024-11-15,2024-12-25,12.84,60.66,6.08,Concluído
10852,2715,57,Agile/Scrum,2023-10-04,2024-05-21,30.63,73.98,9.48,Concluído
10853,2715,76,Python Avançado,2024-10-09,2024-12-31,19.47,92.73,6.64,Concluído
10854,2715,77,Comunicação Eficaz,2023-11-01,2024-11-28,8.65,72.58,9.98,Concluído
10855,2715,35,Liderança e Gestão de Pessoas,2024-01-16,2024-02-07,37.93,96.42,6.49,Concluído
10856,2715,95,Agile/Scrum,2023-11-17,2024-12-03,33.23,72.81,9.66,Concluído
10857,2715,29,Data Analytics,2024-10-03,2024-10-29,8.89,98.39,7.92,Concluído
10858,2715,33,Comunicação Eficaz,2024-02-19,2024-08-10,33.52,96.89,7.17,Concluído
10859,2715,37,Data Analytics,2024-11-04,2024-12-20,33.57,91.05,9.31,Concluído
10860,2716,76,Machine Learning,2024-05-13,2024-10-23,31.28,74.05,9.4,Concluído
10861,2716,80,Customer Success,2024-10-08,2024-11-11,6.34,94.84,9.19,Concluído
10862,2716,17,Gestão de Tempo,2024-08-09,2024-08-23,18.18,95.56,8.97,Concluído
10863,2717,71,Oratória,2024-10-21,2024-12-13,19.21,67.66,6.08,Concluído
10864,2717,90,Segurança da Informação,2024-11-28,2024-12-17,28.76,65.53,8.67,Concluído
10865,2717,70,Product Management,2024-11-17,2024-11-27,33.7,91.9,7.15,Concluído
10866,2717,68,Comunicação Eficaz,2024-09-26,2024-10-07,34.36,72.54,9.37,Concluído
10867,2717,4,Liderança e Gestão de Pessoas,2024-11-20,2024-12-11,32.0,63.85,8.95,Concluído
10868,2718,80,Customer Success,2024-05-10,2024-05-22,38.64,97.45,8.12,Concluído
10869,2718,62,Data Analytics,2024-12-12,2024-12-21,35.62,79.05,6.15,Concluído
10870,2719,100,DevOps e CI/CD,2024-12-29,2024-12-31,14.51,67.51,6.99,Concluído
10871,2719,31,Liderança e Gestão de Pessoas,2024-05-10,2024-06-19,23.79,64.64,7.58,Concluído
10872,2719,42,Design Thinking,2024-02-21,2024-10-30,10.63,79.98,9.77,Concluído
10873,2719,18,Segurança da Informação,2024-08-01,2024-08-03,17.91,79.3,6.27,Concluído
10874,2720,43,Agile/Scrum,2024-11-17,2024-12-14,37.49,95.91,6.41,Concluído
10875,2720,93,Segurança da Informação,2024-12-27,2024-12-31,29.49,94.23,7.12,Concluído
10876,2720,30,Gestão de Projetos,2024-12-03,2024-12-15,12.11,74.58,7.81,Concluído
10877,2720,7,Oratória,2024-12-14,2024-12-18,30.75,98.09,6.73,Concluído
10878,2720,60,JavaScript Moderno,2024-12-01,,11.68,47.18,,Em Andamento
10879,2720,83,Customer Success,2024-11-17,2024-12-22,20.31,64.56,7.39,Concluído
10880,2720,15,Negociação,2024-12-02,2024-12-14,25.26,89.31,9.4,Concluído
10881,2720,41,Comunicação Eficaz,2024-11-15,,10.37,71.31,,Em Andamento
10882,2721,99,Vendas Consultivas,2023-04-20,,9.79,7.86,,Cancelado
10883,2721,15,JavaScript Moderno,2023-01-24,2023-05-22,38.63,98.43,9.53,Concluído
10884,2721,14,Power BI,2023-09-12,2024-02-15,27.57,93.49,7.62,Concluído
10885,2722,12,Liderança e Gestão de Pessoas,2024-10-07,2024-11-19,8.51,92.44,8.35,Concluído
10886,2722,95,Segurança da Informação,2024-08-28,,5.19,80.24,,Em Andamento
10887,2723,38,Negociação,2024-07-22,2024-10-11,36.58,74.99,9.98,Concluído
10888,2723,89,Machine Learning,2024-01-14,2024-05-07,17.99,87.44,8.5,Concluído
10889,2723,49,Agile/Scrum,2023-12-18,,8.65,83.33,,Em Andamento
10890,2723,55,Data Analytics,2023-11-19,2023-11-25,32.8,86.34,6.84,Concluído
10891,2724,89,Excel Avançado,2024-06-20,2024-08-19,18.27,96.74,8.02,Concluído
10892,2725,89,Product Management,2023-11-17,,2.62,39.46,,Cancelado
10893,2725,82,JavaScript Moderno,2024-05-09,2024-06-15,21.92,84.75,6.68,Concluído
10894,2725,82,Python Avançado,2024-09-12,2024-10-19,29.09,99.78,8.83,Concluído
10895,2725,44,Negociação,2023-12-07,,7.44,33.67,,Em Andamento
10896,2725,53,Power BI,2024-02-23,2024-11-12,13.06,91.82,9.81,Concluído
10897,2725,87,Machine Learning,2024-10-01,2024-12-12,17.01,90.26,7.81,Concluído
10898,2726,25,Comunicação Eficaz,2024-10-29,,7.93,7.76,,Cancelado
10899,2726,81,Gestão de Tempo,2024-12-29,2024-12-30,19.68,86.96,9.98,Concluído
10900,2726,82,Design Thinking,2024-11-12,2024-11-21,30.58,78.14,9.91,Concluído
10901,2726,54,Liderança e Gestão de Pessoas,2024-12-05,2024-12-15,22.9,69.82,6.14,Concluído
10902,2726,40,Data Analytics,2024-10-01,2024-10-26,21.8,65.98,9.26,Concluído
10903,2726,55,Segurança da Informação,2024-11-16,2024-12-07,29.78,80.25,6.76,Concluído
10904,2727,98,Gestão de Projetos,2024-11-21,2024-12-06,6.99,92.55,8.53,Concluído
10905,2727,94,JavaScript Moderno,2024-12-19,2024-12-29,32.39,69.97,8.29,Concluído
10906,2727,67,Segurança da Informação,2024-12-12,2024-12-22,28.09,96.45,9.23,Concluído
10907,2728,23,Customer Success,2024-11-18,,9.18,63.96,,Em Andamento
10908,2728,65,Oratória,2024-10-20,2024-12-16,9.46,66.87,6.59,Concluído
10909,2729,76,Python Avançado,2023-09-02,,2.33,31.0,,Cancelado
10910,2729,49,Vendas Consultivas,2024-12-20,,16.47,39.96,,Em Andamento
10911,2729,64,JavaScript Moderno,2024-05-19,2024-07-02,29.27,79.18,8.62,Concluído
10912,2729,62,JavaScript Moderno,2023-07-11,2024-01-06,30.18,75.27,6.42,Concluído
10913,2729,7,Oratória,2024-05-05,2024-08-17,31.21,87.26,8.44,Concluído
10914,2730,38,Agile/Scrum,2024-09-07,2024-12-16,13.67,99.0,7.27,Concluído
10915,2730,38,Power BI,2024-07-20,2024-08-21,29.96,87.71,8.78,Concluído
10916,2731,22,Data Analytics,2024-11-17,2024-12-25,4.88,93.5,8.65,Concluído
10917,2731,95,Liderança e Gestão de Pessoas,2024-12-30,2024-12-31,17.11,63.09,9.35,Concluído
10918,2731,32,Gestão de Projetos,2024-10-08,2024-11-28,37.21,98.31,6.61,Concluído
10919,2731,34,Gestão de Projetos,2024-11-08,2024-11-25,22.58,74.84,7.86,Concluído
10920,2731,87,Liderança e Gestão de Pessoas,2024-11-01,2024-11-24,23.19,96.56,6.56,Concluído
10921,2731,42,JavaScript Moderno,2024-10-08,2024-12-13,39.22,85.15,6.61,Concluído
10922,2732,34,Oratória,2023-10-29,,3.85,3.27,,Em Andamento
10923,2733,14,JavaScript Moderno,2024-06-29,,12.03,53.95,,Em Andamento
10924,2733,96,Comunicação Eficaz,2024-11-17,2024-12-28,21.37,90.14,8.38,Concluído
10925,2733,23,Comunicação Eficaz,2024-07-21,2024-11-14,19.6,62.73,9.64,Concluído
10926,2733,1,Vendas Consultivas,2024-11-27,,12.38,41.83,,Em Andamento
10927,2734,46,Machine Learning,2024-11-03,2024-12-08,35.92,79.91,7.38,Concluído
10928,2735,19,Product Management,2024-05-09,2024-07-23,30.8,97.25,8.69,Concluído
10929,2735,75,Gestão de Projetos,2023-08-13,2024-11-10,25.94,60.71,8.88,Concluído
10930,2735,31,Excel Avançado,2023-06-08,2024-12-14,35.17,74.41,8.08,Concluído
10931,2735,15,Segurança da Informação,2024-08-01,,2.82,15.63,,Cancelado
10932,2735,99,Oratória,2022-11-27,2024-12-18,14.11,84.17,6.56,Concluído
10933,2735,12,Gestão de Projetos,2023-05-10,2023-11-11,12.11,68.49,6.42,Concluído
10934,2735,76,Python Avançado,2024-10-27,,9.88,23.5,,Cancelado
10935,2735,42,Design Thinking,2023-10-10,2024-05-09,31.79,66.84,7.44,Concluído
10936,2737,65,Segurança da Informação,2024-12-02,2024-12-26,12.88,62.75,8.9,Concluído
10937,2737,75,Segurança da Informação,2024-10-03,2024-10-25,8.62,96.53,9.88,Concluído
10938,2737,82,JavaScript Moderno,2024-09-29,2024-12-02,16.86,72.71,7.41,Concluído
10939,2737,72,JavaScript Moderno,2024-09-21,2024-12-05,35.97,93.26,7.81,Concluído
10940,2737,80,Design Thinking,2024-10-17,2024-11-14,23.98,76.04,7.75,Concluído
10941,2737,29,Product Management,2024-11-25,2024-12-01,14.34,83.86,9.44,Concluído
10942,2737,2,Excel Avançado,2024-10-01,2024-12-08,28.61,94.32,6.08,Concluído
10943,2737,3,Segurança da Informação,2024-12-19,2024-12-23,32.21,90.31,6.6,Concluído
10944,2738,69,Power BI,2024-05-26,2024-10-12,14.84,96.17,7.0,Concluído
10945,2738,4,Excel Avançado,2022-09-20,2023-02-22,24.81,91.59,8.83,Concluído
10946,2738,62,Machine Learning,2024-08-26,2024-12-25,6.0,68.29,9.69,Concluído
10947,2738,86,Power BI,2023-08-26,,6.86,12.37,,Em Andamento
10948,2738,2,Machine Learning,2023-08-07,2024-02-15,12.59,92.44,6.51,Concluído
10949,2739,91,Comunicação Eficaz,2023-07-26,,13.72,25.01,,Em Andamento
10950,2739,49,DevOps e CI/CD,2024-05-21,2024-06-21,18.81,67.46,6.84,Concluído
10951,2739,45,Excel Avançado,2024-10-14,2024-12-18,23.53,87.92,9.22,Concluído
10952,2739,7,Comunicação Eficaz,2024-10-31,,11.86,50.7,,Em Andamento
10953,2739,10,Gestão de Projetos,2023-10-18,2024-05-30,8.96,78.13,7.28,Concluído
10954,2739,45,Data Analytics,2024-01-21,2024-04-01,30.48,96.88,9.71,Concluído
10955,2739,14,JavaScript Moderno,2024-02-01,,19.73,17.44,,Em Andamento
10956,2740,35,DevOps e CI/CD,2024-09-08,,3.28,70.13,,Em Andamento
10957,2740,97,Excel Avançado,2024-01-26,2024-05-31,13.94,78.02,7.39,Concluído
10958,2740,9,Excel Avançado,2024-06-26,2024-08-10,35.02,99.87,7.89,Concluído
10959,2741,20,Comunicação Eficaz,2024-01-05,2024-12-06,38.51,95.88,6.11,Concluído
10960,2741,51,JavaScript Moderno,2024-03-04,2024-03-09,17.39,88.37,8.28,Concluído
10961,2741,32,Python Avançado,2023-08-10,2024-10-24,37.31,96.61,9.17,Concluído
10962,2742,73,Power BI,2024-03-09,2024-04-11,15.36,64.99,7.64,Concluído
10963,2742,6,Gestão de Tempo,2024-12-16,2024-12-31,12.5,91.75,8.71,Concluído
10964,2742,30,Negociação,2024-05-09,2024-07-06,32.76,88.38,6.42,Concluído
10965,2742,12,Vendas Consultivas,2024-07-12,2024-07-13,29.32,75.92,6.74,Concluído
10966,2742,89,Machine Learning,2024-10-25,2024-12-24,20.91,87.21,6.4,Concluído
10967,2742,32,Power BI,2024-11-03,,14.5,2.91,,Em Andamento
10968,2742,93,Agile/Scrum,2024-12-28,2024-12-29,33.62,83.38,8.55,Concluído
10969,2743,16,Customer Success,2023-06-20,2024-03-01,23.4,93.85,7.76,Concluído
10970,2743,92,Customer Success,2024-09-09,2024-11-08,20.95,81.27,6.26,Concluído
10971,2743,87,Agile/Scrum,2023-09-20,2024-05-27,5.32,71.2,8.85,Concluído
10972,2743,11,Oratória,2023-10-08,2024-06-11,29.6,90.67,6.02,Concluído
10973,2743,31,JavaScript Moderno,2023-10-29,2024-08-08,37.4,75.95,8.51,Concluído
10974,2743,46,Power BI,2023-09-23,,13.29,32.94,,Em Andamento
10975,2743,38,Liderança e Gestão de Pessoas,2023-12-23,2024-07-23,6.29,96.53,8.99,Concluído
10976,2743,59,Power BI,2023-09-14,2023-12-15,11.84,65.84,8.02,Concluído
10977,2745,76,Data Analytics,2024-05-29,2024-07-18,29.36,72.93,9.83,Concluído
10978,2745,44,Agile/Scrum,2024-04-28,2024-09-28,24.5,83.37,9.72,Concluído
10979,2746,9,Design Thinking,2023-12-11,2024-02-21,9.27,62.75,6.49,Concluído
10980,2746,22,Comunicação Eficaz,2023-09-29,,14.66,24.22,,Em Andamento
10981,2746,14,Product Management,2023-07-16,2023-10-03,24.08,65.3,7.21,Concluído
10982,2746,84,Power BI,2023-08-27,2024-01-16,12.46,96.95,9.09,Concluído
10983,2746,79,Gestão de Tempo,2023-02-03,,11.59,88.38,,Em Andamento
10984,2746,67,Oratória,2024-08-20,2024-11-29,27.92,86.66,7.25,Concluído
10985,2746,88,Agile/Scrum,2023-06-01,2023-12-17,4.01,82.76,6.86,Concluído
10986,2747,29,Liderança e Gestão de Pessoas,2024-02-28,2024-10-29,23.06,92.85,9.17,Concluído
10987,2747,7,Power BI,2023-05-09,,2.78,11.99,,Em Andamento
10988,2748,85,Excel Avançado,2024-12-02,2024-12-06,28.03,94.04,9.14,Concluído
10989,2749,79,Customer Success,2024-03-02,2024-11-07,30.42,83.08,8.53,Concluído
10990,2749,23,Data Analytics,2024-06-26,2024-12-28,38.4,64.03,9.69,Concluído
10991,2749,93,Negociação,2024-04-15,2024-06-09,15.87,65.67,6.36,Concluído
10992,2749,66,Cloud Computing AWS,2024-03-31,2024-10-09,31.13,88.35,8.19,Concluído
10993,2749,49,Machine Learning,2024-07-09,2024-08-20,16.91,60.27,8.1,Concluído
10994,2749,89,Design Thinking,2024-09-28,2024-10-13,16.88,87.38,8.95,Concluído
10995,2750,80,Data Analytics,2024-08-28,2024-09-13,8.39,74.98,8.32,Concluído
10996,2750,100,Liderança e Gestão de Pessoas,2023-06-28,2023-07-24,21.88,80.91,6.45,Concluído
10997,2750,3,Machine Learning,2024-05-24,2024-08-28,39.33,61.58,9.38,Concluído
10998,2750,52,Negociação,2022-06-27,,14.27,85.51,,Em Andamento
10999,2750,39,Data Analytics,2023-05-24,2024-06-09,24.04,78.59,6.13,Concluído
11000,2750,31,Product Management,2023-06-10,2024-01-04,22.83,69.29,7.72,Concluído
11001,2750,40,Vendas Consultivas,2023-01-09,,9.37,13.91,,Cancelado
11002,2751,20,Oratória,2024-03-06,2024-07-20,38.44,93.2,9.38,Concluído
11003,2751,28,Data Analytics,2024-07-01,2024-08-12,17.03,92.66,7.36,Concluído
11004,2751,87,Comunicação Eficaz,2023-07-30,2024-12-24,4.2,72.19,6.51,Concluído
11005,2753,61,Gestão de Tempo,2022-08-13,2024-05-25,30.14,63.1,8.02,Concluído
11006,2753,24,Liderança e Gestão de Pessoas,2023-07-02,2024-06-01,27.74,94.41,8.91,Concluído
11007,2753,73,Comunicação Eficaz,2024-09-12,2024-09-16,30.48,79.48,9.16,Concluído
11008,2753,48,Machine Learning,2024-11-04,2024-12-24,26.46,66.28,9.42,Concluído
11009,2753,24,Data Analytics,2023-03-01,2023-05-19,7.19,91.44,8.35,Concluído
11010,2754,81,Vendas Consultivas,2024-09-30,2024-10-19,34.67,79.25,8.0,Concluído
11011,2754,15,Comunicação Eficaz,2024-12-17,2024-12-18,36.08,89.56,9.01,Concluído
11012,2754,12,Cloud Computing AWS,2024-10-11,,3.84,5.65,,Em Andamento
11013,2754,4,Gestão de Projetos,2024-12-14,,8.96,20.84,,Cancelado
11014,2755,72,Segurança da Informação,2024-01-17,2024-11-14,10.43,67.99,6.26,Concluído
11015,2755,37,Data Analytics,2024-09-09,2024-12-25,35.57,68.77,8.74,Concluído
11016,2755,70,Oratória,2023-01-06,,13.47,63.04,,Em Andamento
11017,2755,5,Design Thinking,2024-04-17,2024-05-09,9.54,87.16,9.46,Concluído
11018,2755,65,Excel Avançado,2024-10-08,2024-12-06,16.46,90.67,8.29,Concluído
11019,2755,93,Excel Avançado,2024-04-11,2024-08-20,19.2,77.56,7.42,Concluído
11020,2756,46,Gestão de Tempo,2024-01-20,2024-11-26,14.89,84.48,7.99,Concluído
11021,2756,72,Cloud Computing AWS,2024-04-06,2024-05-14,5.92,73.62,9.63,Concluído
11022,2758,7,Data Analytics,2024-02-19,2024-07-04,7.85,79.58,6.17,Concluído
11023,2758,59,Python Avançado,2023-07-25,2024-12-15,9.35,83.57,8.66,Concluído
11024,2759,89,Data Analytics,2024-12-08,2024-12-13,16.04,79.44,9.63,Concluído
11025,2759,48,DevOps e CI/CD,2023-06-10,2024-04-01,9.4,93.62,6.11,Concluído
11026,2759,93,Negociação,2024-01-19,2024-10-03,15.74,86.37,7.2,Concluído
11027,2759,12,Customer Success,2024-04-04,2024-10-17,29.29,92.33,8.88,Concluído
11028,2759,79,JavaScript Moderno,2023-06-07,2024-01-10,19.0,69.38,8.71,Concluído
11029,2760,82,Product Management,2023-12-12,2024-08-30,38.44,87.65,9.29,Concluído
11030,2760,61,Agile/Scrum,2023-10-22,2024-06-13,25.07,62.92,8.63,Concluído
11031,2760,11,Vendas Consultivas,2024-06-15,2024-09-11,5.31,87.65,6.3,Concluído
11032,2760,4,Gestão de Tempo,2023-07-05,2023-11-25,22.14,87.73,8.21,Concluído
11033,2760,66,Comunicação Eficaz,2024-03-14,2024-12-19,20.48,73.51,9.99,Concluído
11034,2760,7,Comunicação Eficaz,2024-06-09,2024-09-13,5.93,60.56,9.21,Concluído
11035,2760,86,Liderança e Gestão de Pessoas,2023-12-26,2024-11-11,7.63,67.4,7.29,Concluído
11036,2760,47,JavaScript Moderno,2024-03-31,2024-06-28,29.79,96.75,7.34,Concluído
11037,2761,45,Design Thinking,2024-09-30,2024-12-02,17.67,68.71,9.38,Concluído
11038,2762,5,Segurança da Informação,2024-08-19,2024-08-26,19.13,92.38,9.71,Concluído
11039,2762,69,Design Thinking,2024-12-10,2024-12-30,22.8,69.09,9.78,Concluído
11040,2762,11,Vendas Consultivas,2024-08-18,2024-10-29,13.78,91.63,7.7,Concluído
11041,2762,37,Gestão de Tempo,2024-08-18,2024-11-24,21.24,78.85,6.57,Concluído
11042,2762,81,Agile/Scrum,2024-05-06,,6.38,26.21,,Em Andamento
11043,2762,16,JavaScript Moderno,2024-06-23,2024-11-15,30.46,90.06,6.28,Concluído
11044,2763,14,Gestão de Tempo,2024-11-19,2024-12-01,27.0,67.45,6.37,Concluído
11045,2765,88,Oratória,2024-08-05,2024-11-08,22.63,83.21,8.69,Concluído
11046,2765,63,Oratória,2024-06-28,2024-07-30,20.17,79.15,8.97,Concluído
11047,2765,17,Vendas Consultivas,2023-05-26,2024-05-23,6.22,65.98,6.55,Concluído
11048,2765,70,JavaScript Moderno,2023-11-25,,15.55,66.43,,Em Andamento
11049,2765,20,Python Avançado,2022-12-23,2023-05-26,38.6,79.89,6.32,Concluído
11050,2765,46,Agile/Scrum,2023-03-22,2024-07-20,8.53,69.53,6.49,Concluído
11051,2765,21,Design Thinking,2023-01-25,2024-11-23,8.0,90.6,8.41,Concluído
11052,2765,37,Customer Success,2023-07-28,,11.74,6.45,,Em Andamento
11053,2766,94,Agile/Scrum,2024-10-23,2024-11-10,13.07,90.61,8.18,Concluído
11054,2766,16,Cloud Computing AWS,2024-08-11,2024-10-02,22.2,69.02,6.2,Concluído
11055,2766,45,Cloud Computing AWS,2024-11-14,,14.91,7.99,,Em Andamento
11056,2766,23,Design Thinking,2024-12-25,2024-12-28,6.09,66.94,8.87,Concluído
11057,2767,96,Excel Avançado,2023-11-01,2024-10-02,23.92,84.96,7.76,Concluído
11058,2767,68,Design Thinking,2023-08-18,2023-09-05,7.21,93.91,8.86,Concluído
11059,2767,41,DevOps e CI/CD,2024-05-11,,5.12,16.05,,Cancelado
11060,2768,23,JavaScript Moderno,2024-11-21,,7.66,18.8,,Cancelado
11061,2768,24,Excel Avançado,2024-09-17,2024-11-05,22.83,96.77,8.56,Concluído
11062,2768,81,Product Management,2024-11-17,2024-11-28,23.91,79.29,7.45,Concluído
11063,2768,41,Design Thinking,2024-09-15,2024-12-04,13.47,89.38,9.12,Concluído
11064,2768,98,Machine Learning,2024-09-21,2024-11-21,27.95,89.76,9.28,Concluído
11065,2768,68,Segurança da Informação,2024-11-06,,10.67,64.21,,Em Andamento
11066,2768,5,Agile/Scrum,2024-11-06,,18.72,0.85,,Em Andamento
11067,2769,96,JavaScript Moderno,2024-12-23,2024-12-25,32.93,60.1,6.67,Concluído
11068,2770,32,Oratória,2023-09-26,,10.7,41.02,,Em Andamento
11069,2770,88,Data Analytics,2023-11-02,2024-09-17,9.97,80.4,7.99,Concluído
11070,2771,25,Gestão de Tempo,2022-11-10,2023-08-05,23.45,95.05,8.49,Concluído
11071,2771,52,Comunicação Eficaz,2023-08-04,2024-02-18,8.07,68.37,8.42,Concluído
11072,2771,47,Data Analytics,2023-08-23,,16.8,18.59,,Em Andamento
11073,2771,47,Vendas Consultivas,2023-03-11,2024-11-22,4.95,75.02,8.91,Concluído
11074,2771,82,Cloud Computing AWS,2023-04-06,2023-05-20,7.57,83.36,8.58,Concluído
11075,2771,24,JavaScript Moderno,2024-09-01,2024-12-09,33.16,85.31,6.56,Concluído
11076,2772,23,Customer Success,2024-08-04,2024-10-30,36.41,86.87,6.1,Concluído
11077,2772,65,Vendas Consultivas,2023-12-07,2024-07-07,24.26,66.4,9.26,Concluído
11078,2772,45,Segurança da Informação,2024-05-07,2024-09-05,17.77,79.9,7.52,Concluído
11079,2772,53,Comunicação Eficaz,2024-02-18,2024-05-09,25.56,79.2,9.39,Concluído
11080,2772,70,Negociação,2023-12-17,2023-12-28,36.0,98.56,6.66,Concluído
11081,2773,79,Machine Learning,2024-11-11,2024-11-21,12.37,82.64,9.59,Concluído
11082,2773,29,Design Thinking,2024-12-09,2024-12-17,6.34,97.57,7.66,Concluído
11083,2773,26,Power BI,2024-12-21,2024-12-27,39.5,93.09,6.77,Concluído
11084,2773,9,Comunicação Eficaz,2024-11-13,2024-11-16,39.79,81.88,6.85,Concluído
11085,2773,18,Gestão de Projetos,2024-11-18,,5.88,52.63,,Em Andamento
11086,2774,83,Python Avançado,2024-03-04,2024-11-04,23.27,82.05,9.23,Concluído
11087,2776,88,Segurança da Informação,2024-11-18,2024-12-16,18.0,90.22,6.77,Concluído
11088,2776,93,JavaScript Moderno,2023-11-15,2024-10-18,6.82,60.9,7.55,Concluído
11089,2776,3,Gestão de Projetos,2024-02-18,2024-05-16,28.3,66.33,7.8,Concluído
11090,2776,50,Product Management,2023-06-04,2024-02-21,23.67,87.07,6.7,Concluído
11091,2776,74,Gestão de Tempo,2023-12-03,,19.11,1.88,,Em Andamento
11092,2776,82,Liderança e Gestão de Pessoas,2023-03-24,2023-10-25,14.41,91.71,9.69,Concluído
11093,2777,84,Product Management,2023-08-13,2024-07-25,10.48,78.7,9.22,Concluído
11094,2777,71,Excel Avançado,2022-12-28,2023-02-12,34.84,71.58,9.35,Concluído
11095,2777,18,Data Analytics,2023-10-23,2024-02-28,27.18,66.68,7.71,Concluído
11096,2777,27,Oratória,2023-11-05,2024-04-19,7.67,70.12,7.21,Concluído
11097,2777,95,Cloud Computing AWS,2023-11-11,2023-12-17,19.07,60.83,6.65,Concluído
11098,2777,83,Power BI,2022-04-10,2024-10-08,20.64,93.12,9.75,Concluído
11099,2777,19,Customer Success,2023-05-17,2024-02-12,29.26,90.62,6.78,Concluído
11100,2778,95,Comunicação Eficaz,2024-05-08,,13.69,6.2,,Em Andamento
11101,2778,19,Cloud Computing AWS,2024-04-23,,2.28,5.68,,Em Andamento
11102,2778,93,Data Analytics,2024-04-11,2024-05-13,16.7,78.72,8.15,Concluído
11103,2778,8,Power BI,2024-03-20,2024-05-31,23.77,83.81,9.48,Concluído
11104,2778,22,Power BI,2024-05-29,2024-12-02,25.1,77.2,9.5,Concluído
11105,2778,31,DevOps e CI/CD,2024-10-11,2024-11-11,10.92,82.82,7.74,Concluído
11106,2778,95,Excel Avançado,2024-12-04,2024-12-27,22.79,81.93,6.46,Concluído
11107,2778,47,Segurança da Informação,2024-07-31,2024-09-13,35.93,70.64,6.21,Concluído
11108,2779,3,Comunicação Eficaz,2024-09-25,2024-11-28,4.76,71.71,9.56,Concluído
11109,2779,55,Oratória,2024-03-14,,4.47,30.43,,Cancelado
11110,2779,96,JavaScript Moderno,2024-02-22,2024-06-27,15.04,93.42,8.94,Concluído
11111,2779,43,Oratória,2024-11-30,2024-12-22,26.48,67.51,7.9,Concluído
11112,2779,61,Design Thinking,2024-06-29,2024-09-04,37.84,76.83,7.96,Concluído
11113,2779,93,Vendas Consultivas,2024-03-04,2024-04-27,38.92,65.84,6.29,Concluído
11114,2779,6,DevOps e CI/CD,2024-02-03,,5.65,18.09,,Cancelado
11115,2779,1,Cloud Computing AWS,2024-11-04,2024-12-11,27.33,80.34,8.9,Concluído
11116,2780,62,Data Analytics,2023-09-08,2024-06-27,20.02,62.7,6.01,Concluído
11117,2780,86,Python Avançado,2023-08-06,2023-10-02,29.93,69.92,7.29,Concluído
11118,2780,70,JavaScript Moderno,2024-02-22,2024-03-29,5.87,93.02,9.35,Concluído
11119,2781,18,Oratória,2024-11-12,,5.33,30.64,,Cancelado
11120,2781,94,Python Avançado,2024-12-23,2024-12-26,32.29,87.58,7.24,Concluído
11121,2783,11,Segurança da Informação,2023-05-28,2024-04-24,21.59,62.29,7.65,Concluído
11122,2783,65,Gestão de Projetos,2024-01-21,,18.06,32.42,,Em Andamento
11123,2783,81,Power BI,2024-10-02,2024-11-26,25.42,87.36,9.44,Concluído
11124,2783,58,Agile/Scrum,2024-07-25,2024-09-21,31.96,70.77,8.85,Concluído
11125,2783,32,Comunicação Eficaz,2024-12-13,2024-12-16,33.87,76.75,8.92,Concluído
11126,2784,19,Vendas Consultivas,2023-11-06,2024-03-06,20.35,74.33,6.97,Concluído
11127,2784,35,Gestão de Projetos,2023-07-23,2024-04-26,28.33,72.04,8.2,Concluído
11128,2784,89,DevOps e CI/CD,2024-10-02,,9.07,12.65,,Em Andamento
11129,2784,76,Comunicação Eficaz,2024-12-15,2024-12-20,26.57,82.08,9.32,Concluído
11130,2784,91,Comunicação Eficaz,2023-08-28,2023-12-21,8.79,95.69,9.85,Concluído
11131,2784,44,Oratória,2023-05-27,,6.57,26.25,,Em Andamento
11132,2784,20,Negociação,2023-04-21,2024-10-07,10.55,82.91,8.41,Concluído
11133,2784,34,Segurança da Informação,2023-07-11,2024-11-08,24.51,70.25,9.11,Concluído
11134,2785,54,Gestão de Projetos,2022-08-28,2024-01-29,15.07,83.84,8.49,Concluído
11135,2785,36,Vendas Consultivas,2023-10-28,2024-06-28,23.75,69.42,9.99,Concluído
11136,2785,55,Gestão de Tempo,2022-07-29,2022-09-03,15.8,95.33,9.15,Concluído
11137,2785,58,JavaScript Moderno,2022-10-21,,8.92,10.74,,Em Andamento
11138,2785,29,Design Thinking,2024-10-21,,16.16,62.58,,Em Andamento
11139,2785,31,Gestão de Projetos,2023-11-19,2024-02-01,35.98,91.19,6.52,Concluído
11140,2786,42,Comunicação Eficaz,2024-02-12,2024-05-23,32.39,69.64,7.72,Concluído
11141,2786,32,DevOps e CI/CD,2024-07-05,2024-09-13,28.35,68.21,8.92,Concluído
11142,2786,41,Gestão de Projetos,2023-12-25,2024-09-12,25.26,87.42,7.58,Concluído
11143,2786,11,Gestão de Tempo,2024-11-02,2024-12-09,25.76,97.97,7.67,Concluído
11144,2786,55,Agile/Scrum,2024-07-15,2024-10-06,28.58,72.72,9.34,Concluído
11145,2786,4,Vendas Consultivas,2024-03-31,2024-11-16,14.37,89.19,7.57,Concluído
11146,2787,48,Agile/Scrum,2024-05-13,2024-06-22,5.66,67.91,9.94,Concluído
11147,2788,1,Power BI,2023-08-30,,4.06,89.61,,Em Andamento
11148,2790,80,Negociação,2023-08-08,2024-09-10,4.33,93.97,8.62,Concluído
11149,2791,100,Liderança e Gestão de Pessoas,2024-10-20,2024-11-21,4.17,81.12,9.46,Concluído
11150,2792,86,Vendas Consultivas,2024-07-08,2024-08-19,27.42,64.37,7.7,Concluído
11151,2792,20,Excel Avançado,2024-05-10,2024-09-22,36.12,61.94,8.42,Concluído
11152,2792,73,Python Avançado,2024-12-05,,5.41,31.19,,Cancelado
11153,2792,15,Negociação,2024-07-05,2024-07-18,12.93,61.59,7.0,Concluído
11154,2793,65,JavaScript Moderno,2024-01-08,2024-05-20,26.19,70.64,7.15,Concluído
11155,2793,24,Design Thinking,2024-04-26,,19.24,20.1,,Em Andamento
11156,2793,63,Gestão de Projetos,2023-11-19,2024-01-20,25.55,70.03,9.32,Concluído
11157,2793,48,Liderança e Gestão de Pessoas,2023-11-29,2024-08-29,16.23,62.76,9.54,Concluído
11158,2793,17,Liderança e Gestão de Pessoas,2023-07-12,2023-10-25,27.46,76.6,8.83,Concluído
11159,2793,43,Gestão de Projetos,2024-12-11,2024-12-30,36.04,86.02,7.54,Concluído
11160,2793,91,Power BI,2023-10-17,2024-05-12,19.87,73.26,6.43,Concluído
11161,2793,36,Agile/Scrum,2024-06-14,2024-12-14,17.77,88.93,9.17,Concluído
11162,2794,78,Customer Success,2024-06-10,2024-12-01,24.66,99.1,6.06,Concluído
11163,2794,36,Cloud Computing AWS,2024-01-04,2024-09-29,18.37,70.73,9.7,Concluído
11164,2794,5,Negociação,2022-09-02,2024-12-19,35.32,69.33,8.05,Concluído
11165,2794,48,Data Analytics,2024-09-28,,18.16,58.95,,Em Andamento
11166,2794,72,Excel Avançado,2023-11-04,2024-02-26,19.91,89.88,9.96,Concluído
11167,2794,63,DevOps e CI/CD,2023-09-24,2024-01-17,31.41,79.11,9.9,Concluído
11168,2795,86,Vendas Consultivas,2023-04-12,2024-08-29,30.07,99.47,6.42,Concluído
11169,2795,39,Data Analytics,2022-06-11,2022-09-12,21.45,92.32,8.54,Concluído
11170,2795,38,Power BI,2024-02-11,2024-11-29,15.96,81.9,9.02,Concluído
11171,2795,85,Python Avançado,2022-08-09,2024-06-26,39.74,74.34,6.79,Concluído
11172,2797,13,Agile/Scrum,2024-09-12,2024-11-03,12.14,98.47,6.02,Concluído
11173,2797,26,Cloud Computing AWS,2023-09-04,2024-07-30,17.89,71.83,7.73,Concluído
11174,2797,69,Data Analytics,2023-07-11,2024-07-23,39.14,68.08,8.65,Concluído
11175,2798,81,Agile/Scrum,2024-06-30,2024-07-17,27.4,89.69,9.22,Concluído
11176,2798,28,Design Thinking,2024-07-19,2024-10-28,17.87,91.69,9.96,Concluído
11177,2798,38,Design Thinking,2024-12-22,,3.02,69.5,,Em Andamento
11178,2799,48,JavaScript Moderno,2023-04-23,2023-10-09,19.48,79.85,6.57,Concluído
11179,2799,68,Vendas Consultivas,2024-11-24,2024-12-23,20.91,87.41,8.49,Concluído
11180,2799,90,Negociação,2024-06-17,2024-09-10,11.78,74.52,9.07,Concluído
11181,2799,55,Segurança da Informação,2024-02-18,2024-11-15,14.91,84.24,7.9,Concluído
11182,2799,37,Python Avançado,2023-02-21,2023-03-20,29.49,87.92,7.75,Concluído
11183,2799,2,Negociação,2022-02-05,2023-05-04,8.24,73.94,9.19,Concluído
11184,2800,21,Data Analytics,2022-08-13,2024-12-01,38.25,66.93,9.49,Concluído
11185,2800,36,Vendas Consultivas,2022-04-24,2023-01-23,39.86,93.62,7.68,Concluído
11186,2800,85,Machine Learning,2023-02-07,2023-09-22,34.04,79.91,9.76,Concluído
11187,2800,60,Agile/Scrum,2022-07-01,2023-01-07,19.73,90.27,6.42,Concluído
11188,2800,66,Liderança e Gestão de Pessoas,2023-05-06,2023-05-20,36.43,84.74,8.1,Concluído
11189,2800,46,Machine Learning,2023-01-09,2024-07-10,16.17,96.74,7.2,Concluído
11190,2800,11,Comunicação Eficaz,2023-10-07,,9.87,18.95,,Cancelado
11191,2800,37,Product Management,2023-02-02,2024-03-03,36.05,74.34,6.41,Concluído
11192,2801,10,Segurança da Informação,2023-11-01,2024-02-29,5.81,89.9,8.42,Concluído
11193,2802,18,Cloud Computing AWS,2024-12-06,2024-12-20,34.33,86.4,7.89,Concluído
11194,2802,44,Comunicação Eficaz,2023-03-05,,7.31,47.79,,Em Andamento
11195,2802,85,Gestão de Projetos,2024-01-08,2024-02-19,17.81,93.66,7.69,Concluído
11196,2802,51,Gestão de Projetos,2023-11-21,2024-02-14,20.44,70.65,8.01,Concluído
11197,2803,77,Gestão de Projetos,2023-11-27,2024-02-01,8.92,96.23,9.63,Concluído
11198,2804,56,Design Thinking,2023-01-11,,9.69,34.12,,Cancelado
11199,2804,81,Oratória,2023-07-12,2024-10-18,38.44,86.73,9.29,Concluído
11200,2804,87,Oratória,2023-01-04,2023-07-01,7.92,94.05,6.98,Concluído
11201,2804,10,Gestão de Projetos,2024-10-26,2024-11-10,7.38,61.23,9.25,Concluído
11202,2804,50,JavaScript Moderno,2024-12-19,2024-12-21,21.91,80.85,7.6,Concluído
11203,2804,66,Data Analytics,2024-09-23,,2.04,2.53,,Cancelado
11204,2804,82,JavaScript Moderno,2022-11-03,2023-07-07,18.74,82.82,9.13,Concluído
11205,2804,97,DevOps e CI/CD,2023-12-23,2024-04-14,9.85,92.52,7.34,Concluído
11206,2805,76,Power BI,2024-05-16,2024-11-16,21.35,74.13,9.94,Concluído
11207,2805,74,Product Management,2023-12-23,2024-09-04,32.53,77.89,6.18,Concluído
11208,2805,93,Data Analytics,2022-09-30,2023-06-14,30.86,77.49,9.91,Concluído
11209,2805,57,JavaScript Moderno,2022-07-29,2024-08-30,21.27,69.73,7.29,Concluído
11210,2805,36,Negociação,2024-05-28,,5.43,89.27,,Em Andamento
11211,2805,87,Product Management,2023-01-25,2023-11-22,37.13,89.29,9.94,Concluído
11212,2806,28,Gestão de Tempo,2024-12-12,,6.48,9.09,,Cancelado
11213,2806,43,Agile/Scrum,2024-12-14,2024-12-22,5.22,90.95,7.71,Concluído
11214,2806,100,Customer Success,2024-11-16,2024-12-14,26.64,60.98,7.87,Concluído
11215,2806,46,Excel Avançado,2024-11-25,2024-12-13,17.63,73.8,8.22,Concluído
11216,2806,54,DevOps e CI/CD,2024-11-30,2024-12-04,26.44,99.74,8.42,Concluído
11217,2806,61,Excel Avançado,2024-12-06,2024-12-28,29.03,83.1,8.28,Concluído
11218,2806,12,Product Management,2024-11-10,2024-11-19,33.39,61.61,8.37,Concluído
11219,2807,64,Power BI,2024-12-22,2024-12-25,21.16,67.42,6.03,Concluído
11220,2807,82,Excel Avançado,2024-12-29,2024-12-31,20.31,73.44,6.6,Concluído
11221,2807,28,Gestão de Projetos,2024-12-13,2024-12-14,22.95,95.44,6.69,Concluído
11222,2807,88,Customer Success,2024-12-16,2024-12-31,23.02,91.56,6.55,Concluído
11223,2807,37,Customer Success,2024-12-29,2024-12-30,32.93,89.78,7.12,Concluído
11224,2807,35,Customer Success,2024-12-20,,2.66,18.57,,Cancelado
11225,2807,85,Negociação,2024-12-29,2024-12-30,30.55,98.88,7.71,Concluído
11226,2807,85,Agile/Scrum,2024-12-16,2024-12-21,19.54,68.45,6.32,Concluído
11227,2810,72,Python Avançado,2024-06-16,2024-08-31,30.4,72.68,6.47,Concluído
11228,2810,45,Agile/Scrum,2024-09-14,2024-10-23,29.12,93.82,9.01,Concluído
11229,2810,64,Python Avançado,2024-07-26,2024-12-12,31.4,80.04,9.43,Concluído
11230,2812,8,Machine Learning,2022-09-29,2024-06-01,21.36,65.7,9.7,Concluído
11231,2812,49,Data Analytics,2022-09-03,2022-09-20,14.72,97.37,9.86,Concluído
11232,2812,50,Gestão de Projetos,2024-03-07,2024-12-24,38.23,87.73,6.72,Concluído
11233,2812,96,Power BI,2024-09-21,2024-12-19,35.33,96.14,6.85,Concluído
11234,2812,48,Data Analytics,2023-06-23,2024-01-25,22.07,68.88,8.88,Concluído
11235,2812,99,Vendas Consultivas,2024-09-26,2024-11-16,11.02,79.97,7.27,Concluído
11236,2812,68,Excel Avançado,2024-09-02,,19.94,40.95,,Em Andamento
11237,2812,78,Comunicação Eficaz,2024-02-20,,7.09,59.51,,Em Andamento
11238,2813,50,Data Analytics,2024-12-31,2025-01-01,9.24,79.81,9.83,Concluído
11239,2813,59,Oratória,2024-12-26,2024-12-31,13.56,78.42,6.51,Concluído
11240,2813,39,Power BI,2024-12-21,2024-12-28,25.53,95.06,7.48,Concluído
11241,2813,61,Segurança da Informação,2024-12-20,2024-12-31,14.86,71.11,9.64,Concluído
11242,2813,70,Machine Learning,2024-12-31,2025-01-01,16.42,63.66,9.87,Concluído
11243,2813,48,Gestão de Projetos,2024-12-20,2024-12-30,25.69,79.28,7.96,Concluído
11244,2813,1,Customer Success,2024-12-23,,14.95,50.11,,Em Andamento
11245,2814,98,Python Avançado,2024-04-11,2024-06-04,6.4,81.39,8.57,Concluído
11246,2814,88,Vendas Consultivas,2024-01-29,2024-06-03,24.43,83.23,6.43,Concluído
11247,2814,90,DevOps e CI/CD,2024-12-12,2024-12-17,6.13,96.84,6.39,Concluído
11248,2814,40,Comunicação Eficaz,2024-04-22,2024-11-01,19.15,88.04,9.21,Concluído
11249,2815,6,Python Avançado,2024-12-02,2024-12-04,18.54,73.69,7.83,Concluído
11250,2815,54,Agile/Scrum,2024-08-24,2024-09-27,9.43,77.89,7.35,Concluído
11251,2815,16,DevOps e CI/CD,2024-08-06,2024-11-02,32.38,75.38,8.97,Concluído
11252,2815,34,Liderança e Gestão de Pessoas,2024-11-23,2024-12-22,37.72,65.62,6.9,Concluído
11253,2815,93,Negociação,2024-09-29,,19.07,15.19,,Em Andamento
11254,2815,84,Comunicação Eficaz,2024-01-11,,5.48,58.48,,Em Andamento
11255,2815,36,Vendas Consultivas,2024-10-03,2024-12-28,17.27,77.6,9.0,Concluído
11256,2816,83,Power BI,2023-10-31,2024-08-09,35.67,64.22,8.58,Concluído
11257,2816,49,Gestão de Projetos,2022-11-03,2023-07-21,31.31,70.63,9.72,Concluído
11258,2816,15,Customer Success,2022-07-11,2022-12-21,38.22,98.95,8.64,Concluído
11259,2816,73,Oratória,2024-11-23,,2.35,79.93,,Em Andamento
11260,2816,89,Segurança da Informação,2023-02-12,,17.56,1.78,,Em Andamento
11261,2816,63,Customer Success,2023-02-19,,8.3,77.32,,Em Andamento
11262,2817,46,Gestão de Tempo,2024-12-13,2024-12-22,12.24,99.9,7.14,Concluído
11263,2817,70,Python Avançado,2024-12-17,2024-12-29,4.73,90.71,9.91,Concluído
11264,2818,18,Oratória,2024-09-05,2024-09-23,11.09,84.34,6.76,Concluído
11265,2818,73,JavaScript Moderno,2023-08-25,2023-09-11,22.31,65.77,9.0,Concluído
11266,2818,20,Power BI,2024-10-29,2024-11-17,6.12,82.65,6.39,Concluído
11267,2819,28,Data Analytics,2024-07-15,,8.54,15.31,,Cancelado
11268,2820,5,Vendas Consultivas,2023-12-08,,8.55,25.88,,Em Andamento
11269,2821,53,Gestão de Tempo,2024-05-20,2024-09-14,23.16,94.99,8.46,Concluído
11270,2821,49,Oratória,2024-05-21,,13.24,5.36,,Em Andamento
11271,2821,55,Gestão de Tempo,2024-12-26,,5.61,50.92,,Em Andamento
11272,2821,86,Gestão de Tempo,2024-12-10,2024-12-27,25.99,70.4,9.01,Concluído
11273,2821,54,Design Thinking,2024-09-26,2024-10-07,6.52,72.31,9.17,Concluído
11274,2822,95,Cloud Computing AWS,2024-12-24,2024-12-26,16.99,84.86,6.06,Concluído
11275,2823,49,Vendas Consultivas,2023-09-16,2023-10-25,31.5,63.95,6.79,Concluído
11276,2823,68,Liderança e Gestão de Pessoas,2022-08-08,,14.23,70.18,,Em Andamento
11277,2823,79,Cloud Computing AWS,2023-10-22,2023-12-04,15.86,67.68,9.46,Concluído
11278,2823,13,Gestão de Tempo,2024-11-22,,16.53,10.48,,Em Andamento
11279,2824,75,Agile/Scrum,2024-10-20,2024-12-08,6.43,79.56,6.06,Concluído
11280,2824,100,Excel Avançado,2024-11-10,,7.36,38.0,,Cancelado
11281,2825,50,Gestão de Projetos,2024-05-24,,4.88,31.57,,Em Andamento
11282,2825,47,Gestão de Tempo,2024-10-25,2024-11-03,9.28,96.93,9.26,Concluído
11283,2825,56,Gestão de Tempo,2024-07-02,2024-10-29,12.4,94.13,6.81,Concluído
11284,2825,7,Comunicação Eficaz,2024-03-18,,8.54,33.65,,Em Andamento
11285,2825,47,Comunicação Eficaz,2024-05-22,2024-11-28,31.07,69.03,6.55,Concluído
11286,2825,74,Oratória,2024-11-08,2024-12-23,38.08,85.72,8.54,Concluído
11287,2825,62,Liderança e Gestão de Pessoas,2024-06-25,2024-10-07,12.77,74.78,9.78,Concluído
11288,2825,25,Segurança da Informação,2024-10-22,2024-12-23,34.13,70.93,9.79,Concluído
11289,2826,39,DevOps e CI/CD,2024-02-25,2024-04-30,26.54,86.09,6.04,Concluído
11290,2826,87,Comunicação Eficaz,2024-09-08,2024-11-30,4.15,85.69,7.13,Concluído
11291,2826,12,JavaScript Moderno,2024-02-22,2024-09-11,6.84,91.48,8.61,Concluído
11292,2827,25,Power BI,2023-08-24,2023-12-29,30.14,93.01,8.38,Concluído
11293,2828,24,Excel Avançado,2024-12-26,2024-12-27,15.63,86.28,6.09,Concluído
11294,2828,70,Negociação,2024-10-24,,9.0,88.58,,Em Andamento
11295,2828,45,Gestão de Projetos,2024-12-05,,11.71,87.03,,Em Andamento
11296,2828,25,Python Avançado,2024-12-16,2024-12-30,7.52,97.7,7.91,Concluído
11297,2829,96,Customer Success,2024-12-30,2024-12-31,17.66,88.04,8.32,Concluído
11298,2829,48,Machine Learning,2024-12-30,2024-12-31,15.91,72.0,6.61,Concluído
11299,2829,49,Machine Learning,2024-12-30,,6.4,32.04,,Cancelado
11300,2829,80,Oratória,2024-12-30,2024-12-31,17.16,75.57,9.72,Concluído
11301,2829,55,Gestão de Tempo,2024-12-30,,19.64,17.16,,Em Andamento
11302,2830,42,Customer Success,2023-06-25,2023-10-13,38.64,66.78,7.16,Concluído
11303,2830,32,Power BI,2023-04-01,2024-05-12,23.91,68.72,9.41,Concluído
11304,2830,2,Oratória,2023-03-06,2024-09-29,25.41,68.25,8.83,Concluído
11305,2830,81,Design Thinking,2024-06-15,,16.49,32.19,,Em Andamento
11306,2830,19,Gestão de Projetos,2023-02-27,,5.46,2.76,,Em Andamento
11307,2830,42,Machine Learning,2023-03-12,2023-12-07,38.08,81.77,8.36,Concluído
11308,2830,92,Segurança da Informação,2022-10-15,2024-11-18,39.58,61.7,7.04,Concluído
11309,2830,87,Python Avançado,2024-07-16,,2.48,57.71,,Em Andamento
11310,2831,78,Comunicação Eficaz,2024-08-11,2024-11-11,11.8,84.61,7.73,Concluído
11311,2831,82,Negociação,2024-12-29,2024-12-30,13.34,65.69,9.84,Concluído
11312,2831,48,Python Avançado,2024-05-10,2024-09-11,11.23,71.08,9.4,Concluído
11313,2832,99,Negociação,2024-07-01,2024-09-08,9.37,90.45,8.53,Concluído
11314,2832,100,Segurança da Informação,2024-12-26,,16.43,61.32,,Em Andamento
11315,2832,53,Vendas Consultivas,2024-06-13,,8.86,12.47,,Em Andamento
11316,2832,86,Excel Avançado,2024-06-08,2024-06-24,25.12,68.36,9.29,Concluído
11317,2833,26,Comunicação Eficaz,2024-03-04,2024-10-31,20.17,72.35,8.22,Concluído
11318,2833,59,Oratória,2024-06-14,2024-11-07,6.51,98.27,8.52,Concluído
11319,2833,11,Oratória,2023-04-17,2024-05-30,19.4,83.69,9.5,Concluído
11320,2833,15,Power BI,2023-10-25,2024-05-15,17.29,89.6,7.22,Concluído
11321,2833,96,Vendas Consultivas,2024-05-10,2024-08-20,13.93,60.42,8.55,Concluído
11322,2833,78,Vendas Consultivas,2023-07-14,2024-12-13,13.49,74.58,6.47,Concluído
11323,2833,57,DevOps e CI/CD,2022-12-02,2024-11-01,30.56,96.36,9.37,Concluído
11324,2834,92,Product Management,2024-06-17,2024-12-20,23.36,86.01,8.81,Concluído
11325,2834,11,Design Thinking,2024-07-17,2024-12-21,30.95,81.11,9.51,Concluído
11326,2834,100,Power BI,2024-12-19,,6.35,26.96,,Em Andamento
11327,2834,35,DevOps e CI/CD,2024-07-20,,8.22,73.23,,Em Andamento
11328,2834,50,Gestão de Tempo,2024-07-17,,15.73,65.98,,Em Andamento
11329,2834,26,Data Analytics,2024-12-19,2024-12-24,21.34,93.51,8.4,Concluído
11330,2834,73,Customer Success,2024-05-26,2024-08-11,16.55,90.72,6.13,Concluído
11331,2835,4,Agile/Scrum,2024-08-13,2024-11-03,27.28,91.25,9.16,Concluído
11332,2835,57,Customer Success,2024-09-13,2024-11-17,22.75,92.89,8.6,Concluído
11333,2835,8,Comunicação Eficaz,2024-10-07,2024-11-02,6.54,61.88,9.51,Concluído
11334,2836,33,Python Avançado,2024-07-03,2024-08-28,34.87,65.62,8.12,Concluído
11335,2836,60,Machine Learning,2024-12-12,2024-12-27,9.39,63.43,6.06,Concluído
11336,2836,95,Agile/Scrum,2024-06-29,2024-11-15,25.38,97.17,8.65,Concluído
11337,2836,81,Negociação,2024-08-25,2024-12-02,4.14,84.82,7.21,Concluído
11338,2836,8,Liderança e Gestão de Pessoas,2024-08-09,2024-10-20,11.29,91.18,8.4,Concluído
11339,2837,48,Customer Success,2024-08-27,2024-10-21,34.43,99.6,6.51,Concluído
11340,2837,80,Cloud Computing AWS,2024-10-23,2024-11-03,10.7,90.17,9.01,Concluído
11341,2837,49,Machine Learning,2024-10-04,2024-12-26,26.09,82.53,6.81,Concluído
11342,2838,49,DevOps e CI/CD,2024-07-02,2024-08-16,5.28,87.91,7.59,Concluído
11343,2838,10,Machine Learning,2024-02-14,,9.96,8.7,,Cancelado
11344,2838,31,Customer Success,2024-05-15,,16.3,80.29,,Em Andamento
11345,2838,32,Vendas Consultivas,2024-04-15,,2.18,32.51,,Cancelado
11346,2838,13,Liderança e Gestão de Pessoas,2023-12-14,2024-03-10,22.49,73.26,8.4,Concluído
11347,2838,26,Data Analytics,2023-12-02,2024-10-23,15.44,87.78,7.18,Concluído
11348,2838,16,Agile/Scrum,2024-01-16,,11.6,34.8,,Em Andamento
11349,2839,56,Segurança da Informação,2023-12-11,2024-10-22,35.17,91.39,6.54,Concluído
11350,2839,26,Liderança e Gestão de Pessoas,2024-10-01,2024-10-09,38.46,69.45,6.12,Concluído
11351,2839,100,Oratória,2024-04-10,2024-07-07,27.95,95.12,8.74,Concluído
11352,2839,91,Agile/Scrum,2024-01-17,,11.85,71.4,,Em Andamento
11353,2840,42,Cloud Computing AWS,2024-07-22,2024-12-09,12.08,80.42,9.48,Concluído
11354,2841,67,Machine Learning,2023-09-24,2023-12-15,22.79,96.86,6.92,Concluído
11355,2841,98,Liderança e Gestão de Pessoas,2023-06-28,2023-11-03,7.95,85.24,7.64,Concluído
11356,2841,6,Agile/Scrum,2023-05-27,2024-10-05,26.69,89.97,9.01,Concluído
11357,2841,36,Customer Success,2024-01-26,2024-02-29,31.29,96.35,9.51,Concluído
11358,2841,51,DevOps e CI/CD,2023-10-04,2023-11-15,7.98,62.73,9.57,Concluído
11359,2841,8,Product Management,2024-06-18,2024-06-19,37.84,77.12,7.0,Concluído
11360,2841,92,Product Management,2023-08-20,2023-08-27,36.28,91.44,6.68,Concluído
11361,2841,95,DevOps e CI/CD,2024-08-04,2024-10-10,11.36,70.15,9.71,Concluído
11362,2842,17,Negociação,2024-07-26,2024-08-11,18.81,94.64,6.18,Concluído
11363,2842,99,Cloud Computing AWS,2024-06-25,2024-12-08,11.5,95.14,9.24,Concluído
11364,2842,2,Python Avançado,2024-05-13,2024-09-16,9.7,67.94,8.85,Concluído
11365,2842,67,Customer Success,2024-06-16,2024-11-07,38.6,69.69,6.53,Concluído
11366,2842,63,Data Analytics,2024-03-01,2024-10-03,7.89,98.0,7.32,Concluído
11367,2842,33,Data Analytics,2024-03-25,2024-05-27,17.23,67.88,7.42,Concluído
11368,2843,5,Comunicação Eficaz,2024-12-10,2024-12-30,22.87,85.77,7.54,Concluído
11369,2843,66,JavaScript Moderno,2023-06-21,2024-12-10,15.56,66.06,9.9,Concluído
11370,2843,11,Power BI,2024-03-13,2024-07-19,23.03,73.96,7.94,Concluído
11371,2843,15,Oratória,2024-04-04,2024-11-23,19.23,70.71,8.52,Concluído
11372,2843,85,Machine Learning,2023-10-19,2024-04-09,26.44,91.72,8.19,Concluído
11373,2843,25,Liderança e Gestão de Pessoas,2024-02-08,2024-04-15,20.44,81.8,7.24,Concluído
11374,2843,45,Comunicação Eficaz,2024-03-05,,4.91,8.35,,Em Andamento
11375,2844,19,Customer Success,2024-09-30,2024-10-10,4.14,76.4,8.49,Concluído
11376,2844,17,Cloud Computing AWS,2024-06-02,2024-10-11,38.08,90.37,7.19,Concluído
11377,2844,43,Agile/Scrum,2024-09-01,2024-09-27,34.78,92.78,8.65,Concluído
11378,2845,74,Comunicação Eficaz,2024-02-13,,2.42,35.13,,Cancelado
11379,2845,4,Gestão de Tempo,2024-06-02,2024-08-25,39.59,63.09,7.54,Concluído
11380,2845,81,Data Analytics,2024-10-27,2024-12-03,18.78,97.65,7.65,Concluído
11381,2846,19,Excel Avançado,2023-10-23,2024-03-03,9.51,77.45,7.18,Concluído
11382,2846,13,Negociação,2024-01-23,2024-08-05,22.76,83.06,9.92,Concluído
11383,2846,88,JavaScript Moderno,2023-12-15,2024-12-09,15.18,79.23,7.07,Concluído
11384,2846,78,Liderança e Gestão de Pessoas,2024-04-16,2024-11-09,38.08,89.91,9.87,Concluído
11385,2846,78,Excel Avançado,2024-06-21,2024-07-24,8.06,86.81,9.13,Concluído
11386,2849,99,Negociação,2023-04-19,2023-11-21,39.37,94.85,6.29,Concluído
11387,2849,90,Data Analytics,2023-12-05,2024-04-04,37.74,94.1,7.45,Concluído
11388,2849,73,Excel Avançado,2024-10-31,,8.9,54.38,,Em Andamento
11389,2849,4,Design Thinking,2023-02-26,2024-04-27,37.76,80.79,7.37,Concluído
11390,2849,87,Segurança da Informação,2023-05-28,2024-08-05,13.22,90.95,9.22,Concluído
11391,2850,94,Oratória,2024-11-18,,2.56,30.23,,Em Andamento
11392,2850,76,DevOps e CI/CD,2024-12-14,2024-12-17,12.86,63.21,8.87,Concluído
11393,2850,12,Cloud Computing AWS,2024-12-08,2024-12-13,12.28,64.1,6.17,Concluído
11394,2851,71,Agile/Scrum,2023-12-21,,12.91,29.43,,Em Andamento
11395,2851,2,Oratória,2024-08-18,2024-10-29,24.55,65.49,7.48,Concluído
11396,2851,41,Python Avançado,2024-12-08,2024-12-28,19.44,88.07,6.11,Concluído
11397,2852,28,Design Thinking,2023-03-13,2023-04-09,25.95,84.16,9.09,Concluído
11398,2852,82,Machine Learning,2024-11-27,,4.83,6.85,,Em Andamento
11399,2852,53,Gestão de Projetos,2023-10-21,2024-10-01,38.42,69.82,9.02,Concluído
11400,2852,56,Python Avançado,2023-03-30,2024-01-11,26.97,98.47,6.3,Concluído
11401,2852,96,Machine Learning,2024-02-01,2024-09-07,33.61,99.65,6.91,Concluído
11402,2853,55,Power BI,2024-10-03,2024-10-16,21.69,72.7,9.76,Concluído
11403,2853,36,Cloud Computing AWS,2024-03-22,2024-09-24,21.73,65.49,6.27,Concluído
11404,2854,88,Product Management,2024-11-17,2024-12-10,11.52,93.56,6.08,Concluído
11405,2854,26,Gestão de Tempo,2024-11-03,2024-12-07,14.22,86.11,6.06,Concluído
11406,2854,76,Python Avançado,2024-09-10,2024-11-06,37.52,72.59,9.79,Concluído
11407,2854,51,Power BI,2024-08-05,,6.01,39.16,,Cancelado
11408,2854,77,Negociação,2024-06-16,2024-09-05,12.51,79.27,8.85,Concluído
11409,2854,2,Liderança e Gestão de Pessoas,2024-07-28,2024-12-19,21.18,74.09,9.63,Concluído
11410,2854,72,Data Analytics,2024-10-10,2024-11-06,7.41,95.86,9.98,Concluído
11411,2855,86,Gestão de Projetos,2024-04-27,2024-10-05,30.53,93.99,8.25,Concluído
11412,2855,60,Power BI,2024-06-05,2024-12-08,31.49,74.74,8.0,Concluído
11413,2856,50,JavaScript Moderno,2023-05-17,,1.93,25.77,,Cancelado
11414,2856,68,Segurança da Informação,2024-11-25,,7.23,39.02,,Em Andamento
11415,2856,3,Gestão de Tempo,2023-11-10,2024-07-12,33.82,89.74,9.49,Concluído
11416,2856,4,Product Management,2023-04-08,,7.65,9.52,,Cancelado
11417,2856,12,Vendas Consultivas,2024-12-18,2024-12-20,7.16,87.38,9.49,Concluído
11418,2856,77,Segurança da Informação,2024-10-01,2024-12-23,14.51,92.8,9.61,Concluído
11419,2856,24,Design Thinking,2024-06-06,2024-12-14,31.46,72.73,8.66,Concluído
11420,2857,99,Gestão de Projetos,2022-12-13,2023-10-31,30.49,91.05,6.26,Concluído
11421,2857,65,Vendas Consultivas,2024-09-06,2024-10-18,32.17,67.85,6.03,Concluído
11422,2857,2,Design Thinking,2024-02-29,2024-11-23,14.79,72.14,7.34,Concluído
11423,2858,41,Vendas Consultivas,2022-11-18,2023-10-21,30.62,79.7,8.92,Concluído
11424,2859,16,Gestão de Projetos,2024-12-16,2024-12-29,25.2,97.03,9.6,Concluído
11425,2859,17,Data Analytics,2024-10-11,2024-10-18,22.96,99.25,8.15,Concluído
11426,2859,16,Segurança da Informação,2024-12-31,2025-01-01,8.74,69.67,8.92,Concluído
11427,2859,54,Power BI,2024-12-26,2024-12-28,11.05,71.32,9.87,Concluído
11428,2859,4,Excel Avançado,2024-12-27,2024-12-31,25.98,90.99,7.44,Concluído
11429,2859,37,Vendas Consultivas,2024-11-29,2024-12-17,27.89,98.38,6.49,Concluído
11430,2859,1,Product Management,2024-12-23,,10.66,5.55,,Em Andamento
11431,2861,63,Product Management,2024-11-15,2024-12-08,25.58,73.51,6.42,Concluído
11432,2862,40,Machine Learning,2024-08-01,,7.02,53.92,,Em Andamento
11433,2862,8,Oratória,2024-10-18,2024-11-08,19.41,85.37,7.96,Concluído
11434,2862,74,Liderança e Gestão de Pessoas,2024-04-25,2024-08-03,26.37,82.75,7.4,Concluído
11435,2862,68,Segurança da Informação,2024-04-27,2024-11-14,17.01,76.58,8.6,Concluído
11436,2862,45,Vendas Consultivas,2024-04-18,2024-09-24,20.49,77.94,8.91,Concluído
11437,2862,11,Design Thinking,2024-08-14,2024-09-10,39.58,99.87,7.2,Concluído
11438,2862,86,Segurança da Informação,2024-02-01,2024-07-04,32.95,99.56,6.86,Concluído
11439,2862,96,Design Thinking,2024-03-18,2024-09-20,34.12,84.1,8.1,Concluído
11440,2863,88,JavaScript Moderno,2024-10-02,2024-12-24,9.74,66.3,6.02,Concluído
11441,2863,62,Design Thinking,2024-11-04,2024-11-11,17.11,71.87,9.79,Concluído
11442,2863,52,Product Management,2024-10-09,2024-12-02,36.24,66.03,6.81,Concluído
11443,2863,11,Agile/Scrum,2024-12-14,2024-12-22,4.38,70.75,7.3,Concluído
11444,2863,3,DevOps e CI/CD,2024-04-10,2024-06-03,10.76,82.11,7.05,Concluído
11445,2863,48,Power BI,2024-06-11,,3.21,30.28,,Em Andamento
11446,2864,81,Excel Avançado,2024-06-03,2024-09-06,14.84,62.06,8.69,Concluído
11447,2864,28,Segurança da Informação,2024-09-20,2024-10-22,37.13,91.67,9.45,Concluído
11448,2866,61,Customer Success,2024-10-23,,3.72,89.86,,Em Andamento
11449,2866,39,Gestão de Tempo,2024-06-16,2024-08-04,13.15,73.48,6.49,Concluído
11450,2866,19,Excel Avançado,2023-11-12,2024-05-22,35.47,78.46,6.15,Concluído
11451,2866,78,Design Thinking,2024-04-21,2024-09-05,26.04,85.26,9.17,Concluído
11452,2866,87,Segurança da Informação,2023-04-20,2024-07-25,5.59,76.08,7.7,Concluído
11453,2866,63,Liderança e Gestão de Pessoas,2023-09-12,2024-04-17,25.85,77.54,6.83,Concluído
11454,2866,87,Segurança da Informação,2023-10-18,2024-05-17,16.74,93.68,7.75,Concluído
11455,2866,14,Gestão de Projetos,2024-03-15,,4.39,20.8,,Cancelado
11456,2867,2,Gestão de Projetos,2023-10-10,2024-01-28,16.93,87.44,7.78,Concluído
11457,2867,27,Liderança e Gestão de Pessoas,2024-07-21,2024-12-12,27.22,71.4,9.38,Concluído
11458,2867,94,DevOps e CI/CD,2023-04-08,,14.08,52.32,,Em Andamento
11459,2867,11,Python Avançado,2022-11-13,2024-03-11,24.01,86.63,7.65,Concluído
11460,2867,67,Negociação,2023-01-16,2024-01-07,14.39,96.88,6.36,Concluído
11461,2867,37,Agile/Scrum,2022-08-27,2023-04-18,34.1,91.07,9.74,Concluído
11462,2867,8,Vendas Consultivas,2024-12-15,2024-12-29,31.21,68.13,8.2,Concluído
11463,2867,23,Power BI,2024-07-31,2024-12-16,9.7,69.78,6.5,Concluído
11464,2868,57,Machine Learning,2024-01-13,,3.72,34.02,,Cancelado
11465,2868,75,Segurança da Informação,2024-05-06,2024-12-08,34.08,68.38,6.28,Concluído
11466,2868,96,Gestão de Projetos,2024-02-22,2024-12-12,27.96,73.37,8.31,Concluído
11467,2869,13,Design Thinking,2024-05-09,,4.4,6.49,,Em Andamento
11468,2869,33,DevOps e CI/CD,2024-11-24,2024-12-26,39.35,94.01,8.92,Concluído
11469,2869,37,Power BI,2024-08-22,,12.16,46.15,,Em Andamento
11470,2869,89,Gestão de Tempo,2024-05-18,,9.84,51.62,,Em Andamento
11471,2869,79,Excel Avançado,2024-09-19,2024-11-28,32.95,78.07,9.71,Concluído
11472,2869,83,Gestão de Tempo,2024-06-11,2024-08-14,38.33,64.93,8.4,Concluído
11473,2869,85,DevOps e CI/CD,2024-01-05,2024-04-14,32.14,87.8,6.61,Concluído
11474,2869,68,Oratória,2024-03-19,,9.12,23.14,,Em Andamento
11475,2871,95,Comunicação Eficaz,2024-11-03,2024-11-09,30.28,97.75,7.32,Concluído
11476,2871,24,Python Avançado,2024-11-26,2024-12-27,36.09,65.93,8.53,Concluído
11477,2871,31,Design Thinking,2024-01-11,2024-04-10,7.1,99.98,8.12,Concluído
11478,2871,60,Design Thinking,2024-08-11,2024-09-27,31.7,71.81,9.69,Concluído
11479,2871,93,Python Avançado,2024-05-28,,3.79,87.63,,Em Andamento
11480,2872,28,Machine Learning,2022-12-28,2024-07-30,23.87,72.52,7.88,Concluído
11481,2873,41,Gestão de Projetos,2024-01-25,2024-04-13,35.54,73.01,7.68,Concluído
11482,2873,7,Excel Avançado,2023-07-11,2023-10-23,22.2,73.42,6.97,Concluído
11483,2873,77,Vendas Consultivas,2024-12-10,2024-12-27,15.26,81.83,8.83,Concluído
11484,2873,69,Design Thinking,2024-01-31,2024-07-29,9.14,90.78,7.53,Concluído
11485,2873,56,Liderança e Gestão de Pessoas,2024-12-16,,12.48,12.3,,Em Andamento
11486,2873,24,Negociação,2024-10-05,2024-11-14,31.29,71.49,9.23,Concluído
11487,2873,24,Product Management,2024-10-20,2024-11-06,34.07,95.42,9.57,Concluído
11488,2873,81,Liderança e Gestão de Pessoas,2023-06-21,2024-10-24,6.08,98.59,7.8,Concluído
11489,2874,67,DevOps e CI/CD,2024-05-27,2024-08-21,10.27,61.3,7.78,Concluído
11490,2874,92,Cloud Computing AWS,2024-05-30,2024-10-05,37.56,60.79,8.49,Concluído
11491,2874,11,Data Analytics,2024-10-23,2024-11-06,21.31,83.96,8.29,Concluído
11492,2874,56,Power BI,2024-09-20,2024-11-25,6.14,73.95,7.61,Concluído
11493,2874,98,Cloud Computing AWS,2024-05-29,2024-09-25,29.8,74.29,6.12,Concluído
11494,2875,40,Agile/Scrum,2024-08-16,2024-09-13,20.75,79.58,9.54,Concluído
11495,2875,93,Machine Learning,2024-05-06,,6.45,86.83,,Em Andamento
11496,2875,79,Customer Success,2024-11-23,2024-12-06,14.75,89.02,9.39,Concluído
11497,2875,28,Comunicação Eficaz,2023-06-02,2024-06-29,27.2,72.39,9.68,Concluído
11498,2875,72,Vendas Consultivas,2024-08-26,2024-09-16,18.09,97.86,8.15,Concluído
11499,2875,54,Machine Learning,2023-07-10,2024-08-18,24.11,86.45,6.62,Concluído
11500,2876,5,Agile/Scrum,2024-10-18,2024-12-10,28.86,94.19,7.14,Concluído
11501,2876,57,Gestão de Projetos,2024-11-27,2024-12-12,34.19,68.07,6.87,Concluído
11502,2876,82,Design Thinking,2023-04-01,2024-03-18,21.44,76.31,9.52,Concluído
11503,2876,45,Cloud Computing AWS,2024-12-05,2024-12-21,5.57,60.25,7.82,Concluído
11504,2876,33,Cloud Computing AWS,2023-01-03,2024-07-18,31.98,83.17,8.66,Concluído
11505,2876,36,JavaScript Moderno,2024-10-12,2024-11-25,24.42,92.17,7.54,Concluído
11506,2877,80,Product Management,2024-08-07,2024-09-26,39.38,88.08,6.53,Concluído
11507,2877,1,Cloud Computing AWS,2024-08-03,2024-10-13,17.21,83.69,8.33,Concluído
11508,2877,89,JavaScript Moderno,2024-10-16,2024-12-23,13.41,62.95,6.4,Concluído
11509,2877,11,Gestão de Tempo,2024-04-13,2024-10-12,29.97,99.55,7.03,Concluído
11510,2877,54,Machine Learning,2024-08-14,2024-10-25,5.15,95.65,9.24,Concluído
11511,2877,63,Cloud Computing AWS,2024-08-12,2024-09-29,12.45,79.8,8.74,Concluído
11512,2878,32,Excel Avançado,2024-11-19,2024-11-28,10.2,83.31,8.62,Concluído
11513,2878,72,Power BI,2024-12-15,2024-12-23,19.29,84.08,8.64,Concluído
11514,2878,3,Machine Learning,2024-12-20,,16.36,69.3,,Em Andamento
11515,2878,46,Gestão de Tempo,2024-11-08,2024-11-14,15.31,65.05,6.65,Concluído
11516,2878,99,Customer Success,2024-12-10,2024-12-23,7.81,96.43,8.36,Concluído
11517,2878,37,Liderança e Gestão de Pessoas,2024-12-17,2024-12-27,20.19,96.56,7.77,Concluído
11518,2878,21,Design Thinking,2024-12-15,2024-12-31,39.02,69.62,6.11,Concluído
11519,2880,36,Liderança e Gestão de Pessoas,2024-11-15,2024-11-25,33.59,95.36,7.38,Concluído
11520,2880,69,Design Thinking,2024-08-14,2024-12-17,32.9,95.71,8.68,Concluído
11521,2881,99,DevOps e CI/CD,2024-07-28,2024-10-24,32.02,60.85,7.5,Concluído
11522,2881,27,Product Management,2024-09-05,2024-10-10,6.4,75.73,9.48,Concluído
11523,2881,90,Segurança da Informação,2024-12-26,,3.78,60.55,,Em Andamento
11524,2882,51,Gestão de Projetos,2023-06-14,2024-04-23,34.61,97.15,6.4,Concluído
11525,2882,5,Negociação,2023-05-05,2024-09-04,11.88,94.04,9.86,Concluído
11526,2882,35,Agile/Scrum,2023-04-07,2024-01-23,38.08,76.18,8.0,Concluído
11527,2882,68,Oratória,2023-01-02,2023-12-17,9.8,78.08,6.58,Concluído
11528,2882,65,Liderança e Gestão de Pessoas,2022-11-04,2024-04-01,20.72,95.85,8.34,Concluído
11529,2883,57,Machine Learning,2022-12-08,2024-09-22,5.07,96.75,8.6,Concluído
11530,2883,54,Excel Avançado,2022-04-24,,6.43,12.72,,Cancelado
11531,2883,90,Python Avançado,2022-04-21,2024-07-23,36.08,77.77,8.34,Concluído
11532,2883,61,Comunicação Eficaz,2024-06-13,2024-10-10,12.03,76.51,9.72,Concluído
11533,2883,68,Vendas Consultivas,2022-07-12,2023-11-25,6.02,73.34,9.57,Concluído
11534,2883,4,Data Analytics,2023-10-14,2024-07-21,26.24,62.44,6.87,Concluído
11535,2883,17,Customer Success,2024-05-23,2024-12-17,6.09,79.63,6.73,Concluído
11536,2883,75,Segurança da Informação,2024-08-21,2024-09-03,29.34,84.88,6.36,Concluído
11537,2884,26,Product Management,2022-09-11,2023-11-24,15.49,74.34,6.95,Concluído
11538,2884,21,Negociação,2023-08-15,2024-12-01,16.3,76.95,8.8,Concluído
11539,2884,70,Product Management,2022-04-13,2022-08-06,23.18,96.17,6.91,Concluído
11540,2884,33,Machine Learning,2024-12-24,2024-12-29,20.22,64.33,6.74,Concluído
11541,2884,6,DevOps e CI/CD,2024-08-16,,1.35,13.38,,Cancelado
11542,2884,55,Gestão de Tempo,2024-07-15,2024-11-01,30.1,89.47,6.86,Concluído
11543,2884,15,Negociação,2024-05-24,2024-09-13,7.53,68.62,9.54,Concluído
11544,2885,78,Machine Learning,2023-01-04,2024-06-15,8.38,69.52,7.6,Concluído
11545,2885,67,Comunicação Eficaz,2023-02-15,2024-05-01,21.11,84.28,6.61,Concluído
11546,2885,67,Gestão de Tempo,2023-08-01,2024-09-19,10.2,87.18,7.26,Concluído
11547,2885,12,Oratória,2023-04-07,2024-05-03,23.83,71.94,7.54,Concluído
11548,2885,34,Cloud Computing AWS,2022-07-20,2023-04-11,14.99,71.89,7.42,Concluído
11549,2885,85,Design Thinking,2023-10-03,2023-10-19,29.59,80.94,9.01,Concluído
11550,2885,58,Power BI,2024-08-02,2024-10-14,23.39,97.94,8.61,Concluído
11551,2885,42,JavaScript Moderno,2022-10-29,2023-12-16,8.44,83.34,9.57,Concluído
11552,2887,75,Comunicação Eficaz,2024-11-24,2024-12-22,13.29,71.98,6.87,Concluído
11553,2887,5,Liderança e Gestão de Pessoas,2024-09-30,2024-12-07,19.07,90.9,6.63,Concluído
11554,2888,17,Comunicação Eficaz,2023-09-21,2024-04-29,4.24,87.24,6.61,Concluído
11555,2888,7,Python Avançado,2024-02-13,2024-04-13,35.15,99.64,9.79,Concluído
11556,2888,28,Comunicação Eficaz,2024-01-12,2024-10-19,11.73,97.96,8.75,Concluído
11557,2888,43,Python Avançado,2024-10-10,2024-12-29,30.08,80.97,9.39,Concluído
11558,2888,28,Segurança da Informação,2023-08-02,2023-10-18,16.73,99.92,8.27,Concluído
11559,2889,98,DevOps e CI/CD,2024-12-05,2024-12-27,29.0,86.59,8.05,Concluído
11560,2889,100,Comunicação Eficaz,2024-12-04,2024-12-29,17.19,71.1,6.62,Concluído
11561,2889,17,Vendas Consultivas,2024-12-23,,13.92,61.28,,Em Andamento
11562,2889,85,Design Thinking,2024-12-20,2024-12-23,33.88,99.7,7.69,Concluído
11563,2889,6,Oratória,2024-12-26,2024-12-29,4.2,80.35,6.09,Concluído
11564,2890,11,Gestão de Projetos,2024-03-03,,8.18,13.31,,Em Andamento
11565,2890,51,Data Analytics,2024-04-11,,19.25,17.31,,Em Andamento
11566,2890,66,Segurança da Informação,2024-03-31,2024-07-19,8.75,99.33,8.47,Concluído
11567,2891,95,Power BI,2023-08-20,2023-10-19,30.63,62.01,8.93,Concluído
11568,2891,88,Agile/Scrum,2023-12-22,2024-02-06,16.3,95.44,6.7,Concluído
11569,2891,92,Customer Success,2024-08-09,2024-08-22,16.76,92.77,7.12,Concluído
11570,2891,28,Machine Learning,2024-09-12,,9.82,1.43,,Cancelado
11571,2891,37,Liderança e Gestão de Pessoas,2024-02-04,2024-03-16,36.29,66.36,6.8,Concluído
11572,2891,23,Python Avançado,2024-06-26,2024-11-19,37.45,94.05,7.08,Concluído
11573,2891,83,Python Avançado,2023-12-04,2024-11-15,16.29,65.29,8.54,Concluído
11574,2891,38,Customer Success,2024-10-16,2024-12-10,29.1,98.85,9.94,Concluído
11575,2892,90,DevOps e CI/CD,2024-01-10,2024-07-09,19.5,95.86,7.51,Concluído
11576,2893,37,DevOps e CI/CD,2023-10-21,2024-12-26,23.1,77.84,8.28,Concluído
11577,2893,87,JavaScript Moderno,2023-11-07,2024-01-02,24.96,88.39,7.44,Concluído
11578,2893,24,DevOps e CI/CD,2024-05-21,,7.01,69.35,,Em Andamento
11579,2893,16,Agile/Scrum,2024-04-27,2024-08-04,29.19,75.71,8.49,Concluído
11580,2893,34,Customer Success,2023-09-19,,8.1,20.02,,Cancelado
11581,2893,24,Agile/Scrum,2024-02-11,2024-07-04,35.57,70.39,8.86,Concluído
11582,2893,89,Power BI,2024-01-27,2024-03-17,34.27,97.51,8.57,Concluído
11583,2893,71,Data Analytics,2024-01-10,2024-09-11,33.26,72.9,6.81,Concluído
11584,2894,98,Agile/Scrum,2023-06-26,2024-01-15,34.23,79.16,6.09,Concluído
11585,2894,76,Oratória,2023-03-08,2023-06-20,4.8,74.98,9.32,Concluído
11586,2894,97,Agile/Scrum,2022-02-09,2022-07-04,22.64,67.02,8.81,Concluído
11587,2894,94,Power BI,2024-04-25,2024-10-07,34.78,67.64,6.48,Concluído
11588,2895,18,DevOps e CI/CD,2023-10-09,,10.14,88.97,,Em Andamento
11589,2895,13,Power BI,2024-07-20,2024-12-09,17.87,62.01,8.6,Concluído
11590,2895,33,Design Thinking,2024-11-30,,10.95,51.17,,Em Andamento
11591,2895,12,Python Avançado,2024-05-02,,9.61,6.22,,Em Andamento
11592,2895,9,DevOps e CI/CD,2024-03-12,,2.07,39.66,,Em Andamento
11593,2896,18,Vendas Consultivas,2022-12-02,2022-12-15,11.58,66.77,6.77,Concluído
11594,2896,5,Agile/Scrum,2023-06-08,2024-10-10,8.16,71.32,7.39,Concluído
11595,2896,75,Segurança da Informação,2022-05-03,2023-08-14,23.99,91.05,7.73,Concluído
11596,2896,15,Design Thinking,2024-05-02,2024-08-20,4.4,78.1,7.39,Concluído
11597,2896,99,Cloud Computing AWS,2024-09-07,2024-09-10,35.81,72.25,9.56,Concluído
11598,2897,68,Product Management,2022-12-28,2024-08-13,14.72,66.41,7.74,Concluído
11599,2897,65,Liderança e Gestão de Pessoas,2024-10-15,2024-12-18,34.87,67.16,7.75,Concluído
11600,2897,3,Excel Avançado,2024-04-14,2024-10-13,33.07,96.4,8.16,Concluído
11601,2897,77,JavaScript Moderno,2023-03-27,,6.51,22.6,,Cancelado
11602,2900,1,Negociação,2024-12-15,,14.33,30.64,,Em Andamento
11603,2900,89,Data Analytics,2024-03-29,2024-09-30,30.24,62.75,7.26,Concluído
11604,2900,69,Machine Learning,2024-09-23,2024-12-29,12.31,64.7,6.94,Concluído
11605,2900,80,Liderança e Gestão de Pessoas,2024-02-06,2024-10-25,7.63,64.76,7.78,Concluído
11606,2901,16,Product Management,2024-11-28,2024-12-29,27.99,92.09,9.28,Concluído
11607,2901,84,Data Analytics,2024-12-14,2024-12-17,33.72,99.48,6.34,Concluído
11608,2901,2,Python Avançado,2024-11-08,,13.02,33.83,,Em Andamento
11609,2901,99,Power BI,2024-12-07,2024-12-19,30.96,87.55,8.73,Concluído
11610,2902,52,Power BI,2024-10-26,2024-11-26,34.46,79.54,6.65,Concluído
11611,2902,57,JavaScript Moderno,2024-09-25,2024-11-24,14.11,91.64,8.45,Concluído
11612,2902,84,Python Avançado,2024-12-25,2024-12-29,29.03,63.13,7.0,Concluído
11613,2902,62,Data Analytics,2024-01-10,,10.7,87.96,,Em Andamento
11614,2902,76,Gestão de Projetos,2024-08-13,2024-11-08,39.02,69.45,8.08,Concluído
11615,2902,18,Data Analytics,2024-01-23,2024-07-27,19.87,73.8,6.87,Concluído
11616,2902,94,Customer Success,2024-06-22,2024-06-27,34.27,75.94,8.38,Concluído
11617,2902,100,JavaScript Moderno,2024-07-16,2024-09-24,28.42,92.58,6.04,Concluído
11618,2903,65,Python Avançado,2023-01-21,2023-11-27,38.11,69.37,9.5,Concluído
11619,2903,16,Power BI,2022-10-26,2023-02-25,5.55,99.21,7.31,Concluído
11620,2903,8,Liderança e Gestão de Pessoas,2023-03-14,,2.62,74.96,,Em Andamento
11621,2903,96,Python Avançado,2024-01-14,2024-06-03,21.27,73.16,8.55,Concluído
11622,2903,5,Negociação,2024-05-26,2024-11-25,34.61,64.0,9.84,Concluído
11623,2903,66,Oratória,2024-02-27,2024-10-25,5.04,62.04,7.75,Concluído
11624,2903,6,Design Thinking,2022-09-08,2024-10-07,17.31,90.99,7.42,Concluído
11625,2903,92,Excel Avançado,2022-11-18,2023-04-08,22.03,65.34,6.69,Concluído
11626,2904,100,DevOps e CI/CD,2024-12-18,2024-12-26,27.95,83.38,9.9,Concluído
11627,2904,64,Agile/Scrum,2024-07-29,,2.52,77.2,,Em Andamento
11628,2904,23,JavaScript Moderno,2024-02-24,2024-06-10,23.81,94.35,9.08,Concluído
11629,2904,95,Gestão de Projetos,2023-08-23,2024-05-13,11.18,69.81,8.54,Concluído
11630,2905,10,Negociação,2024-08-23,2024-09-13,32.0,78.81,7.97,Concluído
11631,2905,16,Power BI,2024-04-21,2024-09-22,31.67,80.88,9.16,Concluído
11632,2905,65,Liderança e Gestão de Pessoas,2024-08-31,2024-09-21,15.07,97.87,6.66,Concluído
11633,2906,7,Negociação,2024-08-18,2024-09-20,25.04,96.89,7.75,Concluído
11634,2906,26,Liderança e Gestão de Pessoas,2024-05-09,2024-09-18,30.24,78.81,9.07,Concluído
11635,2906,17,Excel Avançado,2024-03-17,2024-03-27,20.93,92.59,7.6,Concluído
11636,2906,39,Design Thinking,2024-07-08,,14.16,50.45,,Em Andamento
11637,2907,46,Agile/Scrum,2024-05-26,2024-10-24,36.02,81.69,9.91,Concluído
11638,2907,92,Negociação,2024-06-04,2024-06-12,24.85,65.02,9.76,Concluído
11639,2907,68,Vendas Consultivas,2024-08-26,2024-12-09,29.44,99.97,9.92,Concluído
11640,2907,88,Python Avançado,2024-10-16,2024-11-04,20.1,98.08,9.67,Concluído
11641,2907,54,Vendas Consultivas,2024-12-28,2024-12-29,16.44,72.38,7.2,Concluído
11642,2907,62,Python Avançado,2024-06-12,,8.76,26.82,,Cancelado
11643,2907,42,Negociação,2024-10-18,2024-11-17,21.2,92.93,8.21,Concluído
11644,2907,7,Excel Avançado,2024-06-24,,15.15,11.43,,Em Andamento
11645,2908,53,Python Avançado,2024-08-08,2024-10-26,4.88,70.33,7.76,Concluído
11646,2908,8,Vendas Consultivas,2024-02-09,2024-12-01,10.71,69.94,8.58,Concluído
11647,2908,25,Design Thinking,2024-01-01,2024-09-16,35.16,88.69,7.05,Concluído
11648,2908,74,Cloud Computing AWS,2022-08-10,2024-09-01,8.07,87.92,9.25,Concluído
11649,2908,24,Machine Learning,2024-09-09,2024-12-10,5.08,65.81,6.8,Concluído
11650,2908,21,Data Analytics,2023-12-17,2024-11-15,4.58,89.74,8.29,Concluído
11651,2908,34,Machine Learning,2023-02-22,2023-06-09,37.43,91.6,6.05,Concluído
11652,2908,86,Negociação,2024-05-28,2024-06-12,39.11,95.06,8.91,Concluído
11653,2909,20,Product Management,2024-09-03,2024-11-10,7.33,84.36,8.15,Concluído
11654,2909,20,DevOps e CI/CD,2024-05-12,,2.13,23.62,,Em Andamento
11655,2909,80,Comunicação Eficaz,2024-08-07,2024-10-23,9.11,64.55,7.08,Concluído
11656,2909,45,Liderança e Gestão de Pessoas,2024-10-26,,13.74,29.08,,Em Andamento
11657,2910,51,Comunicação Eficaz,2024-09-14,2024-09-19,24.25,60.85,7.7,Concluído
11658,2910,66,Python Avançado,2024-09-29,2024-11-19,22.68,92.2,6.38,Concluído
11659,2910,47,Comunicação Eficaz,2024-11-04,,2.42,4.36,,Em Andamento
11660,2910,94,Vendas Consultivas,2024-08-28,,15.06,19.47,,Em Andamento
11661,2910,100,Segurança da Informação,2024-09-20,2024-10-13,11.97,73.66,9.89,Concluído
11662,2910,45,Power BI,2024-08-07,,3.9,64.89,,Em Andamento
11663,2910,19,Data Analytics,2024-11-06,2024-12-29,33.4,99.44,8.0,Concluído
11664,2911,41,Gestão de Projetos,2024-07-27,2024-08-09,7.61,75.78,8.68,Concluído
11665,2911,97,Vendas Consultivas,2024-11-13,2024-11-29,16.53,83.42,8.6,Concluído
11666,2911,9,JavaScript Moderno,2024-08-30,2024-12-01,34.79,75.82,6.89,Concluído
11667,2911,53,Machine Learning,2024-05-08,2024-10-13,39.49,65.75,8.65,Concluído
11668,2911,56,Vendas Consultivas,2024-10-03,2024-10-30,7.61,76.94,8.53,Concluído
11669,2911,68,Cloud Computing AWS,2023-08-12,,18.49,51.27,,Em Andamento
11670,2911,51,Liderança e Gestão de Pessoas,2023-10-18,2024-09-07,29.32,92.54,6.99,Concluído
11671,2912,66,Excel Avançado,2024-12-09,2024-12-18,20.5,63.22,8.09,Concluído
11672,2912,2,Power BI,2024-08-17,2024-09-17,37.25,77.27,7.86,Concluído
11673,2912,14,DevOps e CI/CD,2024-11-09,2024-11-20,31.75,96.41,7.54,Concluído
11674,2912,82,Agile/Scrum,2024-09-23,2024-11-22,19.2,86.8,6.94,Concluído
11675,2912,44,Excel Avançado,2024-09-23,2024-12-26,15.19,93.24,9.13,Concluído
11676,2912,81,Liderança e Gestão de Pessoas,2024-09-23,2024-10-26,17.04,82.46,7.8,Concluído
11677,2912,56,Excel Avançado,2024-08-09,2024-10-24,33.36,67.15,7.41,Concluído
11678,2912,69,DevOps e CI/CD,2024-09-01,2024-09-25,29.98,97.7,6.85,Concluído
11679,2913,27,Oratória,2024-03-04,2024-04-04,9.47,72.45,7.73,Concluído
11680,2913,80,Agile/Scrum,2024-03-22,2024-04-08,10.66,92.87,9.3,Concluído
11681,2913,98,Agile/Scrum,2024-05-31,2024-07-23,4.78,90.64,6.19,Concluído
11682,2913,72,Gestão de Projetos,2024-06-01,2024-08-24,12.15,81.45,8.24,Concluído
11683,2913,57,Power BI,2023-07-26,,7.31,59.83,,Em Andamento
11684,2913,61,Design Thinking,2023-02-01,,5.87,75.01,,Em Andamento
11685,2913,57,Python Avançado,2023-11-24,2024-01-22,20.91,96.38,9.51,Concluído
11686,2914,89,Liderança e Gestão de Pessoas,2024-11-28,2024-12-18,7.56,91.81,7.74,Concluído
11687,2914,61,Gestão de Tempo,2024-12-19,2024-12-30,14.57,75.66,6.06,Concluído
11688,2914,36,Comunicação Eficaz,2024-12-29,2024-12-31,10.26,82.09,9.6,Concluído
11689,2916,61,Excel Avançado,2024-08-14,2024-10-26,6.94,62.15,6.89,Concluído
11690,2916,37,DevOps e CI/CD,2024-07-11,2024-11-08,36.33,81.8,6.81,Concluído
11691,2916,70,JavaScript Moderno,2024-06-01,2024-06-12,16.95,86.43,9.39,Concluído
11692,2917,40,Product Management,2024-12-13,,4.38,57.45,,Em Andamento
11693,2917,79,Gestão de Tempo,2024-11-22,,9.16,86.53,,Em Andamento
11694,2917,10,Power BI,2024-11-06,2024-11-30,29.35,72.28,7.62,Concluído
11695,2917,2,JavaScript Moderno,2024-07-24,2024-12-02,12.8,95.13,8.36,Concluído
11696,2917,38,Gestão de Tempo,2024-11-19,2024-11-20,22.55,71.76,9.67,Concluído
11697,2917,16,Negociação,2024-12-24,,10.53,88.93,,Em Andamento
11698,2918,57,Gestão de Tempo,2023-10-03,2024-10-12,7.08,99.52,6.51,Concluído
11699,2918,92,Power BI,2022-12-19,2023-03-06,12.51,86.14,9.24,Concluído
11700,2918,87,Vendas Consultivas,2024-02-26,2024-08-17,25.13,73.43,8.38,Concluído
11701,2918,64,Gestão de Tempo,2023-07-20,2023-11-16,14.06,60.67,8.1,Concluído
11702,2918,26,Gestão de Projetos,2024-09-24,2024-10-18,10.97,62.2,9.79,Concluído
11703,2918,49,Vendas Consultivas,2023-07-22,2023-12-28,12.69,73.17,6.33,Concluído
11704,2919,11,DevOps e CI/CD,2024-10-22,2024-12-02,37.2,83.83,8.42,Concluído
11705,2919,57,Design Thinking,2024-11-06,2024-12-04,19.65,60.32,6.79,Concluído
11706,2919,14,Segurança da Informação,2024-10-14,2024-11-20,29.02,86.3,8.2,Concluído
11707,2919,82,Vendas Consultivas,2024-09-27,2024-11-29,32.53,73.89,6.11,Concluído
11708,2919,82,Vendas Consultivas,2024-08-21,2024-11-20,23.16,79.26,9.27,Concluído
11709,2919,50,Oratória,2024-07-28,2024-10-19,10.76,63.59,9.55,Concluído
11710,2919,5,JavaScript Moderno,2024-12-06,2024-12-21,35.08,74.52,6.95,Concluído
11711,2919,66,Product Management,2024-12-10,,12.29,15.19,,Em Andamento
11712,2920,34,Customer Success,2024-12-28,2024-12-29,37.81,80.21,8.21,Concluído
11713,2920,23,Design Thinking,2024-12-24,,11.49,40.04,,Em Andamento
11714,2920,80,Agile/Scrum,2024-12-07,2024-12-22,37.83,68.86,6.1,Concluído
11715,2920,44,Oratória,2024-12-03,2024-12-25,28.86,65.31,6.62,Concluído
11716,2920,74,Data Analytics,2024-12-27,2024-12-30,5.35,85.44,7.06,Concluído
11717,2920,65,Vendas Consultivas,2024-12-20,2024-12-25,9.35,72.81,6.52,Concluído
11718,2920,70,Segurança da Informação,2024-12-26,2024-12-29,8.82,96.62,7.05,Concluído
11719,2920,79,DevOps e CI/CD,2024-12-03,2024-12-14,24.59,81.47,6.46,Concluído
11720,2921,38,Gestão de Projetos,2024-10-29,2024-11-11,36.11,92.93,9.42,Concluído
11721,2921,66,Oratória,2023-12-17,2024-01-27,11.28,93.16,7.66,Concluído
11722,2921,78,Cloud Computing AWS,2024-04-11,2024-05-24,19.0,74.59,9.39,Concluído
11723,2921,94,Gestão de Projetos,2024-03-17,2024-11-21,5.2,95.72,8.02,Concluído
11724,2921,64,Design Thinking,2024-04-10,2024-12-15,8.59,80.29,6.01,Concluído
11725,2921,38,Excel Avançado,2024-03-19,2024-05-23,31.27,72.73,6.2,Concluído
11726,2921,5,Liderança e Gestão de Pessoas,2024-11-30,2024-12-01,32.44,92.91,6.37,Concluído
11727,2921,58,Cloud Computing AWS,2024-10-03,2024-12-01,12.66,60.41,6.37,Concluído
11728,2922,77,Machine Learning,2024-11-30,2024-12-15,36.15,84.2,6.74,Concluído
11729,2922,88,Oratória,2024-12-21,,15.79,79.51,,Em Andamento
11730,2922,40,Python Avançado,2024-12-28,2024-12-30,20.91,82.85,6.82,Concluído
11731,2922,61,Excel Avançado,2024-11-29,,7.08,6.65,,Cancelado
11732,2922,39,Power BI,2024-12-02,2024-12-07,29.27,90.61,6.98,Concluído
11733,2922,84,Product Management,2024-12-06,2024-12-30,4.12,67.83,8.14,Concluído
11734,2922,89,Product Management,2024-11-25,2024-11-26,9.84,81.85,9.83,Concluído
11735,2922,46,Python Avançado,2024-12-16,2024-12-23,22.51,70.87,6.07,Concluído
11736,2923,75,Customer Success,2023-03-17,2023-09-05,13.4,91.54,7.07,Concluído
11737,2923,47,Customer Success,2024-01-14,2024-11-15,15.47,72.08,7.92,Concluído
11738,2923,72,Power BI,2023-12-31,,17.32,53.83,,Em Andamento
11739,2924,24,Machine Learning,2024-10-31,2024-12-26,20.98,71.58,6.79,Concluído
11740,2924,31,Comunicação Eficaz,2024-08-13,2024-10-29,37.0,79.62,8.43,Concluído
11741,2924,90,Gestão de Projetos,2024-05-30,,6.88,21.39,,Cancelado
11742,2924,69,Segurança da Informação,2023-12-16,2024-10-27,17.18,69.2,7.19,Concluído
11743,2924,71,Data Analytics,2024-07-10,2024-12-28,27.24,95.75,9.89,Concluído
11744,2924,4,DevOps e CI/CD,2023-11-20,2023-12-26,29.66,73.03,7.65,Concluído
11745,2924,63,Negociação,2024-01-20,2024-01-27,39.15,93.98,9.8,Concluído
11746,2924,7,Gestão de Tempo,2024-11-08,2024-12-02,39.11,96.53,9.84,Concluído
11747,2925,79,Agile/Scrum,2022-12-01,2024-07-11,33.8,90.13,9.47,Concluído
11748,2925,2,JavaScript Moderno,2022-12-15,,7.54,18.09,,Em Andamento
11749,2928,92,Liderança e Gestão de Pessoas,2024-10-28,2024-12-21,11.42,93.74,9.45,Concluído
11750,2928,89,JavaScript Moderno,2024-08-20,2024-08-21,37.7,86.56,8.46,Concluído
11751,2928,60,Gestão de Tempo,2024-10-16,2024-11-22,21.77,66.85,9.35,Concluído
11752,2928,22,DevOps e CI/CD,2024-07-13,2024-10-20,27.45,85.06,7.88,Concluído
11753,2928,3,DevOps e CI/CD,2024-10-09,2024-10-25,22.77,82.12,7.02,Concluído
11754,2928,13,Power BI,2024-08-12,2024-10-19,39.84,71.03,6.59,Concluído
11755,2929,67,Liderança e Gestão de Pessoas,2024-04-10,2024-08-06,28.94,68.89,7.2,Concluído
11756,2929,94,Oratória,2023-10-31,2023-11-06,24.34,85.42,7.07,Concluído
11757,2929,55,Power BI,2024-04-07,2024-12-10,20.45,98.81,7.06,Concluído
11758,2929,58,Segurança da Informação,2024-12-07,2024-12-19,12.11,95.58,6.48,Concluído
11759,2930,80,Oratória,2024-12-15,2024-12-26,34.25,77.27,6.66,Concluído
11760,2932,56,Comunicação Eficaz,2023-03-08,2023-05-23,38.02,72.36,9.54,Concluído
11761,2932,10,Design Thinking,2024-06-28,,17.16,10.69,,Em Andamento
11762,2933,33,Python Avançado,2024-09-29,2024-11-11,37.63,68.61,8.61,Concluído
11763,2933,25,JavaScript Moderno,2024-04-01,2024-06-01,24.92,75.32,8.67,Concluído
11764,2933,29,Product Management,2023-10-11,2024-04-27,26.58,92.4,9.36,Concluído
11765,2933,29,Power BI,2024-02-19,2024-06-22,8.99,76.51,9.82,Concluído
11766,2933,48,Machine Learning,2023-01-22,2023-03-27,12.6,96.0,8.14,Concluído
11767,2933,9,JavaScript Moderno,2024-08-28,2024-12-03,17.31,97.52,7.63,Concluído
11768,2933,65,Customer Success,2024-11-06,2024-12-04,13.19,71.52,7.35,Concluído
11769,2933,72,Excel Avançado,2024-04-19,2024-07-11,34.07,71.44,9.0,Concluído
11770,2934,8,Python Avançado,2024-10-13,2024-11-05,13.08,77.1,8.23,Concluído
11771,2934,26,JavaScript Moderno,2023-09-02,2024-09-07,33.5,62.55,6.05,Concluído
11772,2934,13,Python Avançado,2024-12-16,2024-12-22,29.06,68.78,9.66,Concluído
11773,2934,82,Product Management,2023-09-16,2023-10-01,4.08,76.88,8.37,Concluído
11774,2934,42,Excel Avançado,2024-08-28,,5.54,33.19,,Cancelado
11775,2935,99,Comunicação Eficaz,2024-03-04,2024-10-03,8.67,91.43,8.21,Concluído
11776,2935,70,Vendas Consultivas,2023-04-23,2024-06-15,39.62,73.96,9.63,Concluído
11777,2935,70,Negociação,2023-06-20,2023-11-25,7.08,82.26,7.57,Concluído
11778,2935,57,Segurança da Informação,2024-04-07,2024-06-15,18.12,84.59,6.69,Concluído
11779,2935,94,Product Management,2024-07-10,2024-12-10,33.3,84.3,6.48,Concluído
11780,2935,97,DevOps e CI/CD,2023-06-09,2024-07-26,10.73,84.12,6.32,Concluído
11781,2936,68,JavaScript Moderno,2024-02-23,2024-07-31,17.81,85.35,6.72,Concluído
11782,2937,29,Python Avançado,2022-12-31,2024-06-02,12.65,68.73,7.18,Concluído
11783,2938,5,DevOps e CI/CD,2024-05-31,2024-06-19,39.81,71.69,7.46,Concluído
11784,2938,35,DevOps e CI/CD,2023-07-01,2023-09-12,13.63,71.48,7.74,Concluído
11785,2939,84,Gestão de Projetos,2023-06-30,,16.0,71.87,,Em Andamento
11786,2939,3,Comunicação Eficaz,2023-11-03,,11.12,12.03,,Em Andamento
11787,2939,24,Python Avançado,2022-10-20,2024-09-09,38.73,71.61,6.66,Concluído
11788,2939,89,Segurança da Informação,2023-10-22,2024-09-04,19.26,70.08,9.54,Concluído
11789,2940,34,Agile/Scrum,2024-12-26,2024-12-27,13.85,90.46,6.83,Concluído
11790,2940,84,Data Analytics,2024-12-29,2024-12-31,25.9,89.19,6.4,Concluído
11791,2940,18,Segurança da Informação,2024-12-23,,10.48,24.38,,Em Andamento
11792,2940,26,Product Management,2024-12-22,2024-12-26,29.82,76.15,8.99,Concluído
11793,2940,56,Vendas Consultivas,2024-12-25,2024-12-26,38.03,66.4,8.07,Concluído
11794,2940,94,Gestão de Projetos,2024-12-30,2024-12-31,34.96,80.32,7.23,Concluído
11795,2940,52,Gestão de Tempo,2024-12-28,,19.47,58.88,,Em Andamento
11796,2940,4,Segurança da Informação,2024-12-31,2025-01-01,34.87,91.94,9.94,Concluído
11797,2941,79,Agile/Scrum,2022-11-24,2023-11-18,14.91,82.44,9.78,Concluído
11798,2941,85,Gestão de Projetos,2023-08-15,2024-11-12,14.64,76.42,6.1,Concluído
11799,2941,52,Design Thinking,2024-11-05,2024-12-18,33.59,89.75,9.21,Concluído
11800,2941,33,Vendas Consultivas,2024-09-11,2024-11-24,5.34,83.02,7.33,Concluído
11801,2941,33,Negociação,2024-06-28,2024-12-28,22.19,67.97,9.47,Concluído
11802,2941,24,Gestão de Tempo,2024-12-03,2024-12-17,11.65,82.4,9.66,Concluído
11803,2941,61,JavaScript Moderno,2024-08-23,2024-12-01,19.18,94.04,9.76,Concluído
11804,2942,45,Gestão de Tempo,2023-07-16,,17.68,12.83,,Em Andamento
11805,2942,7,Data Analytics,2023-07-02,2024-04-23,8.43,60.83,7.21,Concluído
11806,2942,78,Segurança da Informação,2023-02-19,2024-01-09,33.7,78.84,6.29,Concluído
11807,2942,18,Gestão de Projetos,2023-04-18,,19.7,46.61,,Em Andamento
11808,2942,97,Segurança da Informação,2024-08-04,,8.12,4.44,,Em Andamento
11809,2942,78,Machine Learning,2024-10-17,,11.66,71.77,,Em Andamento
11810,2942,86,Machine Learning,2023-04-29,2023-10-24,12.42,85.05,8.85,Concluído
11811,2943,62,Data Analytics,2024-02-21,2024-10-03,4.24,74.51,7.77,Concluído
11812,2943,85,Vendas Consultivas,2023-07-25,2024-02-24,6.28,78.5,6.01,Concluído
11813,2943,28,Segurança da Informação,2024-12-02,2024-12-15,19.7,84.5,8.67,Concluído
11814,2944,66,Excel Avançado,2024-09-27,2024-11-19,13.09,65.23,9.73,Concluído
11815,2944,19,Data Analytics,2023-09-10,2024-03-10,39.56,79.3,9.41,Concluído
11816,2945,12,Customer Success,2023-11-16,2024-07-22,5.06,83.13,8.22,Concluído
11817,2945,73,Comunicação Eficaz,2024-09-09,2024-11-22,18.19,82.71,7.13,Concluído
11818,2945,66,Customer Success,2022-11-09,,7.72,31.51,,Em Andamento
11819,2945,48,Liderança e Gestão de Pessoas,2024-11-09,,13.76,51.12,,Em Andamento
11820,2946,11,DevOps e CI/CD,2024-03-15,2024-04-02,21.55,76.78,6.21,Concluído
11821,2946,98,Segurança da Informação,2024-12-24,2024-12-25,33.65,76.28,9.18,Concluído
11822,2946,52,Liderança e Gestão de Pessoas,2024-03-23,2024-12-28,13.57,81.18,6.18,Concluído
11823,2946,2,Python Avançado,2024-08-12,2024-08-26,24.86,76.84,6.09,Concluído
11824,2946,24,DevOps e CI/CD,2024-10-01,2024-12-09,33.25,78.32,9.0,Concluído
11825,2946,13,Product Management,2024-09-10,2024-09-12,21.95,84.65,7.14,Concluído
11826,2947,31,Cloud Computing AWS,2023-12-18,,18.66,40.42,,Em Andamento
11827,2947,38,Agile/Scrum,2023-09-07,2024-06-05,30.92,74.56,6.99,Concluído
11828,2947,79,Cloud Computing AWS,2023-08-31,2024-04-03,39.11,65.64,8.76,Concluído
11829,2947,49,Product Management,2024-10-27,2024-12-07,17.61,68.77,8.37,Concluído
11830,2947,50,Negociação,2024-12-29,,11.29,68.24,,Em Andamento
11831,2947,19,Gestão de Projetos,2024-06-07,2024-10-13,7.28,81.63,6.84,Concluído
11832,2948,79,Excel Avançado,2024-11-16,2024-11-29,28.63,75.6,6.62,Concluído
11833,2948,16,Gestão de Tempo,2024-12-02,2024-12-12,39.63,60.93,9.94,Concluído
11834,2948,23,Cloud Computing AWS,2024-11-03,2024-11-26,4.54,72.98,7.2,Concluído
11835,2948,42,Data Analytics,2024-10-28,2024-12-29,34.31,73.1,7.88,Concluído
11836,2948,87,Segurança da Informação,2024-08-01,2024-10-26,25.61,80.18,9.35,Concluído
11837,2949,71,JavaScript Moderno,2024-11-20,2024-11-21,18.77,91.95,7.89,Concluído
11838,2951,5,Product Management,2024-06-29,2024-08-30,27.1,95.25,6.47,Concluído
11839,2951,25,Data Analytics,2023-12-08,,8.28,10.29,,Em Andamento
11840,2951,26,Liderança e Gestão de Pessoas,2022-12-14,2023-04-04,8.32,63.37,8.06,Concluído
11841,2951,26,Data Analytics,2024-05-13,2024-09-28,10.19,67.05,9.69,Concluído
11842,2951,22,Segurança da Informação,2023-10-26,2024-03-27,11.28,67.7,6.97,Concluído
11843,2952,65,DevOps e CI/CD,2024-09-07,2024-11-29,12.66,72.6,6.75,Concluído
11844,2954,33,Gestão de Projetos,2024-12-29,2024-12-31,6.56,77.16,8.68,Concluído
11845,2955,81,Design Thinking,2024-01-27,2024-09-12,22.23,82.13,8.73,Concluído
11846,2955,68,Customer Success,2024-08-22,,5.83,56.06,,Em Andamento
11847,2955,44,Oratória,2024-06-17,,12.05,86.59,,Em Andamento
11848,2955,81,Data Analytics,2024-12-05,2024-12-28,9.21,72.9,8.62,Concluído
11849,2955,18,Negociação,2023-12-21,2024-01-04,22.37,62.3,7.56,Concluído
11850,2955,2,Liderança e Gestão de Pessoas,2024-09-27,2024-10-02,11.6,81.06,8.24,Concluído
11851,2955,33,Gestão de Projetos,2024-07-20,2024-10-01,28.23,88.13,7.35,Concluído
11852,2956,46,Cloud Computing AWS,2024-12-25,2024-12-27,10.9,87.05,7.32,Concluído
11853,2956,66,Product Management,2024-12-30,2024-12-31,37.42,77.55,7.23,Concluído
11854,2956,30,Vendas Consultivas,2024-12-24,2024-12-25,38.42,79.91,8.67,Concluído
11855,2956,14,Gestão de Tempo,2024-12-22,2024-12-31,29.14,64.92,6.74,Concluído
11856,2957,4,Liderança e Gestão de Pessoas,2024-09-23,,2.51,42.29,,Em Andamento
11857,2957,40,Comunicação Eficaz,2024-07-03,,6.15,37.79,,Em Andamento
11858,2957,39,Agile/Scrum,2024-03-13,2024-04-27,25.33,72.59,8.65,Concluído
11859,2957,90,Product Management,2024-06-28,,12.0,80.56,,Em Andamento
11860,2957,26,Machine Learning,2024-04-03,2024-08-01,38.4,77.73,7.2,Concluído
11861,2957,100,Product Management,2024-01-18,,12.84,7.32,,Em Andamento
11862,2959,65,Data Analytics,2024-02-28,2024-10-24,38.11,83.81,6.89,Concluído
11863,2959,16,Agile/Scrum,2024-01-01,2024-08-14,30.16,86.11,8.53,Concluído
11864,2959,54,Vendas Consultivas,2024-07-08,2024-11-04,14.76,71.04,7.78,Concluído
11865,2959,42,Segurança da Informação,2023-07-15,2024-08-19,29.9,66.08,6.39,Concluído
11866,2959,72,Oratória,2023-02-23,2023-11-05,21.97,95.1,7.0,Concluído
11867,2960,5,Product Management,2024-05-30,2024-12-29,13.49,85.92,9.27,Concluído
11868,2962,23,Vendas Consultivas,2024-12-27,2024-12-31,32.17,87.91,7.6,Concluído
11869,2962,17,Product Management,2024-10-08,2024-11-23,36.33,95.66,8.84,Concluído
11870,2962,34,Liderança e Gestão de Pessoas,2024-07-01,2024-09-03,25.04,74.2,7.04,Concluído
11871,2962,92,Negociação,2024-10-30,2024-11-15,19.83,89.42,8.06,Concluído
11872,2962,74,Product Management,2024-06-12,2024-11-25,14.17,66.58,6.61,Concluído
11873,2962,48,Gestão de Tempo,2024-12-08,2024-12-26,32.98,85.01,9.75,Concluído
11874,2962,51,Customer Success,2024-07-08,2024-12-25,18.34,87.64,8.42,Concluído
11875,2963,78,Data Analytics,2023-12-21,2024-06-17,25.48,84.88,6.2,Concluído
11876,2963,2,Oratória,2024-09-17,2024-10-05,12.06,91.45,7.61,Concluído
11877,2964,74,Liderança e Gestão de Pessoas,2024-07-28,,2.86,18.57,,Cancelado
11878,2964,29,Vendas Consultivas,2024-10-13,2024-11-23,37.97,99.94,8.25,Concluído
11879,2964,97,Vendas Consultivas,2024-07-17,2024-11-04,11.48,78.8,8.85,Concluído
11880,2964,69,JavaScript Moderno,2024-10-12,2024-12-02,21.29,73.87,9.29,Concluído
11881,2965,7,Data Analytics,2024-04-08,2024-09-16,36.74,79.6,9.4,Concluído
11882,2965,58,Segurança da Informação,2023-08-06,2024-05-31,30.16,82.58,6.68,Concluído
11883,2966,34,Oratória,2023-11-20,,12.98,12.16,,Em Andamento
11884,2966,44,Agile/Scrum,2023-06-26,2024-04-06,24.57,74.87,9.07,Concluído
11885,2966,99,Agile/Scrum,2023-03-05,2023-04-16,14.26,74.0,6.01,Concluído
11886,2966,18,Machine Learning,2024-07-30,2024-09-06,15.34,90.87,6.04,Concluído
11887,2966,66,Data Analytics,2024-09-15,2024-11-19,34.59,91.64,9.65,Concluído
11888,2966,24,Gestão de Tempo,2023-12-14,2024-11-29,19.05,86.82,9.26,Concluído
11889,2966,39,Liderança e Gestão de Pessoas,2024-12-30,2024-12-31,12.85,60.71,8.96,Concluído
11890,2969,58,Excel Avançado,2023-09-14,2024-05-02,18.24,63.67,9.19,Concluído
11891,2969,49,JavaScript Moderno,2023-05-10,2024-05-21,31.67,89.36,8.47,Concluído
11892,2969,76,Design Thinking,2023-08-08,2024-10-05,10.16,99.52,7.0,Concluído
11893,2969,62,Data Analytics,2024-07-13,,13.4,52.27,,Em Andamento
11894,2970,27,Python Avançado,2023-02-22,2024-08-20,11.08,65.86,6.11,Concluído
11895,2970,51,Gestão de Tempo,2023-10-09,2024-08-23,32.84,65.08,9.8,Concluído
11896,2970,67,Agile/Scrum,2023-08-19,2024-05-16,11.79,69.51,9.1,Concluído
11897,2970,15,Gestão de Tempo,2023-01-29,2023-07-02,27.37,77.1,7.98,Concluído
11898,2970,95,Data Analytics,2023-05-20,,2.44,1.57,,Cancelado
11899,2971,10,Gestão de Projetos,2024-08-15,2024-11-02,23.6,93.6,8.04,Concluído
11900,2971,55,Customer Success,2024-12-11,,5.12,0.87,,Cancelado
11901,2971,48,Data Analytics,2024-09-28,2024-11-29,23.11,92.83,6.46,Concluído
11902,2971,18,Cloud Computing AWS,2024-11-17,2024-11-22,18.59,78.81,6.16,Concluído
11903,2972,61,Oratória,2024-09-19,2024-12-31,8.39,66.25,9.01,Concluído
11904,2972,59,Liderança e Gestão de Pessoas,2024-12-13,2024-12-26,28.76,65.9,7.62,Concluído
11905,2972,80,Machine Learning,2024-12-31,2025-01-01,22.91,68.21,7.15,Concluído
11906,2972,90,Excel Avançado,2024-11-02,2024-12-21,14.06,76.42,9.83,Concluído
11907,2972,73,Power BI,2024-12-31,2025-01-01,19.25,61.87,9.89,Concluído
11908,2972,15,Design Thinking,2024-08-22,2024-10-21,26.37,88.45,8.96,Concluído
11909,2973,78,Vendas Consultivas,2024-07-13,,8.8,63.85,,Em Andamento
11910,2973,66,Agile/Scrum,2024-11-01,,7.73,36.19,,Cancelado
11911,2973,52,Oratória,2024-06-30,2024-11-22,24.52,79.6,7.05,Concluído
11912,2973,9,Gestão de Projetos,2024-09-04,2024-12-18,27.11,67.96,9.95,Concluído
11913,2973,94,Design Thinking,2024-08-09,,5.94,66.65,,Em Andamento
11914,2974,61,Gestão de Tempo,2024-11-04,,10.95,57.57,,Em Andamento
11915,2974,78,DevOps e CI/CD,2024-12-13,2024-12-15,16.24,92.46,6.5,Concluído
11916,2974,98,Product Management,2024-12-29,2024-12-31,25.46,66.43,6.25,Concluído
11917,2974,62,Gestão de Projetos,2024-11-30,2024-12-15,12.99,88.54,9.76,Concluído
11918,2974,48,Data Analytics,2024-11-29,,2.43,42.71,,Em Andamento
11919,2974,74,Negociação,2024-10-13,2024-10-29,12.83,61.58,8.04,Concluído
11920,2974,82,Liderança e Gestão de Pessoas,2024-11-05,2024-12-18,12.74,69.55,7.18,Concluído
11921,2975,20,Liderança e Gestão de Pessoas,2023-01-20,2023-08-12,21.91,90.71,6.74,Concluído
11922,2975,93,Product Management,2023-09-17,2024-08-16,18.83,99.69,6.63,Concluído
11923,2975,6,Gestão de Tempo,2023-08-27,2023-10-05,31.9,70.45,7.61,Concluído
11924,2975,28,Python Avançado,2024-06-07,2024-06-18,21.66,70.74,6.18,Concluído
11925,2975,85,Machine Learning,2024-12-03,2024-12-25,33.55,85.02,8.76,Concluído
11926,2975,87,Segurança da Informação,2023-09-12,,13.83,85.36,,Em Andamento
11927,2975,63,DevOps e CI/CD,2024-10-07,2024-12-15,9.22,74.98,8.26,Concluído
11928,2976,3,Customer Success,2024-11-30,2024-12-11,36.1,77.47,6.55,Concluído
11929,2977,36,Liderança e Gestão de Pessoas,2023-08-09,2024-12-13,36.17,87.24,7.07,Concluído
11930,2977,42,Customer Success,2023-11-27,2024-05-02,14.04,69.03,9.26,Concluído
11931,2977,68,Comunicação Eficaz,2023-08-05,2024-12-10,19.18,85.08,9.14,Concluído
11932,2978,74,Design Thinking,2024-03-15,2024-06-29,28.21,85.47,9.84,Concluído
11933,2978,15,Comunicação Eficaz,2022-11-05,2024-01-20,22.53,87.26,7.12,Concluído
11934,2978,4,Agile/Scrum,2022-08-02,2023-08-30,35.45,69.58,8.76,Concluído
11935,2978,34,Gestão de Tempo,2022-09-12,2023-02-14,35.92,78.81,9.37,Concluído
11936,2979,36,JavaScript Moderno,2022-08-31,2024-03-14,38.76,90.78,8.6,Concluído
11937,2979,7,Segurança da Informação,2022-09-04,,6.93,33.05,,Em Andamento
11938,2979,42,DevOps e CI/CD,2024-07-31,2024-10-07,7.55,75.12,7.89,Concluído
11939,2980,31,Data Analytics,2023-08-21,2023-11-19,27.25,62.75,8.04,Concluído
11940,2980,92,DevOps e CI/CD,2024-09-04,2024-10-25,12.79,89.64,9.38,Concluído
11941,2980,61,Oratória,2024-01-15,,16.08,46.4,,Em Andamento
11942,2981,91,Negociação,2023-12-14,2024-01-12,23.87,64.2,8.43,Concluído
11943,2981,36,Data Analytics,2024-04-01,2024-04-30,10.0,83.36,7.47,Concluído
11944,2981,49,DevOps e CI/CD,2023-07-23,2024-09-14,20.68,90.33,6.52,Concluído
11945,2981,80,Design Thinking,2024-09-01,2024-10-01,10.6,61.25,6.06,Concluído
11946,2981,47,JavaScript Moderno,2023-12-05,2024-05-19,7.88,80.13,6.77,Concluído
11947,2982,62,Gestão de Projetos,2024-06-04,2024-08-27,25.97,65.03,7.76,Concluído
11948,2982,55,Segurança da Informação,2023-10-20,2023-12-09,37.41,99.8,9.06,Concluído
11949,2982,1,Liderança e Gestão de Pessoas,2024-08-18,,3.04,15.7,,Em Andamento
11950,2982,16,Machine Learning,2024-10-14,2024-11-15,17.14,90.87,8.19,Concluído
11951,2982,92,DevOps e CI/CD,2023-04-18,2024-04-02,26.67,66.69,7.08,Concluído
11952,2984,3,Machine Learning,2023-07-29,,3.24,31.15,,Cancelado
11953,2984,86,Product Management,2023-06-06,2023-09-15,5.44,60.58,8.06,Concluído
11954,2985,14,Gestão de Projetos,2024-12-12,,11.38,33.73,,Em Andamento
11955,2985,92,Design Thinking,2024-12-23,2024-12-29,29.55,70.36,9.24,Concluído
11956,2985,60,Negociação,2024-12-11,,2.27,83.19,,Em Andamento
11957,2985,9,Product Management,2024-12-27,2024-12-31,31.98,75.06,9.86,Concluído
11958,2985,86,Negociação,2024-12-19,2024-12-31,27.19,99.61,8.45,Concluído
11959,2985,25,Python Avançado,2024-12-29,2024-12-31,10.09,72.7,6.18,Concluído
11960,2985,72,Excel Avançado,2024-12-24,2024-12-28,35.16,72.18,9.8,Concluído
11961,2985,55,Segurança da Informação,2024-12-19,,1.02,4.49,,Cancelado
11962,2986,14,Liderança e Gestão de Pessoas,2023-04-07,2023-08-23,8.18,60.36,7.49,Concluído
11963,2986,9,Segurança da Informação,2023-10-31,,17.56,77.64,,Em Andamento
11964,2986,99,Liderança e Gestão de Pessoas,2024-08-12,2024-10-16,5.61,78.48,7.85,Concluído
11965,2986,65,Customer Success,2024-06-06,2024-07-07,18.6,69.5,7.49,Concluído
11966,2987,99,Negociação,2023-07-13,2024-03-08,22.63,64.38,8.22,Concluído
11967,2987,50,Gestão de Projetos,2022-09-07,2024-10-20,37.39,64.34,6.44,Concluído
11968,2987,64,Design Thinking,2023-10-01,2024-03-26,19.41,80.99,9.11,Concluído
11969,2987,73,Excel Avançado,2023-08-29,2024-11-26,37.03,99.31,9.62,Concluído
11970,2987,57,DevOps e CI/CD,2023-02-01,2024-06-20,31.22,94.41,6.62,Concluído
11971,2989,69,Vendas Consultivas,2023-06-22,2023-12-01,15.39,71.05,7.58,Concluído
11972,2989,92,Data Analytics,2024-07-12,2024-08-07,38.13,91.96,8.24,Concluído
11973,2989,26,Gestão de Tempo,2023-09-01,,18.46,39.34,,Em Andamento
11974,2989,12,Agile/Scrum,2023-06-21,2024-07-31,23.49,91.24,8.07,Concluído
11975,2989,80,DevOps e CI/CD,2024-04-13,,6.27,63.63,,Em Andamento
11976,2989,37,Gestão de Projetos,2024-10-21,2024-12-07,20.99,70.59,8.28,Concluído
11977,2989,88,Comunicação Eficaz,2023-07-01,2024-12-05,24.53,76.53,8.45,Concluído
11978,2989,12,Negociação,2024-11-05,2024-12-29,9.66,68.47,7.98,Concluído
11979,2990,77,Machine Learning,2024-11-01,2024-12-26,32.93,65.85,7.53,Concluído
11980,2990,3,Data Analytics,2024-07-04,,6.41,63.45,,Em Andamento
11981,2991,25,Agile/Scrum,2024-11-24,,15.05,21.49,,Em Andamento
11982,2991,22,DevOps e CI/CD,2024-12-13,2024-12-27,15.74,85.51,9.9,Concluído
11983,2991,66,JavaScript Moderno,2024-12-22,2024-12-27,20.06,72.01,6.94,Concluído
11984,2991,85,Segurança da Informação,2024-12-18,2024-12-22,34.66,77.15,8.45,Concluído
11985,2991,63,Agile/Scrum,2024-12-31,2025-01-01,36.11,79.41,6.24,Concluído
11986,2991,62,Gestão de Projetos,2024-12-30,2024-12-31,7.46,91.22,6.56,Concluído
11987,2992,15,Negociação,2024-12-21,2024-12-29,30.88,87.03,7.16,Concluído
11988,2992,53,Gestão de Tempo,2024-11-25,2024-11-29,17.54,87.13,6.93,Concluído
11989,2992,3,Customer Success,2024-12-07,2024-12-11,32.77,77.54,9.3,Concluído
11990,2992,86,Product Management,2024-11-14,2024-12-26,13.12,74.14,6.36,Concluído
11991,2992,60,Segurança da Informação,2024-12-24,2024-12-27,17.28,90.42,9.08,Concluído
11992,2992,34,Segurança da Informação,2024-12-24,2024-12-25,14.22,77.99,7.2,Concluído
11993,2992,8,Oratória,2024-11-15,2024-12-17,11.11,73.4,9.9,Concluído
11994,2992,96,Vendas Consultivas,2024-12-21,2024-12-31,29.51,76.37,9.43,Concluído
11995,2993,1,Excel Avançado,2024-03-20,2024-03-22,14.36,83.93,9.65,Concluído
11996,2993,15,Agile/Scrum,2023-03-07,2024-03-05,35.48,74.01,6.05,Concluído
11997,2993,36,Gestão de Projetos,2023-04-20,2024-02-02,8.82,62.38,8.64,Concluído
11998,2993,32,Excel Avançado,2024-01-21,2024-05-16,34.64,62.12,7.64,Concluído
11999,2993,39,Oratória,2024-05-02,,12.3,49.5,,Em Andamento
12000,2994,40,Power BI,2024-11-16,2024-12-17,28.54,67.54,9.55,Concluído
12001,2994,42,Segurança da Informação,2023-07-05,2024-10-21,13.81,87.8,9.92,Concluído
12002,2994,64,Liderança e Gestão de Pessoas,2024-05-03,2024-06-30,19.3,93.75,6.21,Concluído
12003,2994,32,Vendas Consultivas,2023-12-29,2024-04-03,20.18,60.17,9.59,Concluído
12004,2994,98,Power BI,2022-12-28,2024-09-26,28.12,99.57,7.37,Concluído
12005,2994,55,DevOps e CI/CD,2023-07-08,,1.89,7.65,,Cancelado
12006,2994,29,Data Analytics,2023-08-29,,18.2,51.55,,Em Andamento
12007,2994,36,Product Management,2023-08-19,2024-08-25,19.23,95.68,7.38,Concluído
12008,2995,43,Vendas Consultivas,2024-12-08,2024-12-16,26.35,87.21,6.51,Concluído
12009,2995,86,Negociação,2024-11-03,2024-12-31,8.37,70.14,8.52,Concluído
12010,2996,25,Product Management,2024-09-09,2024-12-20,15.42,81.9,6.08,Concluído
12011,2997,43,Gestão de Projetos,2024-09-20,2024-09-28,33.04,90.31,7.5,Concluído
12012,2997,22,Segurança da Informação,2023-05-03,2024-06-28,33.58,77.7,8.01,Concluído
12013,2997,90,Machine Learning,2023-07-11,2024-05-18,37.13,79.96,8.01,Concluído
12014,2997,22,DevOps e CI/CD,2022-12-08,2024-04-11,26.6,71.85,8.48,Concluído
12015,2997,8,Design Thinking,2023-07-28,2023-08-09,14.93,66.73,7.25,Concluído
12016,2997,62,Data Analytics,2023-07-06,2024-11-29,11.32,63.35,9.2,Concluído
12017,2998,55,Gestão de Projetos,2022-09-14,2024-08-25,28.0,74.39,6.76,Concluído
12018,2998,87,Comunicação Eficaz,2022-07-18,,3.65,74.32,,Em Andamento
12019,2998,15,Agile/Scrum,2024-09-12,2024-12-12,22.34,72.77,8.67,Concluído
12020,2998,83,Vendas Consultivas,2024-02-19,2024-04-10,9.65,75.25,7.11,Concluído
12021,2998,62,Product Management,2022-09-04,2023-08-21,12.6,92.37,7.45,Concluído
12022,2998,41,Negociação,2022-10-13,,5.32,43.62,,Em Andamento
12023,2999,13,Segurança da Informação,2024-10-19,2024-11-01,36.18,76.39,9.37,Concluído
12024,2999,50,Comunicação Eficaz,2024-11-19,2024-12-27,21.78,74.16,8.46,Concluído
12025,2999,87,Liderança e Gestão de Pessoas,2024-07-23,2024-10-02,32.5,62.31,9.0,Concluído
12026,2999,72,Design Thinking,2024-10-22,,10.89,85.54,,Em Andamento
12027,2999,56,Design Thinking,2024-06-20,2024-08-12,39.97,88.93,9.19,Concluído
12028,2999,37,Excel Avançado,2024-12-14,2024-12-28,5.58,82.31,7.49,Concluído
12029,2999,44,Negociação,2024-07-25,2024-12-12,16.67,94.89,9.85,Concluído
12030,2999,74,Excel Avançado,2024-12-06,2024-12-10,20.96,76.59,6.52,Concluído
12031,3000,92,Design Thinking,2024-08-12,2024-10-14,30.94,88.51,9.06,Concluído
12032,3000,100,Comunicação Eficaz,2024-10-09,,8.98,7.09,,Cancelado
12033,3000,47,Gestão de Tempo,2023-04-22,2023-07-13,22.88,72.39,8.39,Concluído
12034,3000,92,Comunicação Eficaz,2024-05-08,2024-09-16,12.94,64.36,6.68,Concluído
12035,3000,85,Power BI,2024-05-05,2024-10-05,24.45,81.77,9.17,Concluído
12036,3000,74,Liderança e Gestão de Pessoas,2023-05-04,2023-09-07,14.48,92.18,9.0,Concluído
12037,3000,99,Gestão de Tempo,2023-05-12,2024-09-11,32.37,75.17,8.93,Concluído
12038,3000,54,Data Analytics,2024-10-20,2024-12-20,10.96,62.83,9.91,Concluído
